core 0 20 0
P bloodmoon:polished_black_rock
P minecraft:amethyst_block
P minecraft:crying_obsidian
P minecraft:obsidian
P bloodmoon:void_block
P bloodmoon:black_rock
P bloodmoon:black_rock_bricks
P bloodmoon:chiseled_black_rock_bricks
P bloodmoon:obelisk_core
P bloodmoon:black_rock_pillar[axis=y]
P bloodmoon:void_lantern
P bloodmoon:black_rock_brick_wall[east=none,north=none,south=none,up=true,waterlogged=false,west=none]
-17 0 -9 0
-17 0 9 0
-16 0 -10 0
-16 0 -9 0
-16 0 -8 0
-16 0 8 0
-16 0 9 0
-16 0 10 0
-15 0 -11 0
-15 0 -10 0
-15 0 -9 0
-15 0 -8 0
-15 0 -7 0
-15 0 7 0
-15 0 8 0
-15 0 9 0
-15 0 10 0
-15 0 11 0
-14 0 -10 0
-14 0 -9 0
-14 0 -8 0
-14 0 8 0
-14 0 9 0
-14 0 10 0
-13 0 -9 0
-13 0 9 0
-2 0 -18 0
-2 0 -17 0
-2 0 -1 1
-2 0 0 1
-2 0 1 2
-2 0 17 0
-2 0 18 0
-1 0 -18 0
-1 0 -17 0
-1 0 -16 0
-1 0 -2 1
-1 0 -1 3
-1 0 0 1
-1 0 1 2
-1 0 2 2
-1 0 16 0
-1 0 17 0
-1 0 18 0
0 0 -20 0
0 0 -19 0
0 0 -18 0
0 0 -17 0
0 0 -16 0
0 0 -15 0
0 0 -2 1
0 0 -1 3
0 0 0 4
0 0 1 3
0 0 2 3
0 0 15 0
0 0 16 0
0 0 17 0
0 0 18 0
0 0 19 0
0 0 20 0
1 0 -18 0
1 0 -17 0
1 0 -16 0
1 0 -2 1
1 0 -1 2
1 0 0 2
1 0 1 3
1 0 2 2
1 0 16 0
1 0 17 0
1 0 18 0
2 0 -18 0
2 0 -17 0
2 0 -1 1
2 0 0 2
2 0 1 2
2 0 17 0
2 0 18 0
13 0 -9 0
13 0 9 0
14 0 -10 0
14 0 -9 0
14 0 -8 0
14 0 8 0
14 0 9 0
14 0 10 0
15 0 -11 0
15 0 -10 0
15 0 -9 0
15 0 -8 0
15 0 -7 0
15 0 7 0
15 0 8 0
15 0 9 0
15 0 10 0
15 0 11 0
16 0 -10 0
16 0 -9 0
16 0 -8 0
16 0 8 0
16 0 9 0
16 0 10 0
17 0 -9 0
17 0 9 0
-17 1 -9 5
-17 1 9 6
-16 1 -10 0
-16 1 -9 0
-16 1 -8 0
-16 1 8 0
-16 1 9 0
-16 1 10 0
-15 1 -11 5
-15 1 -10 0
-15 1 -9 0
-15 1 -8 0
-15 1 -7 5
-15 1 7 5
-15 1 8 0
-15 1 9 0
-15 1 10 0
-15 1 11 6
-14 1 -10 0
-14 1 -9 0
-14 1 -8 0
-14 1 8 0
-14 1 9 0
-14 1 10 0
-13 1 -9 5
-13 1 9 5
-2 1 -17 5
-2 1 -2 1
-2 1 -1 2
-2 1 0 2
-2 1 1 1
-2 1 2 1
-2 1 17 5
-1 1 -18 0
-1 1 -17 0
-1 1 -16 0
-1 1 -2 2
-1 1 -1 3
-1 1 0 4
-1 1 1 2
-1 1 2 2
-1 1 16 0
-1 1 17 0
-1 1 18 0
0 1 -19 5
0 1 -18 0
0 1 -17 0
0 1 -16 0
0 1 -15 5
0 1 -2 2
0 1 -1 4
0 1 0 4
0 1 1 4
0 1 2 2
0 1 15 6
0 1 16 0
0 1 17 0
0 1 18 0
0 1 19 6
1 1 -18 0
1 1 -17 0
1 1 -16 0
1 1 -2 2
1 1 -1 2
1 1 0 4
1 1 1 3
1 1 2 2
1 1 16 0
1 1 17 0
1 1 18 0
2 1 -17 6
2 1 -2 1
2 1 -1 2
2 1 0 1
2 1 1 1
2 1 2 1
2 1 17 6
13 1 -9 5
13 1 9 5
14 1 -10 0
14 1 -9 0
14 1 -8 0
14 1 8 0
14 1 9 0
14 1 10 0
15 1 -11 6
15 1 -10 0
15 1 -9 0
15 1 -8 0
15 1 -7 5
15 1 7 5
15 1 8 0
15 1 9 0
15 1 10 0
15 1 11 5
16 1 -10 0
16 1 -9 0
16 1 -8 0
16 1 8 0
16 1 9 0
16 1 10 0
17 1 -9 6
17 1 9 5
-17 2 -9 5
-17 2 9 5
-16 2 -10 5
-16 2 -9 5
-16 2 -8 6
-16 2 8 5
-16 2 9 6
-16 2 10 6
-15 2 -11 6
-15 2 -10 5
-15 2 -9 0
-15 2 -8 5
-15 2 -7 6
-15 2 7 6
-15 2 8 5
-15 2 9 0
-15 2 10 6
-15 2 11 6
-14 2 -10 6
-14 2 -9 6
-14 2 -8 6
-14 2 8 6
-14 2 9 5
-14 2 10 5
-13 2 -9 6
-13 2 9 6
-3 2 -1 1
-3 2 0 2
-3 2 1 2
-2 2 -17 5
-2 2 -2 2
-2 2 -1 2
-2 2 0 1
-2 2 1 3
-2 2 2 2
-2 2 17 6
-1 2 -18 6
-1 2 -17 6
-1 2 -16 6
-1 2 -3 1
-1 2 -2 1
-1 2 -1 4
-1 2 0 4
-1 2 1 4
-1 2 2 2
-1 2 3 2
-1 2 16 6
-1 2 17 6
-1 2 18 5
0 2 -19 6
0 2 -18 0
0 2 -17 0
0 2 -16 5
0 2 -15 6
0 2 -3 3
0 2 -2 3
0 2 -1 4
0 2 0 4
0 2 1 4
0 2 2 1
0 2 3 2
0 2 15 6
0 2 16 6
0 2 17 0
0 2 18 0
0 2 19 6
1 2 -18 6
1 2 -17 6
1 2 -16 5
1 2 -3 2
1 2 -2 1
1 2 -1 4
1 2 0 4
1 2 1 4
1 2 2 2
1 2 3 1
1 2 16 6
1 2 17 6
1 2 18 5
2 2 -17 5
2 2 -2 2
2 2 -1 1
2 2 0 2
2 2 1 2
2 2 2 2
2 2 17 6
3 2 -1 2
3 2 0 2
3 2 1 1
13 2 -9 6
13 2 9 6
14 2 -10 5
14 2 -9 5
14 2 -8 5
14 2 8 5
14 2 9 5
14 2 10 6
15 2 -11 6
15 2 -10 6
15 2 -9 0
15 2 -8 5
15 2 -7 6
15 2 7 6
15 2 8 5
15 2 9 0
15 2 10 6
15 2 11 6
16 2 -10 6
16 2 -9 6
16 2 -8 5
16 2 8 6
16 2 9 6
16 2 10 5
17 2 -9 5
17 2 9 5
-17 3 -9 5
-17 3 9 5
-16 3 -10 6
-16 3 -9 5
-16 3 -8 6
-16 3 8 6
-16 3 9 5
-16 3 10 5
-15 3 -11 5
-15 3 -10 6
-15 3 -9 5
-15 3 -8 6
-15 3 -7 5
-15 3 7 6
-15 3 8 6
-15 3 9 5
-15 3 10 5
-15 3 11 5
-14 3 -10 5
-14 3 -9 6
-14 3 -8 5
-14 3 8 6
-14 3 9 5
-14 3 10 5
-13 3 -9 5
-13 3 9 6
-3 3 -2 2
-3 3 -1 1
-3 3 0 2
-3 3 1 1
-3 3 2 1
-2 3 -17 5
-2 3 -3 1
-2 3 -2 1
-2 3 -1 4
-2 3 0 4
-2 3 1 4
-2 3 2 2
-2 3 3 2
-2 3 17 6
-1 3 -18 6
-1 3 -17 6
-1 3 -16 6
-1 3 -3 2
-1 3 -2 4
-1 3 -1 4
-1 3 0 4
-1 3 1 4
-1 3 2 4
-1 3 3 1
-1 3 16 6
-1 3 17 6
-1 3 18 5
0 3 -19 5
0 3 -18 5
0 3 -17 6
0 3 -16 6
0 3 -15 6
0 3 -3 2
0 3 -2 4
0 3 -1 4
0 3 0 4
0 3 1 4
0 3 2 4
0 3 3 2
0 3 15 6
0 3 16 5
0 3 17 5
0 3 18 5
0 3 19 5
1 3 -18 5
1 3 -17 6
1 3 -16 6
1 3 -3 1
1 3 -2 4
1 3 -1 4
1 3 0 4
1 3 1 4
1 3 2 4
1 3 3 2
1 3 16 6
1 3 17 6
1 3 18 5
2 3 -17 5
2 3 -3 3
2 3 -2 2
2 3 -1 4
2 3 0 4
2 3 1 4
2 3 2 1
2 3 3 2
2 3 17 6
3 3 -2 3
3 3 -1 1
3 3 0 2
3 3 1 1
3 3 2 3
13 3 -9 6
13 3 9 5
14 3 -10 5
14 3 -9 6
14 3 -8 5
14 3 8 6
14 3 9 6
14 3 10 5
15 3 -11 5
15 3 -10 5
15 3 -9 5
15 3 -8 6
15 3 -7 6
15 3 7 5
15 3 8 6
15 3 9 5
15 3 10 6
15 3 11 5
16 3 -10 6
16 3 -9 6
16 3 -8 6
16 3 8 6
16 3 9 6
16 3 10 5
17 3 -9 5
17 3 9 5
-17 4 -9 6
-17 4 9 6
-16 4 -10 6
-16 4 -9 5
-16 4 -8 6
-16 4 8 6
-16 4 9 6
-16 4 10 5
-15 4 -11 5
-15 4 -10 5
-15 4 -9 5
-15 4 -8 5
-15 4 -7 5
-15 4 7 5
-15 4 8 5
-15 4 9 5
-15 4 10 6
-15 4 11 5
-14 4 -10 6
-14 4 -9 5
-14 4 -8 5
-14 4 8 5
-14 4 9 6
-14 4 10 5
-13 4 -9 5
-13 4 9 5
-4 4 -2 7
-4 4 -1 3
-4 4 0 3
-4 4 1 7
-4 4 2 2
-3 4 -3 3
-3 4 -2 7
-3 4 -1 2
-3 4 0 2
-3 4 1 7
-3 4 2 2
-3 4 3 7
-2 4 -17 5
-2 4 -4 7
-2 4 -3 2
-2 4 -2 4
-2 4 -1 4
-2 4 0 4
-2 4 1 4
-2 4 2 4
-2 4 3 7
-2 4 4 2
-2 4 17 5
-1 4 -18 6
-1 4 -17 5
-1 4 -16 6
-1 4 -4 7
-1 4 -3 7
-1 4 -2 4
-1 4 -1 4
-1 4 0 4
-1 4 1 4
-1 4 2 4
-1 4 3 2
-1 4 4 2
-1 4 16 6
-1 4 17 5
-1 4 18 5
0 4 -19 6
0 4 -18 5
0 4 -17 5
0 4 -16 6
0 4 -15 6
0 4 -4 2
0 4 -3 1
0 4 -2 4
0 4 -1 4
0 4 0 4
0 4 1 4
0 4 2 4
0 4 3 7
0 4 4 7
0 4 15 6
0 4 16 6
0 4 17 6
0 4 18 6
0 4 19 6
1 4 -18 6
1 4 -17 5
1 4 -16 6
1 4 -4 7
1 4 -3 7
1 4 -2 4
1 4 -1 4
1 4 0 4
1 4 1 4
1 4 2 4
1 4 3 2
1 4 4 2
1 4 16 5
1 4 17 5
1 4 18 5
2 4 -17 6
2 4 -4 7
2 4 -3 2
2 4 -2 4
2 4 -1 4
2 4 0 4
2 4 1 4
2 4 2 4
2 4 3 7
2 4 4 2
2 4 17 6
3 4 -3 3
3 4 -2 7
3 4 -1 1
3 4 0 7
3 4 1 7
3 4 2 1
3 4 3 7
4 4 -2 7
4 4 -1 1
4 4 0 7
4 4 1 7
4 4 2 2
13 4 -9 5
13 4 9 5
14 4 -10 5
14 4 -9 5
14 4 -8 6
14 4 8 6
14 4 9 6
14 4 10 6
15 4 -11 5
15 4 -10 5
15 4 -9 5
15 4 -8 5
15 4 -7 5
15 4 7 5
15 4 8 5
15 4 9 5
15 4 10 6
15 4 11 5
16 4 -10 6
16 4 -9 5
16 4 -8 5
16 4 8 6
16 4 9 5
16 4 10 5
17 4 -9 6
17 4 9 6
-17 5 -9 6
-17 5 9 5
-16 5 -10 6
-16 5 -9 5
-16 5 -8 6
-16 5 8 6
-16 5 9 5
-16 5 10 5
-15 5 -11 5
-15 5 -10 5
-15 5 -9 5
-15 5 -8 5
-15 5 -7 5
-15 5 7 6
-15 5 8 5
-15 5 9 6
-15 5 10 6
-15 5 11 6
-14 5 -10 5
-14 5 -9 6
-14 5 -8 6
-14 5 8 5
-14 5 9 6
-14 5 10 6
-13 5 -9 6
-13 5 9 6
-5 5 0 2
-4 5 -3 1
-4 5 -2 1
-4 5 -1 1
-4 5 0 2
-4 5 1 1
-4 5 2 3
-4 5 3 2
-3 5 -4 1
-3 5 -3 3
-3 5 -2 2
-3 5 -1 4
-3 5 0 4
-3 5 1 4
-3 5 2 1
-3 5 3 3
-3 5 4 1
-2 5 -17 5
-2 5 -4 1
-2 5 -3 2
-2 5 -2 4
-2 5 -1 4
-2 5 0 4
-2 5 1 4
-2 5 2 4
-2 5 3 3
-2 5 4 3
-2 5 17 6
-1 5 -18 6
-1 5 -17 5
-1 5 -16 5
-1 5 -4 1
-1 5 -3 4
-1 5 -2 4
-1 5 -1 4
-1 5 0 4
-1 5 1 4
-1 5 2 4
-1 5 3 4
-1 5 4 1
-1 5 16 6
-1 5 17 6
-1 5 18 6
0 5 -19 6
0 5 -18 6
0 5 -17 5
0 5 -16 5
0 5 -15 5
0 5 -5 1
0 5 -4 1
0 5 -3 4
0 5 -2 4
0 5 -1 4
0 5 0 4
0 5 1 4
0 5 2 4
0 5 3 4
0 5 4 1
0 5 5 1
0 5 15 6
0 5 16 6
0 5 17 5
0 5 18 6
0 5 19 6
1 5 -18 5
1 5 -17 6
1 5 -16 5
1 5 -4 3
1 5 -3 4
1 5 -2 4
1 5 -1 4
1 5 0 4
1 5 1 4
1 5 2 4
1 5 3 4
1 5 4 2
1 5 16 6
1 5 17 5
1 5 18 6
2 5 -17 5
2 5 -4 2
2 5 -3 1
2 5 -2 4
2 5 -1 4
2 5 0 4
2 5 1 4
2 5 2 4
2 5 3 1
2 5 4 1
2 5 17 6
3 5 -4 1
3 5 -3 3
3 5 -2 1
3 5 -1 4
3 5 0 4
3 5 1 4
3 5 2 1
3 5 3 3
3 5 4 1
4 5 -3 3
4 5 -2 2
4 5 -1 2
4 5 0 3
4 5 1 2
4 5 2 2
4 5 3 2
5 5 0 2
13 5 -9 6
13 5 9 6
14 5 -10 6
14 5 -9 6
14 5 -8 5
14 5 8 5
14 5 9 6
14 5 10 5
15 5 -11 6
15 5 -10 6
15 5 -9 6
15 5 -8 5
15 5 -7 6
15 5 7 5
15 5 8 6
15 5 9 5
15 5 10 5
15 5 11 5
16 5 -10 6
16 5 -9 6
16 5 -8 6
16 5 8 6
16 5 9 5
16 5 10 6
17 5 -9 5
17 5 9 6
-17 6 -9 6
-17 6 9 6
-16 6 -10 6
-16 6 -9 5
-16 6 -8 5
-16 6 8 5
-16 6 9 5
-16 6 10 5
-15 6 -11 6
-15 6 -10 5
-15 6 -9 5
-15 6 -8 6
-15 6 -7 6
-15 6 7 6
-15 6 8 5
-15 6 9 5
-15 6 10 5
-15 6 11 5
-14 6 -10 6
-14 6 -9 5
-14 6 -8 5
-14 6 8 5
-14 6 9 5
-14 6 10 5
-13 6 -9 6
-13 6 9 5
-5 6 -2 2
-5 6 -1 2
-5 6 0 1
-5 6 1 2
-5 6 2 1
-4 6 -3 2
-4 6 -2 2
-4 6 -1 1
-4 6 0 1
-4 6 1 2
-4 6 2 1
-4 6 3 2
-3 6 -4 3
-3 6 -3 3
-3 6 -2 4
-3 6 -1 4
-3 6 0 4
-3 6 1 4
-3 6 2 4
-3 6 3 1
-3 6 4 3
-2 6 -17 5
-2 6 -5 2
-2 6 -4 2
-2 6 -3 4
-2 6 -2 4
-2 6 -1 4
-2 6 0 4
-2 6 1 4
-2 6 2 4
-2 6 3 4
-2 6 4 2
-2 6 5 3
-2 6 17 5
-1 6 -18 6
-1 6 -17 5
-1 6 -16 6
-1 6 -5 2
-1 6 -4 2
-1 6 -3 4
-1 6 -2 4
-1 6 -1 4
-1 6 0 4
-1 6 1 4
-1 6 2 4
-1 6 3 4
-1 6 4 1
-1 6 5 2
-1 6 16 5
-1 6 17 6
-1 6 18 5
0 6 -19 5
0 6 -18 5
0 6 -17 6
0 6 -16 5
0 6 -15 6
0 6 -5 1
0 6 -4 3
0 6 -3 4
0 6 -2 4
0 6 -1 4
0 6 0 4
0 6 1 4
0 6 2 4
0 6 3 4
0 6 4 2
0 6 5 1
0 6 15 5
0 6 16 5
0 6 17 6
0 6 18 5
0 6 19 6
1 6 -18 5
1 6 -17 6
1 6 -16 6
1 6 -5 2
1 6 -4 2
1 6 -3 4
1 6 -2 4
1 6 -1 4
1 6 0 4
1 6 1 4
1 6 2 4
1 6 3 4
1 6 4 2
1 6 5 2
1 6 16 6
1 6 17 5
1 6 18 6
2 6 -17 6
2 6 -5 3
2 6 -4 2
2 6 -3 4
2 6 -2 4
2 6 -1 4
2 6 0 4
2 6 1 4
2 6 2 4
2 6 3 4
2 6 4 2
2 6 5 2
2 6 17 5
3 6 -4 1
3 6 -3 1
3 6 -2 4
3 6 -1 4
3 6 0 4
3 6 1 4
3 6 2 4
3 6 3 3
3 6 4 2
4 6 -3 2
4 6 -2 1
4 6 -1 2
4 6 0 1
4 6 1 1
4 6 2 1
4 6 3 2
5 6 -2 2
5 6 -1 2
5 6 0 3
5 6 1 2
5 6 2 2
13 6 -9 5
13 6 9 6
14 6 -10 5
14 6 -9 5
14 6 -8 6
14 6 8 5
14 6 9 6
14 6 10 6
15 6 -11 5
15 6 -10 5
15 6 -9 5
15 6 -8 5
15 6 -7 6
15 6 7 6
15 6 8 5
15 6 9 5
15 6 10 6
15 6 11 6
16 6 -10 6
16 6 -9 5
16 6 -8 5
16 6 8 6
16 6 9 5
16 6 10 5
17 6 -9 6
17 6 9 6
-17 7 -9 0
-17 7 9 0
-16 7 -10 5
-16 7 -9 5
-16 7 -8 6
-16 7 8 5
-16 7 9 6
-16 7 10 6
-15 7 -11 0
-15 7 -10 5
-15 7 -9 6
-15 7 -8 5
-15 7 -7 0
-15 7 7 0
-15 7 8 5
-15 7 9 5
-15 7 10 6
-15 7 11 0
-14 7 -10 6
-14 7 -9 5
-14 7 -8 5
-14 7 8 6
-14 7 9 6
-14 7 10 5
-13 7 -9 0
-13 7 9 0
-5 7 -3 2
-5 7 -2 2
-5 7 -1 2
-5 7 0 2
-5 7 1 2
-5 7 2 2
-5 7 3 1
-4 7 -4 2
-4 7 -3 2
-4 7 -2 2
-4 7 -1 4
-4 7 0 4
-4 7 1 4
-4 7 2 2
-4 7 3 3
-4 7 4 1
-3 7 -5 2
-3 7 -4 2
-3 7 -3 4
-3 7 -2 4
-3 7 -1 4
-3 7 0 4
-3 7 1 4
-3 7 2 4
-3 7 3 4
-3 7 4 1
-3 7 5 3
-2 7 -17 0
-2 7 -5 1
-2 7 -4 3
-2 7 -3 4
-2 7 -2 4
-2 7 -1 4
-2 7 0 4
-2 7 1 4
-2 7 2 4
-2 7 3 4
-2 7 4 2
-2 7 5 3
-2 7 17 0
-1 7 -18 6
-1 7 -17 5
-1 7 -16 6
-1 7 -5 2
-1 7 -4 4
-1 7 -3 4
-1 7 -2 4
-1 7 -1 4
-1 7 0 4
-1 7 1 4
-1 7 2 4
-1 7 3 4
-1 7 4 4
-1 7 5 2
-1 7 16 6
-1 7 17 6
-1 7 18 5
0 7 -19 0
0 7 -18 5
0 7 -17 5
0 7 -16 5
0 7 -15 0
0 7 -5 3
0 7 -4 4
0 7 -3 4
0 7 -2 4
0 7 -1 4
0 7 0 4
0 7 1 4
0 7 2 4
0 7 3 4
0 7 4 4
0 7 5 1
0 7 15 0
0 7 16 5
0 7 17 5
0 7 18 5
0 7 19 0
1 7 -18 6
1 7 -17 6
1 7 -16 5
1 7 -5 2
1 7 -4 4
1 7 -3 4
1 7 -2 4
1 7 -1 4
1 7 0 4
1 7 1 4
1 7 2 4
1 7 3 4
1 7 4 4
1 7 5 2
1 7 16 5
1 7 17 5
1 7 18 6
2 7 -17 0
2 7 -5 2
2 7 -4 2
2 7 -3 4
2 7 -2 4
2 7 -1 4
2 7 0 4
2 7 1 4
2 7 2 4
2 7 3 4
2 7 4 2
2 7 5 2
2 7 17 0
3 7 -5 3
3 7 -4 1
3 7 -3 4
3 7 -2 4
3 7 -1 4
3 7 0 4
3 7 1 4
3 7 2 4
3 7 3 4
3 7 4 3
3 7 5 2
4 7 -4 1
4 7 -3 1
4 7 -2 3
4 7 -1 4
4 7 0 4
4 7 1 4
4 7 2 3
4 7 3 2
4 7 4 2
5 7 -3 1
5 7 -2 2
5 7 -1 2
5 7 0 1
5 7 1 2
5 7 2 3
5 7 3 2
13 7 -9 0
13 7 9 0
14 7 -10 5
14 7 -9 5
14 7 -8 5
14 7 8 6
14 7 9 6
14 7 10 6
15 7 -11 0
15 7 -10 5
15 7 -9 5
15 7 -8 6
15 7 -7 0
15 7 7 0
15 7 8 6
15 7 9 6
15 7 10 6
15 7 11 0
16 7 -10 5
16 7 -9 6
16 7 -8 5
16 7 8 6
16 7 9 6
16 7 10 5
17 7 -9 0
17 7 9 0
-17 8 -9 6
-17 8 9 6
-16 8 -10 0
-16 8 -9 0
-16 8 -8 0
-16 8 8 0
-16 8 9 0
-16 8 10 0
-15 8 -11 6
-15 8 -10 0
-15 8 -9 5
-15 8 -8 0
-15 8 -7 6
-15 8 7 6
-15 8 8 0
-15 8 9 5
-15 8 10 0
-15 8 11 5
-14 8 -10 0
-14 8 -9 0
-14 8 -8 0
-14 8 8 0
-14 8 9 0
-14 8 10 0
-13 8 -9 5
-13 8 9 5
-6 8 -2 3
-6 8 -1 1
-6 8 0 2
-6 8 1 3
-6 8 2 1
-5 8 -4 2
-5 8 -3 3
-5 8 -2 1
-5 8 -1 2
-5 8 0 1
-5 8 1 1
-5 8 2 2
-5 8 3 2
-5 8 4 3
-4 8 -5 3
-4 8 -4 3
-4 8 -3 2
-4 8 -2 4
-4 8 -1 4
-4 8 0 4
-4 8 1 4
-4 8 2 4
-4 8 3 2
-4 8 4 2
-4 8 5 2
-3 8 -5 2
-3 8 -4 1
-3 8 -3 4
-3 8 -2 4
-3 8 -1 4
-3 8 0 4
-3 8 1 4
-3 8 2 4
-3 8 3 4
-3 8 4 1
-3 8 5 2
-2 8 -17 6
-2 8 -6 2
-2 8 -5 2
-2 8 -4 4
-2 8 -3 4
-2 8 -2 4
-2 8 -1 4
-2 8 0 4
-2 8 1 4
-2 8 2 4
-2 8 3 4
-2 8 4 4
-2 8 5 2
-2 8 6 2
-2 8 17 5
-1 8 -18 0
-1 8 -17 0
-1 8 -16 0
-1 8 -6 2
-1 8 -5 2
-1 8 -4 4
-1 8 -3 4
-1 8 -2 4
-1 8 -1 4
-1 8 0 4
-1 8 1 4
-1 8 2 4
-1 8 3 4
-1 8 4 4
-1 8 5 3
-1 8 6 1
-1 8 16 0
-1 8 17 0
-1 8 18 0
0 8 -19 6
0 8 -18 0
0 8 -17 5
0 8 -16 0
0 8 -15 5
0 8 -6 2
0 8 -5 2
0 8 -4 4
0 8 -3 4
0 8 -2 4
0 8 -1 4
0 8 0 4
0 8 1 4
0 8 2 4
0 8 3 4
0 8 4 4
0 8 5 2
0 8 6 1
0 8 15 5
0 8 16 0
0 8 17 6
0 8 18 0
0 8 19 6
1 8 -18 0
1 8 -17 0
1 8 -16 0
1 8 -6 2
1 8 -5 3
1 8 -4 4
1 8 -3 4
1 8 -2 4
1 8 -1 4
1 8 0 4
1 8 1 4
1 8 2 4
1 8 3 4
1 8 4 4
1 8 5 2
1 8 6 3
1 8 16 0
1 8 17 0
1 8 18 0
2 8 -17 5
2 8 -6 2
2 8 -5 2
2 8 -4 4
2 8 -3 4
2 8 -2 4
2 8 -1 4
2 8 0 4
2 8 1 4
2 8 2 4
2 8 3 4
2 8 4 4
2 8 5 2
2 8 6 2
2 8 17 6
3 8 -5 2
3 8 -4 3
3 8 -3 4
3 8 -2 4
3 8 -1 4
3 8 0 4
3 8 1 4
3 8 2 4
3 8 3 4
3 8 4 1
3 8 5 2
4 8 -5 2
4 8 -4 2
4 8 -3 1
4 8 -2 4
4 8 -1 4
4 8 0 4
4 8 1 4
4 8 2 4
4 8 3 1
4 8 4 3
4 8 5 1
5 8 -4 2
5 8 -3 2
5 8 -2 1
5 8 -1 1
5 8 0 1
5 8 1 2
5 8 2 2
5 8 3 3
5 8 4 2
6 8 -2 1
6 8 -1 2
6 8 0 1
6 8 1 2
6 8 2 3
13 8 -9 5
13 8 9 5
14 8 -10 0
14 8 -9 0
14 8 -8 0
14 8 8 0
14 8 9 0
14 8 10 0
15 8 -11 5
15 8 -10 0
15 8 -9 5
15 8 -8 0
15 8 -7 6
15 8 7 6
15 8 8 0
15 8 9 5
15 8 10 0
15 8 11 6
16 8 -10 0
16 8 -9 0
16 8 -8 0
16 8 8 0
16 8 9 0
16 8 10 0
17 8 -9 6
17 8 9 6
-17 9 -9 5
-17 9 9 6
-16 9 -10 5
-16 9 -9 6
-16 9 -8 6
-16 9 8 5
-16 9 9 6
-16 9 10 6
-15 9 -11 5
-15 9 -10 5
-15 9 -9 0
-15 9 -8 5
-15 9 -7 5
-15 9 7 6
-15 9 8 6
-15 9 9 0
-15 9 10 6
-15 9 11 6
-14 9 -10 5
-14 9 -9 6
-14 9 -8 6
-14 9 8 6
-14 9 9 5
-14 9 10 6
-13 9 -9 5
-13 9 9 5
-6 9 -3 1
-6 9 -2 2
-6 9 -1 2
-6 9 0 2
-6 9 1 3
-6 9 2 2
-6 9 3 2
-5 9 -4 2
-5 9 -3 3
-5 9 -2 2
-5 9 -1 4
-5 9 0 4
-5 9 1 4
-5 9 2 2
-5 9 3 2
-5 9 4 1
-4 9 -5 1
-4 9 -4 2
-4 9 -3 4
-4 9 -2 4
-4 9 -1 4
-4 9 0 4
-4 9 1 4
-4 9 2 4
-4 9 3 4
-4 9 4 1
-4 9 5 1
-3 9 -6 3
-3 9 -5 3
-3 9 -4 4
-3 9 -3 4
-3 9 -2 4
-3 9 -1 4
-3 9 0 4
-3 9 1 4
-3 9 2 4
-3 9 3 4
-3 9 4 4
-3 9 5 3
-3 9 6 1
-2 9 -17 6
-2 9 -6 2
-2 9 -5 2
-2 9 -4 4
-2 9 -3 4
-2 9 -2 4
-2 9 -1 4
-2 9 0 4
-2 9 1 4
-2 9 2 4
-2 9 3 4
-2 9 4 4
-2 9 5 3
-2 9 6 3
-2 9 17 5
-1 9 -18 6
-1 9 -17 6
-1 9 -16 5
-1 9 -6 1
-1 9 -5 4
-1 9 -4 4
-1 9 -3 4
-1 9 -2 4
-1 9 -1 4
-1 9 0 4
-1 9 1 4
-1 9 2 4
-1 9 3 4
-1 9 4 4
-1 9 5 4
-1 9 6 3
-1 9 16 6
-1 9 17 5
-1 9 18 5
0 9 -19 6
0 9 -18 5
0 9 -17 0
0 9 -16 6
0 9 -15 5
0 9 -6 2
0 9 -5 4
0 9 -4 4
0 9 -3 4
0 9 -2 4
0 9 -1 4
0 9 0 4
0 9 1 4
0 9 2 4
0 9 3 4
0 9 4 4
0 9 5 4
0 9 6 3
0 9 15 5
0 9 16 5
0 9 17 0
0 9 18 6
0 9 19 6
1 9 -18 6
1 9 -17 5
1 9 -16 5
1 9 -6 2
1 9 -5 4
1 9 -4 4
1 9 -3 4
1 9 -2 4
1 9 -1 4
1 9 0 4
1 9 1 4
1 9 2 4
1 9 3 4
1 9 4 4
1 9 5 4
1 9 6 2
1 9 16 6
1 9 17 6
1 9 18 5
2 9 -17 6
2 9 -6 3
2 9 -5 1
2 9 -4 4
2 9 -3 4
2 9 -2 4
2 9 -1 4
2 9 0 4
2 9 1 4
2 9 2 4
2 9 3 4
2 9 4 4
2 9 5 3
2 9 6 2
2 9 17 5
3 9 -6 2
3 9 -5 3
3 9 -4 4
3 9 -3 4
3 9 -2 4
3 9 -1 4
3 9 0 4
3 9 1 4
3 9 2 4
3 9 3 4
3 9 4 4
3 9 5 3
3 9 6 2
4 9 -5 2
4 9 -4 1
4 9 -3 4
4 9 -2 4
4 9 -1 4
4 9 0 4
4 9 1 4
4 9 2 4
4 9 3 4
4 9 4 2
4 9 5 3
5 9 -4 2
5 9 -3 2
5 9 -2 2
5 9 -1 4
5 9 0 4
5 9 1 4
5 9 2 2
5 9 3 3
5 9 4 3
6 9 -3 3
6 9 -2 2
6 9 -1 2
6 9 0 1
6 9 1 3
6 9 2 2
6 9 3 3
13 9 -9 5
13 9 9 5
14 9 -10 6
14 9 -9 5
14 9 -8 6
14 9 8 5
14 9 9 5
14 9 10 5
15 9 -11 6
15 9 -10 6
15 9 -9 0
15 9 -8 6
15 9 -7 6
15 9 7 5
15 9 8 5
15 9 9 0
15 9 10 6
15 9 11 5
16 9 -10 6
16 9 -9 6
16 9 -8 6
16 9 8 6
16 9 9 6
16 9 10 5
17 9 -9 6
17 9 9 5
-17 10 -9 6
-17 10 9 5
-16 10 -10 5
-16 10 -9 6
-16 10 -8 6
-16 10 8 5
-16 10 9 5
-16 10 10 6
-15 10 -11 5
-15 10 -10 6
-15 10 -9 6
-15 10 -8 5
-15 10 -7 5
-15 10 7 6
-15 10 8 5
-15 10 9 5
-15 10 10 6
-15 10 11 5
-14 10 -10 5
-14 10 -9 5
-14 10 -8 6
-14 10 8 6
-14 10 9 5
-14 10 10 6
-13 10 -9 6
-13 10 9 5
-7 10 -2 2
-7 10 -1 2
-7 10 0 2
-7 10 1 1
-7 10 2 1
-6 10 -4 2
-6 10 -3 2
-6 10 -2 2
-6 10 -1 2
-6 10 0 2
-6 10 1 2
-6 10 2 2
-6 10 3 2
-6 10 4 1
-5 10 -5 1
-5 10 -4 2
-5 10 -3 1
-5 10 -2 4
-5 10 -1 4
-5 10 0 4
-5 10 1 4
-5 10 2 4
-5 10 3 2
-5 10 4 2
-5 10 5 1
-4 10 -6 2
-4 10 -5 2
-4 10 -4 4
-4 10 -3 4
-4 10 -2 4
-4 10 -1 4
-4 10 0 4
-4 10 1 4
-4 10 2 4
-4 10 3 4
-4 10 4 4
-4 10 5 1
-4 10 6 1
-3 10 -6 2
-3 10 -5 2
-3 10 -4 4
-3 10 -3 4
-3 10 -2 4
-3 10 -1 4
-3 10 0 4
-3 10 1 4
-3 10 2 4
-3 10 3 4
-3 10 4 4
-3 10 5 2
-3 10 6 2
-2 10 -17 5
-2 10 -7 1
-2 10 -6 1
-2 10 -5 4
-2 10 -4 4
-2 10 -3 4
-2 10 -2 4
-2 10 -1 4
-2 10 0 4
-2 10 1 4
-2 10 2 4
-2 10 3 4
-2 10 4 4
-2 10 5 4
-2 10 6 1
-2 10 7 2
-2 10 17 6
-1 10 -18 6
-1 10 -17 6
-1 10 -16 6
-1 10 -7 3
-1 10 -6 1
-1 10 -5 4
-1 10 -4 4
-1 10 -3 4
-1 10 -2 4
-1 10 -1 4
-1 10 0 4
-1 10 1 4
-1 10 2 4
-1 10 3 4
-1 10 4 4
-1 10 5 4
-1 10 6 2
-1 10 7 2
-1 10 16 6
-1 10 17 5
-1 10 18 5
0 10 -19 5
0 10 -18 5
0 10 -17 6
0 10 -16 6
0 10 -15 5
0 10 -7 2
0 10 -6 1
0 10 -5 4
0 10 -4 4
0 10 -3 4
0 10 -2 4
0 10 -1 4
0 10 0 4
0 10 1 4
0 10 2 4
0 10 3 4
0 10 4 4
0 10 5 4
0 10 6 3
0 10 7 2
0 10 15 6
0 10 16 6
0 10 17 5
0 10 18 5
0 10 19 6
1 10 -18 5
1 10 -17 5
1 10 -16 6
1 10 -7 2
1 10 -6 2
1 10 -5 4
1 10 -4 4
1 10 -3 4
1 10 -2 4
1 10 -1 4
1 10 0 4
1 10 1 4
1 10 2 4
1 10 3 4
1 10 4 4
1 10 5 4
1 10 6 3
1 10 7 3
1 10 16 6
1 10 17 6
1 10 18 6
2 10 -17 5
2 10 -7 2
2 10 -6 1
2 10 -5 4
2 10 -4 4
2 10 -3 4
2 10 -2 4
2 10 -1 4
2 10 0 4
2 10 1 4
2 10 2 4
2 10 3 4
2 10 4 4
2 10 5 4
2 10 6 1
2 10 7 2
2 10 17 6
3 10 -6 1
3 10 -5 2
3 10 -4 4
3 10 -3 4
3 10 -2 4
3 10 -1 4
3 10 0 4
3 10 1 4
3 10 2 4
3 10 3 4
3 10 4 4
3 10 5 2
3 10 6 3
4 10 -6 1
4 10 -5 3
4 10 -4 4
4 10 -3 4
4 10 -2 4
4 10 -1 4
4 10 0 4
4 10 1 4
4 10 2 4
4 10 3 4
4 10 4 4
4 10 5 2
4 10 6 3
5 10 -5 1
5 10 -4 2
5 10 -3 2
5 10 -2 4
5 10 -1 4
5 10 0 4
5 10 1 4
5 10 2 4
5 10 3 1
5 10 4 3
5 10 5 1
6 10 -4 2
6 10 -3 1
6 10 -2 2
6 10 -1 1
6 10 0 3
6 10 1 3
6 10 2 2
6 10 3 2
6 10 4 3
7 10 -2 2
7 10 -1 1
7 10 0 2
7 10 1 2
7 10 2 1
13 10 -9 5
13 10 9 6
14 10 -10 6
14 10 -9 5
14 10 -8 6
14 10 8 5
14 10 9 5
14 10 10 5
15 10 -11 5
15 10 -10 5
15 10 -9 5
15 10 -8 5
15 10 -7 6
15 10 7 5
15 10 8 5
15 10 9 6
15 10 10 5
15 10 11 5
16 10 -10 5
16 10 -9 5
16 10 -8 5
16 10 8 6
16 10 9 5
16 10 10 6
17 10 -9 5
17 10 9 6
-17 11 -9 6
-17 11 9 5
-16 11 -10 5
-16 11 -9 6
-16 11 -8 5
-16 11 8 5
-16 11 9 6
-16 11 10 5
-15 11 -11 6
-15 11 -10 5
-15 11 -9 6
-15 11 -8 6
-15 11 -7 6
-15 11 7 6
-15 11 8 6
-15 11 9 5
-15 11 10 5
-15 11 11 6
-14 11 -10 5
-14 11 -9 6
-14 11 -8 6
-14 11 8 5
-14 11 9 5
-14 11 10 6
-13 11 -9 5
-13 11 9 6
-7 11 -3 2
-7 11 -2 2
-7 11 -1 2
-7 11 0 1
-7 11 1 1
-7 11 2 1
-7 11 3 1
-6 11 -4 3
-6 11 -3 1
-6 11 -2 1
-6 11 -1 4
-6 11 0 4
-6 11 1 4
-6 11 2 2
-6 11 3 2
-6 11 4 1
-5 11 -5 2
-5 11 -4 2
-5 11 -3 4
-5 11 -2 4
-5 11 -1 4
-5 11 0 4
-5 11 1 4
-5 11 2 4
-5 11 3 4
-5 11 4 1
-5 11 5 1
-4 11 -6 3
-4 11 -5 1
-4 11 -4 4
-4 11 -3 4
-4 11 -2 4
-4 11 -1 4
-4 11 0 4
-4 11 1 4
-4 11 2 4
-4 11 3 4
-4 11 4 4
-4 11 5 2
-4 11 6 3
-3 11 -7 2
-3 11 -6 1
-3 11 -5 4
-3 11 -4 4
-3 11 -3 4
-3 11 -2 4
-3 11 -1 4
-3 11 0 4
-3 11 1 4
-3 11 2 4
-3 11 3 4
-3 11 4 4
-3 11 5 4
-3 11 6 1
-3 11 7 2
-2 11 -17 6
-2 11 -7 2
-2 11 -6 2
-2 11 -5 4
-2 11 -4 4
-2 11 -3 4
-2 11 -2 4
-2 11 -1 4
-2 11 0 4
-2 11 1 4
-2 11 2 4
-2 11 3 4
-2 11 4 4
-2 11 5 4
-2 11 6 2
-2 11 7 1
-2 11 17 5
-1 11 -18 5
-1 11 -17 6
-1 11 -16 6
-1 11 -7 3
-1 11 -6 4
-1 11 -5 4
-1 11 -4 4
-1 11 -3 4
-1 11 -2 4
-1 11 -1 4
-1 11 0 4
-1 11 1 4
-1 11 2 4
-1 11 3 4
-1 11 4 4
-1 11 5 4
-1 11 6 4
-1 11 7 2
-1 11 16 6
-1 11 17 6
-1 11 18 5
0 11 -19 5
0 11 -18 6
0 11 -17 6
0 11 -16 5
0 11 -15 6
0 11 -7 2
0 11 -6 4
0 11 -5 4
0 11 -4 4
0 11 -3 4
0 11 -2 4
0 11 -1 4
0 11 0 4
0 11 1 4
0 11 2 4
0 11 3 4
0 11 4 4
0 11 5 4
0 11 6 4
0 11 7 3
0 11 15 5
0 11 16 6
0 11 17 5
0 11 18 5
0 11 19 5
1 11 -18 5
1 11 -17 6
1 11 -16 6
1 11 -7 2
1 11 -6 4
1 11 -5 4
1 11 -4 4
1 11 -3 4
1 11 -2 4
1 11 -1 4
1 11 0 4
1 11 1 4
1 11 2 4
1 11 3 4
1 11 4 4
1 11 5 4
1 11 6 4
1 11 7 3
1 11 16 6
1 11 17 6
1 11 18 6
2 11 -17 6
2 11 -7 2
2 11 -6 2
2 11 -5 4
2 11 -4 4
2 11 -3 4
2 11 -2 4
2 11 -1 4
2 11 0 4
2 11 1 4
2 11 2 4
2 11 3 4
2 11 4 4
2 11 5 4
2 11 6 2
2 11 7 1
2 11 17 5
3 11 -7 2
3 11 -6 2
3 11 -5 4
3 11 -4 4
3 11 -3 4
3 11 -2 4
3 11 -1 4
3 11 0 4
3 11 1 4
3 11 2 4
3 11 3 4
3 11 4 4
3 11 5 4
3 11 6 2
3 11 7 2
4 11 -6 2
4 11 -5 1
4 11 -4 4
4 11 -3 4
4 11 -2 4
4 11 -1 4
4 11 0 4
4 11 1 4
4 11 2 4
4 11 3 4
4 11 4 4
4 11 5 1
4 11 6 2
5 11 -5 1
5 11 -4 2
5 11 -3 4
5 11 -2 4
5 11 -1 4
5 11 0 4
5 11 1 4
5 11 2 4
5 11 3 4
5 11 4 1
5 11 5 2
6 11 -4 1
6 11 -3 3
6 11 -2 2
6 11 -1 4
6 11 0 4
6 11 1 4
6 11 2 1
6 11 3 3
6 11 4 2
7 11 -3 1
7 11 -2 1
7 11 -1 1
7 11 0 3
7 11 1 2
7 11 2 1
7 11 3 2
13 11 -9 6
13 11 9 5
14 11 -10 6
14 11 -9 6
14 11 -8 6
14 11 8 5
14 11 9 6
14 11 10 5
15 11 -11 6
15 11 -10 6
15 11 -9 5
15 11 -8 6
15 11 -7 6
15 11 7 6
15 11 8 5
15 11 9 6
15 11 10 6
15 11 11 6
16 11 -10 6
16 11 -9 5
16 11 -8 5
16 11 8 6
16 11 9 5
16 11 10 5
17 11 -9 5
17 11 9 6
-17 12 -9 5
-17 12 9 6
-16 12 -10 6
-16 12 -9 6
-16 12 -8 6
-16 12 8 6
-16 12 9 5
-16 12 10 5
-15 12 -11 5
-15 12 -10 5
-15 12 -9 5
-15 12 -8 5
-15 12 -7 6
-15 12 7 6
-15 12 8 6
-15 12 9 6
-15 12 10 6
-15 12 11 5
-14 12 -10 6
-14 12 -9 6
-14 12 -8 6
-14 12 8 6
-14 12 9 5
-14 12 10 6
-13 12 -9 5
-13 12 9 5
-8 12 -1 1
-8 12 0 2
-8 12 1 1
-7 12 -4 2
-7 12 -3 2
-7 12 -2 3
-7 12 -1 2
-7 12 0 1
-7 12 1 2
-7 12 2 2
-7 12 3 2
-7 12 4 2
-6 12 -5 2
-6 12 -4 3
-6 12 -3 2
-6 12 -2 4
-6 12 -1 4
-6 12 0 4
-6 12 1 4
-6 12 2 4
-6 12 3 2
-6 12 4 2
-6 12 5 2
-5 12 -6 3
-5 12 -5 3
-5 12 -4 4
-5 12 -3 4
-5 12 -2 4
-5 12 -1 4
-5 12 0 4
-5 12 1 4
-5 12 2 4
-5 12 3 4
-5 12 4 4
-5 12 5 2
-5 12 6 1
-4 12 -7 1
-4 12 -6 2
-4 12 -5 4
-4 12 -4 4
-4 12 -3 4
-4 12 -2 4
-4 12 -1 4
-4 12 0 4
-4 12 1 4
-4 12 2 4
-4 12 3 4
-4 12 4 4
-4 12 5 4
-4 12 6 1
-4 12 7 1
-3 12 -7 1
-3 12 -6 3
-3 12 -5 4
-3 12 -4 4
-3 12 -3 4
-3 12 -2 4
-3 12 -1 4
-3 12 0 4
-3 12 1 4
-3 12 2 4
-3 12 3 4
-3 12 4 4
-3 12 5 4
-3 12 6 2
-3 12 7 1
-2 12 -17 5
-2 12 -7 2
-2 12 -6 4
-2 12 -5 4
-2 12 -4 4
-2 12 -3 4
-2 12 -2 4
-2 12 -1 4
-2 12 0 4
-2 12 1 4
-2 12 2 4
-2 12 3 4
-2 12 4 4
-2 12 5 4
-2 12 6 4
-2 12 7 3
-2 12 17 5
-1 12 -18 6
-1 12 -17 6
-1 12 -16 6
-1 12 -8 2
-1 12 -7 2
-1 12 -6 4
-1 12 -5 4
-1 12 -4 4
-1 12 -3 4
-1 12 -2 4
-1 12 -1 4
-1 12 0 4
-1 12 1 4
-1 12 2 4
-1 12 3 4
-1 12 4 4
-1 12 5 4
-1 12 6 4
-1 12 7 1
-1 12 8 1
-1 12 16 6
-1 12 17 5
-1 12 18 6
0 12 -19 6
0 12 -18 6
0 12 -17 6
0 12 -16 5
0 12 -15 5
0 12 -8 2
0 12 -7 2
0 12 -6 4
0 12 -5 4
0 12 -4 4
0 12 -3 4
0 12 -2 4
0 12 -1 4
0 12 0 4
0 12 1 4
0 12 2 4
0 12 3 4
0 12 4 4
0 12 5 4
0 12 6 4
0 12 7 1
0 12 8 2
0 12 15 5
0 12 16 6
0 12 17 6
0 12 18 6
0 12 19 6
1 12 -18 5
1 12 -17 5
1 12 -16 5
1 12 -8 2
1 12 -7 1
1 12 -6 4
1 12 -5 4
1 12 -4 4
1 12 -3 4
1 12 -2 4
1 12 -1 4
1 12 0 4
1 12 1 4
1 12 2 4
1 12 3 4
1 12 4 4
1 12 5 4
1 12 6 4
1 12 7 2
1 12 8 1
1 12 16 5
1 12 17 6
1 12 18 6
2 12 -17 6
2 12 -7 1
2 12 -6 4
2 12 -5 4
2 12 -4 4
2 12 -3 4
2 12 -2 4
2 12 -1 4
2 12 0 4
2 12 1 4
2 12 2 4
2 12 3 4
2 12 4 4
2 12 5 4
2 12 6 4
2 12 7 2
2 12 17 6
3 12 -7 1
3 12 -6 3
3 12 -5 4
3 12 -4 4
3 12 -3 4
3 12 -2 4
3 12 -1 4
3 12 0 4
3 12 1 4
3 12 2 4
3 12 3 4
3 12 4 4
3 12 5 4
3 12 6 2
3 12 7 1
4 12 -7 2
4 12 -6 2
4 12 -5 4
4 12 -4 4
4 12 -3 4
4 12 -2 4
4 12 -1 4
4 12 0 4
4 12 1 4
4 12 2 4
4 12 3 4
4 12 4 4
4 12 5 4
4 12 6 1
4 12 7 2
5 12 -6 2
5 12 -5 2
5 12 -4 4
5 12 -3 4
5 12 -2 4
5 12 -1 4
5 12 0 4
5 12 1 4
5 12 2 4
5 12 3 4
5 12 4 4
5 12 5 3
5 12 6 2
6 12 -5 1
6 12 -4 2
6 12 -3 1
6 12 -2 4
6 12 -1 4
6 12 0 4
6 12 1 4
6 12 2 4
6 12 3 3
6 12 4 2
6 12 5 2
7 12 -4 1
7 12 -3 2
7 12 -2 1
7 12 -1 2
7 12 0 2
7 12 1 2
7 12 2 1
7 12 3 2
7 12 4 2
8 12 -1 3
8 12 0 3
8 12 1 3
13 12 -9 5
13 12 9 5
14 12 -10 6
14 12 -9 6
14 12 -8 6
14 12 8 6
14 12 9 6
14 12 10 6
15 12 -11 5
15 12 -10 5
15 12 -9 6
15 12 -8 5
15 12 -7 6
15 12 7 6
15 12 8 5
15 12 9 5
15 12 10 6
15 12 11 5
16 12 -10 5
16 12 -9 6
16 12 -8 6
16 12 8 5
16 12 9 5
16 12 10 6
17 12 -9 6
17 12 9 5
-17 13 -9 0
-17 13 9 0
-16 13 -10 6
-16 13 -9 5
-16 13 -8 6
-16 13 8 5
-16 13 9 5
-16 13 10 6
-15 13 -11 0
-15 13 -10 5
-15 13 -9 6
-15 13 -8 6
-15 13 -7 0
-15 13 7 0
-15 13 8 5
-15 13 9 5
-15 13 10 6
-15 13 11 0
-14 13 -10 5
-14 13 -9 6
-14 13 -8 6
-14 13 8 6
-14 13 9 6
-14 13 10 5
-13 13 -9 0
-13 13 9 0
-8 13 -2 1
-8 13 -1 1
-8 13 0 1
-8 13 1 7
-8 13 2 7
-7 13 -4 7
-7 13 -3 7
-7 13 -2 2
-7 13 -1 1
-7 13 0 1
-7 13 1 7
-7 13 2 7
-7 13 3 2
-7 13 4 2
-6 13 -6 2
-6 13 -5 7
-6 13 -4 7
-6 13 -3 4
-6 13 -2 4
-6 13 -1 4
-6 13 0 4
-6 13 1 4
-6 13 2 4
-6 13 3 4
-6 13 4 1
-6 13 5 3
-6 13 6 7
-5 13 -6 1
-5 13 -5 2
-5 13 -4 4
-5 13 -3 4
-5 13 -2 4
-5 13 -1 4
-5 13 0 4
-5 13 1 4
-5 13 2 4
-5 13 3 4
-5 13 4 4
-5 13 5 7
-5 13 6 7
-4 13 -7 7
-4 13 -6 3
-4 13 -5 4
-4 13 -4 4
-4 13 -3 4
-4 13 -2 4
-4 13 -1 4
-4 13 0 4
-4 13 1 4
-4 13 2 4
-4 13 3 4
-4 13 4 4
-4 13 5 4
-4 13 6 7
-4 13 7 2
-3 13 -7 7
-3 13 -6 4
-3 13 -5 4
-3 13 -4 4
-3 13 -3 4
-3 13 -2 4
-3 13 -1 4
-3 13 0 4
-3 13 1 4
-3 13 2 4
-3 13 3 4
-3 13 4 4
-3 13 5 4
-3 13 6 4
-3 13 7 2
-2 13 -17 0
-2 13 -8 7
-2 13 -7 7
-2 13 -6 4
-2 13 -5 4
-2 13 -4 4
-2 13 -3 4
-2 13 -2 4
-2 13 -1 4
-2 13 0 4
-2 13 1 4
-2 13 2 4
-2 13 3 4
-2 13 4 4
-2 13 5 4
-2 13 6 4
-2 13 7 1
-2 13 8 2
-2 13 17 0
-1 13 -18 5
-1 13 -17 6
-1 13 -16 5
-1 13 -8 1
-1 13 -7 2
-1 13 -6 4
-1 13 -5 4
-1 13 -4 4
-1 13 -3 4
-1 13 -2 4
-1 13 -1 4
-1 13 0 4
-1 13 1 4
-1 13 2 4
-1 13 3 4
-1 13 4 4
-1 13 5 4
-1 13 6 4
-1 13 7 7
-1 13 8 7
-1 13 16 6
-1 13 17 5
-1 13 18 6
0 13 -19 0
0 13 -18 5
0 13 -17 6
0 13 -16 6
0 13 -15 0
0 13 -8 2
0 13 -7 1
0 13 -6 4
0 13 -5 4
0 13 -4 4
0 13 -3 4
0 13 -2 4
0 13 -1 4
0 13 0 4
0 13 1 4
0 13 2 4
0 13 3 4
0 13 4 4
0 13 5 4
0 13 6 4
0 13 7 7
0 13 8 7
0 13 15 0
0 13 16 6
0 13 17 6
0 13 18 5
0 13 19 0
1 13 -18 6
1 13 -17 5
1 13 -16 6
1 13 -8 3
1 13 -7 1
1 13 -6 4
1 13 -5 4
1 13 -4 4
1 13 -3 4
1 13 -2 4
1 13 -1 4
1 13 0 4
1 13 1 4
1 13 2 4
1 13 3 4
1 13 4 4
1 13 5 4
1 13 6 4
1 13 7 7
1 13 8 7
1 13 16 5
1 13 17 6
1 13 18 6
2 13 -17 0
2 13 -8 7
2 13 -7 7
2 13 -6 4
2 13 -5 4
2 13 -4 4
2 13 -3 4
2 13 -2 4
2 13 -1 4
2 13 0 4
2 13 1 4
2 13 2 4
2 13 3 4
2 13 4 4
2 13 5 4
2 13 6 4
2 13 7 2
2 13 8 1
2 13 17 0
3 13 -7 7
3 13 -6 4
3 13 -5 4
3 13 -4 4
3 13 -3 4
3 13 -2 4
3 13 -1 4
3 13 0 4
3 13 1 4
3 13 2 4
3 13 3 4
3 13 4 4
3 13 5 4
3 13 6 4
3 13 7 2
4 13 -7 7
4 13 -6 2
4 13 -5 4
4 13 -4 4
4 13 -3 4
4 13 -2 4
4 13 -1 4
4 13 0 4
4 13 1 4
4 13 2 4
4 13 3 4
4 13 4 4
4 13 5 4
4 13 6 7
4 13 7 2
5 13 -6 3
5 13 -5 3
5 13 -4 4
5 13 -3 4
5 13 -2 4
5 13 -1 4
5 13 0 4
5 13 1 4
5 13 2 4
5 13 3 4
5 13 4 4
5 13 5 7
5 13 6 7
6 13 -6 2
6 13 -5 7
6 13 -4 7
6 13 -3 4
6 13 -2 4
6 13 -1 4
6 13 0 4
6 13 1 4
6 13 2 4
6 13 3 4
6 13 4 3
6 13 5 2
6 13 6 7
7 13 -4 7
7 13 -3 7
7 13 -2 1
7 13 -1 2
7 13 0 7
7 13 1 7
7 13 2 7
7 13 3 2
7 13 4 1
8 13 -2 2
8 13 -1 2
8 13 0 7
8 13 1 7
8 13 2 7
13 13 -9 0
13 13 9 0
14 13 -10 5
14 13 -9 5
14 13 -8 5
14 13 8 5
14 13 9 5
14 13 10 5
15 13 -11 0
15 13 -10 5
15 13 -9 5
15 13 -8 6
15 13 -7 0
15 13 7 0
15 13 8 5
15 13 9 6
15 13 10 6
15 13 11 0
16 13 -10 5
16 13 -9 6
16 13 -8 6
16 13 8 6
16 13 9 5
16 13 10 5
17 13 -9 0
17 13 9 0
-17 14 -9 6
-17 14 9 6
-16 14 -10 0
-16 14 -9 0
-16 14 -8 0
-16 14 -7 5
-16 14 7 5
-16 14 8 0
-16 14 9 0
-16 14 10 0
-15 14 -11 5
-15 14 -10 0
-15 14 -9 6
-15 14 -8 0
-15 14 -7 6
-15 14 7 5
-15 14 8 0
-15 14 9 6
-15 14 10 0
-15 14 11 6
-14 14 -10 0
-14 14 -9 0
-14 14 -8 0
-14 14 -7 5
-14 14 7 5
-14 14 8 0
-14 14 9 0
-14 14 10 0
-13 14 -9 5
-13 14 9 5
-8 14 -3 2
-8 14 -2 2
-8 14 -1 2
-8 14 0 2
-8 14 1 2
-8 14 2 1
-8 14 3 1
-7 14 -5 2
-7 14 -4 1
-7 14 -3 2
-7 14 -2 1
-7 14 -1 4
-7 14 0 4
-7 14 1 4
-7 14 2 1
-7 14 3 2
-7 14 4 1
-7 14 5 2
-6 14 -6 3
-6 14 -5 2
-6 14 -4 4
-6 14 -3 4
-6 14 -2 4
-6 14 -1 4
-6 14 0 4
-6 14 1 4
-6 14 2 4
-6 14 3 4
-6 14 4 4
-6 14 5 1
-6 14 6 1
-5 14 -7 2
-5 14 -6 2
-5 14 -5 4
-5 14 -4 4
-5 14 -3 4
-5 14 -2 4
-5 14 -1 4
-5 14 0 4
-5 14 1 4
-5 14 2 4
-5 14 3 4
-5 14 4 4
-5 14 5 4
-5 14 6 3
-5 14 7 2
-4 14 -7 2
-4 14 -6 4
-4 14 -5 4
-4 14 -4 4
-4 14 -3 4
-4 14 -2 4
-4 14 -1 4
-4 14 0 4
-4 14 1 4
-4 14 2 4
-4 14 3 4
-4 14 4 4
-4 14 5 4
-4 14 6 4
-4 14 7 1
-3 14 -8 2
-3 14 -7 2
-3 14 -6 4
-3 14 -5 4
-3 14 -4 4
-3 14 -3 4
-3 14 -2 4
-3 14 -1 4
-3 14 0 4
-3 14 1 4
-3 14 2 4
-3 14 3 4
-3 14 4 4
-3 14 5 4
-3 14 6 4
-3 14 7 2
-3 14 8 3
-2 14 -17 6
-2 14 -8 2
-2 14 -7 2
-2 14 -6 4
-2 14 -5 4
-2 14 -4 4
-2 14 -3 4
-2 14 -2 4
-2 14 -1 4
-2 14 0 4
-2 14 1 4
-2 14 2 4
-2 14 3 4
-2 14 4 4
-2 14 5 4
-2 14 6 4
-2 14 7 3
-2 14 8 1
-2 14 17 6
-1 14 -18 0
-1 14 -17 0
-1 14 -16 0
-1 14 -8 1
-1 14 -7 4
-1 14 -6 4
-1 14 -5 4
-1 14 -4 4
-1 14 -3 4
-1 14 -2 4
-1 14 -1 4
-1 14 0 4
-1 14 1 4
-1 14 2 4
-1 14 3 4
-1 14 4 4
-1 14 5 4
-1 14 6 4
-1 14 7 4
-1 14 8 2
-1 14 16 0
-1 14 17 0
-1 14 18 0
0 14 -19 6
0 14 -18 0
0 14 -17 5
0 14 -16 0
0 14 -15 5
0 14 -8 2
0 14 -7 4
0 14 -6 4
0 14 -5 4
0 14 -4 4
0 14 -3 4
0 14 -2 4
0 14 -1 4
0 14 0 4
0 14 1 4
0 14 2 4
0 14 3 4
0 14 4 4
0 14 5 4
0 14 6 4
0 14 7 4
0 14 8 1
0 14 15 6
0 14 16 0
0 14 17 5
0 14 18 0
0 14 19 5
1 14 -18 0
1 14 -17 0
1 14 -16 0
1 14 -8 2
1 14 -7 4
1 14 -6 4
1 14 -5 4
1 14 -4 4
1 14 -3 4
1 14 -2 4
1 14 -1 4
1 14 0 4
1 14 1 4
1 14 2 4
1 14 3 4
1 14 4 4
1 14 5 4
1 14 6 4
1 14 7 4
1 14 8 1
1 14 16 0
1 14 17 0
1 14 18 0
2 14 -17 6
2 14 -8 2
2 14 -7 2
2 14 -6 4
2 14 -5 4
2 14 -4 4
2 14 -3 4
2 14 -2 4
2 14 -1 4
2 14 0 4
2 14 1 4
2 14 2 4
2 14 3 4
2 14 4 4
2 14 5 4
2 14 6 4
2 14 7 1
2 14 8 1
2 14 17 6
3 14 -8 1
3 14 -7 2
3 14 -6 4
3 14 -5 4
3 14 -4 4
3 14 -3 4
3 14 -2 4
3 14 -1 4
3 14 0 4
3 14 1 4
3 14 2 4
3 14 3 4
3 14 4 4
3 14 5 4
3 14 6 4
3 14 7 2
3 14 8 2
4 14 -7 2
4 14 -6 4
4 14 -5 4
4 14 -4 4
4 14 -3 4
4 14 -2 4
4 14 -1 4
4 14 0 4
4 14 1 4
4 14 2 4
4 14 3 4
4 14 4 4
4 14 5 4
4 14 6 4
4 14 7 1
5 14 -7 2
5 14 -6 2
5 14 -5 4
5 14 -4 4
5 14 -3 4
5 14 -2 4
5 14 -1 4
5 14 0 4
5 14 1 4
5 14 2 4
5 14 3 4
5 14 4 4
5 14 5 4
5 14 6 1
5 14 7 2
6 14 -6 1
6 14 -5 1
6 14 -4 4
6 14 -3 4
6 14 -2 4
6 14 -1 4
6 14 0 4
6 14 1 4
6 14 2 4
6 14 3 4
6 14 4 4
6 14 5 2
6 14 6 3
7 14 -5 2
7 14 -4 3
7 14 -3 2
7 14 -2 2
7 14 -1 4
7 14 0 4
7 14 1 4
7 14 2 2
7 14 3 2
7 14 4 2
7 14 5 2
8 14 -3 3
8 14 -2 1
8 14 -1 2
8 14 0 3
8 14 1 2
8 14 2 3
8 14 3 2
13 14 -9 5
13 14 9 5
14 14 -10 0
14 14 -9 0
14 14 -8 0
14 14 -7 6
14 14 7 6
14 14 8 0
14 14 9 0
14 14 10 0
15 14 -11 6
15 14 -10 0
15 14 -9 6
15 14 -8 0
15 14 -7 5
15 14 7 6
15 14 8 0
15 14 9 6
15 14 10 0
15 14 11 5
16 14 -10 0
16 14 -9 0
16 14 -8 0
16 14 -7 5
16 14 7 6
16 14 8 0
16 14 9 0
16 14 10 0
17 14 -9 6
17 14 9 6
-17 15 -8 5
-17 15 8 6
-16 15 -10 5
-16 15 -9 5
-16 15 -8 6
-16 15 -7 5
-16 15 7 6
-16 15 8 5
-16 15 9 5
-16 15 10 5
-15 15 -10 5
-15 15 -9 0
-15 15 -8 5
-15 15 -7 5
-15 15 -6 5
-15 15 6 5
-15 15 7 6
-15 15 8 6
-15 15 9 0
-15 15 10 6
-14 15 -10 5
-14 15 -9 5
-14 15 -8 5
-14 15 -7 5
-14 15 7 6
-14 15 8 5
-14 15 9 5
-14 15 10 6
-13 15 -8 5
-13 15 8 6
-9 15 -2 2
-9 15 -1 1
-9 15 0 2
-9 15 1 3
-9 15 2 1
-8 15 -4 2
-8 15 -3 2
-8 15 -2 1
-8 15 -1 2
-8 15 0 2
-8 15 1 3
-8 15 2 2
-8 15 3 1
-8 15 4 1
-7 15 -6 2
-7 15 -5 2
-7 15 -4 1
-7 15 -3 4
-7 15 -2 4
-7 15 -1 4
-7 15 0 4
-7 15 1 4
-7 15 2 4
-7 15 3 4
-7 15 4 2
-7 15 5 2
-7 15 6 2
-6 15 -7 3
-6 15 -6 1
-6 15 -5 2
-6 15 -4 4
-6 15 -3 4
-6 15 -2 4
-6 15 -1 4
-6 15 0 4
-6 15 1 4
-6 15 2 4
-6 15 3 4
-6 15 4 4
-6 15 5 2
-6 15 6 1
-6 15 7 2
-5 15 -7 1
-5 15 -6 2
-5 15 -5 4
-5 15 -4 4
-5 15 -3 4
-5 15 -2 4
-5 15 -1 4
-5 15 0 4
-5 15 1 4
-5 15 2 4
-5 15 3 4
-5 15 4 4
-5 15 5 4
-5 15 6 2
-5 15 7 2
-4 15 -8 2
-4 15 -7 1
-4 15 -6 4
-4 15 -5 4
-4 15 -4 4
-4 15 -3 4
-4 15 -2 4
-4 15 -1 4
-4 15 0 4
-4 15 1 4
-4 15 2 4
-4 15 3 4
-4 15 4 4
-4 15 5 4
-4 15 6 4
-4 15 7 3
-4 15 8 2
-3 15 -8 2
-3 15 -7 4
-3 15 -6 4
-3 15 -5 4
-3 15 -4 4
-3 15 -3 4
-3 15 -2 4
-3 15 -1 4
-3 15 0 4
-3 15 1 4
-3 15 2 4
-3 15 3 4
-3 15 4 4
-3 15 5 4
-3 15 6 4
-3 15 7 4
-3 15 8 2
-2 15 -17 5
-2 15 -9 1
-2 15 -8 2
-2 15 -7 4
-2 15 -6 4
-2 15 -5 4
-2 15 -4 4
-2 15 -3 4
-2 15 -2 4
-2 15 -1 4
-2 15 0 4
-2 15 1 4
-2 15 2 4
-2 15 3 4
-2 15 4 4
-2 15 5 4
-2 15 6 4
-2 15 7 4
-2 15 8 2
-2 15 9 1
-2 15 17 5
-1 15 -18 5
-1 15 -17 5
-1 15 -16 5
-1 15 -9 2
-1 15 -8 3
-1 15 -7 4
-1 15 -6 4
-1 15 -5 4
-1 15 -4 4
-1 15 -3 4
-1 15 -2 4
-1 15 -1 4
-1 15 0 4
-1 15 1 4
-1 15 2 4
-1 15 3 4
-1 15 4 4
-1 15 5 4
-1 15 6 4
-1 15 7 4
-1 15 8 2
-1 15 9 3
-1 15 16 5
-1 15 17 5
-1 15 18 6
0 15 -19 6
0 15 -18 6
0 15 -17 0
0 15 -16 5
0 15 -15 6
0 15 -9 3
0 15 -8 1
0 15 -7 4
0 15 -6 4
0 15 -5 4
0 15 -4 4
0 15 -3 4
0 15 -2 4
0 15 -1 4
0 15 0 4
0 15 1 4
0 15 2 4
0 15 3 4
0 15 4 4
0 15 5 4
0 15 6 4
0 15 7 4
0 15 8 3
0 15 9 2
0 15 15 5
0 15 16 6
0 15 17 0
0 15 18 5
0 15 19 6
1 15 -18 5
1 15 -17 5
1 15 -16 5
1 15 -9 3
1 15 -8 1
1 15 -7 4
1 15 -6 4
1 15 -5 4
1 15 -4 4
1 15 -3 4
1 15 -2 4
1 15 -1 4
1 15 0 4
1 15 1 4
1 15 2 4
1 15 3 4
1 15 4 4
1 15 5 4
1 15 6 4
1 15 7 4
1 15 8 2
1 15 9 2
1 15 16 5
1 15 17 5
1 15 18 6
2 15 -17 6
2 15 -9 2
2 15 -8 2
2 15 -7 4
2 15 -6 4
2 15 -5 4
2 15 -4 4
2 15 -3 4
2 15 -2 4
2 15 -1 4
2 15 0 4
2 15 1 4
2 15 2 4
2 15 3 4
2 15 4 4
2 15 5 4
2 15 6 4
2 15 7 4
2 15 8 2
2 15 9 2
2 15 17 6
3 15 -8 1
3 15 -7 4
3 15 -6 4
3 15 -5 4
3 15 -4 4
3 15 -3 4
3 15 -2 4
3 15 -1 4
3 15 0 4
3 15 1 4
3 15 2 4
3 15 3 4
3 15 4 4
3 15 5 4
3 15 6 4
3 15 7 4
3 15 8 1
4 15 -8 1
4 15 -7 2
4 15 -6 4
4 15 -5 4
4 15 -4 4
4 15 -3 4
4 15 -2 4
4 15 -1 4
4 15 0 4
4 15 1 4
4 15 2 4
4 15 3 4
4 15 4 4
4 15 5 4
4 15 6 4
4 15 7 1
4 15 8 2
5 15 -7 2
5 15 -6 3
5 15 -5 4
5 15 -4 4
5 15 -3 4
5 15 -2 4
5 15 -1 4
5 15 0 4
5 15 1 4
5 15 2 4
5 15 3 4
5 15 4 4
5 15 5 4
5 15 6 1
5 15 7 1
6 15 -7 3
6 15 -6 1
6 15 -5 1
6 15 -4 4
6 15 -3 4
6 15 -2 4
6 15 -1 4
6 15 0 4
6 15 1 4
6 15 2 4
6 15 3 4
6 15 4 4
6 15 5 2
6 15 6 1
6 15 7 1
7 15 -6 2
7 15 -5 2
7 15 -4 2
7 15 -3 4
7 15 -2 4
7 15 -1 4
7 15 0 4
7 15 1 4
7 15 2 4
7 15 3 4
7 15 4 2
7 15 5 2
7 15 6 2
8 15 -4 2
8 15 -3 2
8 15 -2 1
8 15 -1 1
8 15 0 2
8 15 1 3
8 15 2 2
8 15 3 3
8 15 4 3
9 15 -2 2
9 15 -1 3
9 15 0 2
9 15 1 1
9 15 2 3
13 15 -8 6
13 15 8 5
14 15 -10 6
14 15 -9 6
14 15 -8 5
14 15 -7 6
14 15 7 5
14 15 8 6
14 15 9 6
14 15 10 5
15 15 -10 6
15 15 -9 0
15 15 -8 5
15 15 -7 6
15 15 -6 6
15 15 6 6
15 15 7 5
15 15 8 5
15 15 9 0
15 15 10 5
16 15 -10 6
16 15 -9 5
16 15 -8 5
16 15 -7 6
16 15 7 5
16 15 8 6
16 15 9 6
16 15 10 5
17 15 -8 6
17 15 8 5
-17 16 -8 5
-17 16 8 5
-16 16 -9 6
-16 16 -8 6
-16 16 -7 6
-16 16 7 5
-16 16 8 5
-16 16 9 5
-15 16 -10 6
-15 16 -9 6
-15 16 -8 6
-15 16 -7 6
-15 16 -6 6
-15 16 6 5
-15 16 7 6
-15 16 8 6
-15 16 9 5
-15 16 10 6
-14 16 -9 6
-14 16 -8 5
-14 16 -7 6
-14 16 7 6
-14 16 8 5
-14 16 9 5
-13 16 -9 5
-13 16 -8 5
-13 16 -7 5
-13 16 7 5
-13 16 8 5
-13 16 9 6
-9 16 -3 3
-9 16 -2 3
-9 16 -1 3
-9 16 0 2
-9 16 1 3
-9 16 2 1
-9 16 3 3
-8 16 -5 2
-8 16 -4 2
-8 16 -3 1
-8 16 -2 2
-8 16 -1 3
-8 16 0 1
-8 16 1 2
-8 16 2 2
-8 16 3 2
-8 16 4 3
-8 16 5 2
-7 16 -6 2
-7 16 -5 1
-7 16 -4 1
-7 16 -3 4
-7 16 -2 4
-7 16 -1 4
-7 16 0 4
-7 16 1 4
-7 16 2 4
-7 16 3 4
-7 16 4 3
-7 16 5 2
-7 16 6 2
-6 16 -7 1
-6 16 -6 2
-6 16 -5 4
-6 16 -4 4
-6 16 -3 4
-6 16 -2 4
-6 16 -1 4
-6 16 0 4
-6 16 1 4
-6 16 2 4
-6 16 3 4
-6 16 4 4
-6 16 5 4
-6 16 6 2
-6 16 7 2
-5 16 -8 3
-5 16 -7 1
-5 16 -6 4
-5 16 -5 4
-5 16 -4 4
-5 16 -3 4
-5 16 -2 4
-5 16 -1 4
-5 16 0 4
-5 16 1 4
-5 16 2 4
-5 16 3 4
-5 16 4 4
-5 16 5 4
-5 16 6 4
-5 16 7 2
-5 16 8 1
-4 16 -8 2
-4 16 -7 2
-4 16 -6 4
-4 16 -5 4
-4 16 -4 4
-4 16 -3 4
-4 16 -2 4
-4 16 -1 4
-4 16 0 4
-4 16 1 4
-4 16 2 4
-4 16 3 4
-4 16 4 4
-4 16 5 4
-4 16 6 4
-4 16 7 2
-4 16 8 2
-3 16 -9 2
-3 16 -8 2
-3 16 -7 4
-3 16 -6 4
-3 16 -5 4
-3 16 -4 4
-3 16 -3 4
-3 16 -2 4
-3 16 -1 4
-3 16 0 4
-3 16 1 4
-3 16 2 4
-3 16 3 4
-3 16 4 4
-3 16 5 4
-3 16 6 4
-3 16 7 4
-3 16 8 2
-3 16 9 3
-2 16 -17 5
-2 16 -9 3
-2 16 -8 3
-2 16 -7 4
-2 16 -6 4
-2 16 -5 4
-2 16 -4 4
-2 16 -3 4
-2 16 -2 4
-2 16 -1 4
-2 16 0 4
-2 16 1 4
-2 16 2 4
-2 16 3 4
-2 16 4 4
-2 16 5 4
-2 16 6 4
-2 16 7 4
-2 16 8 1
-2 16 9 1
-2 16 17 6
-1 16 -18 5
-1 16 -17 6
-1 16 -16 6
-1 16 -9 1
-1 16 -8 1
-1 16 -7 4
-1 16 -6 4
-1 16 -5 4
-1 16 -4 4
-1 16 -3 4
-1 16 -2 4
-1 16 -1 4
-1 16 0 4
-1 16 1 4
-1 16 2 4
-1 16 3 4
-1 16 4 4
-1 16 5 4
-1 16 6 4
-1 16 7 4
-1 16 8 1
-1 16 9 2
-1 16 16 5
-1 16 17 6
-1 16 18 5
0 16 -19 5
0 16 -18 6
0 16 -17 5
0 16 -16 6
0 16 -15 5
0 16 -9 2
0 16 -8 2
0 16 -7 4
0 16 -6 4
0 16 -5 4
0 16 -4 4
0 16 -3 4
0 16 -2 4
0 16 -1 4
0 16 0 4
0 16 1 4
0 16 2 4
0 16 3 4
0 16 4 4
0 16 5 4
0 16 6 4
0 16 7 4
0 16 8 1
0 16 9 2
0 16 15 5
0 16 16 6
0 16 17 5
0 16 18 6
0 16 19 5
1 16 -18 5
1 16 -17 6
1 16 -16 5
1 16 -9 2
1 16 -8 1
1 16 -7 4
1 16 -6 4
1 16 -5 4
1 16 -4 4
1 16 -3 4
1 16 -2 4
1 16 -1 4
1 16 0 4
1 16 1 4
1 16 2 4
1 16 3 4
1 16 4 4
1 16 5 4
1 16 6 4
1 16 7 4
1 16 8 2
1 16 9 1
1 16 16 5
1 16 17 6
1 16 18 5
2 16 -17 5
2 16 -9 2
2 16 -8 2
2 16 -7 4
2 16 -6 4
2 16 -5 4
2 16 -4 4
2 16 -3 4
2 16 -2 4
2 16 -1 4
2 16 0 4
2 16 1 4
2 16 2 4
2 16 3 4
2 16 4 4
2 16 5 4
2 16 6 4
2 16 7 4
2 16 8 2
2 16 9 1
2 16 17 5
3 16 -9 3
3 16 -8 2
3 16 -7 4
3 16 -6 4
3 16 -5 4
3 16 -4 4
3 16 -3 4
3 16 -2 4
3 16 -1 4
3 16 0 4
3 16 1 4
3 16 2 4
3 16 3 4
3 16 4 4
3 16 5 4
3 16 6 4
3 16 7 4
3 16 8 3
3 16 9 2
4 16 -8 2
4 16 -7 1
4 16 -6 4
4 16 -5 4
4 16 -4 4
4 16 -3 4
4 16 -2 4
4 16 -1 4
4 16 0 4
4 16 1 4
4 16 2 4
4 16 3 4
4 16 4 4
4 16 5 4
4 16 6 4
4 16 7 2
4 16 8 2
5 16 -8 1
5 16 -7 2
5 16 -6 4
5 16 -5 4
5 16 -4 4
5 16 -3 4
5 16 -2 4
5 16 -1 4
5 16 0 4
5 16 1 4
5 16 2 4
5 16 3 4
5 16 4 4
5 16 5 4
5 16 6 4
5 16 7 1
5 16 8 2
6 16 -7 2
6 16 -6 2
6 16 -5 4
6 16 -4 4
6 16 -3 4
6 16 -2 4
6 16 -1 4
6 16 0 4
6 16 1 4
6 16 2 4
6 16 3 4
6 16 4 4
6 16 5 4
6 16 6 2
6 16 7 3
7 16 -6 2
7 16 -5 2
7 16 -4 2
7 16 -3 4
7 16 -2 4
7 16 -1 4
7 16 0 4
7 16 1 4
7 16 2 4
7 16 3 4
7 16 4 2
7 16 5 1
7 16 6 2
8 16 -5 2
8 16 -4 1
8 16 -3 2
8 16 -2 3
8 16 -1 1
8 16 0 1
8 16 1 2
8 16 2 3
8 16 3 2
8 16 4 1
8 16 5 2
9 16 -3 3
9 16 -2 2
9 16 -1 3
9 16 0 1
9 16 1 3
9 16 2 2
9 16 3 3
13 16 -9 6
13 16 -8 6
13 16 -7 5
13 16 7 5
13 16 8 6
13 16 9 5
14 16 -9 6
14 16 -8 6
14 16 -7 5
14 16 7 5
14 16 8 6
14 16 9 6
15 16 -10 5
15 16 -9 5
15 16 -8 5
15 16 -7 6
15 16 -6 6
15 16 6 5
15 16 7 6
15 16 8 5
15 16 9 6
15 16 10 6
16 16 -9 5
16 16 -8 5
16 16 -7 5
16 16 7 6
16 16 8 5
16 16 9 6
17 16 -8 6
17 16 8 6
-17 17 -8 6
-17 17 8 5
-16 17 -9 5
-16 17 -8 6
-16 17 -7 6
-16 17 7 5
-16 17 8 6
-16 17 9 5
-15 17 -10 5
-15 17 -9 5
-15 17 -8 5
-15 17 -7 6
-15 17 -6 5
-15 17 6 5
-15 17 7 6
-15 17 8 6
-15 17 9 6
-15 17 10 6
-14 17 -10 5
-14 17 -9 6
-14 17 -8 6
-14 17 -7 6
-14 17 -6 5
-14 17 6 6
-14 17 7 6
-14 17 8 5
-14 17 9 5
-14 17 10 6
-13 17 -9 6
-13 17 -8 6
-13 17 -7 5
-13 17 7 6
-13 17 8 6
-13 17 9 6
-12 17 -8 6
-12 17 8 5
-9 17 -4 1
-9 17 -3 3
-9 17 -2 1
-9 17 -1 3
-9 17 0 1
-9 17 1 3
-9 17 2 3
-9 17 3 3
-9 17 4 3
-8 17 -5 2
-8 17 -4 3
-8 17 -3 2
-8 17 -2 4
-8 17 -1 4
-8 17 0 4
-8 17 1 4
-8 17 2 4
-8 17 3 2
-8 17 4 2
-8 17 5 1
-7 17 -6 2
-7 17 -5 2
-7 17 -4 4
-7 17 -3 4
-7 17 -2 4
-7 17 -1 4
-7 17 0 4
-7 17 1 4
-7 17 2 4
-7 17 3 4
-7 17 4 4
-7 17 5 1
-7 17 6 1
-6 17 -7 1
-6 17 -6 1
-6 17 -5 4
-6 17 -4 4
-6 17 -3 4
-6 17 -2 4
-6 17 -1 4
-6 17 0 4
-6 17 1 4
-6 17 2 4
-6 17 3 4
-6 17 4 4
-6 17 5 4
-6 17 6 2
-6 17 7 2
-5 17 -8 2
-5 17 -7 1
-5 17 -6 4
-5 17 -5 4
-5 17 -4 4
-5 17 -3 4
-5 17 -2 4
-5 17 -1 4
-5 17 0 4
-5 17 1 4
-5 17 2 4
-5 17 3 4
-5 17 4 4
-5 17 5 4
-5 17 6 4
-5 17 7 1
-5 17 8 2
-4 17 -9 3
-4 17 -8 2
-4 17 -7 4
-4 17 -6 4
-4 17 -5 4
-4 17 -4 4
-4 17 -3 4
-4 17 -2 4
-4 17 -1 4
-4 17 0 4
-4 17 1 4
-4 17 2 4
-4 17 3 4
-4 17 4 4
-4 17 5 4
-4 17 6 4
-4 17 7 4
-4 17 8 2
-4 17 9 3
-3 17 -9 2
-3 17 -8 1
-3 17 -7 4
-3 17 -6 4
-3 17 -5 4
-3 17 -4 4
-3 17 -3 4
-3 17 -2 4
-3 17 -1 4
-3 17 0 4
-3 17 1 4
-3 17 2 4
-3 17 3 4
-3 17 4 4
-3 17 5 4
-3 17 6 4
-3 17 7 4
-3 17 8 3
-3 17 9 2
-2 17 -17 5
-2 17 -9 1
-2 17 -8 4
-2 17 -7 4
-2 17 -6 4
-2 17 -5 4
-2 17 -4 4
-2 17 -3 4
-2 17 -2 4
-2 17 -1 4
-2 17 0 4
-2 17 1 4
-2 17 2 4
-2 17 3 4
-2 17 4 4
-2 17 5 4
-2 17 6 4
-2 17 7 4
-2 17 8 4
-2 17 9 2
-2 17 17 5
-1 17 -18 5
-1 17 -17 5
-1 17 -16 6
-1 17 -9 1
-1 17 -8 4
-1 17 -7 4
-1 17 -6 4
-1 17 -5 4
-1 17 -4 4
-1 17 -3 4
-1 17 -2 4
-1 17 -1 4
-1 17 0 4
-1 17 1 4
-1 17 2 4
-1 17 3 4
-1 17 4 4
-1 17 5 4
-1 17 6 4
-1 17 7 4
-1 17 8 4
-1 17 9 3
-1 17 16 5
-1 17 17 5
-1 17 18 6
0 17 -19 6
0 17 -18 5
0 17 -17 5
0 17 -16 6
0 17 -15 5
0 17 -9 1
0 17 -8 4
0 17 -7 4
0 17 -6 4
0 17 -5 4
0 17 -4 4
0 17 -3 4
0 17 -2 4
0 17 -1 4
0 17 0 4
0 17 1 4
0 17 2 4
0 17 3 4
0 17 4 4
0 17 5 4
0 17 6 4
0 17 7 4
0 17 8 4
0 17 9 3
0 17 15 5
0 17 16 5
0 17 17 6
0 17 18 6
0 17 19 6
1 17 -18 6
1 17 -17 5
1 17 -16 6
1 17 -9 3
1 17 -8 4
1 17 -7 4
1 17 -6 4
1 17 -5 4
1 17 -4 4
1 17 -3 4
1 17 -2 4
1 17 -1 4
1 17 0 4
1 17 1 4
1 17 2 4
1 17 3 4
1 17 4 4
1 17 5 4
1 17 6 4
1 17 7 4
1 17 8 4
1 17 9 1
1 17 16 5
1 17 17 5
1 17 18 6
2 17 -17 5
2 17 -9 1
2 17 -8 4
2 17 -7 4
2 17 -6 4
2 17 -5 4
2 17 -4 4
2 17 -3 4
2 17 -2 4
2 17 -1 4
2 17 0 4
2 17 1 4
2 17 2 4
2 17 3 4
2 17 4 4
2 17 5 4
2 17 6 4
2 17 7 4
2 17 8 4
2 17 9 2
2 17 17 5
3 17 -9 2
3 17 -8 1
3 17 -7 4
3 17 -6 4
3 17 -5 4
3 17 -4 4
3 17 -3 4
3 17 -2 4
3 17 -1 4
3 17 0 4
3 17 1 4
3 17 2 4
3 17 3 4
3 17 4 4
3 17 5 4
3 17 6 4
3 17 7 4
3 17 8 1
3 17 9 2
4 17 -9 1
4 17 -8 1
4 17 -7 4
4 17 -6 4
4 17 -5 4
4 17 -4 4
4 17 -3 4
4 17 -2 4
4 17 -1 4
4 17 0 4
4 17 1 4
4 17 2 4
4 17 3 4
4 17 4 4
4 17 5 4
4 17 6 4
4 17 7 4
4 17 8 2
4 17 9 1
5 17 -8 1
5 17 -7 1
5 17 -6 4
5 17 -5 4
5 17 -4 4
5 17 -3 4
5 17 -2 4
5 17 -1 4
5 17 0 4
5 17 1 4
5 17 2 4
5 17 3 4
5 17 4 4
5 17 5 4
5 17 6 4
5 17 7 1
5 17 8 1
6 17 -7 3
6 17 -6 2
6 17 -5 4
6 17 -4 4
6 17 -3 4
6 17 -2 4
6 17 -1 4
6 17 0 4
6 17 1 4
6 17 2 4
6 17 3 4
6 17 4 4
6 17 5 4
6 17 6 1
6 17 7 3
7 17 -6 3
7 17 -5 1
7 17 -4 4
7 17 -3 4
7 17 -2 4
7 17 -1 4
7 17 0 4
7 17 1 4
7 17 2 4
7 17 3 4
7 17 4 4
7 17 5 2
7 17 6 2
8 17 -5 2
8 17 -4 1
8 17 -3 1
8 17 -2 4
8 17 -1 4
8 17 0 4
8 17 1 4
8 17 2 4
8 17 3 1
8 17 4 3
8 17 5 1
9 17 -4 2
9 17 -3 3
9 17 -2 2
9 17 -1 3
9 17 0 1
9 17 1 3
9 17 2 2
9 17 3 3
9 17 4 2
12 17 -8 5
12 17 8 6
13 17 -9 6
13 17 -8 6
13 17 -7 6
13 17 7 5
13 17 8 6
13 17 9 6
14 17 -10 6
14 17 -9 5
14 17 -8 6
14 17 -7 5
14 17 -6 6
14 17 6 5
14 17 7 6
14 17 8 6
14 17 9 6
14 17 10 5
15 17 -10 5
15 17 -9 6
15 17 -8 6
15 17 -7 6
15 17 -6 5
15 17 6 6
15 17 7 6
15 17 8 6
15 17 9 5
15 17 10 5
16 17 -9 6
16 17 -8 6
16 17 -7 5
16 17 7 5
16 17 8 6
16 17 9 5
17 17 -8 5
17 17 8 6
-16 18 -9 6
-16 18 -8 5
-16 18 -7 5
-16 18 7 6
-16 18 8 6
-16 18 9 6
-15 18 -9 5
-15 18 -8 5
-15 18 -7 6
-15 18 7 6
-15 18 8 5
-15 18 9 6
-14 18 -10 6
-14 18 -9 6
-14 18 -8 6
-14 18 -7 6
-14 18 -6 6
-14 18 6 6
-14 18 7 5
-14 18 8 6
-14 18 9 5
-14 18 10 6
-13 18 -9 5
-13 18 -8 6
-13 18 -7 5
-13 18 7 5
-13 18 8 6
-13 18 9 5
-12 18 -8 5
-12 18 8 6
-10 18 -1 2
-10 18 0 1
-10 18 1 2
-9 18 -4 2
-9 18 -3 2
-9 18 -2 3
-9 18 -1 2
-9 18 0 2
-9 18 1 2
-9 18 2 3
-9 18 3 2
-9 18 4 2
-8 18 -6 3
-8 18 -5 2
-8 18 -4 1
-8 18 -3 4
-8 18 -2 4
-8 18 -1 4
-8 18 0 4
-8 18 1 4
-8 18 2 4
-8 18 3 4
-8 18 4 3
-8 18 5 2
-8 18 6 2
-7 18 -7 2
-7 18 -6 1
-7 18 -5 1
-7 18 -4 4
-7 18 -3 4
-7 18 -2 4
-7 18 -1 4
-7 18 0 4
-7 18 1 4
-7 18 2 4
-7 18 3 4
-7 18 4 4
-7 18 5 3
-7 18 6 2
-7 18 7 3
-6 18 -8 3
-6 18 -7 1
-6 18 -6 4
-6 18 -5 4
-6 18 -4 4
-6 18 -3 4
-6 18 -2 4
-6 18 -1 4
-6 18 0 4
-6 18 1 4
-6 18 2 4
-6 18 3 4
-6 18 4 4
-6 18 5 4
-6 18 6 4
-6 18 7 2
-6 18 8 2
-5 18 -8 2
-5 18 -7 2
-5 18 -6 4
-5 18 -5 4
-5 18 -4 4
-5 18 -3 4
-5 18 -2 4
-5 18 -1 4
-5 18 0 4
-5 18 1 4
-5 18 2 4
-5 18 3 4
-5 18 4 4
-5 18 5 4
-5 18 6 4
-5 18 7 2
-5 18 8 1
-4 18 -9 1
-4 18 -8 1
-4 18 -7 4
-4 18 -6 4
-4 18 -5 4
-4 18 -4 4
-4 18 -3 4
-4 18 -2 4
-4 18 -1 4
-4 18 0 4
-4 18 1 4
-4 18 2 4
-4 18 3 4
-4 18 4 4
-4 18 5 4
-4 18 6 4
-4 18 7 4
-4 18 8 1
-4 18 9 2
-3 18 -9 2
-3 18 -8 4
-3 18 -7 4
-3 18 -6 4
-3 18 -5 4
-3 18 -4 4
-3 18 -3 4
-3 18 -2 4
-3 18 -1 4
-3 18 0 4
-3 18 1 4
-3 18 2 4
-3 18 3 4
-3 18 4 4
-3 18 5 4
-3 18 6 4
-3 18 7 4
-3 18 8 4
-3 18 9 1
-2 18 -17 6
-2 18 -9 1
-2 18 -8 4
-2 18 -7 4
-2 18 -6 4
-2 18 -5 4
-2 18 -4 4
-2 18 -3 4
-2 18 -2 4
-2 18 -1 4
-2 18 0 4
-2 18 1 4
-2 18 2 4
-2 18 3 4
-2 18 4 4
-2 18 5 4
-2 18 6 4
-2 18 7 4
-2 18 8 4
-2 18 9 2
-2 18 17 5
-1 18 -18 6
-1 18 -17 5
-1 18 -16 6
-1 18 -10 2
-1 18 -9 3
-1 18 -8 4
-1 18 -7 4
-1 18 -6 4
-1 18 -5 4
-1 18 -4 4
-1 18 -3 4
-1 18 -2 4
-1 18 -1 4
-1 18 0 4
-1 18 1 4
-1 18 2 4
-1 18 3 4
-1 18 4 4
-1 18 5 4
-1 18 6 4
-1 18 7 4
-1 18 8 4
-1 18 9 3
-1 18 10 3
-1 18 16 6
-1 18 17 6
-1 18 18 6
0 18 -19 6
0 18 -18 6
0 18 -17 6
0 18 -16 5
0 18 -15 6
0 18 -10 1
0 18 -9 2
0 18 -8 4
0 18 -7 4
0 18 -6 4
0 18 -5 4
0 18 -4 4
0 18 -3 4
0 18 -2 4
0 18 -1 4
0 18 0 4
0 18 1 4
0 18 2 4
0 18 3 4
0 18 4 4
0 18 5 4
0 18 6 4
0 18 7 4
0 18 8 4
0 18 9 2
0 18 10 3
0 18 15 6
0 18 16 6
0 18 17 5
0 18 18 5
0 18 19 5
1 18 -18 5
1 18 -17 6
1 18 -16 6
1 18 -10 2
1 18 -9 3
1 18 -8 4
1 18 -7 4
1 18 -6 4
1 18 -5 4
1 18 -4 4
1 18 -3 4
1 18 -2 4
1 18 -1 4
1 18 0 4
1 18 1 4
1 18 2 4
1 18 3 4
1 18 4 4
1 18 5 4
1 18 6 4
1 18 7 4
1 18 8 4
1 18 9 3
1 18 10 2
1 18 16 6
1 18 17 5
1 18 18 5
2 18 -17 6
2 18 -9 2
2 18 -8 4
2 18 -7 4
2 18 -6 4
2 18 -5 4
2 18 -4 4
2 18 -3 4
2 18 -2 4
2 18 -1 4
2 18 0 4
2 18 1 4
2 18 2 4
2 18 3 4
2 18 4 4
2 18 5 4
2 18 6 4
2 18 7 4
2 18 8 4
2 18 9 1
2 18 17 6
3 18 -9 1
3 18 -8 4
3 18 -7 4
3 18 -6 4
3 18 -5 4
3 18 -4 4
3 18 -3 4
3 18 -2 4
3 18 -1 4
3 18 0 4
3 18 1 4
3 18 2 4
3 18 3 4
3 18 4 4
3 18 5 4
3 18 6 4
3 18 7 4
3 18 8 4
3 18 9 2
4 18 -9 3
4 18 -8 2
4 18 -7 4
4 18 -6 4
4 18 -5 4
4 18 -4 4
4 18 -3 4
4 18 -2 4
4 18 -1 4
4 18 0 4
4 18 1 4
4 18 2 4
4 18 3 4
4 18 4 4
4 18 5 4
4 18 6 4
4 18 7 4
4 18 8 2
4 18 9 2
5 18 -8 2
5 18 -7 2
5 18 -6 4
5 18 -5 4
5 18 -4 4
5 18 -3 4
5 18 -2 4
5 18 -1 4
5 18 0 4
5 18 1 4
5 18 2 4
5 18 3 4
5 18 4 4
5 18 5 4
5 18 6 4
5 18 7 2
5 18 8 2
6 18 -8 3
6 18 -7 1
6 18 -6 4
6 18 -5 4
6 18 -4 4
6 18 -3 4
6 18 -2 4
6 18 -1 4
6 18 0 4
6 18 1 4
6 18 2 4
6 18 3 4
6 18 4 4
6 18 5 4
6 18 6 4
6 18 7 2
6 18 8 2
7 18 -7 3
7 18 -6 2
7 18 -5 3
7 18 -4 4
7 18 -3 4
7 18 -2 4
7 18 -1 4
7 18 0 4
7 18 1 4
7 18 2 4
7 18 3 4
7 18 4 4
7 18 5 1
7 18 6 3
7 18 7 2
8 18 -6 3
8 18 -5 2
8 18 -4 3
8 18 -3 4
8 18 -2 4
8 18 -1 4
8 18 0 4
8 18 1 4
8 18 2 4
8 18 3 4
8 18 4 2
8 18 5 2
8 18 6 2
9 18 -4 1
9 18 -3 2
9 18 -2 2
9 18 -1 2
9 18 0 2
9 18 1 2
9 18 2 1
9 18 3 2
9 18 4 1
10 18 -1 2
10 18 0 1
10 18 1 2
12 18 -8 5
12 18 8 6
13 18 -9 5
13 18 -8 5
13 18 -7 5
13 18 7 5
13 18 8 5
13 18 9 5
14 18 -10 6
14 18 -9 5
14 18 -8 5
14 18 -7 6
14 18 -6 6
14 18 6 6
14 18 7 5
14 18 8 6
14 18 9 6
14 18 10 6
15 18 -9 6
15 18 -8 5
15 18 -7 6
15 18 7 6
15 18 8 5
15 18 9 5
16 18 -9 5
16 18 -8 6
16 18 -7 6
16 18 7 5
16 18 8 5
16 18 9 6
-16 19 -8 0
-16 19 8 0
-15 19 -9 5
-15 19 -8 6
-15 19 -7 5
-15 19 7 6
-15 19 8 5
-15 19 9 5
-14 19 -10 0
-14 19 -9 5
-14 19 -8 6
-14 19 -7 5
-14 19 -6 0
-14 19 6 0
-14 19 7 5
-14 19 8 5
-14 19 9 6
-14 19 10 0
-13 19 -9 6
-13 19 -8 5
-13 19 -7 5
-13 19 7 5
-13 19 8 6
-13 19 9 6
-12 19 -8 0
-12 19 8 0
-10 19 -2 3
-10 19 -1 1
-10 19 0 1
-10 19 1 2
-10 19 2 3
-9 19 -5 1
-9 19 -4 1
-9 19 -3 2
-9 19 -2 3
-9 19 -1 2
-9 19 0 3
-9 19 1 1
-9 19 2 3
-9 19 3 3
-9 19 4 2
-9 19 5 2
-8 19 -6 1
-8 19 -5 2
-8 19 -4 1
-8 19 -3 4
-8 19 -2 4
-8 19 -1 4
-8 19 0 4
-8 19 1 4
-8 19 2 4
-8 19 3 4
-8 19 4 2
-8 19 5 3
-8 19 6 2
-7 19 -7 1
-7 19 -6 1
-7 19 -5 4
-7 19 -4 4
-7 19 -3 4
-7 19 -2 4
-7 19 -1 4
-7 19 0 4
-7 19 1 4
-7 19 2 4
-7 19 3 4
-7 19 4 4
-7 19 5 4
-7 19 6 2
-7 19 7 1
-6 19 -8 1
-6 19 -7 2
-6 19 -6 4
-6 19 -5 4
-6 19 -4 4
-6 19 -3 4
-6 19 -2 4
-6 19 -1 4
-6 19 0 4
-6 19 1 4
-6 19 2 4
-6 19 3 4
-6 19 4 4
-6 19 5 4
-6 19 6 4
-6 19 7 1
-6 19 8 2
-5 19 -9 3
-5 19 -8 2
-5 19 -7 4
-5 19 -6 4
-5 19 -5 4
-5 19 -4 4
-5 19 -3 4
-5 19 -2 4
-5 19 -1 4
-5 19 0 4
-5 19 1 4
-5 19 2 4
-5 19 3 4
-5 19 4 4
-5 19 5 4
-5 19 6 4
-5 19 7 4
-5 19 8 1
-5 19 9 1
-4 19 -9 2
-4 19 -8 2
-4 19 -7 4
-4 19 -6 4
-4 19 -5 4
-4 19 -4 4
-4 19 -3 4
-4 19 -2 4
-4 19 -1 4
-4 19 0 4
-4 19 1 4
-4 19 2 4
-4 19 3 4
-4 19 4 4
-4 19 5 4
-4 19 6 4
-4 19 7 4
-4 19 8 2
-4 19 9 2
-3 19 -9 1
-3 19 -8 4
-3 19 -7 4
-3 19 -6 4
-3 19 -5 4
-3 19 -4 4
-3 19 -3 4
-3 19 -2 4
-3 19 -1 4
-3 19 0 4
-3 19 1 4
-3 19 2 4
-3 19 3 4
-3 19 4 4
-3 19 5 4
-3 19 6 4
-3 19 7 4
-3 19 8 4
-3 19 9 3
-2 19 -17 0
-2 19 -10 1
-2 19 -9 1
-2 19 -8 4
-2 19 -7 4
-2 19 -6 4
-2 19 -5 4
-2 19 -4 4
-2 19 -3 4
-2 19 -2 4
-2 19 -1 4
-2 19 0 4
-2 19 1 4
-2 19 2 4
-2 19 3 4
-2 19 4 4
-2 19 5 4
-2 19 6 4
-2 19 7 4
-2 19 8 4
-2 19 9 1
-2 19 10 1
-2 19 17 0
-1 19 -18 5
-1 19 -17 6
-1 19 -16 5
-1 19 -15 5
-1 19 -10 1
-1 19 -9 1
-1 19 -8 4
-1 19 -7 4
-1 19 -6 4
-1 19 -5 4
-1 19 -4 4
-1 19 -3 4
-1 19 -2 4
-1 19 -1 4
-1 19 0 4
-1 19 1 4
-1 19 2 4
-1 19 3 4
-1 19 4 4
-1 19 5 4
-1 19 6 4
-1 19 7 4
-1 19 8 4
-1 19 9 3
-1 19 10 2
-1 19 15 6
-1 19 16 6
-1 19 17 5
-1 19 18 6
0 19 -19 0
0 19 -18 5
0 19 -17 6
0 19 -16 5
0 19 -15 0
0 19 -10 2
0 19 -9 2
0 19 -8 4
0 19 -7 4
0 19 -6 4
0 19 -5 4
0 19 -4 4
0 19 -3 4
0 19 -2 4
0 19 -1 4
0 19 0 2
0 19 1 4
0 19 2 4
0 19 3 4
0 19 4 4
0 19 5 4
0 19 6 4
0 19 7 4
0 19 8 4
0 19 9 2
0 19 10 1
0 19 15 0
0 19 16 5
0 19 17 6
0 19 18 6
0 19 19 0
1 19 -18 6
1 19 -17 5
1 19 -16 5
1 19 -15 6
1 19 -10 2
1 19 -9 3
1 19 -8 4
1 19 -7 4
1 19 -6 4
1 19 -5 4
1 19 -4 4
1 19 -3 4
1 19 -2 4
1 19 -1 4
1 19 0 4
1 19 1 4
1 19 2 4
1 19 3 4
1 19 4 4
1 19 5 4
1 19 6 4
1 19 7 4
1 19 8 4
1 19 9 1
1 19 10 2
1 19 15 5
1 19 16 6
1 19 17 6
1 19 18 6
2 19 -17 0
2 19 -10 1
2 19 -9 1
2 19 -8 4
2 19 -7 4
2 19 -6 4
2 19 -5 4
2 19 -4 4
2 19 -3 4
2 19 -2 4
2 19 -1 4
2 19 0 4
2 19 1 4
2 19 2 4
2 19 3 4
2 19 4 4
2 19 5 4
2 19 6 4
2 19 7 4
2 19 8 4
2 19 9 2
2 19 10 1
2 19 17 0
3 19 -9 3
3 19 -8 4
3 19 -7 4
3 19 -6 4
3 19 -5 4
3 19 -4 4
3 19 -3 4
3 19 -2 4
3 19 -1 4
3 19 0 4
3 19 1 4
3 19 2 4
3 19 3 4
3 19 4 4
3 19 5 4
3 19 6 4
3 19 7 4
3 19 8 4
3 19 9 1
4 19 -9 2
4 19 -8 3
4 19 -7 4
4 19 -6 4
4 19 -5 4
4 19 -4 4
4 19 -3 4
4 19 -2 4
4 19 -1 4
4 19 0 4
4 19 1 4
4 19 2 4
4 19 3 4
4 19 4 4
4 19 5 4
4 19 6 4
4 19 7 4
4 19 8 2
4 19 9 3
5 19 -9 1
5 19 -8 3
5 19 -7 4
5 19 -6 4
5 19 -5 4
5 19 -4 4
5 19 -3 4
5 19 -2 4
5 19 -1 4
5 19 0 4
5 19 1 4
5 19 2 4
5 19 3 4
5 19 4 4
5 19 5 4
5 19 6 4
5 19 7 4
5 19 8 1
5 19 9 3
6 19 -8 2
6 19 -7 3
6 19 -6 4
6 19 -5 4
6 19 -4 4
6 19 -3 4
6 19 -2 4
6 19 -1 4
6 19 0 4
6 19 1 4
6 19 2 4
6 19 3 4
6 19 4 4
6 19 5 4
6 19 6 4
6 19 7 1
6 19 8 1
7 19 -7 1
7 19 -6 1
7 19 -5 4
7 19 -4 4
7 19 -3 4
7 19 -2 4
7 19 -1 4
7 19 0 4
7 19 1 4
7 19 2 4
7 19 3 4
7 19 4 4
7 19 5 4
7 19 6 2
7 19 7 1
8 19 -6 2
8 19 -5 1
8 19 -4 2
8 19 -3 4
8 19 -2 4
8 19 -1 4
8 19 0 4
8 19 1 4
8 19 2 4
8 19 3 4
8 19 4 2
8 19 5 1
8 19 6 2
9 19 -5 2
9 19 -4 1
9 19 -3 3
9 19 -2 2
9 19 -1 1
9 19 0 2
9 19 1 2
9 19 2 2
9 19 3 2
9 19 4 2
9 19 5 1
10 19 -2 3
10 19 -1 3
10 19 0 2
10 19 1 2
10 19 2 3
12 19 -8 0
12 19 8 0
13 19 -9 6
13 19 -8 5
13 19 -7 5
13 19 7 5
13 19 8 6
13 19 9 6
14 19 -10 0
14 19 -9 6
14 19 -8 6
14 19 -7 6
14 19 -6 0
14 19 6 0
14 19 7 5
14 19 8 5
14 19 9 6
14 19 10 0
15 19 -9 5
15 19 -8 6
15 19 -7 6
15 19 7 5
15 19 8 5
15 19 9 5
16 19 -8 0
16 19 8 0
-16 20 -8 6
-16 20 8 6
-15 20 -9 0
-15 20 -8 0
-15 20 -7 0
-15 20 7 0
-15 20 8 0
-15 20 9 0
-14 20 -10 6
-14 20 -9 0
-14 20 -8 6
-14 20 -7 0
-14 20 -6 5
-14 20 6 6
-14 20 7 0
-14 20 8 6
-14 20 9 0
-14 20 10 5
-13 20 -9 0
-13 20 -8 0
-13 20 -7 0
-13 20 7 0
-13 20 8 0
-13 20 9 0
-12 20 -8 5
-12 20 8 6
-10 20 -3 1
-10 20 -2 3
-10 20 -1 1
-10 20 0 3
-10 20 1 1
-10 20 2 2
-10 20 3 2
-9 20 -5 2
-9 20 -4 3
-9 20 -3 1
-9 20 -2 1
-9 20 -1 4
-9 20 0 4
-9 20 1 4
-9 20 2 1
-9 20 3 2
-9 20 4 2
-9 20 5 1
-8 20 -7 3
-8 20 -6 2
-8 20 -5 2
-8 20 -4 4
-8 20 -3 4
-8 20 -2 4
-8 20 -1 4
-8 20 0 4
-8 20 1 4
-8 20 2 4
-8 20 3 4
-8 20 4 4
-8 20 5 1
-8 20 6 2
-8 20 7 1
-7 20 -8 1
-7 20 -7 3
-7 20 -6 2
-7 20 -5 4
-7 20 -4 4
-7 20 -3 4
-7 20 -2 4
-7 20 -1 4
-7 20 0 4
-7 20 1 4
-7 20 2 4
-7 20 3 4
-7 20 4 4
-7 20 5 4
-7 20 6 2
-7 20 7 2
-7 20 8 2
-6 20 -8 2
-6 20 -7 1
-6 20 -6 4
-6 20 -5 4
-6 20 -4 4
-6 20 -3 4
-6 20 -2 4
-6 20 -1 4
-6 20 0 4
-6 20 1 4
-6 20 2 4
-6 20 3 4
-6 20 4 4
-6 20 5 4
-6 20 6 4
-6 20 7 2
-6 20 8 3
-5 20 -9 2
-5 20 -8 1
-5 20 -7 4
-5 20 -6 4
-5 20 -5 4
-5 20 -4 4
-5 20 -3 4
-5 20 -2 4
-5 20 -1 4
-5 20 0 4
-5 20 1 4
-5 20 2 4
-5 20 3 4
-5 20 4 4
-5 20 5 4
-5 20 6 4
-5 20 7 4
-5 20 8 2
-5 20 9 1
-4 20 -9 2
-4 20 -8 4
-4 20 -7 4
-4 20 -6 4
-4 20 -5 4
-4 20 -4 4
-4 20 -3 4
-4 20 -2 4
-4 20 -1 4
-4 20 0 4
-4 20 1 4
-4 20 2 4
-4 20 3 4
-4 20 4 4
-4 20 5 4
-4 20 6 4
-4 20 7 4
-4 20 8 4
-4 20 9 3
-3 20 -10 1
-3 20 -9 1
-3 20 -8 4
-3 20 -7 4
-3 20 -6 4
-3 20 -5 4
-3 20 -4 4
-3 20 -3 4
-3 20 -2 4
-3 20 -1 4
-3 20 0 4
-3 20 1 4
-3 20 2 4
-3 20 3 4
-3 20 4 4
-3 20 5 4
-3 20 6 4
-3 20 7 4
-3 20 8 4
-3 20 9 2
-3 20 10 1
-2 20 -16 5
-2 20 -10 2
-2 20 -9 3
-2 20 -8 4
-2 20 -7 4
-2 20 -6 4
-2 20 -5 4
-2 20 -4 4
-2 20 -3 4
-2 20 -2 4
-2 20 -1 4
-2 20 0 4
-2 20 1 4
-2 20 2 4
-2 20 3 4
-2 20 4 4
-2 20 5 4
-2 20 6 4
-2 20 7 4
-2 20 8 4
-2 20 9 1
-2 20 10 1
-2 20 16 6
-1 20 -18 0
-1 20 -17 0
-1 20 -16 0
-1 20 -15 6
-1 20 -10 2
-1 20 -9 4
-1 20 -8 4
-1 20 -7 4
-1 20 -6 4
-1 20 -5 4
-1 20 -4 4
-1 20 -3 4
-1 20 -2 4
-1 20 -1 4
-1 20 0 2
-1 20 1 4
-1 20 2 4
-1 20 3 4
-1 20 4 4
-1 20 5 4
-1 20 6 4
-1 20 7 4
-1 20 8 4
-1 20 9 4
-1 20 10 3
-1 20 15 5
-1 20 16 0
-1 20 17 0
-1 20 18 0
0 20 -18 0
0 20 -17 5
0 20 -16 0
0 20 -15 5
0 20 -14 5
0 20 -10 2
0 20 -9 4
0 20 -8 4
0 20 -7 4
0 20 -6 4
0 20 -5 4
0 20 -4 4
0 20 -3 4
0 20 -2 4
0 20 -1 2
0 20 0 8
0 20 1 2
0 20 2 4
0 20 3 4
0 20 4 4
0 20 5 4
0 20 6 4
0 20 7 4
0 20 8 4
0 20 9 4
0 20 10 1
0 20 14 5
0 20 15 6
0 20 16 0
0 20 17 5
0 20 18 0
1 20 -18 0
1 20 -17 0
1 20 -16 0
1 20 -15 5
1 20 -10 1
1 20 -9 4
1 20 -8 4
1 20 -7 4
1 20 -6 4
1 20 -5 4
1 20 -4 4
1 20 -3 4
1 20 -2 4
1 20 -1 4
1 20 0 2
1 20 1 4
1 20 2 4
1 20 3 4
1 20 4 4
1 20 5 4
1 20 6 4
1 20 7 4
1 20 8 4
1 20 9 4
1 20 10 2
1 20 15 6
1 20 16 0
1 20 17 0
1 20 18 0
2 20 -16 5
2 20 -10 1
2 20 -9 2
2 20 -8 4
2 20 -7 4
2 20 -6 4
2 20 -5 4
2 20 -4 4
2 20 -3 4
2 20 -2 4
2 20 -1 4
2 20 0 4
2 20 1 4
2 20 2 4
2 20 3 4
2 20 4 4
2 20 5 4
2 20 6 4
2 20 7 4
2 20 8 4
2 20 9 2
2 20 10 2
2 20 16 5
3 20 -10 2
3 20 -9 2
3 20 -8 4
3 20 -7 4
3 20 -6 4
3 20 -5 4
3 20 -4 4
3 20 -3 4
3 20 -2 4
3 20 -1 4
3 20 0 4
3 20 1 4
3 20 2 4
3 20 3 4
3 20 4 4
3 20 5 4
3 20 6 4
3 20 7 4
3 20 8 4
3 20 9 1
3 20 10 2
4 20 -9 1
4 20 -8 4
4 20 -7 4
4 20 -6 4
4 20 -5 4
4 20 -4 4
4 20 -3 4
4 20 -2 4
4 20 -1 4
4 20 0 4
4 20 1 4
4 20 2 4
4 20 3 4
4 20 4 4
4 20 5 4
4 20 6 4
4 20 7 4
4 20 8 4
4 20 9 3
5 20 -9 1
5 20 -8 2
5 20 -7 4
5 20 -6 4
5 20 -5 4
5 20 -4 4
5 20 -3 4
5 20 -2 4
5 20 -1 4
5 20 0 4
5 20 1 4
5 20 2 4
5 20 3 4
5 20 4 4
5 20 5 4
5 20 6 4
5 20 7 4
5 20 8 3
5 20 9 2
6 20 -8 1
6 20 -7 2
6 20 -6 4
6 20 -5 4
6 20 -4 4
6 20 -3 4
6 20 -2 4
6 20 -1 4
6 20 0 4
6 20 1 4
6 20 2 4
6 20 3 4
6 20 4 4
6 20 5 4
6 20 6 4
6 20 7 3
6 20 8 3
7 20 -8 1
7 20 -7 2
7 20 -6 1
7 20 -5 4
7 20 -4 4
7 20 -3 4
7 20 -2 4
7 20 -1 4
7 20 0 4
7 20 1 4
7 20 2 4
7 20 3 4
7 20 4 4
7 20 5 4
7 20 6 3
7 20 7 3
7 20 8 2
8 20 -7 3
8 20 -6 1
8 20 -5 1
8 20 -4 4
8 20 -3 4
8 20 -2 4
8 20 -1 4
8 20 0 4
8 20 1 4
8 20 2 4
8 20 3 4
8 20 4 4
8 20 5 2
8 20 6 3
8 20 7 1
9 20 -5 1
9 20 -4 2
9 20 -3 2
9 20 -2 2
9 20 -1 4
9 20 0 4
9 20 1 4
9 20 2 2
9 20 3 1
9 20 4 1
9 20 5 2
10 20 -3 3
10 20 -2 2
10 20 -1 2
10 20 0 2
10 20 1 3
10 20 2 3
10 20 3 2
12 20 -8 5
12 20 8 6
13 20 -9 0
13 20 -8 0
13 20 -7 0
13 20 7 0
13 20 8 0
13 20 9 0
14 20 -10 5
14 20 -9 0
14 20 -8 5
14 20 -7 0
14 20 -6 6
14 20 6 5
14 20 7 0
14 20 8 5
14 20 9 0
14 20 10 6
15 20 -9 0
15 20 -8 0
15 20 -7 0
15 20 7 0
15 20 8 0
15 20 9 0
16 20 -8 6
16 20 8 6
-16 21 -8 5
-16 21 8 6
-15 21 -9 6
-15 21 -8 6
-15 21 -7 6
-15 21 7 5
-15 21 8 6
-15 21 9 6
-14 21 -10 5
-14 21 -9 5
-14 21 -8 0
-14 21 -7 6
-14 21 -6 6
-14 21 6 6
-14 21 7 5
-14 21 8 0
-14 21 9 6
-14 21 10 5
-13 21 -9 5
-13 21 -8 5
-13 21 -7 6
-13 21 7 5
-13 21 8 6
-13 21 9 6
-12 21 -8 5
-12 21 8 6
-10 21 -4 2
-10 21 -3 2
-10 21 -2 2
-10 21 -1 3
-10 21 0 1
-10 21 1 2
-10 21 2 1
-10 21 3 2
-10 21 4 2
-9 21 -6 2
-9 21 -5 2
-9 21 -4 2
-9 21 -3 1
-9 21 -2 4
-9 21 -1 4
-9 21 0 4
-9 21 1 4
-9 21 2 4
-9 21 3 1
-9 21 4 1
-9 21 5 3
-9 21 6 2
-8 21 -7 2
-8 21 -6 2
-8 21 -5 3
-8 21 -4 4
-8 21 -3 4
-8 21 -2 4
-8 21 -1 4
-8 21 0 4
-8 21 1 4
-8 21 2 4
-8 21 3 4
-8 21 4 4
-8 21 5 2
-8 21 6 1
-8 21 7 1
-7 21 -8 2
-7 21 -7 2
-7 21 -6 4
-7 21 -5 4
-7 21 -4 4
-7 21 -3 4
-7 21 -2 4
-7 21 -1 4
-7 21 0 4
-7 21 1 4
-7 21 2 4
-7 21 3 4
-7 21 4 4
-7 21 5 4
-7 21 6 4
-7 21 7 1
-7 21 8 2
-6 21 -9 2
-6 21 -8 2
-6 21 -7 4
-6 21 -6 4
-6 21 -5 4
-6 21 -4 4
-6 21 -3 4
-6 21 -2 4
-6 21 -1 4
-6 21 0 4
-6 21 1 4
-6 21 2 4
-6 21 3 4
-6 21 4 4
-6 21 5 4
-6 21 6 4
-6 21 7 4
-6 21 8 2
-6 21 9 2
-5 21 -9 2
-5 21 -8 1
-5 21 -7 4
-5 21 -6 4
-5 21 -5 4
-5 21 -4 4
-5 21 -3 4
-5 21 -2 4
-5 21 -1 4
-5 21 0 4
-5 21 1 4
-5 21 2 4
-5 21 3 4
-5 21 4 4
-5 21 5 4
-5 21 6 4
-5 21 7 4
-5 21 8 2
-5 21 9 2
-4 21 -10 1
-4 21 -9 1
-4 21 -8 4
-4 21 -7 4
-4 21 -6 4
-4 21 -5 4
-4 21 -4 4
-4 21 -3 4
-4 21 -2 4
-4 21 -1 4
-4 21 0 4
-4 21 1 4
-4 21 2 4
-4 21 3 4
-4 21 4 4
-4 21 5 4
-4 21 6 4
-4 21 7 4
-4 21 8 4
-4 21 9 2
-4 21 10 2
-3 21 -10 2
-3 21 -9 2
-3 21 -8 4
-3 21 -7 4
-3 21 -6 4
-3 21 -5 4
-3 21 -4 4
-3 21 -3 4
-3 21 -2 4
-3 21 -1 4
-3 21 0 4
-3 21 1 4
-3 21 2 4
-3 21 3 4
-3 21 4 4
-3 21 5 4
-3 21 6 4
-3 21 7 4
-3 21 8 4
-3 21 9 1
-3 21 10 2
-2 21 -16 5
-2 21 -10 2
-2 21 -9 4
-2 21 -8 4
-2 21 -7 4
-2 21 -6 4
-2 21 -5 4
-2 21 -4 4
-2 21 -3 4
-2 21 -2 4
-2 21 -1 4
-2 21 0 4
-2 21 1 4
-2 21 2 4
-2 21 3 4
-2 21 4 4
-2 21 5 4
-2 21 6 4
-2 21 7 4
-2 21 8 4
-2 21 9 4
-2 21 10 2
-2 21 16 6
-1 21 -17 5
-1 21 -16 6
-1 21 -15 6
-1 21 -10 2
-1 21 -9 4
-1 21 -8 4
-1 21 -7 4
-1 21 -6 4
-1 21 -5 4
-1 21 -4 4
-1 21 -3 4
-1 21 -2 4
-1 21 -1 4
-1 21 0 4
-1 21 1 4
-1 21 2 4
-1 21 3 4
-1 21 4 4
-1 21 5 4
-1 21 6 4
-1 21 7 4
-1 21 8 4
-1 21 9 4
-1 21 10 1
-1 21 15 6
-1 21 16 6
-1 21 17 5
0 21 -18 6
0 21 -17 0
0 21 -16 6
0 21 -15 5
0 21 -14 6
0 21 -10 1
0 21 -9 4
0 21 -8 4
0 21 -7 4
0 21 -6 4
0 21 -5 4
0 21 -4 4
0 21 -3 4
0 21 -2 4
0 21 -1 4
0 21 0 2
0 21 1 4
0 21 2 4
0 21 3 4
0 21 4 4
0 21 5 4
0 21 6 4
0 21 7 4
0 21 8 4
0 21 9 4
0 21 10 2
0 21 14 6
0 21 15 6
0 21 16 6
0 21 17 0
0 21 18 6
1 21 -17 5
1 21 -16 6
1 21 -15 6
1 21 -10 2
1 21 -9 4
1 21 -8 4
1 21 -7 4
1 21 -6 4
1 21 -5 4
1 21 -4 4
1 21 -3 4
1 21 -2 4
1 21 -1 4
1 21 0 4
1 21 1 4
1 21 2 4
1 21 3 4
1 21 4 4
1 21 5 4
1 21 6 4
1 21 7 4
1 21 8 4
1 21 9 4
1 21 10 1
1 21 15 6
1 21 16 6
1 21 17 5
2 21 -16 6
2 21 -10 2
2 21 -9 4
2 21 -8 4
2 21 -7 4
2 21 -6 4
2 21 -5 4
2 21 -4 4
2 21 -3 4
2 21 -2 4
2 21 -1 4
2 21 0 4
2 21 1 4
2 21 2 4
2 21 3 4
2 21 4 4
2 21 5 4
2 21 6 4
2 21 7 4
2 21 8 4
2 21 9 4
2 21 10 2
2 21 16 5
3 21 -10 1
3 21 -9 1
3 21 -8 4
3 21 -7 4
3 21 -6 4
3 21 -5 4
3 21 -4 4
3 21 -3 4
3 21 -2 4
3 21 -1 4
3 21 0 4
3 21 1 4
3 21 2 4
3 21 3 4
3 21 4 4
3 21 5 4
3 21 6 4
3 21 7 4
3 21 8 4
3 21 9 2
3 21 10 3
4 21 -10 3
4 21 -9 2
4 21 -8 4
4 21 -7 4
4 21 -6 4
4 21 -5 4
4 21 -4 4
4 21 -3 4
4 21 -2 4
4 21 -1 4
4 21 0 4
4 21 1 4
4 21 2 4
4 21 3 4
4 21 4 4
4 21 5 4
4 21 6 4
4 21 7 4
4 21 8 4
4 21 9 1
4 21 10 2
5 21 -9 2
5 21 -8 2
5 21 -7 4
5 21 -6 4
5 21 -5 4
5 21 -4 4
5 21 -3 4
5 21 -2 4
5 21 -1 4
5 21 0 4
5 21 1 4
5 21 2 4
5 21 3 4
5 21 4 4
5 21 5 4
5 21 6 4
5 21 7 4
5 21 8 3
5 21 9 2
6 21 -9 1
6 21 -8 1
6 21 -7 4
6 21 -6 4
6 21 -5 4
6 21 -4 4
6 21 -3 4
6 21 -2 4
6 21 -1 4
6 21 0 4
6 21 1 4
6 21 2 4
6 21 3 4
6 21 4 4
6 21 5 4
6 21 6 4
6 21 7 4
6 21 8 1
6 21 9 2
7 21 -8 3
7 21 -7 1
7 21 -6 4
7 21 -5 4
7 21 -4 4
7 21 -3 4
7 21 -2 4
7 21 -1 4
7 21 0 4
7 21 1 4
7 21 2 4
7 21 3 4
7 21 4 4
7 21 5 4
7 21 6 4
7 21 7 2
7 21 8 3
8 21 -7 3
8 21 -6 1
8 21 -5 2
8 21 -4 4
8 21 -3 4
8 21 -2 4
8 21 -1 4
8 21 0 4
8 21 1 4
8 21 2 4
8 21 3 4
8 21 4 4
8 21 5 2
8 21 6 1
8 21 7 2
9 21 -6 3
9 21 -5 3
9 21 -4 1
9 21 -3 1
9 21 -2 4
9 21 -1 4
9 21 0 4
9 21 1 4
9 21 2 4
9 21 3 1
9 21 4 2
9 21 5 2
9 21 6 2
10 21 -4 1
10 21 -3 1
10 21 -2 1
10 21 -1 3
10 21 0 2
10 21 1 2
10 21 2 2
10 21 3 1
10 21 4 3
12 21 -8 5
12 21 8 6
13 21 -9 6
13 21 -8 6
13 21 -7 5
13 21 7 6
13 21 8 6
13 21 9 5
14 21 -10 5
14 21 -9 5
14 21 -8 0
14 21 -7 6
14 21 -6 6
14 21 6 6
14 21 7 5
14 21 8 0
14 21 9 6
14 21 10 5
15 21 -9 6
15 21 -8 6
15 21 -7 5
15 21 7 6
15 21 8 5
15 21 9 6
16 21 -8 6
16 21 8 5
-15 22 -9 5
-15 22 -8 5
-15 22 -7 5
-15 22 7 6
-15 22 8 5
-15 22 9 5
-14 22 -9 6
-14 22 -8 5
-14 22 -7 6
-14 22 7 6
-14 22 8 6
-14 22 9 5
-13 22 -9 6
-13 22 -8 6
-13 22 -7 5
-13 22 7 5
-13 22 8 6
-13 22 9 6
-11 22 -1 2
-11 22 0 2
-11 22 1 7
-10 22 -4 7
-10 22 -3 2
-10 22 -2 2
-10 22 -1 1
-10 22 0 1
-10 22 1 7
-10 22 2 7
-10 22 3 7
-10 22 4 1
-9 22 -6 7
-9 22 -5 7
-9 22 -4 7
-9 22 -3 4
-9 22 -2 4
-9 22 -1 4
-9 22 0 4
-9 22 1 4
-9 22 2 4
-9 22 3 4
-9 22 4 3
-9 22 5 1
-9 22 6 2
-8 22 -7 2
-8 22 -6 7
-8 22 -5 4
-8 22 -4 4
-8 22 -3 4
-8 22 -2 4
-8 22 -1 4
-8 22 0 4
-8 22 1 4
-8 22 2 4
-8 22 3 4
-8 22 4 4
-8 22 5 4
-8 22 6 2
-8 22 7 7
-7 22 -8 1
-7 22 -7 2
-7 22 -6 4
-7 22 -5 4
-7 22 -4 4
-7 22 -3 4
-7 22 -2 4
-7 22 -1 4
-7 22 0 4
-7 22 1 4
-7 22 2 4
-7 22 3 4
-7 22 4 4
-7 22 5 4
-7 22 6 4
-7 22 7 7
-7 22 8 7
-6 22 -9 2
-6 22 -8 1
-6 22 -7 4
-6 22 -6 4
-6 22 -5 4
-6 22 -4 4
-6 22 -3 4
-6 22 -2 4
-6 22 -1 4
-6 22 0 4
-6 22 1 4
-6 22 2 4
-6 22 3 4
-6 22 4 4
-6 22 5 4
-6 22 6 4
-6 22 7 4
-6 22 8 7
-6 22 9 7
-5 22 -9 7
-5 22 -8 4
-5 22 -7 4
-5 22 -6 4
-5 22 -5 4
-5 22 -4 4
-5 22 -3 4
-5 22 -2 4
-5 22 -1 4
-5 22 0 4
-5 22 1 4
-5 22 2 4
-5 22 3 4
-5 22 4 4
-5 22 5 4
-5 22 6 4
-5 22 7 4
-5 22 8 4
-5 22 9 1
-4 22 -10 7
-4 22 -9 7
-4 22 -8 4
-4 22 -7 4
-4 22 -6 4
-4 22 -5 4
-4 22 -4 4
-4 22 -3 4
-4 22 -2 4
-4 22 -1 4
-4 22 0 4
-4 22 1 4
-4 22 2 4
-4 22 3 4
-4 22 4 4
-4 22 5 4
-4 22 6 4
-4 22 7 4
-4 22 8 4
-4 22 9 1
-4 22 10 2
-3 22 -10 7
-3 22 -9 4
-3 22 -8 4
-3 22 -7 4
-3 22 -6 4
-3 22 -5 4
-3 22 -4 4
-3 22 -3 4
-3 22 -2 4
-3 22 -1 4
-3 22 0 4
-3 22 1 4
-3 22 2 4
-3 22 3 4
-3 22 4 4
-3 22 5 4
-3 22 6 4
-3 22 7 4
-3 22 8 4
-3 22 9 4
-3 22 10 1
-2 22 -10 7
-2 22 -9 4
-2 22 -8 4
-2 22 -7 4
-2 22 -6 4
-2 22 -5 4
-2 22 -4 4
-2 22 -3 4
-2 22 -2 4
-2 22 -1 4
-2 22 0 4
-2 22 1 4
-2 22 2 4
-2 22 3 4
-2 22 4 4
-2 22 5 4
-2 22 6 4
-2 22 7 4
-2 22 8 4
-2 22 9 4
-2 22 10 1
-1 22 -17 6
-1 22 -16 6
-1 22 -15 5
-1 22 -11 1
-1 22 -10 2
-1 22 -9 4
-1 22 -8 4
-1 22 -7 4
-1 22 -6 4
-1 22 -5 4
-1 22 -4 4
-1 22 -3 4
-1 22 -2 4
-1 22 -1 4
-1 22 0 4
-1 22 1 4
-1 22 2 4
-1 22 3 4
-1 22 4 4
-1 22 5 4
-1 22 6 4
-1 22 7 4
-1 22 8 4
-1 22 9 4
-1 22 10 7
-1 22 11 7
-1 22 15 5
-1 22 16 5
-1 22 17 6
0 22 -17 5
0 22 -16 5
0 22 -15 5
0 22 -11 1
0 22 -10 3
0 22 -9 4
0 22 -8 4
0 22 -7 4
0 22 -6 4
0 22 -5 4
0 22 -4 4
0 22 -3 4
0 22 -2 4
0 22 -1 4
0 22 0 4
0 22 1 4
0 22 2 4
0 22 3 4
0 22 4 4
0 22 5 4
0 22 6 4
0 22 7 4
0 22 8 4
0 22 9 4
0 22 10 7
0 22 11 7
0 22 15 6
0 22 16 5
0 22 17 6
1 22 -17 6
1 22 -16 5
1 22 -15 5
1 22 -11 1
1 22 -10 3
1 22 -9 4
1 22 -8 4
1 22 -7 4
1 22 -6 4
1 22 -5 4
1 22 -4 4
1 22 -3 4
1 22 -2 4
1 22 -1 4
1 22 0 4
1 22 1 4
1 22 2 4
1 22 3 4
1 22 4 4
1 22 5 4
1 22 6 4
1 22 7 4
1 22 8 4
1 22 9 4
1 22 10 7
1 22 11 7
1 22 15 5
1 22 16 5
1 22 17 6
2 22 -10 7
2 22 -9 4
2 22 -8 4
2 22 -7 4
2 22 -6 4
2 22 -5 4
2 22 -4 4
2 22 -3 4
2 22 -2 4
2 22 -1 4
2 22 0 4
2 22 1 4
2 22 2 4
2 22 3 4
2 22 4 4
2 22 5 4
2 22 6 4
2 22 7 4
2 22 8 4
2 22 9 4
2 22 10 2
3 22 -10 7
3 22 -9 4
3 22 -8 4
3 22 -7 4
3 22 -6 4
3 22 -5 4
3 22 -4 4
3 22 -3 4
3 22 -2 4
3 22 -1 4
3 22 0 4
3 22 1 4
3 22 2 4
3 22 3 4
3 22 4 4
3 22 5 4
3 22 6 4
3 22 7 4
3 22 8 4
3 22 9 4
3 22 10 3
4 22 -10 7
4 22 -9 7
4 22 -8 4
4 22 -7 4
4 22 -6 4
4 22 -5 4
4 22 -4 4
4 22 -3 4
4 22 -2 4
4 22 -1 4
4 22 0 4
4 22 1 4
4 22 2 4
4 22 3 4
4 22 4 4
4 22 5 4
4 22 6 4
4 22 7 4
4 22 8 4
4 22 9 2
4 22 10 1
5 22 -9 7
5 22 -8 4
5 22 -7 4
5 22 -6 4
5 22 -5 4
5 22 -4 4
5 22 -3 4
5 22 -2 4
5 22 -1 4
5 22 0 4
5 22 1 4
5 22 2 4
5 22 3 4
5 22 4 4
5 22 5 4
5 22 6 4
5 22 7 4
5 22 8 4
5 22 9 2
6 22 -9 3
6 22 -8 3
6 22 -7 4
6 22 -6 4
6 22 -5 4
6 22 -4 4
6 22 -3 4
6 22 -2 4
6 22 -1 4
6 22 0 4
6 22 1 4
6 22 2 4
6 22 3 4
6 22 4 4
6 22 5 4
6 22 6 4
6 22 7 4
6 22 8 7
6 22 9 7
7 22 -8 1
7 22 -7 3
7 22 -6 4
7 22 -5 4
7 22 -4 4
7 22 -3 4
7 22 -2 4
7 22 -1 4
7 22 0 4
7 22 1 4
7 22 2 4
7 22 3 4
7 22 4 4
7 22 5 4
7 22 6 4
7 22 7 7
7 22 8 7
8 22 -7 1
8 22 -6 7
8 22 -5 4
8 22 -4 4
8 22 -3 4
8 22 -2 4
8 22 -1 4
8 22 0 4
8 22 1 4
8 22 2 4
8 22 3 4
8 22 4 4
8 22 5 4
8 22 6 1
8 22 7 7
9 22 -6 7
9 22 -5 7
9 22 -4 7
9 22 -3 4
9 22 -2 4
9 22 -1 4
9 22 0 4
9 22 1 4
9 22 2 4
9 22 3 4
9 22 4 2
9 22 5 3
9 22 6 3
10 22 -4 7
10 22 -3 2
10 22 -2 2
10 22 -1 2
10 22 0 7
10 22 1 7
10 22 2 7
10 22 3 7
10 22 4 2
11 22 -1 2
11 22 0 7
11 22 1 7
13 22 -9 6
13 22 -8 5
13 22 -7 5
13 22 7 5
13 22 8 6
13 22 9 6
14 22 -9 5
14 22 -8 5
14 22 -7 6
14 22 7 6
14 22 8 6
14 22 9 5
15 22 -9 5
15 22 -8 6
15 22 -7 6
15 22 7 5
15 22 8 6
15 22 9 5
-15 23 -9 6
-15 23 -8 6
-15 23 -7 5
-15 23 7 6
-15 23 8 6
-15 23 9 5
-14 23 -9 6
-14 23 -8 5
-14 23 -7 5
-14 23 7 5
-14 23 8 5
-14 23 9 6
-13 23 -9 6
-13 23 -8 6
-13 23 -7 6
-13 23 7 6
-13 23 8 6
-13 23 9 5
-11 23 -2 2
-11 23 -1 1
-11 23 0 2
-11 23 1 1
-11 23 2 1
-10 23 -5 1
-10 23 -4 2
-10 23 -3 2
-10 23 -2 3
-10 23 -1 2
-10 23 0 2
-10 23 1 1
-10 23 2 2
-10 23 3 1
-10 23 4 1
-10 23 5 1
-9 23 -6 1
-9 23 -5 1
-9 23 -4 1
-9 23 -3 4
-9 23 -2 4
-9 23 -1 4
-9 23 0 4
-9 23 1 4
-9 23 2 4
-9 23 3 4
-9 23 4 1
-9 23 5 2
-9 23 6 3
-8 23 -7 2
-8 23 -6 1
-8 23 -5 4
-8 23 -4 4
-8 23 -3 4
-8 23 -2 4
-8 23 -1 4
-8 23 0 4
-8 23 1 4
-8 23 2 4
-8 23 3 4
-8 23 4 4
-8 23 5 4
-8 23 6 1
-8 23 7 1
-7 23 -8 1
-7 23 -7 1
-7 23 -6 4
-7 23 -5 4
-7 23 -4 4
-7 23 -3 4
-7 23 -2 4
-7 23 -1 4
-7 23 0 4
-7 23 1 4
-7 23 2 4
-7 23 3 4
-7 23 4 4
-7 23 5 4
-7 23 6 4
-7 23 7 1
-7 23 8 2
-6 23 -9 2
-6 23 -8 1
-6 23 -7 4
-6 23 -6 4
-6 23 -5 4
-6 23 -4 4
-6 23 -3 4
-6 23 -2 4
-6 23 -1 4
-6 23 0 4
-6 23 1 4
-6 23 2 4
-6 23 3 4
-6 23 4 4
-6 23 5 4
-6 23 6 4
-6 23 7 4
-6 23 8 2
-6 23 9 2
-5 23 -10 2
-5 23 -9 2
-5 23 -8 4
-5 23 -7 4
-5 23 -6 4
-5 23 -5 4
-5 23 -4 4
-5 23 -3 4
-5 23 -2 4
-5 23 -1 4
-5 23 0 4
-5 23 1 4
-5 23 2 4
-5 23 3 4
-5 23 4 4
-5 23 5 4
-5 23 6 4
-5 23 7 4
-5 23 8 4
-5 23 9 2
-5 23 10 2
-4 23 -10 2
-4 23 -9 2
-4 23 -8 4
-4 23 -7 4
-4 23 -6 4
-4 23 -5 4
-4 23 -4 4
-4 23 -3 4
-4 23 -2 4
-4 23 -1 4
-4 23 0 4
-4 23 1 4
-4 23 2 4
-4 23 3 4
-4 23 4 4
-4 23 5 4
-4 23 6 4
-4 23 7 4
-4 23 8 4
-4 23 9 1
-4 23 10 1
-3 23 -10 1
-3 23 -9 4
-3 23 -8 4
-3 23 -7 4
-3 23 -6 4
-3 23 -5 4
-3 23 -4 4
-3 23 -3 4
-3 23 -2 4
-3 23 -1 4
-3 23 0 4
-3 23 1 4
-3 23 2 4
-3 23 3 4
-3 23 4 4
-3 23 5 4
-3 23 6 4
-3 23 7 4
-3 23 8 4
-3 23 9 4
-3 23 10 1
-2 23 -11 1
-2 23 -10 3
-2 23 -9 4
-2 23 -8 4
-2 23 -7 4
-2 23 -6 4
-2 23 -5 4
-2 23 -4 4
-2 23 -3 4
-2 23 -2 4
-2 23 -1 4
-2 23 0 4
-2 23 1 4
-2 23 2 4
-2 23 3 4
-2 23 4 4
-2 23 5 4
-2 23 6 4
-2 23 7 4
-2 23 8 4
-2 23 9 4
-2 23 10 2
-2 23 11 2
-1 23 -17 5
-1 23 -16 6
-1 23 -15 6
-1 23 -11 1
-1 23 -10 2
-1 23 -9 4
-1 23 -8 4
-1 23 -7 4
-1 23 -6 4
-1 23 -5 4
-1 23 -4 4
-1 23 -3 4
-1 23 -2 4
-1 23 -1 4
-1 23 0 4
-1 23 1 4
-1 23 2 4
-1 23 3 4
-1 23 4 4
-1 23 5 4
-1 23 6 4
-1 23 7 4
-1 23 8 4
-1 23 9 4
-1 23 10 3
-1 23 11 2
-1 23 15 5
-1 23 16 6
-1 23 17 5
0 23 -17 6
0 23 -16 5
0 23 -15 5
0 23 -11 3
0 23 -10 1
0 23 -9 4
0 23 -8 4
0 23 -7 4
0 23 -6 4
0 23 -5 4
0 23 -4 4
0 23 -3 4
0 23 -2 4
0 23 -1 4
0 23 0 4
0 23 1 4
0 23 2 4
0 23 3 4
0 23 4 4
0 23 5 4
0 23 6 4
0 23 7 4
0 23 8 4
0 23 9 4
0 23 10 1
0 23 11 2
0 23 15 6
0 23 16 6
0 23 17 6
1 23 -17 5
1 23 -16 5
1 23 -15 5
1 23 -11 2
1 23 -10 2
1 23 -9 4
1 23 -8 4
1 23 -7 4
1 23 -6 4
1 23 -5 4
1 23 -4 4
1 23 -3 4
1 23 -2 4
1 23 -1 4
1 23 0 4
1 23 1 4
1 23 2 4
1 23 3 4
1 23 4 4
1 23 5 4
1 23 6 4
1 23 7 4
1 23 8 4
1 23 9 4
1 23 10 2
1 23 11 1
1 23 15 6
1 23 16 6
1 23 17 5
2 23 -11 1
2 23 -10 2
2 23 -9 4
2 23 -8 4
2 23 -7 4
2 23 -6 4
2 23 -5 4
2 23 -4 4
2 23 -3 4
2 23 -2 4
2 23 -1 4
2 23 0 4
2 23 1 4
2 23 2 4
2 23 3 4
2 23 4 4
2 23 5 4
2 23 6 4
2 23 7 4
2 23 8 4
2 23 9 4
2 23 10 3
2 23 11 2
3 23 -10 2
3 23 -9 4
3 23 -8 4
3 23 -7 4
3 23 -6 4
3 23 -5 4
3 23 -4 4
3 23 -3 4
3 23 -2 4
3 23 -1 4
3 23 0 4
3 23 1 4
3 23 2 4
3 23 3 4
3 23 4 4
3 23 5 4
3 23 6 4
3 23 7 4
3 23 8 4
3 23 9 4
3 23 10 2
4 23 -10 1
4 23 -9 2
4 23 -8 4
4 23 -7 4
4 23 -6 4
4 23 -5 4
4 23 -4 4
4 23 -3 4
4 23 -2 4
4 23 -1 4
4 23 0 4
4 23 1 4
4 23 2 4
4 23 3 4
4 23 4 4
4 23 5 4
4 23 6 4
4 23 7 4
4 23 8 4
4 23 9 2
4 23 10 2
5 23 -10 1
5 23 -9 2
5 23 -8 4
5 23 -7 4
5 23 -6 4
5 23 -5 4
5 23 -4 4
5 23 -3 4
5 23 -2 4
5 23 -1 4
5 23 0 4
5 23 1 4
5 23 2 4
5 23 3 4
5 23 4 4
5 23 5 4
5 23 6 4
5 23 7 4
5 23 8 4
5 23 9 2
5 23 10 2
6 23 -9 1
6 23 -8 2
6 23 -7 4
6 23 -6 4
6 23 -5 4
6 23 -4 4
6 23 -3 4
6 23 -2 4
6 23 -1 4
6 23 0 4
6 23 1 4
6 23 2 4
6 23 3 4
6 23 4 4
6 23 5 4
6 23 6 4
6 23 7 4
6 23 8 1
6 23 9 2
7 23 -8 2
7 23 -7 1
7 23 -6 4
7 23 -5 4
7 23 -4 4
7 23 -3 4
7 23 -2 4
7 23 -1 4
7 23 0 4
7 23 1 4
7 23 2 4
7 23 3 4
7 23 4 4
7 23 5 4
7 23 6 4
7 23 7 1
7 23 8 3
8 23 -7 2
8 23 -6 2
8 23 -5 4
8 23 -4 4
8 23 -3 4
8 23 -2 4
8 23 -1 4
8 23 0 4
8 23 1 4
8 23 2 4
8 23 3 4
8 23 4 4
8 23 5 4
8 23 6 2
8 23 7 1
9 23 -6 2
9 23 -5 2
9 23 -4 3
9 23 -3 4
9 23 -2 4
9 23 -1 4
9 23 0 4
9 23 1 4
9 23 2 4
9 23 3 4
9 23 4 1
9 23 5 1
9 23 6 2
10 23 -5 2
10 23 -4 1
10 23 -3 2
10 23 -2 2
10 23 -1 2
10 23 0 1
10 23 1 2
10 23 2 3
10 23 3 1
10 23 4 1
10 23 5 2
11 23 -2 1
11 23 -1 1
11 23 0 1
11 23 1 1
11 23 2 2
13 23 -9 5
13 23 -8 5
13 23 -7 6
13 23 7 6
13 23 8 6
13 23 9 6
14 23 -9 5
14 23 -8 6
14 23 -7 5
14 23 7 6
14 23 8 6
14 23 9 5
15 23 -9 5
15 23 -8 5
15 23 -7 6
15 23 7 5
15 23 8 6
15 23 9 6
-15 24 -9 5
-15 24 -8 5
-15 24 -7 6
-15 24 7 5
-15 24 8 5
-15 24 9 5
-14 24 -9 5
-14 24 -8 6
-14 24 -7 5
-14 24 7 6
-14 24 8 6
-14 24 9 5
-13 24 -9 6
-13 24 -8 6
-13 24 -7 6
-13 24 7 6
-13 24 8 5
-13 24 9 5
-11 24 -3 2
-11 24 -2 2
-11 24 -1 2
-11 24 0 2
-11 24 1 2
-11 24 2 2
-11 24 3 3
-10 24 -5 1
-10 24 -4 2
-10 24 -3 1
-10 24 -2 1
-10 24 -1 2
-10 24 0 2
-10 24 1 2
-10 24 2 2
-10 24 3 2
-10 24 4 2
-10 24 5 2
-9 24 -7 2
-9 24 -6 2
-9 24 -5 2
-9 24 -4 4
-9 24 -3 4
-9 24 -2 4
-9 24 -1 4
-9 24 0 4
-9 24 1 4
-9 24 2 4
-9 24 3 4
-9 24 4 4
-9 24 5 1
-9 24 6 2
-9 24 7 1
-8 24 -8 2
-8 24 -7 2
-8 24 -6 2
-8 24 -5 4
-8 24 -4 4
-8 24 -3 4
-8 24 -2 4
-8 24 -1 4
-8 24 0 4
-8 24 1 4
-8 24 2 4
-8 24 3 4
-8 24 4 4
-8 24 5 4
-8 24 6 2
-8 24 7 2
-8 24 8 1
-7 24 -9 3
-7 24 -8 2
-7 24 -7 3
-7 24 -6 4
-7 24 -5 4
-7 24 -4 4
-7 24 -3 4
-7 24 -2 4
-7 24 -1 4
-7 24 0 4
-7 24 1 4
-7 24 2 4
-7 24 3 4
-7 24 4 4
-7 24 5 4
-7 24 6 4
-7 24 7 2
-7 24 8 2
-7 24 9 1
-6 24 -9 2
-6 24 -8 1
-6 24 -7 4
-6 24 -6 4
-6 24 -5 4
-6 24 -4 4
-6 24 -3 4
-6 24 -2 4
-6 24 -1 4
-6 24 0 4
-6 24 1 4
-6 24 2 4
-6 24 3 4
-6 24 4 4
-6 24 5 4
-6 24 6 4
-6 24 7 4
-6 24 8 1
-6 24 9 1
-5 24 -10 2
-5 24 -9 2
-5 24 -8 4
-5 24 -7 4
-5 24 -6 4
-5 24 -5 4
-5 24 -4 4
-5 24 -3 4
-5 24 -2 4
-5 24 -1 4
-5 24 0 4
-5 24 1 4
-5 24 2 4
-5 24 3 4
-5 24 4 4
-5 24 5 4
-5 24 6 4
-5 24 7 4
-5 24 8 4
-5 24 9 1
-5 24 10 2
-4 24 -10 2
-4 24 -9 4
-4 24 -8 4
-4 24 -7 4
-4 24 -6 4
-4 24 -5 4
-4 24 -4 4
-4 24 -3 4
-4 24 -2 4
-4 24 -1 4
-4 24 0 4
-4 24 1 4
-4 24 2 4
-4 24 3 4
-4 24 4 4
-4 24 5 4
-4 24 6 4
-4 24 7 4
-4 24 8 4
-4 24 9 4
-4 24 10 2
-3 24 -11 1
-3 24 -10 2
-3 24 -9 4
-3 24 -8 4
-3 24 -7 4
-3 24 -6 4
-3 24 -5 4
-3 24 -4 4
-3 24 -3 4
-3 24 -2 4
-3 24 -1 4
-3 24 0 4
-3 24 1 4
-3 24 2 4
-3 24 3 4
-3 24 4 4
-3 24 5 4
-3 24 6 4
-3 24 7 4
-3 24 8 4
-3 24 9 4
-3 24 10 3
-3 24 11 2
-2 24 -11 2
-2 24 -10 1
-2 24 -9 4
-2 24 -8 4
-2 24 -7 4
-2 24 -6 4
-2 24 -5 4
-2 24 -4 4
-2 24 -3 4
-2 24 -2 4
-2 24 -1 4
-2 24 0 4
-2 24 1 4
-2 24 2 4
-2 24 3 4
-2 24 4 4
-2 24 5 4
-2 24 6 4
-2 24 7 4
-2 24 8 4
-2 24 9 4
-2 24 10 2
-2 24 11 2
-1 24 -17 5
-1 24 -16 6
-1 24 -15 5
-1 24 -11 2
-1 24 -10 2
-1 24 -9 4
-1 24 -8 4
-1 24 -7 4
-1 24 -6 4
-1 24 -5 4
-1 24 -4 4
-1 24 -3 4
-1 24 -2 4
-1 24 -1 4
-1 24 0 4
-1 24 1 4
-1 24 2 4
-1 24 3 4
-1 24 4 4
-1 24 5 4
-1 24 6 4
-1 24 7 4
-1 24 8 4
-1 24 9 4
-1 24 10 1
-1 24 11 1
-1 24 15 6
-1 24 16 5
-1 24 17 6
0 24 -17 5
0 24 -16 6
0 24 -15 5
0 24 -11 2
0 24 -10 2
0 24 -9 4
0 24 -8 4
0 24 -7 4
0 24 -6 4
0 24 -5 4
0 24 -4 4
0 24 -3 4
0 24 -2 4
0 24 -1 4
0 24 0 4
0 24 1 4
0 24 2 4
0 24 3 4
0 24 4 4
0 24 5 4
0 24 6 4
0 24 7 4
0 24 8 4
0 24 9 4
0 24 10 3
0 24 11 2
0 24 15 5
0 24 16 6
0 24 17 5
1 24 -17 6
1 24 -16 5
1 24 -15 6
1 24 -11 1
1 24 -10 2
1 24 -9 4
1 24 -8 4
1 24 -7 4
1 24 -6 4
1 24 -5 4
1 24 -4 4
1 24 -3 4
1 24 -2 4
1 24 -1 4
1 24 0 4
1 24 1 4
1 24 2 4
1 24 3 4
1 24 4 4
1 24 5 4
1 24 6 4
1 24 7 4
1 24 8 4
1 24 9 4
1 24 10 1
1 24 11 2
1 24 15 5
1 24 16 6
1 24 17 5
2 24 -11 2
2 24 -10 2
2 24 -9 4
2 24 -8 4
2 24 -7 4
2 24 -6 4
2 24 -5 4
2 24 -4 4
2 24 -3 4
2 24 -2 4
2 24 -1 4
2 24 0 4
2 24 1 4
2 24 2 4
2 24 3 4
2 24 4 4
2 24 5 4
2 24 6 4
2 24 7 4
2 24 8 4
2 24 9 4
2 24 10 1
2 24 11 3
3 24 -11 2
3 24 -10 2
3 24 -9 4
3 24 -8 4
3 24 -7 4
3 24 -6 4
3 24 -5 4
3 24 -4 4
3 24 -3 4
3 24 -2 4
3 24 -1 4
3 24 0 4
3 24 1 4
3 24 2 4
3 24 3 4
3 24 4 4
3 24 5 4
3 24 6 4
3 24 7 4
3 24 8 4
3 24 9 4
3 24 10 1
3 24 11 1
4 24 -10 2
4 24 -9 4
4 24 -8 4
4 24 -7 4
4 24 -6 4
4 24 -5 4
4 24 -4 4
4 24 -3 4
4 24 -2 4
4 24 -1 4
4 24 0 4
4 24 1 4
4 24 2 4
4 24 3 4
4 24 4 4
4 24 5 4
4 24 6 4
4 24 7 4
4 24 8 4
4 24 9 4
4 24 10 3
5 24 -10 1
5 24 -9 1
5 24 -8 4
5 24 -7 4
5 24 -6 4
5 24 -5 4
5 24 -4 4
5 24 -3 4
5 24 -2 4
5 24 -1 4
5 24 0 4
5 24 1 4
5 24 2 4
5 24 3 4
5 24 4 4
5 24 5 4
5 24 6 4
5 24 7 4
5 24 8 4
5 24 9 2
5 24 10 2
6 24 -9 3
6 24 -8 1
6 24 -7 4
6 24 -6 4
6 24 -5 4
6 24 -4 4
6 24 -3 4
6 24 -2 4
6 24 -1 4
6 24 0 4
6 24 1 4
6 24 2 4
6 24 3 4
6 24 4 4
6 24 5 4
6 24 6 4
6 24 7 4
6 24 8 2
6 24 9 2
7 24 -9 1
7 24 -8 2
7 24 -7 2
7 24 -6 4
7 24 -5 4
7 24 -4 4
7 24 -3 4
7 24 -2 4
7 24 -1 4
7 24 0 4
7 24 1 4
7 24 2 4
7 24 3 4
7 24 4 4
7 24 5 4
7 24 6 4
7 24 7 3
7 24 8 1
7 24 9 3
8 24 -8 1
8 24 -7 3
8 24 -6 3
8 24 -5 4
8 24 -4 4
8 24 -3 4
8 24 -2 4
8 24 -1 4
8 24 0 4
8 24 1 4
8 24 2 4
8 24 3 4
8 24 4 4
8 24 5 4
8 24 6 2
8 24 7 2
8 24 8 2
9 24 -7 1
9 24 -6 2
9 24 -5 1
9 24 -4 4
9 24 -3 4
9 24 -2 4
9 24 -1 4
9 24 0 4
9 24 1 4
9 24 2 4
9 24 3 4
9 24 4 4
9 24 5 2
9 24 6 2
9 24 7 2
10 24 -5 2
10 24 -4 2
10 24 -3 2
10 24 -2 2
10 24 -1 1
10 24 0 1
10 24 1 1
10 24 2 1
10 24 3 2
10 24 4 3
10 24 5 1
11 24 -3 3
11 24 -2 1
11 24 -1 2
11 24 0 1
11 24 1 2
11 24 2 1
11 24 3 2
13 24 -9 5
13 24 -8 6
13 24 -7 6
13 24 7 6
13 24 8 5
13 24 9 6
14 24 -9 6
14 24 -8 6
14 24 -7 5
14 24 7 6
14 24 8 6
14 24 9 6
15 24 -9 5
15 24 -8 6
15 24 -7 5
15 24 7 6
15 24 8 5
15 24 9 5
-15 25 -9 0
-15 25 -8 5
-15 25 -7 0
-15 25 7 0
-15 25 8 6
-15 25 9 0
-14 25 -9 6
-14 25 -8 6
-14 25 -7 6
-14 25 7 5
-14 25 8 5
-14 25 9 6
-13 25 -9 0
-13 25 -8 6
-13 25 -7 0
-13 25 7 0
-13 25 8 6
-13 25 9 0
-11 25 -3 2
-11 25 -2 2
-11 25 -1 2
-11 25 0 1
-11 25 1 1
-11 25 2 2
-11 25 3 2
-10 25 -5 3
-10 25 -4 2
-10 25 -3 2
-10 25 -2 1
-10 25 -1 2
-10 25 0 2
-10 25 1 1
-10 25 2 1
-10 25 3 2
-10 25 4 1
-10 25 5 2
-9 25 -7 2
-9 25 -6 3
-9 25 -5 1
-9 25 -4 4
-9 25 -3 4
-9 25 -2 4
-9 25 -1 4
-9 25 0 4
-9 25 1 4
-9 25 2 4
-9 25 3 4
-9 25 4 4
-9 25 5 1
-9 25 6 1
-9 25 7 2
-8 25 -8 3
-8 25 -7 1
-8 25 -6 2
-8 25 -5 4
-8 25 -4 4
-8 25 -3 4
-8 25 -2 4
-8 25 -1 4
-8 25 0 4
-8 25 1 4
-8 25 2 4
-8 25 3 4
-8 25 4 4
-8 25 5 4
-8 25 6 1
-8 25 7 1
-8 25 8 2
-7 25 -9 2
-7 25 -8 2
-7 25 -7 4
-7 25 -6 4
-7 25 -5 4
-7 25 -4 4
-7 25 -3 4
-7 25 -2 4
-7 25 -1 4
-7 25 0 4
-7 25 1 4
-7 25 2 4
-7 25 3 4
-7 25 4 4
-7 25 5 4
-7 25 6 4
-7 25 7 4
-7 25 8 1
-7 25 9 1
-6 25 -9 1
-6 25 -8 2
-6 25 -7 4
-6 25 -6 4
-6 25 -5 4
-6 25 -4 4
-6 25 -3 4
-6 25 -2 4
-6 25 -1 4
-6 25 0 4
-6 25 1 4
-6 25 2 4
-6 25 3 4
-6 25 4 4
-6 25 5 4
-6 25 6 4
-6 25 7 4
-6 25 8 2
-6 25 9 1
-5 25 -10 1
-5 25 -9 2
-5 25 -8 4
-5 25 -7 4
-5 25 -6 4
-5 25 -5 4
-5 25 -4 4
-5 25 -3 4
-5 25 -2 4
-5 25 -1 4
-5 25 0 4
-5 25 1 4
-5 25 2 4
-5 25 3 4
-5 25 4 4
-5 25 5 4
-5 25 6 4
-5 25 7 4
-5 25 8 4
-5 25 9 3
-5 25 10 1
-4 25 -10 2
-4 25 -9 4
-4 25 -8 4
-4 25 -7 4
-4 25 -6 4
-4 25 -5 4
-4 25 -4 4
-4 25 -3 4
-4 25 -2 4
-4 25 -1 4
-4 25 0 4
-4 25 1 4
-4 25 2 4
-4 25 3 4
-4 25 4 4
-4 25 5 4
-4 25 6 4
-4 25 7 4
-4 25 8 4
-4 25 9 4
-4 25 10 1
-3 25 -11 1
-3 25 -10 1
-3 25 -9 4
-3 25 -8 4
-3 25 -7 4
-3 25 -6 4
-3 25 -5 4
-3 25 -4 4
-3 25 -3 4
-3 25 -2 4
-3 25 -1 4
-3 25 0 4
-3 25 1 4
-3 25 2 4
-3 25 3 4
-3 25 4 4
-3 25 5 4
-3 25 6 4
-3 25 7 4
-3 25 8 4
-3 25 9 4
-3 25 10 2
-3 25 11 2
-2 25 -11 2
-2 25 -10 2
-2 25 -9 4
-2 25 -8 4
-2 25 -7 4
-2 25 -6 4
-2 25 -5 4
-2 25 -4 4
-2 25 -3 4
-2 25 -2 4
-2 25 -1 4
-2 25 0 4
-2 25 1 4
-2 25 2 4
-2 25 3 4
-2 25 4 4
-2 25 5 4
-2 25 6 4
-2 25 7 4
-2 25 8 4
-2 25 9 4
-2 25 10 2
-2 25 11 2
-1 25 -17 0
-1 25 -16 5
-1 25 -15 0
-1 25 -11 3
-1 25 -10 3
-1 25 -9 4
-1 25 -8 4
-1 25 -7 4
-1 25 -6 4
-1 25 -5 4
-1 25 -4 4
-1 25 -3 4
-1 25 -2 4
-1 25 -1 4
-1 25 0 4
-1 25 1 4
-1 25 2 4
-1 25 3 4
-1 25 4 4
-1 25 5 4
-1 25 6 4
-1 25 7 4
-1 25 8 4
-1 25 9 4
-1 25 10 1
-1 25 11 3
-1 25 15 0
-1 25 16 6
-1 25 17 0
0 25 -17 5
0 25 -16 5
0 25 -15 6
0 25 -11 1
0 25 -10 2
0 25 -9 4
0 25 -8 4
0 25 -7 4
0 25 -6 4
0 25 -5 4
0 25 -4 4
0 25 -3 4
0 25 -2 4
0 25 -1 4
0 25 0 4
0 25 1 4
0 25 2 4
0 25 3 4
0 25 4 4
0 25 5 4
0 25 6 4
0 25 7 4
0 25 8 4
0 25 9 4
0 25 10 1
0 25 11 2
0 25 15 5
0 25 16 5
0 25 17 5
1 25 -17 0
1 25 -16 6
1 25 -15 0
1 25 -11 3
1 25 -10 3
1 25 -9 4
1 25 -8 4
1 25 -7 4
1 25 -6 4
1 25 -5 4
1 25 -4 4
1 25 -3 4
1 25 -2 4
1 25 -1 4
1 25 0 4
1 25 1 4
1 25 2 4
1 25 3 4
1 25 4 4
1 25 5 4
1 25 6 4
1 25 7 4
1 25 8 4
1 25 9 4
1 25 10 2
1 25 11 3
1 25 15 0
1 25 16 5
1 25 17 0
2 25 -11 2
2 25 -10 2
2 25 -9 4
2 25 -8 4
2 25 -7 4
2 25 -6 4
2 25 -5 4
2 25 -4 4
2 25 -3 4
2 25 -2 4
2 25 -1 4
2 25 0 4
2 25 1 4
2 25 2 4
2 25 3 4
2 25 4 4
2 25 5 4
2 25 6 4
2 25 7 4
2 25 8 4
2 25 9 4
2 25 10 2
2 25 11 3
3 25 -11 2
3 25 -10 1
3 25 -9 4
3 25 -8 4
3 25 -7 4
3 25 -6 4
3 25 -5 4
3 25 -4 4
3 25 -3 4
3 25 -2 4
3 25 -1 4
3 25 0 4
3 25 1 4
3 25 2 4
3 25 3 4
3 25 4 4
3 25 5 4
3 25 6 4
3 25 7 4
3 25 8 4
3 25 9 4
3 25 10 2
3 25 11 1
4 25 -10 1
4 25 -9 4
4 25 -8 4
4 25 -7 4
4 25 -6 4
4 25 -5 4
4 25 -4 4
4 25 -3 4
4 25 -2 4
4 25 -1 4
4 25 0 4
4 25 1 4
4 25 2 4
4 25 3 4
4 25 4 4
4 25 5 4
4 25 6 4
4 25 7 4
4 25 8 4
4 25 9 4
4 25 10 2
5 25 -10 2
5 25 -9 3
5 25 -8 4
5 25 -7 4
5 25 -6 4
5 25 -5 4
5 25 -4 4
5 25 -3 4
5 25 -2 4
5 25 -1 4
5 25 0 4
5 25 1 4
5 25 2 4
5 25 3 4
5 25 4 4
5 25 5 4
5 25 6 4
5 25 7 4
5 25 8 4
5 25 9 2
5 25 10 3
6 25 -9 2
6 25 -8 1
6 25 -7 4
6 25 -6 4
6 25 -5 4
6 25 -4 4
6 25 -3 4
6 25 -2 4
6 25 -1 4
6 25 0 4
6 25 1 4
6 25 2 4
6 25 3 4
6 25 4 4
6 25 5 4
6 25 6 4
6 25 7 4
6 25 8 1
6 25 9 2
7 25 -9 1
7 25 -8 2
7 25 -7 4
7 25 -6 4
7 25 -5 4
7 25 -4 4
7 25 -3 4
7 25 -2 4
7 25 -1 4
7 25 0 4
7 25 1 4
7 25 2 4
7 25 3 4
7 25 4 4
7 25 5 4
7 25 6 4
7 25 7 4
7 25 8 2
7 25 9 2
8 25 -8 2
8 25 -7 1
8 25 -6 2
8 25 -5 4
8 25 -4 4
8 25 -3 4
8 25 -2 4
8 25 -1 4
8 25 0 4
8 25 1 4
8 25 2 4
8 25 3 4
8 25 4 4
8 25 5 4
8 25 6 3
8 25 7 1
8 25 8 3
9 25 -7 2
9 25 -6 2
9 25 -5 1
9 25 -4 4
9 25 -3 4
9 25 -2 4
9 25 -1 4
9 25 0 4
9 25 1 4
9 25 2 4
9 25 3 4
9 25 4 4
9 25 5 1
9 25 6 2
9 25 7 2
10 25 -5 3
10 25 -4 1
10 25 -3 1
10 25 -2 1
10 25 -1 2
10 25 0 1
10 25 1 1
10 25 2 1
10 25 3 2
10 25 4 2
10 25 5 2
11 25 -3 2
11 25 -2 2
11 25 -1 1
11 25 0 2
11 25 1 2
11 25 2 3
11 25 3 2
13 25 -9 0
13 25 -8 6
13 25 -7 0
13 25 7 0
13 25 8 6
13 25 9 0
14 25 -9 5
14 25 -8 5
14 25 -7 5
14 25 7 6
14 25 8 5
14 25 9 5
15 25 -9 0
15 25 -8 6
15 25 -7 0
15 25 7 0
15 25 8 6
15 25 9 0
-15 26 -9 5
-15 26 -8 0
-15 26 -7 5
-15 26 -3 0
-15 26 -2 0
-15 26 -1 0
-15 26 0 0
-15 26 1 7
-15 26 2 7
-15 26 3 7
-15 26 7 5
-15 26 8 0
-15 26 9 5
-14 26 -9 0
-14 26 -8 0
-14 26 -7 0
-14 26 -6 7
-14 26 -5 7
-14 26 -4 7
-14 26 4 0
-14 26 5 0
-14 26 6 0
-14 26 7 0
-14 26 8 0
-14 26 9 0
-13 26 -9 5
-13 26 -8 0
-13 26 -7 0
-13 26 7 7
-13 26 8 7
-13 26 9 6
-12 26 -9 7
-12 26 -8 5
-12 26 8 6
-12 26 9 0
-11 26 -10 7
-11 26 -4 3
-11 26 -3 2
-11 26 -2 2
-11 26 -1 3
-11 26 0 1
-11 26 1 1
-11 26 2 2
-11 26 3 2
-11 26 4 2
-11 26 10 0
-10 26 -11 7
-10 26 -6 3
-10 26 -5 2
-10 26 -4 2
-10 26 -3 2
-10 26 -2 3
-10 26 -1 4
-10 26 0 4
-10 26 1 4
-10 26 2 2
-10 26 3 3
-10 26 4 1
-10 26 5 1
-10 26 6 1
-10 26 11 0
-9 26 -12 0
-9 26 -7 1
-9 26 -6 1
-9 26 -5 3
-9 26 -4 4
-9 26 -3 4
-9 26 -2 4
-9 26 -1 4
-9 26 0 4
-9 26 1 4
-9 26 2 4
-9 26 3 4
-9 26 4 4
-9 26 5 2
-9 26 6 3
-9 26 7 2
-9 26 12 7
-8 26 -13 0
-8 26 -8 1
-8 26 -7 3
-8 26 -6 4
-8 26 -5 4
-8 26 -4 4
-8 26 -3 4
-8 26 -2 4
-8 26 -1 4
-8 26 0 4
-8 26 1 4
-8 26 2 4
-8 26 3 4
-8 26 4 4
-8 26 5 4
-8 26 6 4
-8 26 7 3
-8 26 8 3
-8 26 13 7
-7 26 -13 7
-7 26 -9 3
-7 26 -8 1
-7 26 -7 4
-7 26 -6 4
-7 26 -5 4
-7 26 -4 4
-7 26 -3 4
-7 26 -2 4
-7 26 -1 4
-7 26 0 4
-7 26 1 4
-7 26 2 4
-7 26 3 4
-7 26 4 4
-7 26 5 4
-7 26 6 4
-7 26 7 4
-7 26 8 2
-7 26 9 2
-7 26 13 0
-6 26 -14 7
-6 26 -10 3
-6 26 -9 2
-6 26 -8 4
-6 26 -7 4
-6 26 -6 4
-6 26 -5 4
-6 26 -4 4
-6 26 -3 4
-6 26 -2 4
-6 26 -1 4
-6 26 0 4
-6 26 1 4
-6 26 2 4
-6 26 3 4
-6 26 4 4
-6 26 5 4
-6 26 6 4
-6 26 7 4
-6 26 8 4
-6 26 9 2
-6 26 10 3
-6 26 14 0
-5 26 -14 7
-5 26 -10 2
-5 26 -9 1
-5 26 -8 4
-5 26 -7 4
-5 26 -6 4
-5 26 -5 4
-5 26 -4 4
-5 26 -3 4
-5 26 -2 4
-5 26 -1 4
-5 26 0 4
-5 26 1 4
-5 26 2 4
-5 26 3 4
-5 26 4 4
-5 26 5 4
-5 26 6 4
-5 26 7 4
-5 26 8 4
-5 26 9 1
-5 26 10 3
-5 26 14 0
-4 26 -14 0
-4 26 -11 3
-4 26 -10 2
-4 26 -9 4
-4 26 -8 4
-4 26 -7 4
-4 26 -6 4
-4 26 -5 4
-4 26 -4 4
-4 26 -3 4
-4 26 -2 4
-4 26 -1 4
-4 26 0 4
-4 26 1 4
-4 26 2 4
-4 26 3 4
-4 26 4 4
-4 26 5 4
-4 26 6 4
-4 26 7 4
-4 26 8 4
-4 26 9 4
-4 26 10 2
-4 26 11 2
-4 26 14 7
-3 26 -15 0
-3 26 -11 1
-3 26 -10 2
-3 26 -9 4
-3 26 -8 4
-3 26 -7 4
-3 26 -6 4
-3 26 -5 4
-3 26 -4 4
-3 26 -3 4
-3 26 -2 4
-3 26 -1 4
-3 26 0 4
-3 26 1 4
-3 26 2 4
-3 26 3 4
-3 26 4 4
-3 26 5 4
-3 26 6 4
-3 26 7 4
-3 26 8 4
-3 26 9 4
-3 26 10 1
-3 26 11 2
-3 26 15 7
-2 26 -15 0
-2 26 -11 2
-2 26 -10 2
-2 26 -9 4
-2 26 -8 4
-2 26 -7 4
-2 26 -6 4
-2 26 -5 4
-2 26 -4 4
-2 26 -3 4
-2 26 -2 4
-2 26 -1 4
-2 26 0 4
-2 26 1 4
-2 26 2 4
-2 26 3 4
-2 26 4 4
-2 26 5 4
-2 26 6 4
-2 26 7 4
-2 26 8 4
-2 26 9 4
-2 26 10 2
-2 26 11 3
-2 26 15 7
-1 26 -17 5
-1 26 -16 0
-1 26 -15 7
-1 26 -11 2
-1 26 -10 4
-1 26 -9 4
-1 26 -8 4
-1 26 -7 4
-1 26 -6 4
-1 26 -5 4
-1 26 -4 4
-1 26 -3 4
-1 26 -2 4
-1 26 -1 4
-1 26 0 4
-1 26 1 4
-1 26 2 4
-1 26 3 4
-1 26 4 4
-1 26 5 4
-1 26 6 4
-1 26 7 4
-1 26 8 4
-1 26 9 4
-1 26 10 4
-1 26 11 2
-1 26 15 0
-1 26 16 0
-1 26 17 5
0 26 -17 0
0 26 -16 0
0 26 -15 7
0 26 -14 6
0 26 -11 2
0 26 -10 4
0 26 -9 4
0 26 -8 4
0 26 -7 4
0 26 -6 4
0 26 -5 4
0 26 -4 4
0 26 -3 4
0 26 -2 4
0 26 -1 4
0 26 0 4
0 26 1 4
0 26 2 4
0 26 3 4
0 26 4 4
0 26 5 4
0 26 6 4
0 26 7 4
0 26 8 4
0 26 9 4
0 26 10 4
0 26 11 1
0 26 14 6
0 26 15 0
0 26 16 0
0 26 17 0
1 26 -17 5
1 26 -16 0
1 26 -15 7
1 26 -11 2
1 26 -10 4
1 26 -9 4
1 26 -8 4
1 26 -7 4
1 26 -6 4
1 26 -5 4
1 26 -4 4
1 26 -3 4
1 26 -2 4
1 26 -1 4
1 26 0 4
1 26 1 4
1 26 2 4
1 26 3 4
1 26 4 4
1 26 5 4
1 26 6 4
1 26 7 4
1 26 8 4
1 26 9 4
1 26 10 4
1 26 11 2
1 26 15 0
1 26 16 0
1 26 17 5
2 26 -15 0
2 26 -11 2
2 26 -10 2
2 26 -9 4
2 26 -8 4
2 26 -7 4
2 26 -6 4
2 26 -5 4
2 26 -4 4
2 26 -3 4
2 26 -2 4
2 26 -1 4
2 26 0 4
2 26 1 4
2 26 2 4
2 26 3 4
2 26 4 4
2 26 5 4
2 26 6 4
2 26 7 4
2 26 8 4
2 26 9 4
2 26 10 2
2 26 11 2
2 26 15 7
3 26 -15 0
3 26 -11 2
3 26 -10 2
3 26 -9 4
3 26 -8 4
3 26 -7 4
3 26 -6 4
3 26 -5 4
3 26 -4 4
3 26 -3 4
3 26 -2 4
3 26 -1 4
3 26 0 4
3 26 1 4
3 26 2 4
3 26 3 4
3 26 4 4
3 26 5 4
3 26 6 4
3 26 7 4
3 26 8 4
3 26 9 4
3 26 10 2
3 26 11 1
3 26 15 7
4 26 -14 0
4 26 -11 1
4 26 -10 3
4 26 -9 4
4 26 -8 4
4 26 -7 4
4 26 -6 4
4 26 -5 4
4 26 -4 4
4 26 -3 4
4 26 -2 4
4 26 -1 4
4 26 0 4
4 26 1 4
4 26 2 4
4 26 3 4
4 26 4 4
4 26 5 4
4 26 6 4
4 26 7 4
4 26 8 4
4 26 9 4
4 26 10 2
4 26 11 2
4 26 14 7
5 26 -14 7
5 26 -10 1
5 26 -9 1
5 26 -8 4
5 26 -7 4
5 26 -6 4
5 26 -5 4
5 26 -4 4
5 26 -3 4
5 26 -2 4
5 26 -1 4
5 26 0 4
5 26 1 4
5 26 2 4
5 26 3 4
5 26 4 4
5 26 5 4
5 26 6 4
5 26 7 4
5 26 8 4
5 26 9 1
5 26 10 2
5 26 14 0
6 26 -14 7
6 26 -10 3
6 26 -9 1
6 26 -8 4
6 26 -7 4
6 26 -6 4
6 26 -5 4
6 26 -4 4
6 26 -3 4
6 26 -2 4
6 26 -1 4
6 26 0 4
6 26 1 4
6 26 2 4
6 26 3 4
6 26 4 4
6 26 5 4
6 26 6 4
6 26 7 4
6 26 8 4
6 26 9 2
6 26 10 3
6 26 14 0
7 26 -13 7
7 26 -9 2
7 26 -8 1
7 26 -7 4
7 26 -6 4
7 26 -5 4
7 26 -4 4
7 26 -3 4
7 26 -2 4
7 26 -1 4
7 26 0 4
7 26 1 4
7 26 2 4
7 26 3 4
7 26 4 4
7 26 5 4
7 26 6 4
7 26 7 4
7 26 8 3
7 26 9 3
7 26 13 0
8 26 -13 0
8 26 -8 3
8 26 -7 1
8 26 -6 4
8 26 -5 4
8 26 -4 4
8 26 -3 4
8 26 -2 4
8 26 -1 4
8 26 0 4
8 26 1 4
8 26 2 4
8 26 3 4
8 26 4 4
8 26 5 4
8 26 6 4
8 26 7 1
8 26 8 1
8 26 13 7
9 26 -12 0
9 26 -7 2
9 26 -6 2
9 26 -5 2
9 26 -4 4
9 26 -3 4
9 26 -2 4
9 26 -1 4
9 26 0 4
9 26 1 4
9 26 2 4
9 26 3 4
9 26 4 4
9 26 5 3
9 26 6 3
9 26 7 1
9 26 12 7
10 26 -11 7
10 26 -6 1
10 26 -5 2
10 26 -4 3
10 26 -3 1
10 26 -2 2
10 26 -1 4
10 26 0 4
10 26 1 4
10 26 2 3
10 26 3 2
10 26 4 1
10 26 5 1
10 26 6 3
10 26 11 0
11 26 -10 7
11 26 -4 1
11 26 -3 2
11 26 -2 2
11 26 -1 1
11 26 0 2
11 26 1 3
11 26 2 1
11 26 3 2
11 26 4 2
11 26 10 0
12 26 -9 7
12 26 -8 6
12 26 8 6
12 26 9 0
13 26 -9 6
13 26 -8 0
13 26 -7 0
13 26 7 7
13 26 8 7
13 26 9 5
14 26 -9 0
14 26 -8 0
14 26 -7 0
14 26 -6 7
14 26 -5 7
14 26 -4 7
14 26 4 0
14 26 5 0
14 26 6 0
14 26 7 0
14 26 8 0
14 26 9 0
15 26 -9 5
15 26 -8 0
15 26 -7 5
15 26 -3 0
15 26 -2 0
15 26 -1 0
15 26 0 7
15 26 1 7
15 26 2 7
15 26 3 7
15 26 7 5
15 26 8 0
15 26 9 5
-15 27 -8 5
-15 27 8 6
-14 27 -9 6
-14 27 -8 6
-14 27 -7 6
-14 27 7 6
-14 27 8 5
-14 27 9 5
-13 27 -9 5
-13 27 -8 6
-13 27 -7 6
-13 27 7 5
-13 27 8 6
-13 27 9 6
-12 27 -9 6
-12 27 -8 5
-12 27 -7 5
-12 27 7 6
-12 27 8 6
-12 27 9 5
-11 27 -4 2
-11 27 -3 1
-11 27 -2 3
-11 27 -1 1
-11 27 0 1
-11 27 1 2
-11 27 2 1
-11 27 3 2
-11 27 4 1
-10 27 -6 1
-10 27 -5 3
-10 27 -4 1
-10 27 -3 2
-10 27 -2 4
-10 27 -1 4
-10 27 0 4
-10 27 1 4
-10 27 2 4
-10 27 3 1
-10 27 4 1
-10 27 5 1
-10 27 6 1
-9 27 -7 2
-9 27 -6 2
-9 27 -5 2
-9 27 -4 4
-9 27 -3 4
-9 27 -2 4
-9 27 -1 4
-9 27 0 4
-9 27 1 4
-9 27 2 4
-9 27 3 4
-9 27 4 4
-9 27 5 2
-9 27 6 3
-9 27 7 2
-8 27 -8 2
-8 27 -7 1
-8 27 -6 4
-8 27 -5 4
-8 27 -4 4
-8 27 -3 4
-8 27 -2 4
-8 27 -1 4
-8 27 0 4
-8 27 1 4
-8 27 2 4
-8 27 3 4
-8 27 4 4
-8 27 5 4
-8 27 6 4
-8 27 7 1
-8 27 8 3
-7 27 -9 2
-7 27 -8 2
-7 27 -7 4
-7 27 -6 4
-7 27 -5 4
-7 27 -4 4
-7 27 -3 4
-7 27 -2 4
-7 27 -1 4
-7 27 0 4
-7 27 1 4
-7 27 2 4
-7 27 3 4
-7 27 4 4
-7 27 5 4
-7 27 6 4
-7 27 7 4
-7 27 8 2
-7 27 9 2
-6 27 -10 1
-6 27 -9 1
-6 27 -8 4
-6 27 -7 4
-6 27 -6 4
-6 27 -5 4
-6 27 -4 4
-6 27 -3 4
-6 27 -2 4
-6 27 -1 4
-6 27 0 4
-6 27 1 4
-6 27 2 4
-6 27 3 4
-6 27 4 4
-6 27 5 4
-6 27 6 4
-6 27 7 4
-6 27 8 4
-6 27 9 2
-6 27 10 1
-5 27 -10 2
-5 27 -9 1
-5 27 -8 4
-5 27 -7 4
-5 27 -6 4
-5 27 -5 4
-5 27 -4 4
-5 27 -3 4
-5 27 -2 4
-5 27 -1 4
-5 27 0 4
-5 27 1 4
-5 27 2 4
-5 27 3 4
-5 27 4 4
-5 27 5 4
-5 27 6 4
-5 27 7 4
-5 27 8 4
-5 27 9 1
-5 27 10 1
-4 27 -11 2
-4 27 -10 2
-4 27 -9 4
-4 27 -8 4
-4 27 -7 4
-4 27 -6 4
-4 27 -5 4
-4 27 -4 4
-4 27 -3 4
-4 27 -2 4
-4 27 -1 4
-4 27 0 4
-4 27 1 4
-4 27 2 4
-4 27 3 4
-4 27 4 4
-4 27 5 4
-4 27 6 4
-4 27 7 4
-4 27 8 4
-4 27 9 4
-4 27 10 2
-4 27 11 2
-3 27 -11 2
-3 27 -10 1
-3 27 -9 4
-3 27 -8 4
-3 27 -7 4
-3 27 -6 4
-3 27 -5 4
-3 27 -4 4
-3 27 -3 4
-3 27 -2 4
-3 27 -1 4
-3 27 0 4
-3 27 1 4
-3 27 2 4
-3 27 3 4
-3 27 4 4
-3 27 5 4
-3 27 6 4
-3 27 7 4
-3 27 8 4
-3 27 9 4
-3 27 10 2
-3 27 11 2
-2 27 -11 3
-2 27 -10 4
-2 27 -9 4
-2 27 -8 4
-2 27 -7 4
-2 27 -6 4
-2 27 -5 4
-2 27 -4 4
-2 27 -3 4
-2 27 -2 4
-2 27 -1 4
-2 27 0 4
-2 27 1 4
-2 27 2 4
-2 27 3 4
-2 27 4 4
-2 27 5 4
-2 27 6 4
-2 27 7 4
-2 27 8 4
-2 27 9 4
-2 27 10 4
-2 27 11 1
-1 27 -17 5
-1 27 -16 6
-1 27 -15 6
-1 27 -14 5
-1 27 -11 3
-1 27 -10 4
-1 27 -9 4
-1 27 -8 4
-1 27 -7 4
-1 27 -6 4
-1 27 -5 4
-1 27 -4 4
-1 27 -3 4
-1 27 -2 4
-1 27 -1 4
-1 27 0 4
-1 27 1 4
-1 27 2 4
-1 27 3 4
-1 27 4 4
-1 27 5 4
-1 27 6 4
-1 27 7 4
-1 27 8 4
-1 27 9 4
-1 27 10 4
-1 27 11 2
-1 27 14 5
-1 27 15 5
-1 27 16 6
-1 27 17 5
0 27 -17 6
0 27 -16 5
0 27 -15 6
0 27 -14 6
0 27 -11 3
0 27 -10 4
0 27 -9 4
0 27 -8 4
0 27 -7 4
0 27 -6 4
0 27 -5 4
0 27 -4 4
0 27 -3 4
0 27 -2 4
0 27 -1 4
0 27 0 4
0 27 1 4
0 27 2 4
0 27 3 4
0 27 4 4
0 27 5 4
0 27 6 4
0 27 7 4
0 27 8 4
0 27 9 4
0 27 10 4
0 27 11 3
0 27 14 6
0 27 15 6
0 27 16 6
0 27 17 5
1 27 -17 5
1 27 -16 5
1 27 -15 5
1 27 -14 5
1 27 -11 2
1 27 -10 4
1 27 -9 4
1 27 -8 4
1 27 -7 4
1 27 -6 4
1 27 -5 4
1 27 -4 4
1 27 -3 4
1 27 -2 4
1 27 -1 4
1 27 0 4
1 27 1 4
1 27 2 4
1 27 3 4
1 27 4 4
1 27 5 4
1 27 6 4
1 27 7 4
1 27 8 4
1 27 9 4
1 27 10 4
1 27 11 3
1 27 14 6
1 27 15 6
1 27 16 5
1 27 17 5
2 27 -11 1
2 27 -10 4
2 27 -9 4
2 27 -8 4
2 27 -7 4
2 27 -6 4
2 27 -5 4
2 27 -4 4
2 27 -3 4
2 27 -2 4
2 27 -1 4
2 27 0 4
2 27 1 4
2 27 2 4
2 27 3 4
2 27 4 4
2 27 5 4
2 27 6 4
2 27 7 4
2 27 8 4
2 27 9 4
2 27 10 4
2 27 11 2
3 27 -11 2
3 27 -10 3
3 27 -9 4
3 27 -8 4
3 27 -7 4
3 27 -6 4
3 27 -5 4
3 27 -4 4
3 27 -3 4
3 27 -2 4
3 27 -1 4
3 27 0 4
3 27 1 4
3 27 2 4
3 27 3 4
3 27 4 4
3 27 5 4
3 27 6 4
3 27 7 4
3 27 8 4
3 27 9 4
3 27 10 3
3 27 11 2
4 27 -11 2
4 27 -10 2
4 27 -9 4
4 27 -8 4
4 27 -7 4
4 27 -6 4
4 27 -5 4
4 27 -4 4
4 27 -3 4
4 27 -2 4
4 27 -1 4
4 27 0 4
4 27 1 4
4 27 2 4
4 27 3 4
4 27 4 4
4 27 5 4
4 27 6 4
4 27 7 4
4 27 8 4
4 27 9 4
4 27 10 2
4 27 11 2
5 27 -10 2
5 27 -9 1
5 27 -8 4
5 27 -7 4
5 27 -6 4
5 27 -5 4
5 27 -4 4
5 27 -3 4
5 27 -2 4
5 27 -1 4
5 27 0 4
5 27 1 4
5 27 2 4
5 27 3 4
5 27 4 4
5 27 5 4
5 27 6 4
5 27 7 4
5 27 8 4
5 27 9 1
5 27 10 3
6 27 -10 1
6 27 -9 1
6 27 -8 4
6 27 -7 4
6 27 -6 4
6 27 -5 4
6 27 -4 4
6 27 -3 4
6 27 -2 4
6 27 -1 4
6 27 0 4
6 27 1 4
6 27 2 4
6 27 3 4
6 27 4 4
6 27 5 4
6 27 6 4
6 27 7 4
6 27 8 4
6 27 9 1
6 27 10 1
7 27 -9 2
7 27 -8 2
7 27 -7 4
7 27 -6 4
7 27 -5 4
7 27 -4 4
7 27 -3 4
7 27 -2 4
7 27 -1 4
7 27 0 4
7 27 1 4
7 27 2 4
7 27 3 4
7 27 4 4
7 27 5 4
7 27 6 4
7 27 7 4
7 27 8 2
7 27 9 2
8 27 -8 3
8 27 -7 2
8 27 -6 4
8 27 -5 4
8 27 -4 4
8 27 -3 4
8 27 -2 4
8 27 -1 4
8 27 0 4
8 27 1 4
8 27 2 4
8 27 3 4
8 27 4 4
8 27 5 4
8 27 6 4
8 27 7 2
8 27 8 2
9 27 -7 2
9 27 -6 2
9 27 -5 2
9 27 -4 4
9 27 -3 4
9 27 -2 4
9 27 -1 4
9 27 0 4
9 27 1 4
9 27 2 4
9 27 3 4
9 27 4 4
9 27 5 2
9 27 6 1
9 27 7 2
10 27 -6 1
10 27 -5 2
10 27 -4 2
10 27 -3 2
10 27 -2 4
10 27 -1 4
10 27 0 4
10 27 1 4
10 27 2 4
10 27 3 1
10 27 4 2
10 27 5 2
10 27 6 1
11 27 -4 1
11 27 -3 2
11 27 -2 2
11 27 -1 2
11 27 0 3
11 27 1 1
11 27 2 2
11 27 3 1
11 27 4 2
12 27 -9 6
12 27 -8 6
12 27 -7 5
12 27 7 6
12 27 8 6
12 27 9 5
13 27 -9 6
13 27 -8 5
13 27 -7 5
13 27 7 6
13 27 8 5
13 27 9 5
14 27 -9 5
14 27 -8 6
14 27 -7 6
14 27 7 6
14 27 8 6
14 27 9 6
15 27 -8 6
15 27 8 6
-14 28 -9 5
-14 28 -8 5
-14 28 -7 6
-14 28 7 6
-14 28 8 5
-14 28 9 6
-13 28 -9 6
-13 28 -8 6
-13 28 -7 6
-13 28 7 6
-13 28 8 6
-13 28 9 5
-12 28 -9 5
-12 28 -8 5
-12 28 -7 6
-12 28 7 5
-12 28 8 5
-12 28 9 6
-11 28 -4 2
-11 28 -3 1
-11 28 -2 2
-11 28 -1 3
-11 28 0 2
-11 28 1 3
-11 28 2 1
-11 28 3 2
-11 28 4 2
-10 28 -6 2
-10 28 -5 1
-10 28 -4 1
-10 28 -3 2
-10 28 -2 4
-10 28 -1 4
-10 28 0 4
-10 28 1 4
-10 28 2 4
-10 28 3 3
-10 28 4 1
-10 28 5 3
-10 28 6 3
-9 28 -7 2
-9 28 -6 2
-9 28 -5 4
-9 28 -4 4
-9 28 -3 4
-9 28 -2 4
-9 28 -1 4
-9 28 0 4
-9 28 1 4
-9 28 2 4
-9 28 3 4
-9 28 4 4
-9 28 5 4
-9 28 6 2
-9 28 7 1
-8 28 -8 2
-8 28 -7 2
-8 28 -6 4
-8 28 -5 4
-8 28 -4 4
-8 28 -3 4
-8 28 -2 4
-8 28 -1 4
-8 28 0 4
-8 28 1 4
-8 28 2 4
-8 28 3 4
-8 28 4 4
-8 28 5 4
-8 28 6 4
-8 28 7 3
-8 28 8 2
-7 28 -9 1
-7 28 -8 2
-7 28 -7 4
-7 28 -6 4
-7 28 -5 4
-7 28 -4 4
-7 28 -3 4
-7 28 -2 4
-7 28 -1 4
-7 28 0 4
-7 28 1 4
-7 28 2 4
-7 28 3 4
-7 28 4 4
-7 28 5 4
-7 28 6 4
-7 28 7 4
-7 28 8 1
-7 28 9 2
-6 28 -10 2
-6 28 -9 1
-6 28 -8 4
-6 28 -7 4
-6 28 -6 4
-6 28 -5 4
-6 28 -4 4
-6 28 -3 4
-6 28 -2 4
-6 28 -1 4
-6 28 0 4
-6 28 1 4
-6 28 2 4
-6 28 3 4
-6 28 4 4
-6 28 5 4
-6 28 6 4
-6 28 7 4
-6 28 8 4
-6 28 9 2
-6 28 10 1
-5 28 -10 1
-5 28 -9 4
-5 28 -8 4
-5 28 -7 4
-5 28 -6 4
-5 28 -5 4
-5 28 -4 4
-5 28 -3 4
-5 28 -2 4
-5 28 -1 4
-5 28 0 4
-5 28 1 4
-5 28 2 4
-5 28 3 4
-5 28 4 4
-5 28 5 4
-5 28 6 4
-5 28 7 4
-5 28 8 4
-5 28 9 4
-5 28 10 2
-4 28 -11 1
-4 28 -10 2
-4 28 -9 4
-4 28 -8 4
-4 28 -7 4
-4 28 -6 4
-4 28 -5 4
-4 28 -4 4
-4 28 -3 4
-4 28 -2 4
-4 28 -1 4
-4 28 0 4
-4 28 1 4
-4 28 2 4
-4 28 3 4
-4 28 4 4
-4 28 5 4
-4 28 6 4
-4 28 7 4
-4 28 8 4
-4 28 9 4
-4 28 10 2
-4 28 11 2
-3 28 -11 2
-3 28 -10 1
-3 28 -9 4
-3 28 -8 4
-3 28 -7 4
-3 28 -6 4
-3 28 -5 4
-3 28 -4 4
-3 28 -3 4
-3 28 -2 4
-3 28 -1 4
-3 28 0 4
-3 28 1 4
-3 28 2 4
-3 28 3 4
-3 28 4 4
-3 28 5 4
-3 28 6 4
-3 28 7 4
-3 28 8 4
-3 28 9 4
-3 28 10 2
-3 28 11 2
-2 28 -11 2
-2 28 -10 4
-2 28 -9 4
-2 28 -8 4
-2 28 -7 4
-2 28 -6 4
-2 28 -5 4
-2 28 -4 4
-2 28 -3 4
-2 28 -2 4
-2 28 -1 4
-2 28 0 4
-2 28 1 4
-2 28 2 4
-2 28 3 4
-2 28 4 4
-2 28 5 4
-2 28 6 4
-2 28 7 4
-2 28 8 4
-2 28 9 4
-2 28 10 4
-2 28 11 2
-1 28 -16 6
-1 28 -15 6
-1 28 -14 6
-1 28 -11 1
-1 28 -10 4
-1 28 -9 4
-1 28 -8 4
-1 28 -7 4
-1 28 -6 4
-1 28 -5 4
-1 28 -4 4
-1 28 -3 4
-1 28 -2 4
-1 28 -1 4
-1 28 0 4
-1 28 1 4
-1 28 2 4
-1 28 3 4
-1 28 4 4
-1 28 5 4
-1 28 6 4
-1 28 7 4
-1 28 8 4
-1 28 9 4
-1 28 10 4
-1 28 11 2
-1 28 14 6
-1 28 15 5
-1 28 16 5
0 28 -17 6
0 28 -16 5
0 28 -15 5
0 28 -14 6
0 28 -11 1
0 28 -10 4
0 28 -9 4
0 28 -8 4
0 28 -7 4
0 28 -6 4
0 28 -5 4
0 28 -4 4
0 28 -3 4
0 28 -2 4
0 28 -1 4
0 28 0 4
0 28 1 4
0 28 2 4
0 28 3 4
0 28 4 4
0 28 5 4
0 28 6 4
0 28 7 4
0 28 8 4
0 28 9 4
0 28 10 4
0 28 11 2
0 28 14 6
0 28 15 6
0 28 16 6
0 28 17 6
1 28 -16 6
1 28 -15 5
1 28 -14 6
1 28 -11 2
1 28 -10 4
1 28 -9 4
1 28 -8 4
1 28 -7 4
1 28 -6 4
1 28 -5 4
1 28 -4 4
1 28 -3 4
1 28 -2 4
1 28 -1 4
1 28 0 4
1 28 1 4
1 28 2 4
1 28 3 4
1 28 4 4
1 28 5 4
1 28 6 4
1 28 7 4
1 28 8 4
1 28 9 4
1 28 10 4
1 28 11 1
1 28 14 6
1 28 15 6
1 28 16 6
2 28 -11 2
2 28 -10 4
2 28 -9 4
2 28 -8 4
2 28 -7 4
2 28 -6 4
2 28 -5 4
2 28 -4 4
2 28 -3 4
2 28 -2 4
2 28 -1 4
2 28 0 4
2 28 1 4
2 28 2 4
2 28 3 4
2 28 4 4
2 28 5 4
2 28 6 4
2 28 7 4
2 28 8 4
2 28 9 4
2 28 10 4
2 28 11 1
3 28 -11 2
3 28 -10 2
3 28 -9 4
3 28 -8 4
3 28 -7 4
3 28 -6 4
3 28 -5 4
3 28 -4 4
3 28 -3 4
3 28 -2 4
3 28 -1 4
3 28 0 4
3 28 1 4
3 28 2 4
3 28 3 4
3 28 4 4
3 28 5 4
3 28 6 4
3 28 7 4
3 28 8 4
3 28 9 4
3 28 10 3
3 28 11 2
4 28 -11 3
4 28 -10 3
4 28 -9 4
4 28 -8 4
4 28 -7 4
4 28 -6 4
4 28 -5 4
4 28 -4 4
4 28 -3 4
4 28 -2 4
4 28 -1 4
4 28 0 4
4 28 1 4
4 28 2 4
4 28 3 4
4 28 4 4
4 28 5 4
4 28 6 4
4 28 7 4
4 28 8 4
4 28 9 4
4 28 10 1
4 28 11 1
5 28 -10 1
5 28 -9 4
5 28 -8 4
5 28 -7 4
5 28 -6 4
5 28 -5 4
5 28 -4 4
5 28 -3 4
5 28 -2 4
5 28 -1 4
5 28 0 4
5 28 1 4
5 28 2 4
5 28 3 4
5 28 4 4
5 28 5 4
5 28 6 4
5 28 7 4
5 28 8 4
5 28 9 4
5 28 10 2
6 28 -10 1
6 28 -9 1
6 28 -8 4
6 28 -7 4
6 28 -6 4
6 28 -5 4
6 28 -4 4
6 28 -3 4
6 28 -2 4
6 28 -1 4
6 28 0 4
6 28 1 4
6 28 2 4
6 28 3 4
6 28 4 4
6 28 5 4
6 28 6 4
6 28 7 4
6 28 8 4
6 28 9 3
6 28 10 2
7 28 -9 2
7 28 -8 2
7 28 -7 4
7 28 -6 4
7 28 -5 4
7 28 -4 4
7 28 -3 4
7 28 -2 4
7 28 -1 4
7 28 0 4
7 28 1 4
7 28 2 4
7 28 3 4
7 28 4 4
7 28 5 4
7 28 6 4
7 28 7 4
7 28 8 1
7 28 9 1
8 28 -8 2
8 28 -7 1
8 28 -6 4
8 28 -5 4
8 28 -4 4
8 28 -3 4
8 28 -2 4
8 28 -1 4
8 28 0 4
8 28 1 4
8 28 2 4
8 28 3 4
8 28 4 4
8 28 5 4
8 28 6 4
8 28 7 2
8 28 8 2
9 28 -7 1
9 28 -6 3
9 28 -5 4
9 28 -4 4
9 28 -3 4
9 28 -2 4
9 28 -1 4
9 28 0 4
9 28 1 4
9 28 2 4
9 28 3 4
9 28 4 4
9 28 5 4
9 28 6 2
9 28 7 2
10 28 -6 3
10 28 -5 1
10 28 -4 1
10 28 -3 2
10 28 -2 4
10 28 -1 4
10 28 0 4
10 28 1 4
10 28 2 4
10 28 3 2
10 28 4 2
10 28 5 2
10 28 6 2
11 28 -4 2
11 28 -3 2
11 28 -2 2
11 28 -1 3
11 28 0 1
11 28 1 3
11 28 2 2
11 28 3 1
11 28 4 2
12 28 -9 5
12 28 -8 5
12 28 -7 5
12 28 7 6
12 28 8 5
12 28 9 6
13 28 -9 5
13 28 -8 5
13 28 -7 6
13 28 7 6
13 28 8 5
13 28 9 6
14 28 -9 6
14 28 -8 5
14 28 -7 5
14 28 7 5
14 28 8 6
14 28 9 5
-14 29 -9 6
-14 29 -8 6
-14 29 -7 6
-14 29 7 5
-14 29 8 5
-14 29 9 6
-13 29 -9 6
-13 29 -8 6
-13 29 -7 6
-13 29 -6 6
-13 29 6 5
-13 29 7 6
-13 29 8 5
-13 29 9 6
-12 29 -9 5
-12 29 -8 5
-12 29 -7 5
-12 29 7 5
-12 29 8 5
-12 29 9 5
-11 29 -4 1
-11 29 -3 1
-11 29 -2 1
-11 29 -1 2
-11 29 0 3
-11 29 1 2
-11 29 2 2
-11 29 3 3
-11 29 4 2
-10 29 -6 2
-10 29 -5 2
-10 29 -4 1
-10 29 -3 3
-10 29 -2 4
-10 29 -1 4
-10 29 0 4
-10 29 1 4
-10 29 2 4
-10 29 3 2
-10 29 4 2
-10 29 5 2
-10 29 6 2
-9 29 -7 2
-9 29 -6 1
-9 29 -5 4
-9 29 -4 4
-9 29 -3 4
-9 29 -2 4
-9 29 -1 4
-9 29 0 4
-9 29 1 4
-9 29 2 4
-9 29 3 4
-9 29 4 4
-9 29 5 4
-9 29 6 2
-9 29 7 1
-8 29 -8 2
-8 29 -7 2
-8 29 -6 4
-8 29 -5 4
-8 29 -4 4
-8 29 -3 4
-8 29 -2 4
-8 29 -1 4
-8 29 0 4
-8 29 1 4
-8 29 2 4
-8 29 3 4
-8 29 4 4
-8 29 5 4
-8 29 6 4
-8 29 7 1
-8 29 8 2
-7 29 -9 1
-7 29 -8 1
-7 29 -7 4
-7 29 -6 4
-7 29 -5 4
-7 29 -4 4
-7 29 -3 4
-7 29 -2 4
-7 29 -1 4
-7 29 0 4
-7 29 1 4
-7 29 2 4
-7 29 3 4
-7 29 4 4
-7 29 5 4
-7 29 6 4
-7 29 7 4
-7 29 8 1
-7 29 9 1
-6 29 -10 1
-6 29 -9 2
-6 29 -8 4
-6 29 -7 4
-6 29 -6 4
-6 29 -5 4
-6 29 -4 4
-6 29 -3 4
-6 29 -2 4
-6 29 -1 4
-6 29 0 4
-6 29 1 4
-6 29 2 4
-6 29 3 4
-6 29 4 4
-6 29 5 4
-6 29 6 4
-6 29 7 4
-6 29 8 4
-6 29 9 1
-6 29 10 3
-5 29 -10 1
-5 29 -9 4
-5 29 -8 4
-5 29 -7 4
-5 29 -6 4
-5 29 -5 4
-5 29 -4 4
-5 29 -3 4
-5 29 -2 4
-5 29 -1 4
-5 29 0 4
-5 29 1 4
-5 29 2 4
-5 29 3 4
-5 29 4 4
-5 29 5 4
-5 29 6 4
-5 29 7 4
-5 29 8 4
-5 29 9 4
-5 29 10 1
-4 29 -11 2
-4 29 -10 2
-4 29 -9 4
-4 29 -8 4
-4 29 -7 4
-4 29 -6 4
-4 29 -5 4
-4 29 -4 4
-4 29 -3 4
-4 29 -2 4
-4 29 -1 4
-4 29 0 4
-4 29 1 4
-4 29 2 4
-4 29 3 4
-4 29 4 4
-4 29 5 4
-4 29 6 4
-4 29 7 4
-4 29 8 4
-4 29 9 4
-4 29 10 1
-4 29 11 1
-3 29 -11 2
-3 29 -10 1
-3 29 -9 4
-3 29 -8 4
-3 29 -7 4
-3 29 -6 4
-3 29 -5 4
-3 29 -4 4
-3 29 -3 4
-3 29 -2 4
-3 29 -1 4
-3 29 0 4
-3 29 1 4
-3 29 2 4
-3 29 3 4
-3 29 4 4
-3 29 5 4
-3 29 6 4
-3 29 7 4
-3 29 8 4
-3 29 9 4
-3 29 10 2
-3 29 11 3
-2 29 -11 1
-2 29 -10 4
-2 29 -9 4
-2 29 -8 4
-2 29 -7 4
-2 29 -6 4
-2 29 -5 4
-2 29 -4 4
-2 29 -3 4
-2 29 -2 4
-2 29 -1 4
-2 29 0 4
-2 29 1 4
-2 29 2 4
-2 29 3 4
-2 29 4 4
-2 29 5 4
-2 29 6 4
-2 29 7 4
-2 29 8 4
-2 29 9 4
-2 29 10 4
-2 29 11 2
-1 29 -16 6
-1 29 -15 6
-1 29 -14 6
-1 29 -11 2
-1 29 -10 4
-1 29 -9 4
-1 29 -8 4
-1 29 -7 4
-1 29 -6 4
-1 29 -5 4
-1 29 -4 4
-1 29 -3 4
-1 29 -2 4
-1 29 -1 4
-1 29 0 4
-1 29 1 4
-1 29 2 4
-1 29 3 4
-1 29 4 4
-1 29 5 4
-1 29 6 4
-1 29 7 4
-1 29 8 4
-1 29 9 4
-1 29 10 4
-1 29 11 2
-1 29 14 5
-1 29 15 6
-1 29 16 5
0 29 -16 6
0 29 -15 6
0 29 -14 6
0 29 -11 1
0 29 -10 4
0 29 -9 4
0 29 -8 4
0 29 -7 4
0 29 -6 4
0 29 -5 4
0 29 -4 4
0 29 -3 4
0 29 -2 4
0 29 -1 4
0 29 0 4
0 29 1 4
0 29 2 4
0 29 3 4
0 29 4 4
0 29 5 4
0 29 6 4
0 29 7 4
0 29 8 4
0 29 9 4
0 29 10 4
0 29 11 3
0 29 14 6
0 29 15 6
0 29 16 5
1 29 -16 6
1 29 -15 6
1 29 -14 6
1 29 -11 2
1 29 -10 4
1 29 -9 4
1 29 -8 4
1 29 -7 4
1 29 -6 4
1 29 -5 4
1 29 -4 4
1 29 -3 4
1 29 -2 4
1 29 -1 4
1 29 0 4
1 29 1 4
1 29 2 4
1 29 3 4
1 29 4 4
1 29 5 4
1 29 6 4
1 29 7 4
1 29 8 4
1 29 9 4
1 29 10 4
1 29 11 2
1 29 14 5
1 29 15 6
1 29 16 6
2 29 -11 1
2 29 -10 4
2 29 -9 4
2 29 -8 4
2 29 -7 4
2 29 -6 4
2 29 -5 4
2 29 -4 4
2 29 -3 4
2 29 -2 4
2 29 -1 4
2 29 0 4
2 29 1 4
2 29 2 4
2 29 3 4
2 29 4 4
2 29 5 4
2 29 6 4
2 29 7 4
2 29 8 4
2 29 9 4
2 29 10 4
2 29 11 2
3 29 -11 3
3 29 -10 1
3 29 -9 4
3 29 -8 4
3 29 -7 4
3 29 -6 4
3 29 -5 4
3 29 -4 4
3 29 -3 4
3 29 -2 4
3 29 -1 4
3 29 0 4
3 29 1 4
3 29 2 4
3 29 3 4
3 29 4 4
3 29 5 4
3 29 6 4
3 29 7 4
3 29 8 4
3 29 9 4
3 29 10 3
3 29 11 2
4 29 -11 3
4 29 -10 2
4 29 -9 4
4 29 -8 4
4 29 -7 4
4 29 -6 4
4 29 -5 4
4 29 -4 4
4 29 -3 4
4 29 -2 4
4 29 -1 4
4 29 0 4
4 29 1 4
4 29 2 4
4 29 3 4
4 29 4 4
4 29 5 4
4 29 6 4
4 29 7 4
4 29 8 4
4 29 9 4
4 29 10 2
4 29 11 3
5 29 -10 2
5 29 -9 4
5 29 -8 4
5 29 -7 4
5 29 -6 4
5 29 -5 4
5 29 -4 4
5 29 -3 4
5 29 -2 4
5 29 -1 4
5 29 0 4
5 29 1 4
5 29 2 4
5 29 3 4
5 29 4 4
5 29 5 4
5 29 6 4
5 29 7 4
5 29 8 4
5 29 9 4
5 29 10 1
6 29 -10 3
6 29 -9 2
6 29 -8 4
6 29 -7 4
6 29 -6 4
6 29 -5 4
6 29 -4 4
6 29 -3 4
6 29 -2 4
6 29 -1 4
6 29 0 4
6 29 1 4
6 29 2 4
6 29 3 4
6 29 4 4
6 29 5 4
6 29 6 4
6 29 7 4
6 29 8 4
6 29 9 2
6 29 10 1
7 29 -9 1
7 29 -8 1
7 29 -7 4
7 29 -6 4
7 29 -5 4
7 29 -4 4
7 29 -3 4
7 29 -2 4
7 29 -1 4
7 29 0 4
7 29 1 4
7 29 2 4
7 29 3 4
7 29 4 4
7 29 5 4
7 29 6 4
7 29 7 4
7 29 8 2
7 29 9 1
8 29 -8 2
8 29 -7 2
8 29 -6 4
8 29 -5 4
8 29 -4 4
8 29 -3 4
8 29 -2 4
8 29 -1 4
8 29 0 4
8 29 1 4
8 29 2 4
8 29 3 4
8 29 4 4
8 29 5 4
8 29 6 4
8 29 7 2
8 29 8 2
9 29 -7 1
9 29 -6 2
9 29 -5 4
9 29 -4 4
9 29 -3 4
9 29 -2 4
9 29 -1 4
9 29 0 4
9 29 1 4
9 29 2 4
9 29 3 4
9 29 4 4
9 29 5 4
9 29 6 2
9 29 7 2
10 29 -6 2
10 29 -5 1
10 29 -4 1
10 29 -3 1
10 29 -2 4
10 29 -1 4
10 29 0 4
10 29 1 4
10 29 2 4
10 29 3 2
10 29 4 2
10 29 5 1
10 29 6 2
11 29 -4 1
11 29 -3 3
11 29 -2 2
11 29 -1 2
11 29 0 2
11 29 1 2
11 29 2 3
11 29 3 1
11 29 4 1
12 29 -9 5
12 29 -8 6
12 29 -7 6
12 29 7 5
12 29 8 6
12 29 9 5
13 29 -9 6
13 29 -8 5
13 29 -7 6
13 29 -6 6
13 29 6 5
13 29 7 6
13 29 8 6
13 29 9 6
14 29 -9 6
14 29 -8 5
14 29 -7 6
14 29 7 5
14 29 8 5
14 29 9 5
-14 30 -8 6
-14 30 -7 5
-14 30 -6 5
-14 30 6 6
-14 30 7 6
-14 30 8 5
-13 30 -9 5
-13 30 -8 5
-13 30 -7 5
-13 30 -6 6
-13 30 6 6
-13 30 7 5
-13 30 8 5
-13 30 9 6
-12 30 -8 5
-12 30 -7 6
-12 30 -6 6
-12 30 6 5
-12 30 7 6
-12 30 8 6
-11 30 -4 2
-11 30 -3 1
-11 30 -2 1
-11 30 -1 2
-11 30 0 1
-11 30 1 2
-11 30 2 1
-11 30 3 3
-11 30 4 3
-10 30 -6 2
-10 30 -5 2
-10 30 -4 1
-10 30 -3 3
-10 30 -2 4
-10 30 -1 4
-10 30 0 4
-10 30 1 4
-10 30 2 4
-10 30 3 2
-10 30 4 2
-10 30 5 2
-10 30 6 2
-9 30 -7 2
-9 30 -6 2
-9 30 -5 4
-9 30 -4 4
-9 30 -3 4
-9 30 -2 4
-9 30 -1 4
-9 30 0 4
-9 30 1 4
-9 30 2 4
-9 30 3 4
-9 30 4 4
-9 30 5 4
-9 30 6 2
-9 30 7 1
-8 30 -8 1
-8 30 -7 2
-8 30 -6 4
-8 30 -5 4
-8 30 -4 4
-8 30 -3 4
-8 30 -2 4
-8 30 -1 4
-8 30 0 4
-8 30 1 4
-8 30 2 4
-8 30 3 4
-8 30 4 4
-8 30 5 4
-8 30 6 4
-8 30 7 2
-8 30 8 3
-7 30 -9 3
-7 30 -8 3
-7 30 -7 4
-7 30 -6 4
-7 30 -5 4
-7 30 -4 4
-7 30 -3 4
-7 30 -2 4
-7 30 -1 4
-7 30 0 4
-7 30 1 4
-7 30 2 4
-7 30 3 4
-7 30 4 4
-7 30 5 4
-7 30 6 4
-7 30 7 4
-7 30 8 1
-7 30 9 2
-6 30 -10 3
-6 30 -9 1
-6 30 -8 4
-6 30 -7 4
-6 30 -6 4
-6 30 -5 4
-6 30 -4 4
-6 30 -3 4
-6 30 -2 4
-6 30 -1 4
-6 30 0 4
-6 30 1 4
-6 30 2 4
-6 30 3 4
-6 30 4 4
-6 30 5 4
-6 30 6 4
-6 30 7 4
-6 30 8 4
-6 30 9 2
-6 30 10 2
-5 30 -10 2
-5 30 -9 4
-5 30 -8 4
-5 30 -7 4
-5 30 -6 4
-5 30 -5 4
-5 30 -4 4
-5 30 -3 4
-5 30 -2 4
-5 30 -1 4
-5 30 0 4
-5 30 1 4
-5 30 2 4
-5 30 3 4
-5 30 4 4
-5 30 5 4
-5 30 6 4
-5 30 7 4
-5 30 8 4
-5 30 9 4
-5 30 10 2
-4 30 -11 3
-4 30 -10 1
-4 30 -9 4
-4 30 -8 4
-4 30 -7 4
-4 30 -6 4
-4 30 -5 4
-4 30 -4 4
-4 30 -3 4
-4 30 -2 4
-4 30 -1 4
-4 30 0 4
-4 30 1 4
-4 30 2 4
-4 30 3 4
-4 30 4 4
-4 30 5 4
-4 30 6 4
-4 30 7 4
-4 30 8 4
-4 30 9 4
-4 30 10 1
-4 30 11 2
-3 30 -11 1
-3 30 -10 2
-3 30 -9 4
-3 30 -8 4
-3 30 -7 4
-3 30 -6 4
-3 30 -5 4
-3 30 -4 4
-3 30 -3 4
-3 30 -2 4
-3 30 -1 4
-3 30 0 4
-3 30 1 4
-3 30 2 4
-3 30 3 4
-3 30 4 4
-3 30 5 4
-3 30 6 4
-3 30 7 4
-3 30 8 4
-3 30 9 4
-3 30 10 2
-3 30 11 2
-2 30 -11 1
-2 30 -10 4
-2 30 -9 4
-2 30 -8 4
-2 30 -7 4
-2 30 -6 4
-2 30 -5 4
-2 30 -4 4
-2 30 -3 4
-2 30 -2 4
-2 30 -1 4
-2 30 0 4
-2 30 1 4
-2 30 2 4
-2 30 3 4
-2 30 4 4
-2 30 5 4
-2 30 6 4
-2 30 7 4
-2 30 8 4
-2 30 9 4
-2 30 10 4
-2 30 11 3
-1 30 -16 5
-1 30 -15 6
-1 30 -14 6
-1 30 -11 2
-1 30 -10 4
-1 30 -9 4
-1 30 -8 4
-1 30 -7 4
-1 30 -6 4
-1 30 -5 4
-1 30 -4 4
-1 30 -3 4
-1 30 -2 4
-1 30 -1 4
-1 30 0 4
-1 30 1 4
-1 30 2 4
-1 30 3 4
-1 30 4 4
-1 30 5 4
-1 30 6 4
-1 30 7 4
-1 30 8 4
-1 30 9 4
-1 30 10 4
-1 30 11 2
-1 30 14 5
-1 30 15 5
-1 30 16 5
0 30 -16 5
0 30 -15 5
0 30 -14 6
0 30 -11 1
0 30 -10 4
0 30 -9 4
0 30 -8 4
0 30 -7 4
0 30 -6 4
0 30 -5 4
0 30 -4 4
0 30 -3 4
0 30 -2 4
0 30 -1 4
0 30 0 4
0 30 1 4
0 30 2 4
0 30 3 4
0 30 4 4
0 30 5 4
0 30 6 4
0 30 7 4
0 30 8 4
0 30 9 4
0 30 10 4
0 30 11 2
0 30 14 6
0 30 15 5
0 30 16 6
1 30 -16 5
1 30 -15 5
1 30 -14 6
1 30 -11 2
1 30 -10 4
1 30 -9 4
1 30 -8 4
1 30 -7 4
1 30 -6 4
1 30 -5 4
1 30 -4 4
1 30 -3 4
1 30 -2 4
1 30 -1 4
1 30 0 4
1 30 1 4
1 30 2 4
1 30 3 4
1 30 4 4
1 30 5 4
1 30 6 4
1 30 7 4
1 30 8 4
1 30 9 4
1 30 10 4
1 30 11 2
1 30 14 5
1 30 15 6
1 30 16 6
2 30 -11 2
2 30 -10 4
2 30 -9 4
2 30 -8 4
2 30 -7 4
2 30 -6 4
2 30 -5 4
2 30 -4 4
2 30 -3 4
2 30 -2 4
2 30 -1 4
2 30 0 4
2 30 1 4
2 30 2 4
2 30 3 4
2 30 4 4
2 30 5 4
2 30 6 4
2 30 7 4
2 30 8 4
2 30 9 4
2 30 10 4
2 30 11 3
3 30 -11 2
3 30 -10 3
3 30 -9 4
3 30 -8 4
3 30 -7 4
3 30 -6 4
3 30 -5 4
3 30 -4 4
3 30 -3 4
3 30 -2 4
3 30 -1 4
3 30 0 4
3 30 1 4
3 30 2 4
3 30 3 4
3 30 4 4
3 30 5 4
3 30 6 4
3 30 7 4
3 30 8 4
3 30 9 4
3 30 10 1
3 30 11 1
4 30 -11 3
4 30 -10 3
4 30 -9 4
4 30 -8 4
4 30 -7 4
4 30 -6 4
4 30 -5 4
4 30 -4 4
4 30 -3 4
4 30 -2 4
4 30 -1 4
4 30 0 4
4 30 1 4
4 30 2 4
4 30 3 4
4 30 4 4
4 30 5 4
4 30 6 4
4 30 7 4
4 30 8 4
4 30 9 4
4 30 10 3
4 30 11 2
5 30 -10 1
5 30 -9 4
5 30 -8 4
5 30 -7 4
5 30 -6 4
5 30 -5 4
5 30 -4 4
5 30 -3 4
5 30 -2 4
5 30 -1 4
5 30 0 4
5 30 1 4
5 30 2 4
5 30 3 4
5 30 4 4
5 30 5 4
5 30 6 4
5 30 7 4
5 30 8 4
5 30 9 4
5 30 10 3
6 30 -10 2
6 30 -9 1
6 30 -8 4
6 30 -7 4
6 30 -6 4
6 30 -5 4
6 30 -4 4
6 30 -3 4
6 30 -2 4
6 30 -1 4
6 30 0 4
6 30 1 4
6 30 2 4
6 30 3 4
6 30 4 4
6 30 5 4
6 30 6 4
6 30 7 4
6 30 8 4
6 30 9 2
6 30 10 3
7 30 -9 2
7 30 -8 1
7 30 -7 4
7 30 -6 4
7 30 -5 4
7 30 -4 4
7 30 -3 4
7 30 -2 4
7 30 -1 4
7 30 0 4
7 30 1 4
7 30 2 4
7 30 3 4
7 30 4 4
7 30 5 4
7 30 6 4
7 30 7 4
7 30 8 2
7 30 9 3
8 30 -8 3
8 30 -7 2
8 30 -6 4
8 30 -5 4
8 30 -4 4
8 30 -3 4
8 30 -2 4
8 30 -1 4
8 30 0 4
8 30 1 4
8 30 2 4
8 30 3 4
8 30 4 4
8 30 5 4
8 30 6 4
8 30 7 3
8 30 8 1
9 30 -7 1
9 30 -6 2
9 30 -5 4
9 30 -4 4
9 30 -3 4
9 30 -2 4
9 30 -1 4
9 30 0 4
9 30 1 4
9 30 2 4
9 30 3 4
9 30 4 4
9 30 5 4
9 30 6 2
9 30 7 2
10 30 -6 2
10 30 -5 2
10 30 -4 2
10 30 -3 1
10 30 -2 4
10 30 -1 4
10 30 0 4
10 30 1 4
10 30 2 4
10 30 3 2
10 30 4 2
10 30 5 2
10 30 6 2
11 30 -4 2
11 30 -3 3
11 30 -2 2
11 30 -1 2
11 30 0 3
11 30 1 2
11 30 2 2
11 30 3 1
11 30 4 1
12 30 -8 5
12 30 -7 6
12 30 -6 5
12 30 6 6
12 30 7 6
12 30 8 5
13 30 -9 6
13 30 -8 6
13 30 -7 5
13 30 -6 5
13 30 6 5
13 30 7 5
13 30 8 5
13 30 9 5
14 30 -8 5
14 30 -7 5
14 30 -6 6
14 30 6 5
14 30 7 5
14 30 8 5
-14 31 -8 5
-14 31 -7 6
-14 31 -6 5
-14 31 6 6
-14 31 7 5
-14 31 8 5
-13 31 -8 6
-13 31 -7 6
-13 31 -6 6
-13 31 6 5
-13 31 7 6
-13 31 8 6
-12 31 -8 6
-12 31 -7 6
-12 31 -6 5
-12 31 0 2
-12 31 6 5
-12 31 7 6
-12 31 8 5
-11 31 -4 2
-11 31 -3 1
-11 31 -2 1
-11 31 -1 3
-11 31 0 3
-11 31 1 7
-11 31 2 7
-11 31 3 7
-11 31 4 7
-10 31 -6 7
-10 31 -5 7
-10 31 -4 7
-10 31 -3 1
-10 31 -2 4
-10 31 -1 4
-10 31 0 4
-10 31 1 4
-10 31 2 4
-10 31 3 7
-10 31 4 1
-10 31 5 2
-10 31 6 1
-9 31 -7 7
-9 31 -6 7
-9 31 -5 4
-9 31 -4 4
-9 31 -3 4
-9 31 -2 4
-9 31 -1 4
-9 31 0 4
-9 31 1 4
-9 31 2 4
-9 31 3 4
-9 31 4 4
-9 31 5 4
-9 31 6 2
-9 31 7 1
-8 31 -8 3
-8 31 -7 1
-8 31 -6 4
-8 31 -5 4
-8 31 -4 4
-8 31 -3 4
-8 31 -2 4
-8 31 -1 4
-8 31 0 4
-8 31 1 4
-8 31 2 4
-8 31 3 4
-8 31 4 4
-8 31 5 4
-8 31 6 4
-8 31 7 7
-8 31 8 7
-7 31 -9 3
-7 31 -8 2
-7 31 -7 4
-7 31 -6 4
-7 31 -5 4
-7 31 -4 4
-7 31 -3 4
-7 31 -2 4
-7 31 -1 4
-7 31 0 4
-7 31 1 4
-7 31 2 4
-7 31 3 4
-7 31 4 4
-7 31 5 4
-7 31 6 4
-7 31 7 4
-7 31 8 7
-7 31 9 7
-6 31 -10 1
-6 31 -9 2
-6 31 -8 4
-6 31 -7 4
-6 31 -6 4
-6 31 -5 4
-6 31 -4 4
-6 31 -3 4
-6 31 -2 4
-6 31 -1 4
-6 31 0 4
-6 31 1 4
-6 31 2 4
-6 31 3 4
-6 31 4 4
-6 31 5 4
-6 31 6 4
-6 31 7 4
-6 31 8 4
-6 31 9 7
-6 31 10 7
-5 31 -10 7
-5 31 -9 4
-5 31 -8 4
-5 31 -7 4
-5 31 -6 4
-5 31 -5 4
-5 31 -4 4
-5 31 -3 4
-5 31 -2 4
-5 31 -1 4
-5 31 0 4
-5 31 1 4
-5 31 2 4
-5 31 3 4
-5 31 4 4
-5 31 5 4
-5 31 6 4
-5 31 7 4
-5 31 8 4
-5 31 9 4
-5 31 10 2
-4 31 -11 7
-4 31 -10 7
-4 31 -9 4
-4 31 -8 4
-4 31 -7 4
-4 31 -6 4
-4 31 -5 4
-4 31 -4 4
-4 31 -3 4
-4 31 -2 4
-4 31 -1 4
-4 31 0 4
-4 31 1 4
-4 31 2 4
-4 31 3 4
-4 31 4 4
-4 31 5 4
-4 31 6 4
-4 31 7 4
-4 31 8 4
-4 31 9 4
-4 31 10 2
-4 31 11 2
-3 31 -11 7
-3 31 -10 7
-3 31 -9 4
-3 31 -8 4
-3 31 -7 4
-3 31 -6 4
-3 31 -5 4
-3 31 -4 4
-3 31 -3 4
-3 31 -2 4
-3 31 -1 4
-3 31 0 4
-3 31 1 4
-3 31 2 4
-3 31 3 4
-3 31 4 4
-3 31 5 4
-3 31 6 4
-3 31 7 4
-3 31 8 4
-3 31 9 4
-3 31 10 2
-3 31 11 1
-2 31 -11 7
-2 31 -10 4
-2 31 -9 4
-2 31 -8 4
-2 31 -7 4
-2 31 -6 4
-2 31 -5 4
-2 31 -4 4
-2 31 -3 4
-2 31 -2 4
-2 31 -1 4
-2 31 0 4
-2 31 1 4
-2 31 2 4
-2 31 3 4
-2 31 4 4
-2 31 5 4
-2 31 6 4
-2 31 7 4
-2 31 8 4
-2 31 9 4
-2 31 10 4
-2 31 11 1
-1 31 -16 6
-1 31 -15 5
-1 31 -14 5
-1 31 -11 2
-1 31 -10 4
-1 31 -9 4
-1 31 -8 4
-1 31 -7 4
-1 31 -6 4
-1 31 -5 4
-1 31 -4 4
-1 31 -3 4
-1 31 -2 4
-1 31 -1 4
-1 31 0 4
-1 31 1 4
-1 31 2 4
-1 31 3 4
-1 31 4 4
-1 31 5 4
-1 31 6 4
-1 31 7 4
-1 31 8 4
-1 31 9 4
-1 31 10 4
-1 31 11 7
-1 31 14 6
-1 31 15 5
-1 31 16 5
0 31 -16 6
0 31 -15 5
0 31 -14 6
0 31 -12 1
0 31 -11 1
0 31 -10 4
0 31 -9 4
0 31 -8 4
0 31 -7 4
0 31 -6 4
0 31 -5 4
0 31 -4 4
0 31 -3 4
0 31 -2 4
0 31 -1 4
0 31 0 4
0 31 1 4
0 31 2 4
0 31 3 4
0 31 4 4
0 31 5 4
0 31 6 4
0 31 7 4
0 31 8 4
0 31 9 4
0 31 10 4
0 31 11 7
0 31 12 7
0 31 14 5
0 31 15 6
0 31 16 6
1 31 -16 5
1 31 -15 5
1 31 -14 5
1 31 -11 1
1 31 -10 4
1 31 -9 4
1 31 -8 4
1 31 -7 4
1 31 -6 4
1 31 -5 4
1 31 -4 4
1 31 -3 4
1 31 -2 4
1 31 -1 4
1 31 0 4
1 31 1 4
1 31 2 4
1 31 3 4
1 31 4 4
1 31 5 4
1 31 6 4
1 31 7 4
1 31 8 4
1 31 9 4
1 31 10 4
1 31 11 7
1 31 14 6
1 31 15 5
1 31 16 6
2 31 -11 7
2 31 -10 4
2 31 -9 4
2 31 -8 4
2 31 -7 4
2 31 -6 4
2 31 -5 4
2 31 -4 4
2 31 -3 4
2 31 -2 4
2 31 -1 4
2 31 0 4
2 31 1 4
2 31 2 4
2 31 3 4
2 31 4 4
2 31 5 4
2 31 6 4
2 31 7 4
2 31 8 4
2 31 9 4
2 31 10 4
2 31 11 2
3 31 -11 7
3 31 -10 7
3 31 -9 4
3 31 -8 4
3 31 -7 4
3 31 -6 4
3 31 -5 4
3 31 -4 4
3 31 -3 4
3 31 -2 4
3 31 -1 4
3 31 0 4
3 31 1 4
3 31 2 4
3 31 3 4
3 31 4 4
3 31 5 4
3 31 6 4
3 31 7 4
3 31 8 4
3 31 9 4
3 31 10 3
3 31 11 2
4 31 -11 7
4 31 -10 7
4 31 -9 4
4 31 -8 4
4 31 -7 4
4 31 -6 4
4 31 -5 4
4 31 -4 4
4 31 -3 4
4 31 -2 4
4 31 -1 4
4 31 0 4
4 31 1 4
4 31 2 4
4 31 3 4
4 31 4 4
4 31 5 4
4 31 6 4
4 31 7 4
4 31 8 4
4 31 9 4
4 31 10 2
4 31 11 3
5 31 -10 7
5 31 -9 4
5 31 -8 4
5 31 -7 4
5 31 -6 4
5 31 -5 4
5 31 -4 4
5 31 -3 4
5 31 -2 4
5 31 -1 4
5 31 0 4
5 31 1 4
5 31 2 4
5 31 3 4
5 31 4 4
5 31 5 4
5 31 6 4
5 31 7 4
5 31 8 4
5 31 9 4
5 31 10 1
6 31 -10 2
6 31 -9 2
6 31 -8 4
6 31 -7 4
6 31 -6 4
6 31 -5 4
6 31 -4 4
6 31 -3 4
6 31 -2 4
6 31 -1 4
6 31 0 4
6 31 1 4
6 31 2 4
6 31 3 4
6 31 4 4
6 31 5 4
6 31 6 4
6 31 7 4
6 31 8 4
6 31 9 7
6 31 10 7
7 31 -9 2
7 31 -8 1
7 31 -7 4
7 31 -6 4
7 31 -5 4
7 31 -4 4
7 31 -3 4
7 31 -2 4
7 31 -1 4
7 31 0 4
7 31 1 4
7 31 2 4
7 31 3 4
7 31 4 4
7 31 5 4
7 31 6 4
7 31 7 4
7 31 8 7
7 31 9 7
8 31 -8 1
8 31 -7 1
8 31 -6 4
8 31 -5 4
8 31 -4 4
8 31 -3 4
8 31 -2 4
8 31 -1 4
8 31 0 4
8 31 1 4
8 31 2 4
8 31 3 4
8 31 4 4
8 31 5 4
8 31 6 4
8 31 7 7
8 31 8 7
9 31 -7 7
9 31 -6 7
9 31 -5 4
9 31 -4 4
9 31 -3 4
9 31 -2 4
9 31 -1 4
9 31 0 4
9 31 1 4
9 31 2 4
9 31 3 4
9 31 4 4
9 31 5 4
9 31 6 3
9 31 7 1
10 31 -6 7
10 31 -5 7
10 31 -4 7
10 31 -3 2
10 31 -2 4
10 31 -1 4
10 31 0 4
10 31 1 4
10 31 2 4
10 31 3 7
10 31 4 1
10 31 5 2
10 31 6 2
11 31 -4 2
11 31 -3 1
11 31 -2 2
11 31 -1 2
11 31 0 7
11 31 1 7
11 31 2 7
11 31 3 7
11 31 4 7
12 31 -8 5
12 31 -7 5
12 31 -6 6
12 31 0 7
12 31 6 6
12 31 7 5
12 31 8 5
13 31 -8 6
13 31 -7 6
13 31 -6 6
13 31 6 6
13 31 7 6
13 31 8 6
14 31 -8 6
14 31 -7 6
14 31 -6 6
14 31 6 5
14 31 7 5
14 31 8 6
-14 32 -8 6
-14 32 -7 6
-14 32 -6 6
-14 32 6 5
-14 32 7 6
-14 32 8 5
-13 32 -8 5
-13 32 -7 6
-13 32 -6 5
-13 32 6 5
-13 32 7 6
-13 32 8 5
-12 32 -8 6
-12 32 -7 6
-12 32 -6 5
-12 32 6 5
-12 32 7 5
-12 32 8 6
-11 32 -7 6
-11 32 -4 2
-11 32 -3 2
-11 32 -2 2
-11 32 -1 2
-11 32 0 2
-11 32 1 2
-11 32 2 3
-11 32 3 2
-11 32 4 2
-11 32 7 6
-10 32 -6 2
-10 32 -5 2
-10 32 -4 2
-10 32 -3 1
-10 32 -2 4
-10 32 -1 4
-10 32 0 4
-10 32 1 4
-10 32 2 4
-10 32 3 2
-10 32 4 3
-10 32 5 1
-10 32 6 2
-9 32 -7 1
-9 32 -6 3
-9 32 -5 4
-9 32 -4 4
-9 32 -3 4
-9 32 -2 4
-9 32 -1 4
-9 32 0 4
-9 32 1 4
-9 32 2 4
-9 32 3 4
-9 32 4 4
-9 32 5 4
-9 32 6 2
-9 32 7 2
-8 32 -8 2
-8 32 -7 1
-8 32 -6 4
-8 32 -5 4
-8 32 -4 4
-8 32 -3 4
-8 32 -2 4
-8 32 -1 4
-8 32 0 4
-8 32 1 4
-8 32 2 4
-8 32 3 4
-8 32 4 4
-8 32 5 4
-8 32 6 4
-8 32 7 1
-8 32 8 3
-7 32 -9 2
-7 32 -8 1
-7 32 -7 4
-7 32 -6 4
-7 32 -5 4
-7 32 -4 4
-7 32 -3 4
-7 32 -2 4
-7 32 -1 4
-7 32 0 4
-7 32 1 4
-7 32 2 4
-7 32 3 4
-7 32 4 4
-7 32 5 4
-7 32 6 4
-7 32 7 4
-7 32 8 1
-7 32 9 3
-6 32 -10 2
-6 32 -9 2
-6 32 -8 4
-6 32 -7 4
-6 32 -6 4
-6 32 -5 4
-6 32 -4 4
-6 32 -3 4
-6 32 -2 4
-6 32 -1 4
-6 32 0 4
-6 32 1 4
-6 32 2 4
-6 32 3 4
-6 32 4 4
-6 32 5 4
-6 32 6 4
-6 32 7 4
-6 32 8 4
-6 32 9 1
-6 32 10 2
-5 32 -10 2
-5 32 -9 4
-5 32 -8 4
-5 32 -7 4
-5 32 -6 4
-5 32 -5 4
-5 32 -4 4
-5 32 -3 4
-5 32 -2 4
-5 32 -1 4
-5 32 0 4
-5 32 1 4
-5 32 2 4
-5 32 3 4
-5 32 4 4
-5 32 5 4
-5 32 6 4
-5 32 7 4
-5 32 8 4
-5 32 9 4
-5 32 10 1
-4 32 -11 1
-4 32 -10 1
-4 32 -9 4
-4 32 -8 4
-4 32 -7 4
-4 32 -6 4
-4 32 -5 4
-4 32 -4 4
-4 32 -3 4
-4 32 -2 4
-4 32 -1 4
-4 32 0 4
-4 32 1 4
-4 32 2 4
-4 32 3 4
-4 32 4 4
-4 32 5 4
-4 32 6 4
-4 32 7 4
-4 32 8 4
-4 32 9 4
-4 32 10 2
-4 32 11 2
-3 32 -11 2
-3 32 -10 2
-3 32 -9 4
-3 32 -8 4
-3 32 -7 4
-3 32 -6 4
-3 32 -5 4
-3 32 -4 4
-3 32 -3 4
-3 32 -2 4
-3 32 -1 4
-3 32 0 4
-3 32 1 4
-3 32 2 4
-3 32 3 4
-3 32 4 4
-3 32 5 4
-3 32 6 4
-3 32 7 4
-3 32 8 4
-3 32 9 4
-3 32 10 2
-3 32 11 2
-2 32 -11 1
-2 32 -10 4
-2 32 -9 4
-2 32 -8 4
-2 32 -7 4
-2 32 -6 4
-2 32 -5 4
-2 32 -4 4
-2 32 -3 4
-2 32 -2 4
-2 32 -1 4
-2 32 0 4
-2 32 1 4
-2 32 2 4
-2 32 3 4
-2 32 4 4
-2 32 5 4
-2 32 6 4
-2 32 7 4
-2 32 8 4
-2 32 9 4
-2 32 10 4
-2 32 11 1
-1 32 -16 5
-1 32 -15 5
-1 32 -14 6
-1 32 -11 2
-1 32 -10 4
-1 32 -9 4
-1 32 -8 4
-1 32 -7 4
-1 32 -6 4
-1 32 -5 4
-1 32 -4 4
-1 32 -3 4
-1 32 -2 4
-1 32 -1 4
-1 32 0 4
-1 32 1 4
-1 32 2 4
-1 32 3 4
-1 32 4 4
-1 32 5 4
-1 32 6 4
-1 32 7 4
-1 32 8 4
-1 32 9 4
-1 32 10 4
-1 32 11 2
-1 32 14 5
-1 32 15 6
-1 32 16 5
0 32 -16 5
0 32 -15 5
0 32 -14 5
0 32 -13 6
0 32 -11 2
0 32 -10 4
0 32 -9 4
0 32 -8 4
0 32 -7 4
0 32 -6 4
0 32 -5 4
0 32 -4 4
0 32 -3 4
0 32 -2 4
0 32 -1 4
0 32 0 4
0 32 1 4
0 32 2 4
0 32 3 4
0 32 4 4
0 32 5 4
0 32 6 4
0 32 7 4
0 32 8 4
0 32 9 4
0 32 10 4
0 32 11 2
0 32 13 5
0 32 14 6
0 32 15 5
0 32 16 6
1 32 -16 5
1 32 -15 6
1 32 -14 6
1 32 -11 2
1 32 -10 4
1 32 -9 4
1 32 -8 4
1 32 -7 4
1 32 -6 4
1 32 -5 4
1 32 -4 4
1 32 -3 4
1 32 -2 4
1 32 -1 4
1 32 0 4
1 32 1 4
1 32 2 4
1 32 3 4
1 32 4 4
1 32 5 4
1 32 6 4
1 32 7 4
1 32 8 4
1 32 9 4
1 32 10 4
1 32 11 2
1 32 14 6
1 32 15 5
1 32 16 6
2 32 -11 2
2 32 -10 4
2 32 -9 4
2 32 -8 4
2 32 -7 4
2 32 -6 4
2 32 -5 4
2 32 -4 4
2 32 -3 4
2 32 -2 4
2 32 -1 4
2 32 0 4
2 32 1 4
2 32 2 4
2 32 3 4
2 32 4 4
2 32 5 4
2 32 6 4
2 32 7 4
2 32 8 4
2 32 9 4
2 32 10 4
2 32 11 2
3 32 -11 2
3 32 -10 1
3 32 -9 4
3 32 -8 4
3 32 -7 4
3 32 -6 4
3 32 -5 4
3 32 -4 4
3 32 -3 4
3 32 -2 4
3 32 -1 4
3 32 0 4
3 32 1 4
3 32 2 4
3 32 3 4
3 32 4 4
3 32 5 4
3 32 6 4
3 32 7 4
3 32 8 4
3 32 9 4
3 32 10 2
3 32 11 2
4 32 -11 1
4 32 -10 2
4 32 -9 4
4 32 -8 4
4 32 -7 4
4 32 -6 4
4 32 -5 4
4 32 -4 4
4 32 -3 4
4 32 -2 4
4 32 -1 4
4 32 0 4
4 32 1 4
4 32 2 4
4 32 3 4
4 32 4 4
4 32 5 4
4 32 6 4
4 32 7 4
4 32 8 4
4 32 9 4
4 32 10 2
4 32 11 3
5 32 -10 2
5 32 -9 4
5 32 -8 4
5 32 -7 4
5 32 -6 4
5 32 -5 4
5 32 -4 4
5 32 -3 4
5 32 -2 4
5 32 -1 4
5 32 0 4
5 32 1 4
5 32 2 4
5 32 3 4
5 32 4 4
5 32 5 4
5 32 6 4
5 32 7 4
5 32 8 4
5 32 9 4
5 32 10 2
6 32 -10 2
6 32 -9 3
6 32 -8 4
6 32 -7 4
6 32 -6 4
6 32 -5 4
6 32 -4 4
6 32 -3 4
6 32 -2 4
6 32 -1 4
6 32 0 4
6 32 1 4
6 32 2 4
6 32 3 4
6 32 4 4
6 32 5 4
6 32 6 4
6 32 7 4
6 32 8 4
6 32 9 3
6 32 10 2
7 32 -9 3
7 32 -8 1
7 32 -7 4
7 32 -6 4
7 32 -5 4
7 32 -4 4
7 32 -3 4
7 32 -2 4
7 32 -1 4
7 32 0 4
7 32 1 4
7 32 2 4
7 32 3 4
7 32 4 4
7 32 5 4
7 32 6 4
7 32 7 4
7 32 8 2
7 32 9 2
8 32 -8 3
8 32 -7 3
8 32 -6 4
8 32 -5 4
8 32 -4 4
8 32 -3 4
8 32 -2 4
8 32 -1 4
8 32 0 4
8 32 1 4
8 32 2 4
8 32 3 4
8 32 4 4
8 32 5 4
8 32 6 4
8 32 7 3
8 32 8 2
9 32 -7 2
9 32 -6 1
9 32 -5 4
9 32 -4 4
9 32 -3 4
9 32 -2 4
9 32 -1 4
9 32 0 4
9 32 1 4
9 32 2 4
9 32 3 4
9 32 4 4
9 32 5 4
9 32 6 2
9 32 7 1
10 32 -6 2
10 32 -5 2
10 32 -4 2
10 32 -3 1
10 32 -2 4
10 32 -1 4
10 32 0 4
10 32 1 4
10 32 2 4
10 32 3 2
10 32 4 3
10 32 5 3
10 32 6 2
11 32 -7 6
11 32 -4 2
11 32 -3 2
11 32 -2 1
11 32 -1 2
11 32 0 2
11 32 1 2
11 32 2 3
11 32 3 2
11 32 4 1
11 32 7 6
12 32 -8 6
12 32 -7 6
12 32 -6 6
12 32 6 5
12 32 7 6
12 32 8 5
13 32 -8 5
13 32 -7 6
13 32 -6 6
13 32 6 6
13 32 7 6
13 32 8 5
14 32 -8 5
14 32 -7 5
14 32 -6 5
14 32 6 6
14 32 7 5
14 32 8 6
-14 33 -8 6
-14 33 -7 5
-14 33 -6 6
-14 33 6 6
-14 33 7 5
-14 33 8 6
-13 33 -8 6
-13 33 -7 6
-13 33 -6 6
-13 33 6 6
-13 33 7 6
-13 33 8 6
-12 33 -8 5
-12 33 -7 6
-12 33 -6 5
-12 33 6 6
-12 33 7 6
-12 33 8 6
-11 33 -8 6
-11 33 -7 6
-11 33 -6 5
-11 33 -4 2
-11 33 -3 3
-11 33 -2 1
-11 33 -1 3
-11 33 0 2
-11 33 1 2
-11 33 2 2
-11 33 3 2
-11 33 4 2
-11 33 6 5
-11 33 7 6
-11 33 8 6
-10 33 -6 2
-10 33 -5 3
-10 33 -4 2
-10 33 -3 2
-10 33 -2 4
-10 33 -1 4
-10 33 0 4
-10 33 1 4
-10 33 2 4
-10 33 3 2
-10 33 4 2
-10 33 5 3
-10 33 6 1
-9 33 -7 2
-9 33 -6 1
-9 33 -5 4
-9 33 -4 4
-9 33 -3 4
-9 33 -2 4
-9 33 -1 4
-9 33 0 4
-9 33 1 4
-9 33 2 4
-9 33 3 4
-9 33 4 4
-9 33 5 4
-9 33 6 1
-9 33 7 1
-8 33 -8 3
-8 33 -7 1
-8 33 -6 4
-8 33 -5 4
-8 33 -4 4
-8 33 -3 4
-8 33 -2 4
-8 33 -1 4
-8 33 0 4
-8 33 1 4
-8 33 2 4
-8 33 3 4
-8 33 4 4
-8 33 5 4
-8 33 6 4
-8 33 7 2
-8 33 8 3
-7 33 -9 3
-7 33 -8 2
-7 33 -7 4
-7 33 -6 4
-7 33 -5 4
-7 33 -4 4
-7 33 -3 4
-7 33 -2 4
-7 33 -1 4
-7 33 0 4
-7 33 1 4
-7 33 2 4
-7 33 3 4
-7 33 4 4
-7 33 5 4
-7 33 6 4
-7 33 7 4
-7 33 8 2
-7 33 9 1
-6 33 -10 2
-6 33 -9 1
-6 33 -8 4
-6 33 -7 4
-6 33 -6 4
-6 33 -5 4
-6 33 -4 4
-6 33 -3 4
-6 33 -2 4
-6 33 -1 4
-6 33 0 4
-6 33 1 4
-6 33 2 4
-6 33 3 4
-6 33 4 4
-6 33 5 4
-6 33 6 4
-6 33 7 4
-6 33 8 4
-6 33 9 2
-6 33 10 2
-5 33 -10 3
-5 33 -9 4
-5 33 -8 4
-5 33 -7 4
-5 33 -6 4
-5 33 -5 4
-5 33 -4 4
-5 33 -3 4
-5 33 -2 4
-5 33 -1 4
-5 33 0 4
-5 33 1 4
-5 33 2 4
-5 33 3 4
-5 33 4 4
-5 33 5 4
-5 33 6 4
-5 33 7 4
-5 33 8 4
-5 33 9 4
-5 33 10 1
-4 33 -11 1
-4 33 -10 1
-4 33 -9 4
-4 33 -8 4
-4 33 -7 4
-4 33 -6 4
-4 33 -5 4
-4 33 -4 4
-4 33 -3 4
-4 33 -2 4
-4 33 -1 4
-4 33 0 4
-4 33 1 4
-4 33 2 4
-4 33 3 4
-4 33 4 4
-4 33 5 4
-4 33 6 4
-4 33 7 4
-4 33 8 4
-4 33 9 4
-4 33 10 2
-4 33 11 2
-3 33 -11 1
-3 33 -10 1
-3 33 -9 4
-3 33 -8 4
-3 33 -7 4
-3 33 -6 4
-3 33 -5 4
-3 33 -4 4
-3 33 -3 4
-3 33 -2 4
-3 33 -1 4
-3 33 0 4
-3 33 1 4
-3 33 2 4
-3 33 3 4
-3 33 4 4
-3 33 5 4
-3 33 6 4
-3 33 7 4
-3 33 8 4
-3 33 9 4
-3 33 10 2
-3 33 11 2
-2 33 -11 2
-2 33 -10 4
-2 33 -9 4
-2 33 -8 4
-2 33 -7 4
-2 33 -6 4
-2 33 -5 4
-2 33 -4 4
-2 33 -3 4
-2 33 -2 4
-2 33 -1 4
-2 33 0 4
-2 33 1 4
-2 33 2 4
-2 33 3 4
-2 33 4 4
-2 33 5 4
-2 33 6 4
-2 33 7 4
-2 33 8 4
-2 33 9 4
-2 33 10 4
-2 33 11 2
-1 33 -15 6
-1 33 -14 6
-1 33 -13 6
-1 33 -11 2
-1 33 -10 4
-1 33 -9 4
-1 33 -8 4
-1 33 -7 4
-1 33 -6 4
-1 33 -5 4
-1 33 -4 4
-1 33 -3 4
-1 33 -2 4
-1 33 -1 4
-1 33 0 4
-1 33 1 4
-1 33 2 4
-1 33 3 4
-1 33 4 4
-1 33 5 4
-1 33 6 4
-1 33 7 4
-1 33 8 4
-1 33 9 4
-1 33 10 4
-1 33 11 1
-1 33 13 6
-1 33 14 6
-1 33 15 6
0 33 -16 5
0 33 -15 5
0 33 -14 5
0 33 -13 6
0 33 -11 3
0 33 -10 4
0 33 -9 4
0 33 -8 4
0 33 -7 4
0 33 -6 4
0 33 -5 4
0 33 -4 4
0 33 -3 4
0 33 -2 4
0 33 -1 4
0 33 0 4
0 33 1 4
0 33 2 4
0 33 3 4
0 33 4 4
0 33 5 4
0 33 6 4
0 33 7 4
0 33 8 4
0 33 9 4
0 33 10 4
0 33 11 3
0 33 13 6
0 33 14 5
0 33 15 5
0 33 16 6
1 33 -15 6
1 33 -14 5
1 33 -13 6
1 33 -11 1
1 33 -10 4
1 33 -9 4
1 33 -8 4
1 33 -7 4
1 33 -6 4
1 33 -5 4
1 33 -4 4
1 33 -3 4
1 33 -2 4
1 33 -1 4
1 33 0 4
1 33 1 4
1 33 2 4
1 33 3 4
1 33 4 4
1 33 5 4
1 33 6 4
1 33 7 4
1 33 8 4
1 33 9 4
1 33 10 4
1 33 11 2
1 33 13 6
1 33 14 5
1 33 15 6
2 33 -11 2
2 33 -10 4
2 33 -9 4
2 33 -8 4
2 33 -7 4
2 33 -6 4
2 33 -5 4
2 33 -4 4
2 33 -3 4
2 33 -2 4
2 33 -1 4
2 33 0 4
2 33 1 4
2 33 2 4
2 33 3 4
2 33 4 4
2 33 5 4
2 33 6 4
2 33 7 4
2 33 8 4
2 33 9 4
2 33 10 4
2 33 11 2
3 33 -11 2
3 33 -10 3
3 33 -9 4
3 33 -8 4
3 33 -7 4
3 33 -6 4
3 33 -5 4
3 33 -4 4
3 33 -3 4
3 33 -2 4
3 33 -1 4
3 33 0 4
3 33 1 4
3 33 2 4
3 33 3 4
3 33 4 4
3 33 5 4
3 33 6 4
3 33 7 4
3 33 8 4
3 33 9 4
3 33 10 2
3 33 11 1
4 33 -11 2
4 33 -10 2
4 33 -9 4
4 33 -8 4
4 33 -7 4
4 33 -6 4
4 33 -5 4
4 33 -4 4
4 33 -3 4
4 33 -2 4
4 33 -1 4
4 33 0 4
4 33 1 4
4 33 2 4
4 33 3 4
4 33 4 4
4 33 5 4
4 33 6 4
4 33 7 4
4 33 8 4
4 33 9 4
4 33 10 3
4 33 11 1
5 33 -10 3
5 33 -9 4
5 33 -8 4
5 33 -7 4
5 33 -6 4
5 33 -5 4
5 33 -4 4
5 33 -3 4
5 33 -2 4
5 33 -1 4
5 33 0 4
5 33 1 4
5 33 2 4
5 33 3 4
5 33 4 4
5 33 5 4
5 33 6 4
5 33 7 4
5 33 8 4
5 33 9 4
5 33 10 1
6 33 -10 2
6 33 -9 3
6 33 -8 4
6 33 -7 4
6 33 -6 4
6 33 -5 4
6 33 -4 4
6 33 -3 4
6 33 -2 4
6 33 -1 4
6 33 0 4
6 33 1 4
6 33 2 4
6 33 3 4
6 33 4 4
6 33 5 4
6 33 6 4
6 33 7 4
6 33 8 4
6 33 9 2
6 33 10 2
7 33 -9 1
7 33 -8 1
7 33 -7 4
7 33 -6 4
7 33 -5 4
7 33 -4 4
7 33 -3 4
7 33 -2 4
7 33 -1 4
7 33 0 4
7 33 1 4
7 33 2 4
7 33 3 4
7 33 4 4
7 33 5 4
7 33 6 4
7 33 7 4
7 33 8 2
7 33 9 3
8 33 -8 3
8 33 -7 1
8 33 -6 4
8 33 -5 4
8 33 -4 4
8 33 -3 4
8 33 -2 4
8 33 -1 4
8 33 0 4
8 33 1 4
8 33 2 4
8 33 3 4
8 33 4 4
8 33 5 4
8 33 6 4
8 33 7 1
8 33 8 3
9 33 -7 1
9 33 -6 3
9 33 -5 4
9 33 -4 4
9 33 -3 4
9 33 -2 4
9 33 -1 4
9 33 0 4
9 33 1 4
9 33 2 4
9 33 3 4
9 33 4 4
9 33 5 4
9 33 6 2
9 33 7 2
10 33 -6 1
10 33 -5 2
10 33 -4 2
10 33 -3 2
10 33 -2 4
10 33 -1 4
10 33 0 4
10 33 1 4
10 33 2 4
10 33 3 1
10 33 4 2
10 33 5 2
10 33 6 2
11 33 -8 6
11 33 -7 6
11 33 -6 5
11 33 -4 2
11 33 -3 2
11 33 -2 3
11 33 -1 2
11 33 0 2
11 33 1 3
11 33 2 3
11 33 3 3
11 33 4 3
11 33 6 5
11 33 7 6
11 33 8 6
12 33 -8 5
12 33 -7 5
12 33 -6 5
12 33 6 5
12 33 7 5
12 33 8 6
13 33 -8 5
13 33 -7 6
13 33 -6 6
13 33 6 5
13 33 7 6
13 33 8 5
14 33 -8 5
14 33 -7 5
14 33 -6 6
14 33 6 6
14 33 7 5
14 33 8 5
-14 34 -7 6
-14 34 7 6
-13 34 -8 6
-13 34 -7 6
-13 34 -6 6
-13 34 6 5
-13 34 7 5
-13 34 8 5
-12 34 -8 6
-12 34 -7 6
-12 34 -6 5
-12 34 6 6
-12 34 7 5
-12 34 8 6
-11 34 -8 6
-11 34 -7 5
-11 34 -6 5
-11 34 -4 1
-11 34 -3 2
-11 34 -2 2
-11 34 -1 2
-11 34 0 2
-11 34 1 1
-11 34 2 2
-11 34 3 2
-11 34 4 2
-11 34 6 5
-11 34 7 5
-11 34 8 6
-10 34 -6 1
-10 34 -5 2
-10 34 -4 1
-10 34 -3 1
-10 34 -2 4
-10 34 -1 4
-10 34 0 4
-10 34 1 4
-10 34 2 4
-10 34 3 3
-10 34 4 1
-10 34 5 2
-10 34 6 1
-9 34 -7 2
-9 34 -6 1
-9 34 -5 4
-9 34 -4 4
-9 34 -3 4
-9 34 -2 4
-9 34 -1 4
-9 34 0 4
-9 34 1 4
-9 34 2 4
-9 34 3 4
-9 34 4 4
-9 34 5 4
-9 34 6 2
-9 34 7 2
-8 34 -8 2
-8 34 -7 2
-8 34 -6 4
-8 34 -5 4
-8 34 -4 4
-8 34 -3 4
-8 34 -2 4
-8 34 -1 4
-8 34 0 4
-8 34 1 4
-8 34 2 4
-8 34 3 4
-8 34 4 4
-8 34 5 4
-8 34 6 4
-8 34 7 2
-8 34 8 2
-7 34 -9 2
-7 34 -8 3
-7 34 -7 4
-7 34 -6 4
-7 34 -5 4
-7 34 -4 4
-7 34 -3 4
-7 34 -2 4
-7 34 -1 4
-7 34 0 4
-7 34 1 4
-7 34 2 4
-7 34 3 4
-7 34 4 4
-7 34 5 4
-7 34 6 4
-7 34 7 4
-7 34 8 1
-7 34 9 1
-6 34 -10 2
-6 34 -9 3
-6 34 -8 4
-6 34 -7 4
-6 34 -6 4
-6 34 -5 4
-6 34 -4 4
-6 34 -3 4
-6 34 -2 4
-6 34 -1 4
-6 34 0 4
-6 34 1 4
-6 34 2 4
-6 34 3 4
-6 34 4 4
-6 34 5 4
-6 34 6 4
-6 34 7 4
-6 34 8 4
-6 34 9 2
-6 34 10 2
-5 34 -10 2
-5 34 -9 4
-5 34 -8 4
-5 34 -7 4
-5 34 -6 4
-5 34 -5 4
-5 34 -4 4
-5 34 -3 4
-5 34 -2 4
-5 34 -1 4
-5 34 0 4
-5 34 1 4
-5 34 2 4
-5 34 3 4
-5 34 4 4
-5 34 5 4
-5 34 6 4
-5 34 7 4
-5 34 8 4
-5 34 9 4
-5 34 10 1
-4 34 -11 2
-4 34 -10 1
-4 34 -9 4
-4 34 -8 4
-4 34 -7 4
-4 34 -6 4
-4 34 -5 4
-4 34 -4 4
-4 34 -3 4
-4 34 -2 4
-4 34 -1 4
-4 34 0 4
-4 34 1 4
-4 34 2 4
-4 34 3 4
-4 34 4 4
-4 34 5 4
-4 34 6 4
-4 34 7 4
-4 34 8 4
-4 34 9 4
-4 34 10 1
-4 34 11 2
-3 34 -11 1
-3 34 -10 2
-3 34 -9 4
-3 34 -8 4
-3 34 -7 4
-3 34 -6 4
-3 34 -5 4
-3 34 -4 4
-3 34 -3 4
-3 34 -2 4
-3 34 -1 4
-3 34 0 4
-3 34 1 4
-3 34 2 4
-3 34 3 4
-3 34 4 4
-3 34 5 4
-3 34 6 4
-3 34 7 4
-3 34 8 4
-3 34 9 4
-3 34 10 2
-3 34 11 2
-2 34 -11 2
-2 34 -10 4
-2 34 -9 4
-2 34 -8 4
-2 34 -7 4
-2 34 -6 4
-2 34 -5 4
-2 34 -4 4
-2 34 -3 4
-2 34 -2 4
-2 34 -1 4
-2 34 0 4
-2 34 1 4
-2 34 2 4
-2 34 3 4
-2 34 4 4
-2 34 5 4
-2 34 6 4
-2 34 7 4
-2 34 8 4
-2 34 9 4
-2 34 10 4
-2 34 11 2
-1 34 -15 5
-1 34 -14 5
-1 34 -13 6
-1 34 -11 1
-1 34 -10 4
-1 34 -9 4
-1 34 -8 4
-1 34 -7 4
-1 34 -6 4
-1 34 -5 4
-1 34 -4 4
-1 34 -3 4
-1 34 -2 4
-1 34 -1 4
-1 34 0 4
-1 34 1 4
-1 34 2 4
-1 34 3 4
-1 34 4 4
-1 34 5 4
-1 34 6 4
-1 34 7 4
-1 34 8 4
-1 34 9 4
-1 34 10 4
-1 34 11 2
-1 34 13 6
-1 34 14 6
-1 34 15 6
0 34 -15 5
0 34 -14 6
0 34 -13 6
0 34 -11 2
0 34 -10 4
0 34 -9 4
0 34 -8 4
0 34 -7 4
0 34 -6 4
0 34 -5 4
0 34 -4 4
0 34 -3 4
0 34 -2 4
0 34 -1 4
0 34 0 4
0 34 1 4
0 34 2 4
0 34 3 4
0 34 4 4
0 34 5 4
0 34 6 4
0 34 7 4
0 34 8 4
0 34 9 4
0 34 10 4
0 34 11 1
0 34 13 6
0 34 14 6
0 34 15 5
1 34 -15 6
1 34 -14 5
1 34 -13 6
1 34 -11 2
1 34 -10 4
1 34 -9 4
1 34 -8 4
1 34 -7 4
1 34 -6 4
1 34 -5 4
1 34 -4 4
1 34 -3 4
1 34 -2 4
1 34 -1 4
1 34 0 4
1 34 1 4
1 34 2 4
1 34 3 4
1 34 4 4
1 34 5 4
1 34 6 4
1 34 7 4
1 34 8 4
1 34 9 4
1 34 10 4
1 34 11 1
1 34 13 6
1 34 14 6
1 34 15 5
2 34 -11 2
2 34 -10 4
2 34 -9 4
2 34 -8 4
2 34 -7 4
2 34 -6 4
2 34 -5 4
2 34 -4 4
2 34 -3 4
2 34 -2 4
2 34 -1 4
2 34 0 4
2 34 1 4
2 34 2 4
2 34 3 4
2 34 4 4
2 34 5 4
2 34 6 4
2 34 7 4
2 34 8 4
2 34 9 4
2 34 10 4
2 34 11 3
3 34 -11 2
3 34 -10 2
3 34 -9 4
3 34 -8 4
3 34 -7 4
3 34 -6 4
3 34 -5 4
3 34 -4 4
3 34 -3 4
3 34 -2 4
3 34 -1 4
3 34 0 4
3 34 1 4
3 34 2 4
3 34 3 4
3 34 4 4
3 34 5 4
3 34 6 4
3 34 7 4
3 34 8 4
3 34 9 4
3 34 10 2
3 34 11 1
4 34 -11 1
4 34 -10 1
4 34 -9 4
4 34 -8 4
4 34 -7 4
4 34 -6 4
4 34 -5 4
4 34 -4 4
4 34 -3 4
4 34 -2 4
4 34 -1 4
4 34 0 4
4 34 1 4
4 34 2 4
4 34 3 4
4 34 4 4
4 34 5 4
4 34 6 4
4 34 7 4
4 34 8 4
4 34 9 4
4 34 10 1
4 34 11 2
5 34 -10 3
5 34 -9 4
5 34 -8 4
5 34 -7 4
5 34 -6 4
5 34 -5 4
5 34 -4 4
5 34 -3 4
5 34 -2 4
5 34 -1 4
5 34 0 4
5 34 1 4
5 34 2 4
5 34 3 4
5 34 4 4
5 34 5 4
5 34 6 4
5 34 7 4
5 34 8 4
5 34 9 4
5 34 10 2
6 34 -10 2
6 34 -9 3
6 34 -8 4
6 34 -7 4
6 34 -6 4
6 34 -5 4
6 34 -4 4
6 34 -3 4
6 34 -2 4
6 34 -1 4
6 34 0 4
6 34 1 4
6 34 2 4
6 34 3 4
6 34 4 4
6 34 5 4
6 34 6 4
6 34 7 4
6 34 8 4
6 34 9 1
6 34 10 2
7 34 -9 1
7 34 -8 3
7 34 -7 4
7 34 -6 4
7 34 -5 4
7 34 -4 4
7 34 -3 4
7 34 -2 4
7 34 -1 4
7 34 0 4
7 34 1 4
7 34 2 4
7 34 3 4
7 34 4 4
7 34 5 4
7 34 6 4
7 34 7 4
7 34 8 3
7 34 9 2
8 34 -8 2
8 34 -7 2
8 34 -6 4
8 34 -5 4
8 34 -4 4
8 34 -3 4
8 34 -2 4
8 34 -1 4
8 34 0 4
8 34 1 4
8 34 2 4
8 34 3 4
8 34 4 4
8 34 5 4
8 34 6 4
8 34 7 2
8 34 8 2
9 34 -7 2
9 34 -6 2
9 34 -5 4
9 34 -4 4
9 34 -3 4
9 34 -2 4
9 34 -1 4
9 34 0 4
9 34 1 4
9 34 2 4
9 34 3 4
9 34 4 4
9 34 5 4
9 34 6 2
9 34 7 2
10 34 -6 1
10 34 -5 1
10 34 -4 2
10 34 -3 2
10 34 -2 4
10 34 -1 4
10 34 0 4
10 34 1 4
10 34 2 4
10 34 3 2
10 34 4 2
10 34 5 2
10 34 6 1
11 34 -8 5
11 34 -7 5
11 34 -6 6
11 34 -4 3
11 34 -3 2
11 34 -2 1
11 34 -1 1
11 34 0 2
11 34 1 2
11 34 2 1
11 34 3 2
11 34 4 1
11 34 6 5
11 34 7 5
11 34 8 6
12 34 -8 5
12 34 -7 6
12 34 -6 5
12 34 6 6
12 34 7 5
12 34 8 6
13 34 -8 6
13 34 -7 5
13 34 -6 5
13 34 6 5
13 34 7 6
13 34 8 5
14 34 -7 5
14 34 7 5
-13 35 -8 6
-13 35 -7 6
-13 35 -6 6
-13 35 6 6
-13 35 7 5
-13 35 8 5
-12 35 -8 6
-12 35 -7 5
-12 35 -6 5
-12 35 6 6
-12 35 7 6
-12 35 8 5
-11 35 -8 5
-11 35 -7 5
-11 35 -6 5
-11 35 -4 2
-11 35 -3 3
-11 35 -2 1
-11 35 -1 2
-11 35 0 2
-11 35 1 3
-11 35 2 2
-11 35 3 3
-11 35 4 1
-11 35 6 5
-11 35 7 5
-11 35 8 6
-10 35 -6 1
-10 35 -5 2
-10 35 -4 3
-10 35 -3 1
-10 35 -2 4
-10 35 -1 4
-10 35 0 4
-10 35 1 4
-10 35 2 4
-10 35 3 1
-10 35 4 1
-10 35 5 2
-10 35 6 2
-9 35 -7 1
-9 35 -6 3
-9 35 -5 2
-9 35 -4 4
-9 35 -3 4
-9 35 -2 4
-9 35 -1 4
-9 35 0 4
-9 35 1 4
-9 35 2 4
-9 35 3 4
-9 35 4 4
-9 35 5 3
-9 35 6 2
-9 35 7 2
-8 35 -8 1
-8 35 -7 2
-8 35 -6 4
-8 35 -5 4
-8 35 -4 4
-8 35 -3 4
-8 35 -2 4
-8 35 -1 4
-8 35 0 4
-8 35 1 4
-8 35 2 4
-8 35 3 4
-8 35 4 4
-8 35 5 4
-8 35 6 4
-8 35 7 3
-8 35 8 2
-7 35 -9 2
-7 35 -8 1
-7 35 -7 4
-7 35 -6 4
-7 35 -5 4
-7 35 -4 4
-7 35 -3 4
-7 35 -2 4
-7 35 -1 4
-7 35 0 4
-7 35 1 4
-7 35 2 4
-7 35 3 4
-7 35 4 4
-7 35 5 4
-7 35 6 4
-7 35 7 4
-7 35 8 1
-7 35 9 2
-6 35 -10 1
-6 35 -9 2
-6 35 -8 4
-6 35 -7 4
-6 35 -6 4
-6 35 -5 4
-6 35 -4 4
-6 35 -3 4
-6 35 -2 4
-6 35 -1 4
-6 35 0 4
-6 35 1 4
-6 35 2 4
-6 35 3 4
-6 35 4 4
-6 35 5 4
-6 35 6 4
-6 35 7 4
-6 35 8 4
-6 35 9 3
-6 35 10 3
-5 35 -10 2
-5 35 -9 2
-5 35 -8 4
-5 35 -7 4
-5 35 -6 4
-5 35 -5 4
-5 35 -4 4
-5 35 -3 4
-5 35 -2 4
-5 35 -1 4
-5 35 0 4
-5 35 1 4
-5 35 2 4
-5 35 3 4
-5 35 4 4
-5 35 5 4
-5 35 6 4
-5 35 7 4
-5 35 8 4
-5 35 9 2
-5 35 10 2
-4 35 -11 2
-4 35 -10 2
-4 35 -9 4
-4 35 -8 4
-4 35 -7 4
-4 35 -6 4
-4 35 -5 4
-4 35 -4 4
-4 35 -3 4
-4 35 -2 4
-4 35 -1 4
-4 35 0 4
-4 35 1 4
-4 35 2 4
-4 35 3 4
-4 35 4 4
-4 35 5 4
-4 35 6 4
-4 35 7 4
-4 35 8 4
-4 35 9 4
-4 35 10 2
-4 35 11 1
-3 35 -11 1
-3 35 -10 3
-3 35 -9 4
-3 35 -8 4
-3 35 -7 4
-3 35 -6 4
-3 35 -5 4
-3 35 -4 4
-3 35 -3 4
-3 35 -2 4
-3 35 -1 4
-3 35 0 4
-3 35 1 4
-3 35 2 4
-3 35 3 4
-3 35 4 4
-3 35 5 4
-3 35 6 4
-3 35 7 4
-3 35 8 4
-3 35 9 4
-3 35 10 2
-3 35 11 1
-2 35 -11 2
-2 35 -10 4
-2 35 -9 4
-2 35 -8 4
-2 35 -7 4
-2 35 -6 4
-2 35 -5 4
-2 35 -4 4
-2 35 -3 4
-2 35 -2 4
-2 35 -1 4
-2 35 0 4
-2 35 1 4
-2 35 2 4
-2 35 3 4
-2 35 4 4
-2 35 5 4
-2 35 6 4
-2 35 7 4
-2 35 8 4
-2 35 9 4
-2 35 10 4
-2 35 11 2
-1 35 -15 5
-1 35 -14 5
-1 35 -13 5
-1 35 -11 2
-1 35 -10 4
-1 35 -9 4
-1 35 -8 4
-1 35 -7 4
-1 35 -6 4
-1 35 -5 4
-1 35 -4 4
-1 35 -3 4
-1 35 -2 4
-1 35 -1 4
-1 35 0 4
-1 35 1 4
-1 35 2 4
-1 35 3 4
-1 35 4 4
-1 35 5 4
-1 35 6 4
-1 35 7 4
-1 35 8 4
-1 35 9 4
-1 35 10 4
-1 35 11 2
-1 35 13 6
-1 35 14 6
-1 35 15 6
0 35 -15 5
0 35 -14 5
0 35 -13 5
0 35 -11 1
0 35 -10 4
0 35 -9 4
0 35 -8 4
0 35 -7 4
0 35 -6 4
0 35 -5 4
0 35 -4 4
0 35 -3 4
0 35 -2 4
0 35 -1 4
0 35 0 4
0 35 1 4
0 35 2 4
0 35 3 4
0 35 4 4
0 35 5 4
0 35 6 4
0 35 7 4
0 35 8 4
0 35 9 4
0 35 10 4
0 35 11 3
0 35 13 5
0 35 14 5
0 35 15 5
1 35 -15 6
1 35 -14 6
1 35 -13 6
1 35 -11 2
1 35 -10 4
1 35 -9 4
1 35 -8 4
1 35 -7 4
1 35 -6 4
1 35 -5 4
1 35 -4 4
1 35 -3 4
1 35 -2 4
1 35 -1 4
1 35 0 4
1 35 1 4
1 35 2 4
1 35 3 4
1 35 4 4
1 35 5 4
1 35 6 4
1 35 7 4
1 35 8 4
1 35 9 4
1 35 10 4
1 35 11 2
1 35 13 5
1 35 14 6
1 35 15 5
2 35 -11 2
2 35 -10 4
2 35 -9 4
2 35 -8 4
2 35 -7 4
2 35 -6 4
2 35 -5 4
2 35 -4 4
2 35 -3 4
2 35 -2 4
2 35 -1 4
2 35 0 4
2 35 1 4
2 35 2 4
2 35 3 4
2 35 4 4
2 35 5 4
2 35 6 4
2 35 7 4
2 35 8 4
2 35 9 4
2 35 10 4
2 35 11 1
3 35 -11 1
3 35 -10 1
3 35 -9 4
3 35 -8 4
3 35 -7 4
3 35 -6 4
3 35 -5 4
3 35 -4 4
3 35 -3 4
3 35 -2 4
3 35 -1 4
3 35 0 4
3 35 1 4
3 35 2 4
3 35 3 4
3 35 4 4
3 35 5 4
3 35 6 4
3 35 7 4
3 35 8 4
3 35 9 4
3 35 10 1
3 35 11 1
4 35 -11 2
4 35 -10 3
4 35 -9 4
4 35 -8 4
4 35 -7 4
4 35 -6 4
4 35 -5 4
4 35 -4 4
4 35 -3 4
4 35 -2 4
4 35 -1 4
4 35 0 4
4 35 1 4
4 35 2 4
4 35 3 4
4 35 4 4
4 35 5 4
4 35 6 4
4 35 7 4
4 35 8 4
4 35 9 4
4 35 10 2
4 35 11 2
5 35 -10 1
5 35 -9 2
5 35 -8 4
5 35 -7 4
5 35 -6 4
5 35 -5 4
5 35 -4 4
5 35 -3 4
5 35 -2 4
5 35 -1 4
5 35 0 4
5 35 1 4
5 35 2 4
5 35 3 4
5 35 4 4
5 35 5 4
5 35 6 4
5 35 7 4
5 35 8 4
5 35 9 2
5 35 10 2
6 35 -10 3
6 35 -9 2
6 35 -8 4
6 35 -7 4
6 35 -6 4
6 35 -5 4
6 35 -4 4
6 35 -3 4
6 35 -2 4
6 35 -1 4
6 35 0 4
6 35 1 4
6 35 2 4
6 35 3 4
6 35 4 4
6 35 5 4
6 35 6 4
6 35 7 4
6 35 8 4
6 35 9 1
6 35 10 1
7 35 -9 2
7 35 -8 3
7 35 -7 4
7 35 -6 4
7 35 -5 4
7 35 -4 4
7 35 -3 4
7 35 -2 4
7 35 -1 4
7 35 0 4
7 35 1 4
7 35 2 4
7 35 3 4
7 35 4 4
7 35 5 4
7 35 6 4
7 35 7 4
7 35 8 2
7 35 9 2
8 35 -8 2
8 35 -7 1
8 35 -6 4
8 35 -5 4
8 35 -4 4
8 35 -3 4
8 35 -2 4
8 35 -1 4
8 35 0 4
8 35 1 4
8 35 2 4
8 35 3 4
8 35 4 4
8 35 5 4
8 35 6 4
8 35 7 2
8 35 8 1
9 35 -7 2
9 35 -6 1
9 35 -5 3
9 35 -4 4
9 35 -3 4
9 35 -2 4
9 35 -1 4
9 35 0 4
9 35 1 4
9 35 2 4
9 35 3 4
9 35 4 4
9 35 5 2
9 35 6 3
9 35 7 1
10 35 -6 2
10 35 -5 2
10 35 -4 2
10 35 -3 2
10 35 -2 4
10 35 -1 4
10 35 0 4
10 35 1 4
10 35 2 4
10 35 3 2
10 35 4 2
10 35 5 2
10 35 6 1
11 35 -8 6
11 35 -7 5
11 35 -6 6
11 35 -4 1
11 35 -3 3
11 35 -2 3
11 35 -1 3
11 35 0 2
11 35 1 2
11 35 2 3
11 35 3 3
11 35 4 3
11 35 6 6
11 35 7 5
11 35 8 6
12 35 -8 5
12 35 -7 6
12 35 -6 5
12 35 6 5
12 35 7 5
12 35 8 5
13 35 -8 5
13 35 -7 5
13 35 -6 5
13 35 6 6
13 35 7 6
13 35 8 5
-13 36 -8 6
-13 36 -7 5
-13 36 -6 6
-13 36 6 5
-13 36 7 6
-13 36 8 5
-12 36 -8 5
-12 36 -7 6
-12 36 -6 6
-12 36 6 6
-12 36 7 6
-12 36 8 5
-11 36 -8 5
-11 36 -7 5
-11 36 -6 6
-11 36 -4 2
-11 36 -3 1
-11 36 -2 1
-11 36 -1 1
-11 36 0 2
-11 36 1 2
-11 36 2 1
-11 36 3 1
-11 36 4 3
-11 36 6 5
-11 36 7 6
-11 36 8 6
-10 36 -6 1
-10 36 -5 2
-10 36 -4 1
-10 36 -3 1
-10 36 -2 2
-10 36 -1 4
-10 36 0 4
-10 36 1 4
-10 36 2 3
-10 36 3 2
-10 36 4 2
-10 36 5 2
-10 36 6 2
-9 36 -7 2
-9 36 -6 1
-9 36 -5 2
-9 36 -4 4
-9 36 -3 4
-9 36 -2 4
-9 36 -1 4
-9 36 0 4
-9 36 1 4
-9 36 2 4
-9 36 3 4
-9 36 4 4
-9 36 5 1
-9 36 6 2
-9 36 7 2
-8 36 -8 2
-8 36 -7 2
-8 36 -6 4
-8 36 -5 4
-8 36 -4 4
-8 36 -3 4
-8 36 -2 4
-8 36 -1 4
-8 36 0 4
-8 36 1 4
-8 36 2 4
-8 36 3 4
-8 36 4 4
-8 36 5 4
-8 36 6 4
-8 36 7 3
-8 36 8 2
-7 36 -9 3
-7 36 -8 2
-7 36 -7 4
-7 36 -6 4
-7 36 -5 4
-7 36 -4 4
-7 36 -3 4
-7 36 -2 4
-7 36 -1 4
-7 36 0 4
-7 36 1 4
-7 36 2 4
-7 36 3 4
-7 36 4 4
-7 36 5 4
-7 36 6 4
-7 36 7 4
-7 36 8 2
-7 36 9 2
-6 36 -10 2
-6 36 -9 2
-6 36 -8 4
-6 36 -7 4
-6 36 -6 4
-6 36 -5 4
-6 36 -4 4
-6 36 -3 4
-6 36 -2 4
-6 36 -1 4
-6 36 0 4
-6 36 1 4
-6 36 2 4
-6 36 3 4
-6 36 4 4
-6 36 5 4
-6 36 6 4
-6 36 7 4
-6 36 8 4
-6 36 9 1
-6 36 10 1
-5 36 -10 3
-5 36 -9 2
-5 36 -8 4
-5 36 -7 4
-5 36 -6 4
-5 36 -5 4
-5 36 -4 4
-5 36 -3 4
-5 36 -2 4
-5 36 -1 4
-5 36 0 4
-5 36 1 4
-5 36 2 4
-5 36 3 4
-5 36 4 4
-5 36 5 4
-5 36 6 4
-5 36 7 4
-5 36 8 4
-5 36 9 1
-5 36 10 1
-4 36 -11 2
-4 36 -10 1
-4 36 -9 4
-4 36 -8 4
-4 36 -7 4
-4 36 -6 4
-4 36 -5 4
-4 36 -4 4
-4 36 -3 4
-4 36 -2 4
-4 36 -1 4
-4 36 0 4
-4 36 1 4
-4 36 2 4
-4 36 3 4
-4 36 4 4
-4 36 5 4
-4 36 6 4
-4 36 7 4
-4 36 8 4
-4 36 9 4
-4 36 10 1
-4 36 11 3
-3 36 -11 3
-3 36 -10 1
-3 36 -9 4
-3 36 -8 4
-3 36 -7 4
-3 36 -6 4
-3 36 -5 4
-3 36 -4 4
-3 36 -3 4
-3 36 -2 4
-3 36 -1 4
-3 36 0 4
-3 36 1 4
-3 36 2 4
-3 36 3 4
-3 36 4 4
-3 36 5 4
-3 36 6 4
-3 36 7 4
-3 36 8 4
-3 36 9 4
-3 36 10 2
-3 36 11 2
-2 36 -11 1
-2 36 -10 3
-2 36 -9 4
-2 36 -8 4
-2 36 -7 4
-2 36 -6 4
-2 36 -5 4
-2 36 -4 4
-2 36 -3 4
-2 36 -2 4
-2 36 -1 4
-2 36 0 4
-2 36 1 4
-2 36 2 4
-2 36 3 4
-2 36 4 4
-2 36 5 4
-2 36 6 4
-2 36 7 4
-2 36 8 4
-2 36 9 4
-2 36 10 2
-2 36 11 2
-1 36 -15 6
-1 36 -14 6
-1 36 -13 5
-1 36 -11 1
-1 36 -10 4
-1 36 -9 4
-1 36 -8 4
-1 36 -7 4
-1 36 -6 4
-1 36 -5 4
-1 36 -4 4
-1 36 -3 4
-1 36 -2 4
-1 36 -1 4
-1 36 0 4
-1 36 1 4
-1 36 2 4
-1 36 3 4
-1 36 4 4
-1 36 5 4
-1 36 6 4
-1 36 7 4
-1 36 8 4
-1 36 9 4
-1 36 10 4
-1 36 11 2
-1 36 13 6
-1 36 14 5
-1 36 15 6
0 36 -15 5
0 36 -14 6
0 36 -13 6
0 36 -12 0
0 36 -11 1
0 36 -10 4
0 36 -9 4
0 36 -8 4
0 36 -7 4
0 36 -6 4
0 36 -5 4
0 36 -4 4
0 36 -3 4
0 36 -2 4
0 36 -1 4
0 36 0 4
0 36 1 4
0 36 2 4
0 36 3 4
0 36 4 4
0 36 5 4
0 36 6 4
0 36 7 4
0 36 8 4
0 36 9 4
0 36 10 4
0 36 11 1
0 36 12 0
0 36 13 5
0 36 14 5
0 36 15 5
1 36 -15 6
1 36 -14 6
1 36 -13 6
1 36 -11 2
1 36 -10 4
1 36 -9 4
1 36 -8 4
1 36 -7 4
1 36 -6 4
1 36 -5 4
1 36 -4 4
1 36 -3 4
1 36 -2 4
1 36 -1 4
1 36 0 4
1 36 1 4
1 36 2 4
1 36 3 4
1 36 4 4
1 36 5 4
1 36 6 4
1 36 7 4
1 36 8 4
1 36 9 4
1 36 10 4
1 36 11 1
1 36 13 5
1 36 14 5
1 36 15 6
2 36 -11 2
2 36 -10 2
2 36 -9 4
2 36 -8 4
2 36 -7 4
2 36 -6 4
2 36 -5 4
2 36 -4 4
2 36 -3 4
2 36 -2 4
2 36 -1 4
2 36 0 4
2 36 1 4
2 36 2 4
2 36 3 4
2 36 4 4
2 36 5 4
2 36 6 4
2 36 7 4
2 36 8 4
2 36 9 4
2 36 10 3
2 36 11 2
3 36 -11 2
3 36 -10 1
3 36 -9 4
3 36 -8 4
3 36 -7 4
3 36 -6 4
3 36 -5 4
3 36 -4 4
3 36 -3 4
3 36 -2 4
3 36 -1 4
3 36 0 4
3 36 1 4
3 36 2 4
3 36 3 4
3 36 4 4
3 36 5 4
3 36 6 4
3 36 7 4
3 36 8 4
3 36 9 4
3 36 10 2
3 36 11 3
4 36 -11 3
4 36 -10 1
4 36 -9 4
4 36 -8 4
4 36 -7 4
4 36 -6 4
4 36 -5 4
4 36 -4 4
4 36 -3 4
4 36 -2 4
4 36 -1 4
4 36 0 4
4 36 1 4
4 36 2 4
4 36 3 4
4 36 4 4
4 36 5 4
4 36 6 4
4 36 7 4
4 36 8 4
4 36 9 4
4 36 10 2
4 36 11 2
5 36 -10 2
5 36 -9 1
5 36 -8 4
5 36 -7 4
5 36 -6 4
5 36 -5 4
5 36 -4 4
5 36 -3 4
5 36 -2 4
5 36 -1 4
5 36 0 4
5 36 1 4
5 36 2 4
5 36 3 4
5 36 4 4
5 36 5 4
5 36 6 4
5 36 7 4
5 36 8 4
5 36 9 2
5 36 10 1
6 36 -10 1
6 36 -9 2
6 36 -8 4
6 36 -7 4
6 36 -6 4
6 36 -5 4
6 36 -4 4
6 36 -3 4
6 36 -2 4
6 36 -1 4
6 36 0 4
6 36 1 4
6 36 2 4
6 36 3 4
6 36 4 4
6 36 5 4
6 36 6 4
6 36 7 4
6 36 8 4
6 36 9 3
6 36 10 2
7 36 -9 2
7 36 -8 2
7 36 -7 4
7 36 -6 4
7 36 -5 4
7 36 -4 4
7 36 -3 4
7 36 -2 4
7 36 -1 4
7 36 0 4
7 36 1 4
7 36 2 4
7 36 3 4
7 36 4 4
7 36 5 4
7 36 6 4
7 36 7 4
7 36 8 1
7 36 9 3
8 36 -8 2
8 36 -7 2
8 36 -6 4
8 36 -5 4
8 36 -4 4
8 36 -3 4
8 36 -2 4
8 36 -1 4
8 36 0 4
8 36 1 4
8 36 2 4
8 36 3 4
8 36 4 4
8 36 5 4
8 36 6 4
8 36 7 2
8 36 8 2
9 36 -7 2
9 36 -6 2
9 36 -5 1
9 36 -4 4
9 36 -3 4
9 36 -2 4
9 36 -1 4
9 36 0 4
9 36 1 4
9 36 2 4
9 36 3 4
9 36 4 4
9 36 5 2
9 36 6 2
9 36 7 2
10 36 -6 2
10 36 -5 1
10 36 -4 3
10 36 -3 1
10 36 -2 3
10 36 -1 4
10 36 0 4
10 36 1 4
10 36 2 2
10 36 3 2
10 36 4 2
10 36 5 1
10 36 6 1
11 36 -8 6
11 36 -7 6
11 36 -6 5
11 36 -4 1
11 36 -3 1
11 36 -2 1
11 36 -1 2
11 36 0 2
11 36 1 1
11 36 2 2
11 36 3 1
11 36 4 2
11 36 6 6
11 36 7 5
11 36 8 5
12 36 -8 5
12 36 -7 6
12 36 -6 5
12 36 6 6
12 36 7 6
12 36 8 5
13 36 -8 6
13 36 -7 6
13 36 -6 6
13 36 6 5
13 36 7 5
13 36 8 5
-13 37 -8 6
-13 37 -7 5
-13 37 -6 6
-13 37 6 5
-13 37 7 6
-13 37 8 6
-12 37 -8 5
-12 37 -7 5
-12 37 -6 6
-12 37 6 5
-12 37 7 6
-12 37 8 5
-11 37 -8 5
-11 37 -7 5
-11 37 -6 5
-11 37 -3 2
-11 37 -2 1
-11 37 -1 2
-11 37 0 2
-11 37 1 3
-11 37 2 2
-11 37 3 2
-11 37 6 6
-11 37 7 6
-11 37 8 6
-10 37 -7 6
-10 37 -5 2
-10 37 -4 2
-10 37 -3 1
-10 37 -2 2
-10 37 -1 2
-10 37 0 1
-10 37 1 2
-10 37 2 2
-10 37 3 2
-10 37 4 2
-10 37 5 2
-10 37 7 6
-9 37 -7 2
-9 37 -6 3
-9 37 -5 1
-9 37 -4 4
-9 37 -3 4
-9 37 -2 4
-9 37 -1 4
-9 37 0 4
-9 37 1 4
-9 37 2 4
-9 37 3 4
-9 37 4 4
-9 37 5 1
-9 37 6 2
-9 37 7 3
-8 37 -8 2
-8 37 -7 3
-8 37 -6 1
-8 37 -5 4
-8 37 -4 4
-8 37 -3 4
-8 37 -2 4
-8 37 -1 4
-8 37 0 4
-8 37 1 4
-8 37 2 4
-8 37 3 4
-8 37 4 4
-8 37 5 4
-8 37 6 2
-8 37 7 2
-8 37 8 2
-7 37 -9 3
-7 37 -8 2
-7 37 -7 4
-7 37 -6 4
-7 37 -5 4
-7 37 -4 4
-7 37 -3 4
-7 37 -2 4
-7 37 -1 4
-7 37 0 4
-7 37 1 4
-7 37 2 4
-7 37 3 4
-7 37 4 4
-7 37 5 4
-7 37 6 4
-7 37 7 4
-7 37 8 1
-7 37 9 1
-6 37 -9 2
-6 37 -8 1
-6 37 -7 4
-6 37 -6 4
-6 37 -5 4
-6 37 -4 4
-6 37 -3 4
-6 37 -2 4
-6 37 -1 4
-6 37 0 4
-6 37 1 4
-6 37 2 4
-6 37 3 4
-6 37 4 4
-6 37 5 4
-6 37 6 4
-6 37 7 4
-6 37 8 1
-6 37 9 2
-5 37 -10 2
-5 37 -9 2
-5 37 -8 4
-5 37 -7 4
-5 37 -6 4
-5 37 -5 4
-5 37 -4 4
-5 37 -3 4
-5 37 -2 4
-5 37 -1 4
-5 37 0 4
-5 37 1 4
-5 37 2 4
-5 37 3 4
-5 37 4 4
-5 37 5 4
-5 37 6 4
-5 37 7 4
-5 37 8 4
-5 37 9 2
-5 37 10 3
-4 37 -10 1
-4 37 -9 4
-4 37 -8 4
-4 37 -7 4
-4 37 -6 4
-4 37 -5 4
-4 37 -4 4
-4 37 -3 4
-4 37 -2 4
-4 37 -1 4
-4 37 0 4
-4 37 1 4
-4 37 2 4
-4 37 3 4
-4 37 4 4
-4 37 5 4
-4 37 6 4
-4 37 7 4
-4 37 8 4
-4 37 9 4
-4 37 10 1
-3 37 -11 1
-3 37 -10 2
-3 37 -9 4
-3 37 -8 4
-3 37 -7 4
-3 37 -6 4
-3 37 -5 4
-3 37 -4 4
-3 37 -3 4
-3 37 -2 4
-3 37 -1 4
-3 37 0 4
-3 37 1 4
-3 37 2 4
-3 37 3 4
-3 37 4 4
-3 37 5 4
-3 37 6 4
-3 37 7 4
-3 37 8 4
-3 37 9 4
-3 37 10 2
-3 37 11 2
-2 37 -11 2
-2 37 -10 2
-2 37 -9 4
-2 37 -8 4
-2 37 -7 4
-2 37 -6 4
-2 37 -5 4
-2 37 -4 4
-2 37 -3 4
-2 37 -2 4
-2 37 -1 4
-2 37 0 4
-2 37 1 4
-2 37 2 4
-2 37 3 4
-2 37 4 4
-2 37 5 4
-2 37 6 4
-2 37 7 4
-2 37 8 4
-2 37 9 4
-2 37 10 3
-2 37 11 3
-1 37 -15 5
-1 37 -14 5
-1 37 -13 5
-1 37 -12 0
-1 37 -11 2
-1 37 -10 1
-1 37 -9 4
-1 37 -8 4
-1 37 -7 4
-1 37 -6 4
-1 37 -5 4
-1 37 -4 4
-1 37 -3 4
-1 37 -2 4
-1 37 -1 4
-1 37 0 4
-1 37 1 4
-1 37 2 4
-1 37 3 4
-1 37 4 4
-1 37 5 4
-1 37 6 4
-1 37 7 4
-1 37 8 4
-1 37 9 4
-1 37 10 3
-1 37 11 3
-1 37 12 0
-1 37 13 6
-1 37 14 6
-1 37 15 5
0 37 -15 5
0 37 -14 5
0 37 -13 5
0 37 -12 0
0 37 -11 2
0 37 -10 2
0 37 -9 4
0 37 -8 4
0 37 -7 4
0 37 -6 4
0 37 -5 4
0 37 -4 4
0 37 -3 4
0 37 -2 4
0 37 -1 4
0 37 0 4
0 37 1 4
0 37 2 4
0 37 3 4
0 37 4 4
0 37 5 4
0 37 6 4
0 37 7 4
0 37 8 4
0 37 9 4
0 37 10 2
0 37 11 2
0 37 12 0
0 37 13 6
0 37 14 5
0 37 15 5
1 37 -15 5
1 37 -14 5
1 37 -13 6
1 37 -12 0
1 37 -11 3
1 37 -10 1
1 37 -9 4
1 37 -8 4
1 37 -7 4
1 37 -6 4
1 37 -5 4
1 37 -4 4
1 37 -3 4
1 37 -2 4
1 37 -1 4
1 37 0 4
1 37 1 4
1 37 2 4
1 37 3 4
1 37 4 4
1 37 5 4
1 37 6 4
1 37 7 4
1 37 8 4
1 37 9 4
1 37 10 2
1 37 11 2
1 37 12 0
1 37 13 5
1 37 14 6
1 37 15 5
2 37 -11 1
2 37 -10 3
2 37 -9 4
2 37 -8 4
2 37 -7 4
2 37 -6 4
2 37 -5 4
2 37 -4 4
2 37 -3 4
2 37 -2 4
2 37 -1 4
2 37 0 4
2 37 1 4
2 37 2 4
2 37 3 4
2 37 4 4
2 37 5 4
2 37 6 4
2 37 7 4
2 37 8 4
2 37 9 4
2 37 10 2
2 37 11 1
3 37 -11 2
3 37 -10 2
3 37 -9 4
3 37 -8 4
3 37 -7 4
3 37 -6 4
3 37 -5 4
3 37 -4 4
3 37 -3 4
3 37 -2 4
3 37 -1 4
3 37 0 4
3 37 1 4
3 37 2 4
3 37 3 4
3 37 4 4
3 37 5 4
3 37 6 4
3 37 7 4
3 37 8 4
3 37 9 4
3 37 10 3
3 37 11 1
4 37 -10 2
4 37 -9 4
4 37 -8 4
4 37 -7 4
4 37 -6 4
4 37 -5 4
4 37 -4 4
4 37 -3 4
4 37 -2 4
4 37 -1 4
4 37 0 4
4 37 1 4
4 37 2 4
4 37 3 4
4 37 4 4
4 37 5 4
4 37 6 4
4 37 7 4
4 37 8 4
4 37 9 4
4 37 10 1
5 37 -10 2
5 37 -9 2
5 37 -8 4
5 37 -7 4
5 37 -6 4
5 37 -5 4
5 37 -4 4
5 37 -3 4
5 37 -2 4
5 37 -1 4
5 37 0 4
5 37 1 4
5 37 2 4
5 37 3 4
5 37 4 4
5 37 5 4
5 37 6 4
5 37 7 4
5 37 8 4
5 37 9 2
5 37 10 1
6 37 -9 1
6 37 -8 2
6 37 -7 4
6 37 -6 4
6 37 -5 4
6 37 -4 4
6 37 -3 4
6 37 -2 4
6 37 -1 4
6 37 0 4
6 37 1 4
6 37 2 4
6 37 3 4
6 37 4 4
6 37 5 4
6 37 6 4
6 37 7 4
6 37 8 2
6 37 9 3
7 37 -9 1
7 37 -8 2
7 37 -7 4
7 37 -6 4
7 37 -5 4
7 37 -4 4
7 37 -3 4
7 37 -2 4
7 37 -1 4
7 37 0 4
7 37 1 4
7 37 2 4
7 37 3 4
7 37 4 4
7 37 5 4
7 37 6 4
7 37 7 4
7 37 8 1
7 37 9 3
8 37 -8 2
8 37 -7 1
8 37 -6 2
8 37 -5 4
8 37 -4 4
8 37 -3 4
8 37 -2 4
8 37 -1 4
8 37 0 4
8 37 1 4
8 37 2 4
8 37 3 4
8 37 4 4
8 37 5 4
8 37 6 2
8 37 7 2
8 37 8 2
9 37 -7 3
9 37 -6 3
9 37 -5 1
9 37 -4 4
9 37 -3 4
9 37 -2 4
9 37 -1 4
9 37 0 4
9 37 1 4
9 37 2 4
9 37 3 4
9 37 4 4
9 37 5 1
9 37 6 1
9 37 7 2
10 37 -7 5
10 37 -5 2
10 37 -4 3
10 37 -3 2
10 37 -2 2
10 37 -1 1
10 37 0 2
10 37 1 1
10 37 2 2
10 37 3 1
10 37 4 3
10 37 5 2
10 37 7 5
11 37 -8 6
11 37 -7 6
11 37 -6 5
11 37 -3 2
11 37 -2 1
11 37 -1 3
11 37 0 2
11 37 1 2
11 37 2 2
11 37 3 2
11 37 6 6
11 37 7 5
11 37 8 6
12 37 -8 6
12 37 -7 6
12 37 -6 6
12 37 6 5
12 37 7 6
12 37 8 6
13 37 -8 6
13 37 -7 6
13 37 -6 6
13 37 6 5
13 37 7 5
13 37 8 6
-13 38 -8 0
-13 38 -7 6
-13 38 -6 0
-13 38 6 0
-13 38 7 5
-13 38 8 0
-12 38 -8 5
-12 38 -7 6
-12 38 -6 5
-12 38 6 6
-12 38 7 5
-12 38 8 6
-11 38 -8 0
-11 38 -7 5
-11 38 -6 0
-11 38 -5 5
-11 38 -3 1
-11 38 -2 1
-11 38 -1 1
-11 38 0 1
-11 38 1 3
-11 38 2 2
-11 38 3 2
-11 38 5 6
-11 38 6 0
-11 38 7 6
-11 38 8 0
-10 38 -8 5
-10 38 -7 6
-10 38 -6 5
-10 38 -5 1
-10 38 -4 2
-10 38 -3 3
-10 38 -2 2
-10 38 -1 1
-10 38 0 2
-10 38 1 2
-10 38 2 2
-10 38 3 2
-10 38 4 2
-10 38 5 2
-10 38 6 5
-10 38 7 6
-10 38 8 6
-9 38 -7 2
-9 38 -6 3
-9 38 -5 1
-9 38 -4 4
-9 38 -3 4
-9 38 -2 4
-9 38 -1 4
-9 38 0 4
-9 38 1 4
-9 38 2 4
-9 38 3 4
-9 38 4 4
-9 38 5 3
-9 38 6 1
-9 38 7 2
-8 38 -8 2
-8 38 -7 2
-8 38 -6 2
-8 38 -5 4
-8 38 -4 4
-8 38 -3 4
-8 38 -2 4
-8 38 -1 4
-8 38 0 4
-8 38 1 4
-8 38 2 4
-8 38 3 4
-8 38 4 4
-8 38 5 4
-8 38 6 3
-8 38 7 1
-8 38 8 2
-7 38 -9 2
-7 38 -8 1
-7 38 -7 2
-7 38 -6 4
-7 38 -5 4
-7 38 -4 4
-7 38 -3 4
-7 38 -2 4
-7 38 -1 4
-7 38 0 4
-7 38 1 4
-7 38 2 4
-7 38 3 4
-7 38 4 4
-7 38 5 4
-7 38 6 4
-7 38 7 2
-7 38 8 3
-7 38 9 1
-6 38 -9 1
-6 38 -8 2
-6 38 -7 4
-6 38 -6 4
-6 38 -5 4
-6 38 -4 4
-6 38 -3 4
-6 38 -2 4
-6 38 -1 4
-6 38 0 4
-6 38 1 4
-6 38 2 4
-6 38 3 4
-6 38 4 4
-6 38 5 4
-6 38 6 4
-6 38 7 4
-6 38 8 1
-6 38 9 3
-5 38 -10 1
-5 38 -9 2
-5 38 -8 4
-5 38 -7 4
-5 38 -6 4
-5 38 -5 4
-5 38 -4 4
-5 38 -3 4
-5 38 -2 4
-5 38 -1 4
-5 38 0 4
-5 38 1 4
-5 38 2 4
-5 38 3 4
-5 38 4 4
-5 38 5 4
-5 38 6 4
-5 38 7 4
-5 38 8 4
-5 38 9 3
-5 38 10 2
-4 38 -10 3
-4 38 -9 4
-4 38 -8 4
-4 38 -7 4
-4 38 -6 4
-4 38 -5 4
-4 38 -4 4
-4 38 -3 4
-4 38 -2 4
-4 38 -1 4
-4 38 0 4
-4 38 1 4
-4 38 2 4
-4 38 3 4
-4 38 4 4
-4 38 5 4
-4 38 6 4
-4 38 7 4
-4 38 8 4
-4 38 9 4
-4 38 10 2
-3 38 -11 2
-3 38 -10 2
-3 38 -9 4
-3 38 -8 4
-3 38 -7 4
-3 38 -6 4
-3 38 -5 4
-3 38 -4 4
-3 38 -3 4
-3 38 -2 4
-3 38 -1 4
-3 38 0 4
-3 38 1 4
-3 38 2 4
-3 38 3 4
-3 38 4 4
-3 38 5 4
-3 38 6 4
-3 38 7 4
-3 38 8 4
-3 38 9 4
-3 38 10 3
-3 38 11 2
-2 38 -11 1
-2 38 -10 3
-2 38 -9 4
-2 38 -8 4
-2 38 -7 4
-2 38 -6 4
-2 38 -5 4
-2 38 -4 4
-2 38 -3 4
-2 38 -2 4
-2 38 -1 4
-2 38 0 4
-2 38 1 4
-2 38 2 4
-2 38 3 4
-2 38 4 4
-2 38 5 4
-2 38 6 4
-2 38 7 4
-2 38 8 4
-2 38 9 4
-2 38 10 1
-2 38 11 2
-1 38 -14 5
-1 38 -13 0
-1 38 -12 0
-1 38 -11 2
-1 38 -10 1
-1 38 -9 4
-1 38 -8 4
-1 38 -7 4
-1 38 -6 4
-1 38 -5 4
-1 38 -4 4
-1 38 -3 4
-1 38 -2 4
-1 38 -1 4
-1 38 0 4
-1 38 1 4
-1 38 2 4
-1 38 3 4
-1 38 4 4
-1 38 5 4
-1 38 6 4
-1 38 7 4
-1 38 8 4
-1 38 9 4
-1 38 10 1
-1 38 11 2
-1 38 12 0
-1 38 13 0
-1 38 14 5
0 38 -15 5
0 38 -14 5
0 38 -13 6
0 38 -12 0
0 38 -11 1
0 38 -10 1
0 38 -9 4
0 38 -8 4
0 38 -7 4
0 38 -6 4
0 38 -5 4
0 38 -4 4
0 38 -3 4
0 38 -2 4
0 38 -1 4
0 38 0 4
0 38 1 4
0 38 2 4
0 38 3 4
0 38 4 4
0 38 5 4
0 38 6 4
0 38 7 4
0 38 8 4
0 38 9 4
0 38 10 2
0 38 11 3
0 38 12 0
0 38 13 6
0 38 14 6
0 38 15 6
1 38 -14 6
1 38 -13 0
1 38 -12 0
1 38 -11 2
1 38 -10 3
1 38 -9 4
1 38 -8 4
1 38 -7 4
1 38 -6 4
1 38 -5 4
1 38 -4 4
1 38 -3 4
1 38 -2 4
1 38 -1 4
1 38 0 4
1 38 1 4
1 38 2 4
1 38 3 4
1 38 4 4
1 38 5 4
1 38 6 4
1 38 7 4
1 38 8 4
1 38 9 4
1 38 10 3
1 38 11 2
1 38 12 0
1 38 13 0
1 38 14 6
2 38 -11 2
2 38 -10 1
2 38 -9 4
2 38 -8 4
2 38 -7 4
2 38 -6 4
2 38 -5 4
2 38 -4 4
2 38 -3 4
2 38 -2 4
2 38 -1 4
2 38 0 4
2 38 1 4
2 38 2 4
2 38 3 4
2 38 4 4
2 38 5 4
2 38 6 4
2 38 7 4
2 38 8 4
2 38 9 4
2 38 10 3
2 38 11 3
3 38 -11 2
3 38 -10 1
3 38 -9 4
3 38 -8 4
3 38 -7 4
3 38 -6 4
3 38 -5 4
3 38 -4 4
3 38 -3 4
3 38 -2 4
3 38 -1 4
3 38 0 4
3 38 1 4
3 38 2 4
3 38 3 4
3 38 4 4
3 38 5 4
3 38 6 4
3 38 7 4
3 38 8 4
3 38 9 4
3 38 10 1
3 38 11 2
4 38 -10 3
4 38 -9 4
4 38 -8 4
4 38 -7 4
4 38 -6 4
4 38 -5 4
4 38 -4 4
4 38 -3 4
4 38 -2 4
4 38 -1 4
4 38 0 4
4 38 1 4
4 38 2 4
4 38 3 4
4 38 4 4
4 38 5 4
4 38 6 4
4 38 7 4
4 38 8 4
4 38 9 4
4 38 10 2
5 38 -10 2
5 38 -9 3
5 38 -8 4
5 38 -7 4
5 38 -6 4
5 38 -5 4
5 38 -4 4
5 38 -3 4
5 38 -2 4
5 38 -1 4
5 38 0 4
5 38 1 4
5 38 2 4
5 38 3 4
5 38 4 4
5 38 5 4
5 38 6 4
5 38 7 4
5 38 8 4
5 38 9 2
5 38 10 2
6 38 -9 2
6 38 -8 2
6 38 -7 4
6 38 -6 4
6 38 -5 4
6 38 -4 4
6 38 -3 4
6 38 -2 4
6 38 -1 4
6 38 0 4
6 38 1 4
6 38 2 4
6 38 3 4
6 38 4 4
6 38 5 4
6 38 6 4
6 38 7 4
6 38 8 1
6 38 9 2
7 38 -9 1
7 38 -8 1
7 38 -7 2
7 38 -6 4
7 38 -5 4
7 38 -4 4
7 38 -3 4
7 38 -2 4
7 38 -1 4
7 38 0 4
7 38 1 4
7 38 2 4
7 38 3 4
7 38 4 4
7 38 5 4
7 38 6 4
7 38 7 2
7 38 8 1
7 38 9 2
8 38 -8 2
8 38 -7 2
8 38 -6 1
8 38 -5 4
8 38 -4 4
8 38 -3 4
8 38 -2 4
8 38 -1 4
8 38 0 4
8 38 1 4
8 38 2 4
8 38 3 4
8 38 4 4
8 38 5 4
8 38 6 1
8 38 7 2
8 38 8 2
9 38 -7 2
9 38 -6 2
9 38 -5 3
9 38 -4 4
9 38 -3 4
9 38 -2 4
9 38 -1 4
9 38 0 4
9 38 1 4
9 38 2 4
9 38 3 4
9 38 4 4
9 38 5 1
9 38 6 2
9 38 7 2
10 38 -8 5
10 38 -7 5
10 38 -6 5
10 38 -5 2
10 38 -4 1
10 38 -3 1
10 38 -2 2
10 38 -1 1
10 38 0 2
10 38 1 2
10 38 2 2
10 38 3 2
10 38 4 3
10 38 5 3
10 38 6 5
10 38 7 5
10 38 8 6
11 38 -8 0
11 38 -7 6
11 38 -6 0
11 38 -5 6
11 38 -3 2
11 38 -2 3
11 38 -1 3
11 38 0 2
11 38 1 1
11 38 2 2
11 38 3 1
11 38 5 5
11 38 6 0
11 38 7 5
11 38 8 0
12 38 -8 5
12 38 -7 5
12 38 -6 5
12 38 6 5
12 38 7 6
12 38 8 6
13 38 -8 0
13 38 -7 5
13 38 -6 0
13 38 6 0
13 38 7 6
13 38 8 0
-13 39 -7 0
-13 39 7 0
-12 39 -8 0
-12 39 -7 0
-12 39 -6 0
-12 39 -5 5
-12 39 5 6
-12 39 6 0
-12 39 7 0
-12 39 8 0
-11 39 -8 6
-11 39 -7 0
-11 39 -6 5
-11 39 -5 5
-11 39 -2 1
-11 39 -1 1
-11 39 0 1
-11 39 1 3
-11 39 2 1
-11 39 5 6
-11 39 6 6
-11 39 7 0
-11 39 8 5
-10 39 -8 6
-10 39 -7 5
-10 39 -6 5
-10 39 -5 2
-10 39 -4 1
-10 39 -3 2
-10 39 -2 3
-10 39 -1 2
-10 39 0 2
-10 39 1 1
-10 39 2 2
-10 39 3 1
-10 39 4 2
-10 39 5 2
-10 39 6 6
-10 39 7 5
-10 39 8 5
-9 39 -6 2
-9 39 -5 2
-9 39 -4 2
-9 39 -3 4
-9 39 -2 4
-9 39 -1 4
-9 39 0 4
-9 39 1 4
-9 39 2 4
-9 39 3 4
-9 39 4 2
-9 39 5 1
-9 39 6 2
-8 39 -7 2
-8 39 -6 2
-8 39 -5 4
-8 39 -4 4
-8 39 -3 4
-8 39 -2 4
-8 39 -1 4
-8 39 0 4
-8 39 1 4
-8 39 2 4
-8 39 3 4
-8 39 4 4
-8 39 5 4
-8 39 6 3
-8 39 7 2
-7 39 -8 1
-7 39 -7 2
-7 39 -6 4
-7 39 -5 4
-7 39 -4 4
-7 39 -3 4
-7 39 -2 4
-7 39 -1 4
-7 39 0 4
-7 39 1 4
-7 39 2 4
-7 39 3 4
-7 39 4 4
-7 39 5 4
-7 39 6 4
-7 39 7 1
-7 39 8 1
-6 39 -9 1
-6 39 -8 2
-6 39 -7 4
-6 39 -6 4
-6 39 -5 4
-6 39 -4 4
-6 39 -3 4
-6 39 -2 4
-6 39 -1 4
-6 39 0 4
-6 39 1 4
-6 39 2 4
-6 39 3 4
-6 39 4 4
-6 39 5 4
-6 39 6 4
-6 39 7 4
-6 39 8 2
-6 39 9 3
-5 39 -10 2
-5 39 -9 2
-5 39 -8 4
-5 39 -7 4
-5 39 -6 4
-5 39 -5 4
-5 39 -4 4
-5 39 -3 4
-5 39 -2 4
-5 39 -1 4
-5 39 0 4
-5 39 1 4
-5 39 2 4
-5 39 3 4
-5 39 4 4
-5 39 5 4
-5 39 6 4
-5 39 7 4
-5 39 8 4
-5 39 9 2
-5 39 10 2
-4 39 -10 3
-4 39 -9 1
-4 39 -8 4
-4 39 -7 4
-4 39 -6 4
-4 39 -5 4
-4 39 -4 4
-4 39 -3 4
-4 39 -2 4
-4 39 -1 4
-4 39 0 4
-4 39 1 4
-4 39 2 4
-4 39 3 4
-4 39 4 4
-4 39 5 4
-4 39 6 4
-4 39 7 4
-4 39 8 4
-4 39 9 2
-4 39 10 2
-3 39 -10 1
-3 39 -9 4
-3 39 -8 4
-3 39 -7 4
-3 39 -6 4
-3 39 -5 4
-3 39 -4 4
-3 39 -3 4
-3 39 -2 4
-3 39 -1 4
-3 39 0 4
-3 39 1 4
-3 39 2 4
-3 39 3 4
-3 39 4 4
-3 39 5 4
-3 39 6 4
-3 39 7 4
-3 39 8 4
-3 39 9 4
-3 39 10 2
-2 39 -11 1
-2 39 -10 2
-2 39 -9 4
-2 39 -8 4
-2 39 -7 4
-2 39 -6 4
-2 39 -5 4
-2 39 -4 4
-2 39 -3 4
-2 39 -2 4
-2 39 -1 4
-2 39 0 4
-2 39 1 4
-2 39 2 4
-2 39 3 4
-2 39 4 4
-2 39 5 4
-2 39 6 4
-2 39 7 4
-2 39 8 4
-2 39 9 4
-2 39 10 2
-2 39 11 1
-1 39 -14 5
-1 39 -13 0
-1 39 -12 5
-1 39 -11 2
-1 39 -10 1
-1 39 -9 4
-1 39 -8 4
-1 39 -7 4
-1 39 -6 4
-1 39 -5 4
-1 39 -4 4
-1 39 -3 4
-1 39 -2 4
-1 39 -1 4
-1 39 0 4
-1 39 1 4
-1 39 2 4
-1 39 3 4
-1 39 4 4
-1 39 5 4
-1 39 6 4
-1 39 7 4
-1 39 8 4
-1 39 9 4
-1 39 10 1
-1 39 11 1
-1 39 12 5
-1 39 13 0
-1 39 14 6
0 39 -14 0
0 39 -13 0
0 39 -12 0
0 39 -11 2
0 39 -10 1
0 39 -9 4
0 39 -8 4
0 39 -7 4
0 39 -6 4
0 39 -5 4
0 39 -4 4
0 39 -3 4
0 39 -2 4
0 39 -1 4
0 39 0 4
0 39 1 4
0 39 2 4
0 39 3 4
0 39 4 4
0 39 5 4
0 39 6 4
0 39 7 4
0 39 8 4
0 39 9 4
0 39 10 2
0 39 11 2
0 39 12 0
0 39 13 0
0 39 14 0
1 39 -14 6
1 39 -13 0
1 39 -12 5
1 39 -11 1
1 39 -10 2
1 39 -9 4
1 39 -8 4
1 39 -7 4
1 39 -6 4
1 39 -5 4
1 39 -4 4
1 39 -3 4
1 39 -2 4
1 39 -1 4
1 39 0 4
1 39 1 4
1 39 2 4
1 39 3 4
1 39 4 4
1 39 5 4
1 39 6 4
1 39 7 4
1 39 8 4
1 39 9 4
1 39 10 2
1 39 11 2
1 39 12 5
1 39 13 0
1 39 14 6
2 39 -11 3
2 39 -10 2
2 39 -9 4
2 39 -8 4
2 39 -7 4
2 39 -6 4
2 39 -5 4
2 39 -4 4
2 39 -3 4
2 39 -2 4
2 39 -1 4
2 39 0 4
2 39 1 4
2 39 2 4
2 39 3 4
2 39 4 4
2 39 5 4
2 39 6 4
2 39 7 4
2 39 8 4
2 39 9 4
2 39 10 2
2 39 11 2
3 39 -10 1
3 39 -9 4
3 39 -8 4
3 39 -7 4
3 39 -6 4
3 39 -5 4
3 39 -4 4
3 39 -3 4
3 39 -2 4
3 39 -1 4
3 39 0 4
3 39 1 4
3 39 2 4
3 39 3 4
3 39 4 4
3 39 5 4
3 39 6 4
3 39 7 4
3 39 8 4
3 39 9 4
3 39 10 1
4 39 -10 2
4 39 -9 2
4 39 -8 4
4 39 -7 4
4 39 -6 4
4 39 -5 4
4 39 -4 4
4 39 -3 4
4 39 -2 4
4 39 -1 4
4 39 0 4
4 39 1 4
4 39 2 4
4 39 3 4
4 39 4 4
4 39 5 4
4 39 6 4
4 39 7 4
4 39 8 4
4 39 9 1
4 39 10 2
5 39 -10 2
5 39 -9 2
5 39 -8 4
5 39 -7 4
5 39 -6 4
5 39 -5 4
5 39 -4 4
5 39 -3 4
5 39 -2 4
5 39 -1 4
5 39 0 4
5 39 1 4
5 39 2 4
5 39 3 4
5 39 4 4
5 39 5 4
5 39 6 4
5 39 7 4
5 39 8 4
5 39 9 2
5 39 10 2
6 39 -9 1
6 39 -8 2
6 39 -7 4
6 39 -6 4
6 39 -5 4
6 39 -4 4
6 39 -3 4
6 39 -2 4
6 39 -1 4
6 39 0 4
6 39 1 4
6 39 2 4
6 39 3 4
6 39 4 4
6 39 5 4
6 39 6 4
6 39 7 4
6 39 8 1
6 39 9 2
7 39 -8 2
7 39 -7 1
7 39 -6 4
7 39 -5 4
7 39 -4 4
7 39 -3 4
7 39 -2 4
7 39 -1 4
7 39 0 4
7 39 1 4
7 39 2 4
7 39 3 4
7 39 4 4
7 39 5 4
7 39 6 4
7 39 7 2
7 39 8 3
8 39 -7 3
8 39 -6 2
8 39 -5 4
8 39 -4 4
8 39 -3 4
8 39 -2 4
8 39 -1 4
8 39 0 4
8 39 1 4
8 39 2 4
8 39 3 4
8 39 4 4
8 39 5 4
8 39 6 1
8 39 7 1
9 39 -6 1
9 39 -5 1
9 39 -4 2
9 39 -3 4
9 39 -2 4
9 39 -1 4
9 39 0 4
9 39 1 4
9 39 2 4
9 39 3 4
9 39 4 2
9 39 5 2
9 39 6 1
10 39 -8 5
10 39 -7 5
10 39 -6 6
10 39 -5 1
10 39 -4 3
10 39 -3 2
10 39 -2 2
10 39 -1 1
10 39 0 1
10 39 1 2
10 39 2 3
10 39 3 2
10 39 4 2
10 39 5 3
10 39 6 5
10 39 7 6
10 39 8 6
11 39 -8 5
11 39 -7 0
11 39 -6 5
11 39 -5 6
11 39 -2 2
11 39 -1 3
11 39 0 2
11 39 1 1
11 39 2 2
11 39 5 5
11 39 6 6
11 39 7 0
11 39 8 6
12 39 -8 0
12 39 -7 0
12 39 -6 0
12 39 -5 5
12 39 5 6
12 39 6 0
12 39 7 0
12 39 8 0
13 39 -7 0
13 39 7 0
-12 40 -7 5
-12 40 -6 5
-12 40 -5 5
-12 40 5 6
-12 40 6 5
-12 40 7 6
-11 40 -8 6
-11 40 -7 6
-11 40 -6 5
-11 40 -5 5
-11 40 -1 2
-11 40 0 3
-11 40 1 7
-11 40 5 5
-11 40 6 6
-11 40 7 5
-11 40 8 5
-10 40 -7 5
-10 40 -6 6
-10 40 -5 6
-10 40 -4 7
-10 40 -3 2
-10 40 -2 2
-10 40 -1 2
-10 40 0 1
-10 40 1 7
-10 40 2 7
-10 40 3 7
-10 40 4 2
-10 40 5 6
-10 40 6 5
-10 40 7 5
-9 40 -6 7
-9 40 -5 7
-9 40 -4 7
-9 40 -3 4
-9 40 -2 4
-9 40 -1 4
-9 40 0 4
-9 40 1 4
-9 40 2 4
-9 40 3 4
-9 40 4 2
-9 40 5 2
-9 40 6 1
-8 40 -7 2
-8 40 -6 7
-8 40 -5 4
-8 40 -4 4
-8 40 -3 4
-8 40 -2 4
-8 40 -1 4
-8 40 0 4
-8 40 1 4
-8 40 2 4
-8 40 3 4
-8 40 4 4
-8 40 5 4
-8 40 6 1
-8 40 7 7
-7 40 -8 1
-7 40 -7 1
-7 40 -6 4
-7 40 -5 4
-7 40 -4 4
-7 40 -3 4
-7 40 -2 4
-7 40 -1 4
-7 40 0 4
-7 40 1 4
-7 40 2 4
-7 40 3 4
-7 40 4 4
-7 40 5 4
-7 40 6 4
-7 40 7 7
-7 40 8 7
-6 40 -9 1
-6 40 -8 3
-6 40 -7 4
-6 40 -6 4
-6 40 -5 4
-6 40 -4 4
-6 40 -3 4
-6 40 -2 4
-6 40 -1 4
-6 40 0 4
-6 40 1 4
-6 40 2 4
-6 40 3 4
-6 40 4 4
-6 40 5 4
-6 40 6 4
-6 40 7 4
-6 40 8 7
-6 40 9 7
-5 40 -9 7
-5 40 -8 4
-5 40 -7 4
-5 40 -6 4
-5 40 -5 4
-5 40 -4 4
-5 40 -3 4
-5 40 -2 4
-5 40 -1 4
-5 40 0 4
-5 40 1 4
-5 40 2 4
-5 40 3 4
-5 40 4 4
-5 40 5 4
-5 40 6 4
-5 40 7 4
-5 40 8 4
-5 40 9 1
-4 40 -10 7
-4 40 -9 7
-4 40 -8 4
-4 40 -7 4
-4 40 -6 4
-4 40 -5 4
-4 40 -4 4
-4 40 -3 4
-4 40 -2 4
-4 40 -1 4
-4 40 0 4
-4 40 1 4
-4 40 2 4
-4 40 3 4
-4 40 4 4
-4 40 5 4
-4 40 6 4
-4 40 7 4
-4 40 8 4
-4 40 9 2
-4 40 10 3
-3 40 -10 7
-3 40 -9 4
-3 40 -8 4
-3 40 -7 4
-3 40 -6 4
-3 40 -5 4
-3 40 -4 4
-3 40 -3 4
-3 40 -2 4
-3 40 -1 4
-3 40 0 4
-3 40 1 4
-3 40 2 4
-3 40 3 4
-3 40 4 4
-3 40 5 4
-3 40 6 4
-3 40 7 4
-3 40 8 4
-3 40 9 4
-3 40 10 1
-2 40 -10 7
-2 40 -9 4
-2 40 -8 4
-2 40 -7 4
-2 40 -6 4
-2 40 -5 4
-2 40 -4 4
-2 40 -3 4
-2 40 -2 4
-2 40 -1 4
-2 40 0 4
-2 40 1 4
-2 40 2 4
-2 40 3 4
-2 40 4 4
-2 40 5 4
-2 40 6 4
-2 40 7 4
-2 40 8 4
-2 40 9 4
-2 40 10 3
-1 40 -14 5
-1 40 -13 6
-1 40 -12 6
-1 40 -11 1
-1 40 -10 1
-1 40 -9 4
-1 40 -8 4
-1 40 -7 4
-1 40 -6 4
-1 40 -5 4
-1 40 -4 4
-1 40 -3 4
-1 40 -2 4
-1 40 -1 4
-1 40 0 4
-1 40 1 4
-1 40 2 4
-1 40 3 4
-1 40 4 4
-1 40 5 4
-1 40 6 4
-1 40 7 4
-1 40 8 4
-1 40 9 4
-1 40 10 7
-1 40 11 7
-1 40 12 6
-1 40 13 5
-1 40 14 5
0 40 -14 5
0 40 -13 6
0 40 -12 5
0 40 -11 2
0 40 -10 1
0 40 -9 4
0 40 -8 4
0 40 -7 4
0 40 -6 4
0 40 -5 4
0 40 -4 4
0 40 -3 4
0 40 -2 4
0 40 -1 4
0 40 0 4
0 40 1 4
0 40 2 4
0 40 3 4
0 40 4 4
0 40 5 4
0 40 6 4
0 40 7 4
0 40 8 4
0 40 9 4
0 40 10 7
0 40 11 7
0 40 12 5
0 40 13 5
0 40 14 5
1 40 -14 5
1 40 -13 5
1 40 -12 6
1 40 -11 3
1 40 -10 1
1 40 -9 4
1 40 -8 4
1 40 -7 4
1 40 -6 4
1 40 -5 4
1 40 -4 4
1 40 -3 4
1 40 -2 4
1 40 -1 4
1 40 0 4
1 40 1 4
1 40 2 4
1 40 3 4
1 40 4 4
1 40 5 4
1 40 6 4
1 40 7 4
1 40 8 4
1 40 9 4
1 40 10 7
1 40 11 7
1 40 12 6
1 40 13 6
1 40 14 6
2 40 -10 7
2 40 -9 4
2 40 -8 4
2 40 -7 4
2 40 -6 4
2 40 -5 4
2 40 -4 4
2 40 -3 4
2 40 -2 4
2 40 -1 4
2 40 0 4
2 40 1 4
2 40 2 4
2 40 3 4
2 40 4 4
2 40 5 4
2 40 6 4
2 40 7 4
2 40 8 4
2 40 9 4
2 40 10 1
3 40 -10 7
3 40 -9 4
3 40 -8 4
3 40 -7 4
3 40 -6 4
3 40 -5 4
3 40 -4 4
3 40 -3 4
3 40 -2 4
3 40 -1 4
3 40 0 4
3 40 1 4
3 40 2 4
3 40 3 4
3 40 4 4
3 40 5 4
3 40 6 4
3 40 7 4
3 40 8 4
3 40 9 4
3 40 10 1
4 40 -10 7
4 40 -9 7
4 40 -8 4
4 40 -7 4
4 40 -6 4
4 40 -5 4
4 40 -4 4
4 40 -3 4
4 40 -2 4
4 40 -1 4
4 40 0 4
4 40 1 4
4 40 2 4
4 40 3 4
4 40 4 4
4 40 5 4
4 40 6 4
4 40 7 4
4 40 8 4
4 40 9 3
4 40 10 1
5 40 -9 7
5 40 -8 4
5 40 -7 4
5 40 -6 4
5 40 -5 4
5 40 -4 4
5 40 -3 4
5 40 -2 4
5 40 -1 4
5 40 0 4
5 40 1 4
5 40 2 4
5 40 3 4
5 40 4 4
5 40 5 4
5 40 6 4
5 40 7 4
5 40 8 4
5 40 9 2
6 40 -9 2
6 40 -8 2
6 40 -7 4
6 40 -6 4
6 40 -5 4
6 40 -4 4
6 40 -3 4
6 40 -2 4
6 40 -1 4
6 40 0 4
6 40 1 4
6 40 2 4
6 40 3 4
6 40 4 4
6 40 5 4
6 40 6 4
6 40 7 4
6 40 8 7
6 40 9 7
7 40 -8 3
7 40 -7 1
7 40 -6 4
7 40 -5 4
7 40 -4 4
7 40 -3 4
7 40 -2 4
7 40 -1 4
7 40 0 4
7 40 1 4
7 40 2 4
7 40 3 4
7 40 4 4
7 40 5 4
7 40 6 4
7 40 7 7
7 40 8 7
8 40 -7 1
8 40 -6 7
8 40 -5 4
8 40 -4 4
8 40 -3 4
8 40 -2 4
8 40 -1 4
8 40 0 4
8 40 1 4
8 40 2 4
8 40 3 4
8 40 4 4
8 40 5 4
8 40 6 2
8 40 7 7
9 40 -6 7
9 40 -5 7
9 40 -4 7
9 40 -3 4
9 40 -2 4
9 40 -1 4
9 40 0 4
9 40 1 4
9 40 2 4
9 40 3 4
9 40 4 2
9 40 5 2
9 40 6 3
10 40 -7 6
10 40 -6 5
10 40 -5 6
10 40 -4 7
10 40 -3 2
10 40 -2 2
10 40 -1 2
10 40 0 7
10 40 1 7
10 40 2 7
10 40 3 7
10 40 4 2
10 40 5 5
10 40 6 6
10 40 7 6
11 40 -8 5
11 40 -7 5
11 40 -6 6
11 40 -5 5
11 40 -1 2
11 40 0 7
11 40 1 7
11 40 5 5
11 40 6 5
11 40 7 6
11 40 8 5
12 40 -7 6
12 40 -6 5
12 40 -5 5
12 40 5 6
12 40 6 6
12 40 7 5
-12 41 -7 6
-12 41 -6 6
-12 41 -5 5
-12 41 5 5
-12 41 6 6
-12 41 7 5
-11 41 -7 5
-11 41 -6 6
-11 41 -5 5
-11 41 5 6
-11 41 6 5
-11 41 7 6
-10 41 -7 5
-10 41 -6 6
-10 41 -5 6
-10 41 -4 2
-10 41 -3 2
-10 41 -2 2
-10 41 -1 1
-10 41 0 2
-10 41 1 1
-10 41 2 2
-10 41 3 1
-10 41 4 1
-10 41 5 5
-10 41 6 5
-10 41 7 5
-9 41 -6 1
-9 41 -5 2
-9 41 -4 3
-9 41 -3 2
-9 41 -2 4
-9 41 -1 4
-9 41 0 4
-9 41 1 4
-9 41 2 4
-9 41 3 2
-9 41 4 3
-9 41 5 2
-9 41 6 2
-8 41 -7 2
-8 41 -6 2
-8 41 -5 1
-8 41 -4 4
-8 41 -3 4
-8 41 -2 4
-8 41 -1 4
-8 41 0 4
-8 41 1 4
-8 41 2 4
-8 41 3 4
-8 41 4 4
-8 41 5 2
-8 41 6 1
-8 41 7 2
-7 41 -8 2
-7 41 -7 1
-7 41 -6 4
-7 41 -5 4
-7 41 -4 4
-7 41 -3 4
-7 41 -2 4
-7 41 -1 4
-7 41 0 4
-7 41 1 4
-7 41 2 4
-7 41 3 4
-7 41 4 4
-7 41 5 4
-7 41 6 4
-7 41 7 2
-7 41 8 2
-6 41 -9 2
-6 41 -8 1
-6 41 -7 4
-6 41 -6 4
-6 41 -5 4
-6 41 -4 4
-6 41 -3 4
-6 41 -2 4
-6 41 -1 4
-6 41 0 4
-6 41 1 4
-6 41 2 4
-6 41 3 4
-6 41 4 4
-6 41 5 4
-6 41 6 4
-6 41 7 4
-6 41 8 2
-6 41 9 2
-5 41 -9 2
-5 41 -8 1
-5 41 -7 4
-5 41 -6 4
-5 41 -5 4
-5 41 -4 4
-5 41 -3 4
-5 41 -2 4
-5 41 -1 4
-5 41 0 4
-5 41 1 4
-5 41 2 4
-5 41 3 4
-5 41 4 4
-5 41 5 4
-5 41 6 4
-5 41 7 4
-5 41 8 1
-5 41 9 1
-4 41 -10 2
-4 41 -9 1
-4 41 -8 4
-4 41 -7 4
-4 41 -6 4
-4 41 -5 4
-4 41 -4 4
-4 41 -3 4
-4 41 -2 4
-4 41 -1 4
-4 41 0 4
-4 41 1 4
-4 41 2 4
-4 41 3 4
-4 41 4 4
-4 41 5 4
-4 41 6 4
-4 41 7 4
-4 41 8 4
-4 41 9 2
-4 41 10 2
-3 41 -10 1
-3 41 -9 1
-3 41 -8 4
-3 41 -7 4
-3 41 -6 4
-3 41 -5 4
-3 41 -4 4
-3 41 -3 4
-3 41 -2 4
-3 41 -1 4
-3 41 0 4
-3 41 1 4
-3 41 2 4
-3 41 3 4
-3 41 4 4
-3 41 5 4
-3 41 6 4
-3 41 7 4
-3 41 8 4
-3 41 9 2
-3 41 10 1
-2 41 -10 1
-2 41 -9 4
-2 41 -8 4
-2 41 -7 4
-2 41 -6 4
-2 41 -5 4
-2 41 -4 4
-2 41 -3 4
-2 41 -2 4
-2 41 -1 4
-2 41 0 4
-2 41 1 4
-2 41 2 4
-2 41 3 4
-2 41 4 4
-2 41 5 4
-2 41 6 4
-2 41 7 4
-2 41 8 4
-2 41 9 4
-2 41 10 1
-1 41 -14 5
-1 41 -13 5
-1 41 -12 6
-1 41 -11 6
-1 41 -10 2
-1 41 -9 4
-1 41 -8 4
-1 41 -7 4
-1 41 -6 4
-1 41 -5 4
-1 41 -4 4
-1 41 -3 4
-1 41 -2 4
-1 41 -1 4
-1 41 0 4
-1 41 1 4
-1 41 2 4
-1 41 3 4
-1 41 4 4
-1 41 5 4
-1 41 6 4
-1 41 7 4
-1 41 8 4
-1 41 9 4
-1 41 10 2
-1 41 11 5
-1 41 12 5
-1 41 13 5
-1 41 14 6
0 41 -14 6
0 41 -13 6
0 41 -12 5
0 41 -11 6
0 41 -10 3
0 41 -9 4
0 41 -8 4
0 41 -7 4
0 41 -6 4
0 41 -5 4
0 41 -4 4
0 41 -3 4
0 41 -2 4
0 41 -1 4
0 41 0 4
0 41 1 4
0 41 2 4
0 41 3 4
0 41 4 4
0 41 5 4
0 41 6 4
0 41 7 4
0 41 8 4
0 41 9 4
0 41 10 3
0 41 11 6
0 41 12 6
0 41 13 5
0 41 14 6
1 41 -14 5
1 41 -13 5
1 41 -12 6
1 41 -11 5
1 41 -10 1
1 41 -9 4
1 41 -8 4
1 41 -7 4
1 41 -6 4
1 41 -5 4
1 41 -4 4
1 41 -3 4
1 41 -2 4
1 41 -1 4
1 41 0 4
1 41 1 4
1 41 2 4
1 41 3 4
1 41 4 4
1 41 5 4
1 41 6 4
1 41 7 4
1 41 8 4
1 41 9 4
1 41 10 2
1 41 11 6
1 41 12 5
1 41 13 5
1 41 14 6
2 41 -10 1
2 41 -9 4
2 41 -8 4
2 41 -7 4
2 41 -6 4
2 41 -5 4
2 41 -4 4
2 41 -3 4
2 41 -2 4
2 41 -1 4
2 41 0 4
2 41 1 4
2 41 2 4
2 41 3 4
2 41 4 4
2 41 5 4
2 41 6 4
2 41 7 4
2 41 8 4
2 41 9 4
2 41 10 1
3 41 -10 2
3 41 -9 2
3 41 -8 4
3 41 -7 4
3 41 -6 4
3 41 -5 4
3 41 -4 4
3 41 -3 4
3 41 -2 4
3 41 -1 4
3 41 0 4
3 41 1 4
3 41 2 4
3 41 3 4
3 41 4 4
3 41 5 4
3 41 6 4
3 41 7 4
3 41 8 4
3 41 9 1
3 41 10 2
4 41 -10 2
4 41 -9 3
4 41 -8 4
4 41 -7 4
4 41 -6 4
4 41 -5 4
4 41 -4 4
4 41 -3 4
4 41 -2 4
4 41 -1 4
4 41 0 4
4 41 1 4
4 41 2 4
4 41 3 4
4 41 4 4
4 41 5 4
4 41 6 4
4 41 7 4
4 41 8 4
4 41 9 3
4 41 10 2
5 41 -9 1
5 41 -8 1
5 41 -7 4
5 41 -6 4
5 41 -5 4
5 41 -4 4
5 41 -3 4
5 41 -2 4
5 41 -1 4
5 41 0 4
5 41 1 4
5 41 2 4
5 41 3 4
5 41 4 4
5 41 5 4
5 41 6 4
5 41 7 4
5 41 8 2
5 41 9 2
6 41 -9 1
6 41 -8 2
6 41 -7 4
6 41 -6 4
6 41 -5 4
6 41 -4 4
6 41 -3 4
6 41 -2 4
6 41 -1 4
6 41 0 4
6 41 1 4
6 41 2 4
6 41 3 4
6 41 4 4
6 41 5 4
6 41 6 4
6 41 7 4
6 41 8 1
6 41 9 1
7 41 -8 3
7 41 -7 2
7 41 -6 4
7 41 -5 4
7 41 -4 4
7 41 -3 4
7 41 -2 4
7 41 -1 4
7 41 0 4
7 41 1 4
7 41 2 4
7 41 3 4
7 41 4 4
7 41 5 4
7 41 6 4
7 41 7 1
7 41 8 3
8 41 -7 2
8 41 -6 2
8 41 -5 2
8 41 -4 4
8 41 -3 4
8 41 -2 4
8 41 -1 4
8 41 0 4
8 41 1 4
8 41 2 4
8 41 3 4
8 41 4 4
8 41 5 3
8 41 6 1
8 41 7 1
9 41 -6 1
9 41 -5 2
9 41 -4 2
9 41 -3 2
9 41 -2 4
9 41 -1 4
9 41 0 4
9 41 1 4
9 41 2 4
9 41 3 2
9 41 4 2
9 41 5 2
9 41 6 1
10 41 -7 5
10 41 -6 5
10 41 -5 6
10 41 -4 3
10 41 -3 1
10 41 -2 2
10 41 -1 1
10 41 0 2
10 41 1 3
10 41 2 2
10 41 3 2
10 41 4 2
10 41 5 5
10 41 6 6
10 41 7 5
11 41 -7 6
11 41 -6 6
11 41 -5 6
11 41 5 5
11 41 6 5
11 41 7 5
12 41 -7 6
12 41 -6 6
12 41 -5 5
12 41 5 5
12 41 6 5
12 41 7 6
-12 42 -7 5
-12 42 -6 6
-12 42 -5 6
-12 42 5 6
-12 42 6 5
-12 42 7 6
-11 42 -7 5
-11 42 -6 5
-11 42 -5 5
-11 42 5 5
-11 42 6 5
-11 42 7 6
-10 42 -7 5
-10 42 -6 5
-10 42 -5 5
-10 42 -3 2
-10 42 -2 1
-10 42 -1 2
-10 42 0 2
-10 42 1 2
-10 42 2 1
-10 42 3 1
-10 42 5 6
-10 42 6 5
-10 42 7 5
-9 42 -6 6
-9 42 -5 1
-9 42 -4 1
-9 42 -3 2
-9 42 -2 1
-9 42 -1 4
-9 42 0 4
-9 42 1 4
-9 42 2 1
-9 42 3 2
-9 42 4 1
-9 42 5 1
-9 42 6 5
-8 42 -7 2
-8 42 -6 2
-8 42 -5 2
-8 42 -4 4
-8 42 -3 4
-8 42 -2 4
-8 42 -1 4
-8 42 0 4
-8 42 1 4
-8 42 2 4
-8 42 3 4
-8 42 4 4
-8 42 5 2
-8 42 6 2
-8 42 7 1
-7 42 -8 2
-7 42 -7 2
-7 42 -6 1
-7 42 -5 4
-7 42 -4 4
-7 42 -3 4
-7 42 -2 4
-7 42 -1 4
-7 42 0 4
-7 42 1 4
-7 42 2 4
-7 42 3 4
-7 42 4 4
-7 42 5 4
-7 42 6 2
-7 42 7 3
-7 42 8 3
-6 42 -8 1
-6 42 -7 1
-6 42 -6 4
-6 42 -5 4
-6 42 -4 4
-6 42 -3 4
-6 42 -2 4
-6 42 -1 4
-6 42 0 4
-6 42 1 4
-6 42 2 4
-6 42 3 4
-6 42 4 4
-6 42 5 4
-6 42 6 4
-6 42 7 2
-6 42 8 1
-5 42 -9 1
-5 42 -8 2
-5 42 -7 4
-5 42 -6 4
-5 42 -5 4
-5 42 -4 4
-5 42 -3 4
-5 42 -2 4
-5 42 -1 4
-5 42 0 4
-5 42 1 4
-5 42 2 4
-5 42 3 4
-5 42 4 4
-5 42 5 4
-5 42 6 4
-5 42 7 4
-5 42 8 1
-5 42 9 1
-4 42 -9 1
-4 42 -8 4
-4 42 -7 4
-4 42 -6 4
-4 42 -5 4
-4 42 -4 4
-4 42 -3 4
-4 42 -2 4
-4 42 -1 4
-4 42 0 4
-4 42 1 4
-4 42 2 4
-4 42 3 4
-4 42 4 4
-4 42 5 4
-4 42 6 4
-4 42 7 4
-4 42 8 4
-4 42 9 1
-3 42 -10 2
-3 42 -9 2
-3 42 -8 4
-3 42 -7 4
-3 42 -6 4
-3 42 -5 4
-3 42 -4 4
-3 42 -3 4
-3 42 -2 4
-3 42 -1 4
-3 42 0 4
-3 42 1 4
-3 42 2 4
-3 42 3 4
-3 42 4 4
-3 42 5 4
-3 42 6 4
-3 42 7 4
-3 42 8 4
-3 42 9 1
-3 42 10 2
-2 42 -10 1
-2 42 -9 2
-2 42 -8 4
-2 42 -7 4
-2 42 -6 4
-2 42 -5 4
-2 42 -4 4
-2 42 -3 4
-2 42 -2 4
-2 42 -1 4
-2 42 0 4
-2 42 1 4
-2 42 2 4
-2 42 3 4
-2 42 4 4
-2 42 5 4
-2 42 6 4
-2 42 7 4
-2 42 8 4
-2 42 9 2
-2 42 10 1
-1 42 -13 5
-1 42 -12 5
-1 42 -11 5
-1 42 -10 1
-1 42 -9 4
-1 42 -8 4
-1 42 -7 4
-1 42 -6 4
-1 42 -5 4
-1 42 -4 4
-1 42 -3 4
-1 42 -2 4
-1 42 -1 4
-1 42 0 4
-1 42 1 4
-1 42 2 4
-1 42 3 4
-1 42 4 4
-1 42 5 4
-1 42 6 4
-1 42 7 4
-1 42 8 4
-1 42 9 4
-1 42 10 1
-1 42 11 5
-1 42 12 6
-1 42 13 5
0 42 -14 6
0 42 -13 6
0 42 -12 6
0 42 -11 5
0 42 -10 2
0 42 -9 4
0 42 -8 4
0 42 -7 4
0 42 -6 4
0 42 -5 4
0 42 -4 4
0 42 -3 4
0 42 -2 4
0 42 -1 4
0 42 0 4
0 42 1 4
0 42 2 4
0 42 3 4
0 42 4 4
0 42 5 4
0 42 6 4
0 42 7 4
0 42 8 4
0 42 9 4
0 42 10 1
0 42 11 6
0 42 12 5
0 42 13 6
0 42 14 6
1 42 -13 5
1 42 -12 5
1 42 -11 5
1 42 -10 2
1 42 -9 4
1 42 -8 4
1 42 -7 4
1 42 -6 4
1 42 -5 4
1 42 -4 4
1 42 -3 4
1 42 -2 4
1 42 -1 4
1 42 0 4
1 42 1 4
1 42 2 4
1 42 3 4
1 42 4 4
1 42 5 4
1 42 6 4
1 42 7 4
1 42 8 4
1 42 9 4
1 42 10 1
1 42 11 5
1 42 12 5
1 42 13 5
2 42 -10 1
2 42 -9 1
2 42 -8 4
2 42 -7 4
2 42 -6 4
2 42 -5 4
2 42 -4 4
2 42 -3 4
2 42 -2 4
2 42 -1 4
2 42 0 4
2 42 1 4
2 42 2 4
2 42 3 4
2 42 4 4
2 42 5 4
2 42 6 4
2 42 7 4
2 42 8 4
2 42 9 1
2 42 10 1
3 42 -10 1
3 42 -9 1
3 42 -8 4
3 42 -7 4
3 42 -6 4
3 42 -5 4
3 42 -4 4
3 42 -3 4
3 42 -2 4
3 42 -1 4
3 42 0 4
3 42 1 4
3 42 2 4
3 42 3 4
3 42 4 4
3 42 5 4
3 42 6 4
3 42 7 4
3 42 8 4
3 42 9 2
3 42 10 2
4 42 -9 1
4 42 -8 4
4 42 -7 4
4 42 -6 4
4 42 -5 4
4 42 -4 4
4 42 -3 4
4 42 -2 4
4 42 -1 4
4 42 0 4
4 42 1 4
4 42 2 4
4 42 3 4
4 42 4 4
4 42 5 4
4 42 6 4
4 42 7 4
4 42 8 4
4 42 9 3
5 42 -9 1
5 42 -8 2
5 42 -7 4
5 42 -6 4
5 42 -5 4
5 42 -4 4
5 42 -3 4
5 42 -2 4
5 42 -1 4
5 42 0 4
5 42 1 4
5 42 2 4
5 42 3 4
5 42 4 4
5 42 5 4
5 42 6 4
5 42 7 4
5 42 8 1
5 42 9 1
6 42 -8 1
6 42 -7 1
6 42 -6 4
6 42 -5 4
6 42 -4 4
6 42 -3 4
6 42 -2 4
6 42 -1 4
6 42 0 4
6 42 1 4
6 42 2 4
6 42 3 4
6 42 4 4
6 42 5 4
6 42 6 4
6 42 7 3
6 42 8 1
7 42 -8 3
7 42 -7 3
7 42 -6 1
7 42 -5 4
7 42 -4 4
7 42 -3 4
7 42 -2 4
7 42 -1 4
7 42 0 4
7 42 1 4
7 42 2 4
7 42 3 4
7 42 4 4
7 42 5 4
7 42 6 2
7 42 7 2
7 42 8 1
8 42 -7 2
8 42 -6 3
8 42 -5 1
8 42 -4 4
8 42 -3 4
8 42 -2 4
8 42 -1 4
8 42 0 4
8 42 1 4
8 42 2 4
8 42 3 4
8 42 4 4
8 42 5 1
8 42 6 1
8 42 7 2
9 42 -6 6
9 42 -5 1
9 42 -4 2
9 42 -3 2
9 42 -2 2
9 42 -1 4
9 42 0 4
9 42 1 4
9 42 2 2
9 42 3 2
9 42 4 1
9 42 5 1
9 42 6 6
10 42 -7 5
10 42 -6 5
10 42 -5 5
10 42 -3 3
10 42 -2 1
10 42 -1 1
10 42 0 2
10 42 1 1
10 42 2 1
10 42 3 1
10 42 5 6
10 42 6 5
10 42 7 6
11 42 -7 6
11 42 -6 6
11 42 -5 5
11 42 5 5
11 42 6 6
11 42 7 5
12 42 -7 5
12 42 -6 5
12 42 -5 5
12 42 5 5
12 42 6 5
12 42 7 6
-12 43 -6 5
-12 43 6 6
-11 43 -7 6
-11 43 -6 5
-11 43 -5 5
-11 43 5 6
-11 43 6 5
-11 43 7 5
-10 43 -7 5
-10 43 -6 5
-10 43 -5 6
-10 43 -2 2
-10 43 -1 3
-10 43 0 2
-10 43 1 2
-10 43 2 2
-10 43 5 5
-10 43 6 5
-10 43 7 6
-9 43 -7 6
-9 43 -6 6
-9 43 -5 2
-9 43 -4 1
-9 43 -3 1
-9 43 -2 1
-9 43 -1 1
-9 43 0 2
-9 43 1 1
-9 43 2 3
-9 43 3 1
-9 43 4 1
-9 43 5 2
-9 43 6 6
-9 43 7 5
-8 43 -6 1
-8 43 -5 2
-8 43 -4 1
-8 43 -3 4
-8 43 -2 4
-8 43 -1 4
-8 43 0 4
-8 43 1 4
-8 43 2 4
-8 43 3 4
-8 43 4 2
-8 43 5 3
-8 43 6 3
-7 43 -7 3
-7 43 -6 2
-7 43 -5 4
-7 43 -4 4
-7 43 -3 4
-7 43 -2 4
-7 43 -1 4
-7 43 0 4
-7 43 1 4
-7 43 2 4
-7 43 3 4
-7 43 4 4
-7 43 5 4
-7 43 6 1
-7 43 7 3
-6 43 -8 2
-6 43 -7 2
-6 43 -6 4
-6 43 -5 4
-6 43 -4 4
-6 43 -3 4
-6 43 -2 4
-6 43 -1 4
-6 43 0 4
-6 43 1 4
-6 43 2 4
-6 43 3 4
-6 43 4 4
-6 43 5 4
-6 43 6 4
-6 43 7 1
-6 43 8 2
-5 43 -9 3
-5 43 -8 2
-5 43 -7 4
-5 43 -6 4
-5 43 -5 4
-5 43 -4 4
-5 43 -3 4
-5 43 -2 4
-5 43 -1 4
-5 43 0 4
-5 43 1 4
-5 43 2 4
-5 43 3 4
-5 43 4 4
-5 43 5 4
-5 43 6 4
-5 43 7 4
-5 43 8 2
-5 43 9 2
-4 43 -9 1
-4 43 -8 2
-4 43 -7 4
-4 43 -6 4
-4 43 -5 4
-4 43 -4 4
-4 43 -3 4
-4 43 -2 4
-4 43 -1 4
-4 43 0 4
-4 43 1 4
-4 43 2 4
-4 43 3 4
-4 43 4 4
-4 43 5 4
-4 43 6 4
-4 43 7 4
-4 43 8 2
-4 43 9 1
-3 43 -9 1
-3 43 -8 4
-3 43 -7 4
-3 43 -6 4
-3 43 -5 4
-3 43 -4 4
-3 43 -3 4
-3 43 -2 4
-3 43 -1 4
-3 43 0 4
-3 43 1 4
-3 43 2 4
-3 43 3 4
-3 43 4 4
-3 43 5 4
-3 43 6 4
-3 43 7 4
-3 43 8 4
-3 43 9 2
-2 43 -10 2
-2 43 -9 1
-2 43 -8 4
-2 43 -7 4
-2 43 -6 4
-2 43 -5 4
-2 43 -4 4
-2 43 -3 4
-2 43 -2 4
-2 43 -1 4
-2 43 0 4
-2 43 1 4
-2 43 2 4
-2 43 3 4
-2 43 4 4
-2 43 5 4
-2 43 6 4
-2 43 7 4
-2 43 8 4
-2 43 9 2
-2 43 10 2
-1 43 -13 6
-1 43 -12 6
-1 43 -11 6
-1 43 -10 3
-1 43 -9 1
-1 43 -8 4
-1 43 -7 4
-1 43 -6 4
-1 43 -5 4
-1 43 -4 4
-1 43 -3 4
-1 43 -2 4
-1 43 -1 4
-1 43 0 4
-1 43 1 4
-1 43 2 4
-1 43 3 4
-1 43 4 4
-1 43 5 4
-1 43 6 4
-1 43 7 4
-1 43 8 4
-1 43 9 3
-1 43 10 2
-1 43 11 6
-1 43 12 6
-1 43 13 5
0 43 -13 6
0 43 -12 6
0 43 -11 6
0 43 -10 1
0 43 -9 2
0 43 -8 4
0 43 -7 4
0 43 -6 4
0 43 -5 4
0 43 -4 4
0 43 -3 4
0 43 -2 4
0 43 -1 4
0 43 0 4
0 43 1 4
0 43 2 4
0 43 3 4
0 43 4 4
0 43 5 4
0 43 6 4
0 43 7 4
0 43 8 4
0 43 9 2
0 43 10 2
0 43 11 6
0 43 12 5
0 43 13 5
1 43 -13 5
1 43 -12 6
1 43 -11 6
1 43 -10 2
1 43 -9 3
1 43 -8 4
1 43 -7 4
1 43 -6 4
1 43 -5 4
1 43 -4 4
1 43 -3 4
1 43 -2 4
1 43 -1 4
1 43 0 4
1 43 1 4
1 43 2 4
1 43 3 4
1 43 4 4
1 43 5 4
1 43 6 4
1 43 7 4
1 43 8 4
1 43 9 1
1 43 10 2
1 43 11 6
1 43 12 5
1 43 13 6
2 43 -10 2
2 43 -9 1
2 43 -8 4
2 43 -7 4
2 43 -6 4
2 43 -5 4
2 43 -4 4
2 43 -3 4
2 43 -2 4
2 43 -1 4
2 43 0 4
2 43 1 4
2 43 2 4
2 43 3 4
2 43 4 4
2 43 5 4
2 43 6 4
2 43 7 4
2 43 8 4
2 43 9 2
2 43 10 2
3 43 -9 2
3 43 -8 4
3 43 -7 4
3 43 -6 4
3 43 -5 4
3 43 -4 4
3 43 -3 4
3 43 -2 4
3 43 -1 4
3 43 0 4
3 43 1 4
3 43 2 4
3 43 3 4
3 43 4 4
3 43 5 4
3 43 6 4
3 43 7 4
3 43 8 4
3 43 9 1
4 43 -9 2
4 43 -8 1
4 43 -7 4
4 43 -6 4
4 43 -5 4
4 43 -4 4
4 43 -3 4
4 43 -2 4
4 43 -1 4
4 43 0 4
4 43 1 4
4 43 2 4
4 43 3 4
4 43 4 4
4 43 5 4
4 43 6 4
4 43 7 4
4 43 8 2
4 43 9 2
5 43 -9 2
5 43 -8 1
5 43 -7 4
5 43 -6 4
5 43 -5 4
5 43 -4 4
5 43 -3 4
5 43 -2 4
5 43 -1 4
5 43 0 4
5 43 1 4
5 43 2 4
5 43 3 4
5 43 4 4
5 43 5 4
5 43 6 4
5 43 7 4
5 43 8 3
5 43 9 3
6 43 -8 1
6 43 -7 2
6 43 -6 4
6 43 -5 4
6 43 -4 4
6 43 -3 4
6 43 -2 4
6 43 -1 4
6 43 0 4
6 43 1 4
6 43 2 4
6 43 3 4
6 43 4 4
6 43 5 4
6 43 6 4
6 43 7 1
6 43 8 3
7 43 -7 3
7 43 -6 3
7 43 -5 4
7 43 -4 4
7 43 -3 4
7 43 -2 4
7 43 -1 4
7 43 0 4
7 43 1 4
7 43 2 4
7 43 3 4
7 43 4 4
7 43 5 4
7 43 6 3
7 43 7 3
8 43 -6 2
8 43 -5 1
8 43 -4 1
8 43 -3 4
8 43 -2 4
8 43 -1 4
8 43 0 4
8 43 1 4
8 43 2 4
8 43 3 4
8 43 4 2
8 43 5 2
8 43 6 1
9 43 -7 5
9 43 -6 6
9 43 -5 2
9 43 -4 2
9 43 -3 1
9 43 -2 2
9 43 -1 1
9 43 0 3
9 43 1 1
9 43 2 2
9 43 3 1
9 43 4 2
9 43 5 2
9 43 6 6
9 43 7 6
10 43 -7 5
10 43 -6 5
10 43 -5 6
10 43 -2 2
10 43 -1 1
10 43 0 1
10 43 1 3
10 43 2 2
10 43 5 6
10 43 6 5
10 43 7 6
11 43 -7 5
11 43 -6 5
11 43 -5 6
11 43 5 5
11 43 6 5
11 43 7 6
12 43 -6 5
12 43 6 6
-13 44 -3 7
-13 44 -2 0
-13 44 -1 0
-13 44 0 0
-13 44 1 7
-13 44 2 7
-13 44 3 0
-12 44 -6 0
-12 44 -5 7
-12 44 -4 7
-12 44 4 0
-12 44 5 0
-12 44 6 7
-11 44 -7 0
-11 44 -6 0
-11 44 6 7
-11 44 7 7
-10 44 -9 7
-10 44 -8 7
-10 44 -7 5
-10 44 -6 6
-10 44 -5 6
-10 44 -1 2
-10 44 0 1
-10 44 1 2
-10 44 5 5
-10 44 6 6
-10 44 7 5
-10 44 8 0
-10 44 9 0
-9 44 -10 0
-9 44 -9 7
-9 44 -6 6
-9 44 -4 1
-9 44 -3 2
-9 44 -2 2
-9 44 -1 1
-9 44 0 2
-9 44 1 2
-9 44 2 2
-9 44 3 1
-9 44 4 1
-9 44 6 6
-9 44 9 0
-9 44 10 7
-8 44 -10 0
-8 44 -6 3
-8 44 -5 1
-8 44 -4 1
-8 44 -3 4
-8 44 -2 4
-8 44 -1 4
-8 44 0 4
-8 44 1 4
-8 44 2 4
-8 44 3 4
-8 44 4 2
-8 44 5 3
-8 44 6 1
-8 44 10 7
-7 44 -11 0
-7 44 -7 2
-7 44 -6 2
-7 44 -5 1
-7 44 -4 4
-7 44 -3 4
-7 44 -2 4
-7 44 -1 4
-7 44 0 4
-7 44 1 4
-7 44 2 4
-7 44 3 4
-7 44 4 4
-7 44 5 2
-7 44 6 2
-7 44 7 3
-7 44 11 7
-6 44 -12 7
-6 44 -11 7
-6 44 -8 1
-6 44 -7 2
-6 44 -6 4
-6 44 -5 4
-6 44 -4 4
-6 44 -3 4
-6 44 -2 4
-6 44 -1 4
-6 44 0 4
-6 44 1 4
-6 44 2 4
-6 44 3 4
-6 44 4 4
-6 44 5 4
-6 44 6 4
-6 44 7 1
-6 44 8 3
-6 44 11 0
-6 44 12 0
-5 44 -12 7
-5 44 -8 1
-5 44 -7 2
-5 44 -6 4
-5 44 -5 4
-5 44 -4 4
-5 44 -3 4
-5 44 -2 4
-5 44 -1 4
-5 44 0 4
-5 44 1 4
-5 44 2 4
-5 44 3 4
-5 44 4 4
-5 44 5 4
-5 44 6 4
-5 44 7 1
-5 44 8 1
-5 44 12 0
-4 44 -12 7
-4 44 -9 1
-4 44 -8 2
-4 44 -7 4
-4 44 -6 4
-4 44 -5 4
-4 44 -4 4
-4 44 -3 4
-4 44 -2 4
-4 44 -1 4
-4 44 0 4
-4 44 1 4
-4 44 2 4
-4 44 3 4
-4 44 4 4
-4 44 5 4
-4 44 6 4
-4 44 7 4
-4 44 8 2
-4 44 9 3
-4 44 12 0
-3 44 -13 0
-3 44 -9 2
-3 44 -8 4
-3 44 -7 4
-3 44 -6 4
-3 44 -5 4
-3 44 -4 4
-3 44 -3 4
-3 44 -2 4
-3 44 -1 4
-3 44 0 4
-3 44 1 4
-3 44 2 4
-3 44 3 4
-3 44 4 4
-3 44 5 4
-3 44 6 4
-3 44 7 4
-3 44 8 4
-3 44 9 1
-3 44 13 7
-2 44 -13 0
-2 44 -9 2
-2 44 -8 4
-2 44 -7 4
-2 44 -6 4
-2 44 -5 4
-2 44 -4 4
-2 44 -3 4
-2 44 -2 4
-2 44 -1 4
-2 44 0 4
-2 44 1 4
-2 44 2 4
-2 44 3 4
-2 44 4 4
-2 44 5 4
-2 44 6 4
-2 44 7 4
-2 44 8 4
-2 44 9 3
-2 44 13 7
-1 44 -13 7
-1 44 -12 5
-1 44 -10 3
-1 44 -9 2
-1 44 -8 4
-1 44 -7 4
-1 44 -6 4
-1 44 -5 4
-1 44 -4 4
-1 44 -3 4
-1 44 -2 4
-1 44 -1 4
-1 44 0 4
-1 44 1 4
-1 44 2 4
-1 44 3 4
-1 44 4 4
-1 44 5 4
-1 44 6 4
-1 44 7 4
-1 44 8 4
-1 44 9 2
-1 44 10 2
-1 44 12 6
-1 44 13 0
0 44 -13 7
0 44 -12 6
0 44 -11 5
0 44 -10 3
0 44 -9 1
0 44 -8 4
0 44 -7 4
0 44 -6 4
0 44 -5 4
0 44 -4 4
0 44 -3 4
0 44 -2 4
0 44 -1 4
0 44 0 4
0 44 1 4
0 44 2 4
0 44 3 4
0 44 4 4
0 44 5 4
0 44 6 4
0 44 7 4
0 44 8 4
0 44 9 1
0 44 10 1
0 44 11 5
0 44 12 6
0 44 13 0
1 44 -13 7
1 44 -12 5
1 44 -10 1
1 44 -9 2
1 44 -8 4
1 44 -7 4
1 44 -6 4
1 44 -5 4
1 44 -4 4
1 44 -3 4
1 44 -2 4
1 44 -1 4
1 44 0 4
1 44 1 4
1 44 2 4
1 44 3 4
1 44 4 4
1 44 5 4
1 44 6 4
1 44 7 4
1 44 8 4
1 44 9 2
1 44 10 2
1 44 12 6
1 44 13 0
2 44 -13 0
2 44 -9 2
2 44 -8 4
2 44 -7 4
2 44 -6 4
2 44 -5 4
2 44 -4 4
2 44 -3 4
2 44 -2 4
2 44 -1 4
2 44 0 4
2 44 1 4
2 44 2 4
2 44 3 4
2 44 4 4
2 44 5 4
2 44 6 4
2 44 7 4
2 44 8 4
2 44 9 1
2 44 13 7
3 44 -13 0
3 44 -9 1
3 44 -8 4
3 44 -7 4
3 44 -6 4
3 44 -5 4
3 44 -4 4
3 44 -3 4
3 44 -2 4
3 44 -1 4
3 44 0 4
3 44 1 4
3 44 2 4
3 44 3 4
3 44 4 4
3 44 5 4
3 44 6 4
3 44 7 4
3 44 8 4
3 44 9 2
3 44 13 7
4 44 -12 7
4 44 -9 2
4 44 -8 2
4 44 -7 4
4 44 -6 4
4 44 -5 4
4 44 -4 4
4 44 -3 4
4 44 -2 4
4 44 -1 4
4 44 0 4
4 44 1 4
4 44 2 4
4 44 3 4
4 44 4 4
4 44 5 4
4 44 6 4
4 44 7 4
4 44 8 2
4 44 9 2
4 44 12 0
5 44 -12 7
5 44 -8 3
5 44 -7 1
5 44 -6 4
5 44 -5 4
5 44 -4 4
5 44 -3 4
5 44 -2 4
5 44 -1 4
5 44 0 4
5 44 1 4
5 44 2 4
5 44 3 4
5 44 4 4
5 44 5 4
5 44 6 4
5 44 7 2
5 44 8 1
5 44 12 0
6 44 -12 7
6 44 -11 7
6 44 -8 2
6 44 -7 2
6 44 -6 4
6 44 -5 4
6 44 -4 4
6 44 -3 4
6 44 -2 4
6 44 -1 4
6 44 0 4
6 44 1 4
6 44 2 4
6 44 3 4
6 44 4 4
6 44 5 4
6 44 6 4
6 44 7 2
6 44 8 1
6 44 11 0
6 44 12 0
7 44 -11 0
7 44 -7 3
7 44 -6 2
7 44 -5 2
7 44 -4 4
7 44 -3 4
7 44 -2 4
7 44 -1 4
7 44 0 4
7 44 1 4
7 44 2 4
7 44 3 4
7 44 4 4
7 44 5 1
7 44 6 1
7 44 7 2
7 44 11 7
8 44 -10 0
8 44 -6 2
8 44 -5 3
8 44 -4 2
8 44 -3 4
8 44 -2 4
8 44 -1 4
8 44 0 4
8 44 1 4
8 44 2 4
8 44 3 4
8 44 4 3
8 44 5 2
8 44 6 2
8 44 10 7
9 44 -10 0
9 44 -9 7
9 44 -6 5
9 44 -4 2
9 44 -3 1
9 44 -2 2
9 44 -1 2
9 44 0 1
9 44 1 1
9 44 2 1
9 44 3 2
9 44 4 3
9 44 6 6
9 44 9 0
9 44 10 7
10 44 -9 7
10 44 -8 7
10 44 -7 6
10 44 -6 6
10 44 -5 6
10 44 -1 1
10 44 0 1
10 44 1 2
10 44 5 6
10 44 6 6
10 44 7 6
10 44 8 0
10 44 9 0
11 44 -7 0
11 44 -6 0
11 44 6 7
11 44 7 7
12 44 -6 0
12 44 -5 7
12 44 -4 7
12 44 4 0
12 44 5 0
12 44 6 7
13 44 -3 7
13 44 -2 0
13 44 -1 0
13 44 0 7
13 44 1 7
13 44 2 7
13 44 3 0
-10 45 -6 6
-10 45 6 5
-9 45 -4 3
-9 45 -3 3
-9 45 -2 1
-9 45 -1 3
-9 45 0 3
-9 45 1 2
-9 45 2 1
-9 45 3 2
-9 45 4 2
-8 45 -5 1
-8 45 -4 1
-8 45 -3 2
-8 45 -2 4
-8 45 -1 4
-8 45 0 4
-8 45 1 4
-8 45 2 4
-8 45 3 2
-8 45 4 1
-8 45 5 2
-7 45 -6 2
-7 45 -5 2
-7 45 -4 4
-7 45 -3 4
-7 45 -2 4
-7 45 -1 4
-7 45 0 4
-7 45 1 4
-7 45 2 4
-7 45 3 4
-7 45 4 4
-7 45 5 3
-7 45 6 3
-6 45 -7 3
-6 45 -6 3
-6 45 -5 4
-6 45 -4 4
-6 45 -3 4
-6 45 -2 4
-6 45 -1 4
-6 45 0 4
-6 45 1 4
-6 45 2 4
-6 45 3 4
-6 45 4 4
-6 45 5 4
-6 45 6 3
-6 45 7 2
-5 45 -8 3
-5 45 -7 3
-5 45 -6 4
-5 45 -5 4
-5 45 -4 4
-5 45 -3 4
-5 45 -2 4
-5 45 -1 4
-5 45 0 4
-5 45 1 4
-5 45 2 4
-5 45 3 4
-5 45 4 4
-5 45 5 4
-5 45 6 4
-5 45 7 2
-5 45 8 1
-4 45 -9 1
-4 45 -8 2
-4 45 -7 4
-4 45 -6 4
-4 45 -5 4
-4 45 -4 4
-4 45 -3 4
-4 45 -2 4
-4 45 -1 4
-4 45 0 4
-4 45 1 4
-4 45 2 4
-4 45 3 4
-4 45 4 4
-4 45 5 4
-4 45 6 4
-4 45 7 4
-4 45 8 3
-4 45 9 1
-3 45 -9 2
-3 45 -8 1
-3 45 -7 4
-3 45 -6 4
-3 45 -5 4
-3 45 -4 4
-3 45 -3 4
-3 45 -2 4
-3 45 -1 4
-3 45 0 4
-3 45 1 4
-3 45 2 4
-3 45 3 4
-3 45 4 4
-3 45 5 4
-3 45 6 4
-3 45 7 4
-3 45 8 2
-3 45 9 1
-2 45 -9 2
-2 45 -8 4
-2 45 -7 4
-2 45 -6 4
-2 45 -5 4
-2 45 -4 4
-2 45 -3 4
-2 45 -2 4
-2 45 -1 4
-2 45 0 4
-2 45 1 4
-2 45 2 4
-2 45 3 4
-2 45 4 4
-2 45 5 4
-2 45 6 4
-2 45 7 4
-2 45 8 4
-2 45 9 2
-1 45 -9 1
-1 45 -8 4
-1 45 -7 4
-1 45 -6 4
-1 45 -5 4
-1 45 -4 4
-1 45 -3 4
-1 45 -2 4
-1 45 -1 4
-1 45 0 4
-1 45 1 4
-1 45 2 4
-1 45 3 4
-1 45 4 4
-1 45 5 4
-1 45 6 4
-1 45 7 4
-1 45 8 4
-1 45 9 1
0 45 -11 6
0 45 -9 1
0 45 -8 4
0 45 -7 4
0 45 -6 4
0 45 -5 4
0 45 -4 4
0 45 -3 4
0 45 -2 4
0 45 -1 4
0 45 0 4
0 45 1 4
0 45 2 4
0 45 3 4
0 45 4 4
0 45 5 4
0 45 6 4
0 45 7 4
0 45 8 4
0 45 9 2
0 45 11 6
1 45 -9 1
1 45 -8 4
1 45 -7 4
1 45 -6 4
1 45 -5 4
1 45 -4 4
1 45 -3 4
1 45 -2 4
1 45 -1 4
1 45 0 4
1 45 1 4
1 45 2 4
1 45 3 4
1 45 4 4
1 45 5 4
1 45 6 4
1 45 7 4
1 45 8 4
1 45 9 1
2 45 -9 2
2 45 -8 4
2 45 -7 4
2 45 -6 4
2 45 -5 4
2 45 -4 4
2 45 -3 4
2 45 -2 4
2 45 -1 4
2 45 0 4
2 45 1 4
2 45 2 4
2 45 3 4
2 45 4 4
2 45 5 4
2 45 6 4
2 45 7 4
2 45 8 4
2 45 9 3
3 45 -9 1
3 45 -8 3
3 45 -7 4
3 45 -6 4
3 45 -5 4
3 45 -4 4
3 45 -3 4
3 45 -2 4
3 45 -1 4
3 45 0 4
3 45 1 4
3 45 2 4
3 45 3 4
3 45 4 4
3 45 5 4
3 45 6 4
3 45 7 4
3 45 8 1
3 45 9 2
4 45 -9 2
4 45 -8 1
4 45 -7 4
4 45 -6 4
4 45 -5 4
4 45 -4 4
4 45 -3 4
4 45 -2 4
4 45 -1 4
4 45 0 4
4 45 1 4
4 45 2 4
4 45 3 4
4 45 4 4
4 45 5 4
4 45 6 4
4 45 7 4
4 45 8 1
4 45 9 1
5 45 -8 2
5 45 -7 2
5 45 -6 4
5 45 -5 4
5 45 -4 4
5 45 -3 4
5 45 -2 4
5 45 -1 4
5 45 0 4
5 45 1 4
5 45 2 4
5 45 3 4
5 45 4 4
5 45 5 4
5 45 6 4
5 45 7 3
5 45 8 2
6 45 -7 1
6 45 -6 3
6 45 -5 4
6 45 -4 4
6 45 -3 4
6 45 -2 4
6 45 -1 4
6 45 0 4
6 45 1 4
6 45 2 4
6 45 3 4
6 45 4 4
6 45 5 4
6 45 6 3
6 45 7 1
7 45 -6 1
7 45 -5 3
7 45 -4 4
7 45 -3 4
7 45 -2 4
7 45 -1 4
7 45 0 4
7 45 1 4
7 45 2 4
7 45 3 4
7 45 4 4
7 45 5 2
7 45 6 1
8 45 -5 2
8 45 -4 2
8 45 -3 2
8 45 -2 4
8 45 -1 4
8 45 0 4
8 45 1 4
8 45 2 4
8 45 3 3
8 45 4 2
8 45 5 1
9 45 -4 1
9 45 -3 2
9 45 -2 1
9 45 -1 2
9 45 0 2
9 45 1 3
9 45 2 2
9 45 3 3
9 45 4 2
10 45 -6 5
10 45 6 6
-10 46 -6 5
-10 46 -5 5
-10 46 5 6
-10 46 6 5
-9 46 -5 5
-9 46 -3 1
-9 46 -2 2
-9 46 -1 3
-9 46 0 3
-9 46 1 3
-9 46 2 2
-9 46 3 2
-9 46 5 6
-8 46 -5 3
-8 46 -4 1
-8 46 -3 2
-8 46 -2 2
-8 46 -1 1
-8 46 0 2
-8 46 1 2
-8 46 2 3
-8 46 3 2
-8 46 4 2
-8 46 5 1
-7 46 -6 2
-7 46 -5 3
-7 46 -4 2
-7 46 -3 4
-7 46 -2 4
-7 46 -1 4
-7 46 0 4
-7 46 1 4
-7 46 2 4
-7 46 3 4
-7 46 4 1
-7 46 5 1
-7 46 6 2
-6 46 -7 2
-6 46 -6 3
-6 46 -5 4
-6 46 -4 4
-6 46 -3 4
-6 46 -2 4
-6 46 -1 4
-6 46 0 4
-6 46 1 4
-6 46 2 4
-6 46 3 4
-6 46 4 4
-6 46 5 4
-6 46 6 2
-6 46 7 3
-5 46 -8 2
-5 46 -7 2
-5 46 -6 4
-5 46 -5 4
-5 46 -4 4
-5 46 -3 4
-5 46 -2 4
-5 46 -1 4
-5 46 0 4
-5 46 1 4
-5 46 2 4
-5 46 3 4
-5 46 4 4
-5 46 5 4
-5 46 6 4
-5 46 7 1
-5 46 8 3
-4 46 -8 2
-4 46 -7 2
-4 46 -6 4
-4 46 -5 4
-4 46 -4 4
-4 46 -3 4
-4 46 -2 4
-4 46 -1 4
-4 46 0 4
-4 46 1 4
-4 46 2 4
-4 46 3 4
-4 46 4 4
-4 46 5 4
-4 46 6 4
-4 46 7 1
-4 46 8 1
-3 46 -9 2
-3 46 -8 3
-3 46 -7 4
-3 46 -6 4
-3 46 -5 4
-3 46 -4 4
-3 46 -3 4
-3 46 -2 4
-3 46 -1 4
-3 46 0 4
-3 46 1 4
-3 46 2 4
-3 46 3 4
-3 46 4 4
-3 46 5 4
-3 46 6 4
-3 46 7 4
-3 46 8 1
-3 46 9 2
-2 46 -9 1
-2 46 -8 1
-2 46 -7 4
-2 46 -6 4
-2 46 -5 4
-2 46 -4 4
-2 46 -3 4
-2 46 -2 4
-2 46 -1 4
-2 46 0 4
-2 46 1 4
-2 46 2 4
-2 46 3 4
-2 46 4 4
-2 46 5 4
-2 46 6 4
-2 46 7 4
-2 46 8 2
-2 46 9 2
-1 46 -9 1
-1 46 -8 1
-1 46 -7 4
-1 46 -6 4
-1 46 -5 4
-1 46 -4 4
-1 46 -3 4
-1 46 -2 4
-1 46 -1 4
-1 46 0 4
-1 46 1 4
-1 46 2 4
-1 46 3 4
-1 46 4 4
-1 46 5 4
-1 46 6 4
-1 46 7 4
-1 46 8 3
-1 46 9 2
0 46 -11 5
0 46 -9 2
0 46 -8 3
0 46 -7 4
0 46 -6 4
0 46 -5 4
0 46 -4 4
0 46 -3 4
0 46 -2 4
0 46 -1 4
0 46 0 4
0 46 1 4
0 46 2 4
0 46 3 4
0 46 4 4
0 46 5 4
0 46 6 4
0 46 7 4
0 46 8 1
0 46 9 2
0 46 11 5
1 46 -9 2
1 46 -8 1
1 46 -7 4
1 46 -6 4
1 46 -5 4
1 46 -4 4
1 46 -3 4
1 46 -2 4
1 46 -1 4
1 46 0 4
1 46 1 4
1 46 2 4
1 46 3 4
1 46 4 4
1 46 5 4
1 46 6 4
1 46 7 4
1 46 8 3
1 46 9 1
2 46 -9 3
2 46 -8 1
2 46 -7 4
2 46 -6 4
2 46 -5 4
2 46 -4 4
2 46 -3 4
2 46 -2 4
2 46 -1 4
2 46 0 4
2 46 1 4
2 46 2 4
2 46 3 4
2 46 4 4
2 46 5 4
2 46 6 4
2 46 7 4
2 46 8 2
2 46 9 2
3 46 -9 2
3 46 -8 2
3 46 -7 4
3 46 -6 4
3 46 -5 4
3 46 -4 4
3 46 -3 4
3 46 -2 4
3 46 -1 4
3 46 0 4
3 46 1 4
3 46 2 4
3 46 3 4
3 46 4 4
3 46 5 4
3 46 6 4
3 46 7 4
3 46 8 1
3 46 9 2
4 46 -8 2
4 46 -7 2
4 46 -6 4
4 46 -5 4
4 46 -4 4
4 46 -3 4
4 46 -2 4
4 46 -1 4
4 46 0 4
4 46 1 4
4 46 2 4
4 46 3 4
4 46 4 4
4 46 5 4
4 46 6 4
4 46 7 1
4 46 8 1
5 46 -8 1
5 46 -7 1
5 46 -6 4
5 46 -5 4
5 46 -4 4
5 46 -3 4
5 46 -2 4
5 46 -1 4
5 46 0 4
5 46 1 4
5 46 2 4
5 46 3 4
5 46 4 4
5 46 5 4
5 46 6 4
5 46 7 2
5 46 8 3
6 46 -7 2
6 46 -6 2
6 46 -5 4
6 46 -4 4
6 46 -3 4
6 46 -2 4
6 46 -1 4
6 46 0 4
6 46 1 4
6 46 2 4
6 46 3 4
6 46 4 4
6 46 5 4
6 46 6 3
6 46 7 3
7 46 -6 1
7 46 -5 1
7 46 -4 2
7 46 -3 4
7 46 -2 4
7 46 -1 4
7 46 0 4
7 46 1 4
7 46 2 4
7 46 3 4
7 46 4 2
7 46 5 3
7 46 6 3
8 46 -5 3
8 46 -4 2
8 46 -3 2
8 46 -2 2
8 46 -1 1
8 46 0 1
8 46 1 1
8 46 2 1
8 46 3 2
8 46 4 2
8 46 5 1
9 46 -5 6
9 46 -3 2
9 46 -2 1
9 46 -1 3
9 46 0 3
9 46 1 3
9 46 2 1
9 46 3 1
9 46 5 5
10 46 -6 5
10 46 -5 6
10 46 5 6
10 46 6 5
-9 47 -5 6
-9 47 -2 2
-9 47 -1 2
-9 47 0 2
-9 47 1 1
-9 47 2 1
-9 47 5 6
-8 47 -4 1
-8 47 -3 3
-8 47 -2 2
-8 47 -1 1
-8 47 0 2
-8 47 1 3
-8 47 2 1
-8 47 3 2
-8 47 4 2
-7 47 -6 2
-7 47 -5 1
-7 47 -4 1
-7 47 -3 4
-7 47 -2 4
-7 47 -1 4
-7 47 0 4
-7 47 1 4
-7 47 2 4
-7 47 3 4
-7 47 4 2
-7 47 5 2
-7 47 6 2
-6 47 -7 1
-6 47 -6 1
-6 47 -5 1
-6 47 -4 4
-6 47 -3 4
-6 47 -2 4
-6 47 -1 4
-6 47 0 4
-6 47 1 4
-6 47 2 4
-6 47 3 4
-6 47 4 4
-6 47 5 3
-6 47 6 2
-6 47 7 1
-5 47 -7 2
-5 47 -6 2
-5 47 -5 4
-5 47 -4 4
-5 47 -3 4
-5 47 -2 4
-5 47 -1 4
-5 47 0 4
-5 47 1 4
-5 47 2 4
-5 47 3 4
-5 47 4 4
-5 47 5 4
-5 47 6 2
-5 47 7 2
-4 47 -8 2
-4 47 -7 1
-4 47 -6 4
-4 47 -5 4
-4 47 -4 4
-4 47 -3 4
-4 47 -2 4
-4 47 -1 4
-4 47 0 4
-4 47 1 4
-4 47 2 4
-4 47 3 4
-4 47 4 4
-4 47 5 4
-4 47 6 4
-4 47 7 2
-4 47 8 3
-3 47 -8 1
-3 47 -7 4
-3 47 -6 4
-3 47 -5 4
-3 47 -4 4
-3 47 -3 4
-3 47 -2 4
-3 47 -1 4
-3 47 0 4
-3 47 1 4
-3 47 2 4
-3 47 3 4
-3 47 4 4
-3 47 5 4
-3 47 6 4
-3 47 7 4
-3 47 8 2
-2 47 -9 1
-2 47 -8 2
-2 47 -7 4
-2 47 -6 4
-2 47 -5 4
-2 47 -4 4
-2 47 -3 4
-2 47 -2 4
-2 47 -1 4
-2 47 0 4
-2 47 1 4
-2 47 2 4
-2 47 3 4
-2 47 4 4
-2 47 5 4
-2 47 6 4
-2 47 7 4
-2 47 8 1
-2 47 9 2
-1 47 -9 2
-1 47 -8 3
-1 47 -7 4
-1 47 -6 4
-1 47 -5 4
-1 47 -4 4
-1 47 -3 4
-1 47 -2 4
-1 47 -1 4
-1 47 0 4
-1 47 1 4
-1 47 2 4
-1 47 3 4
-1 47 4 4
-1 47 5 4
-1 47 6 4
-1 47 7 4
-1 47 8 2
-1 47 9 2
0 47 -11 5
0 47 -9 2
0 47 -8 2
0 47 -7 4
0 47 -6 4
0 47 -5 4
0 47 -4 4
0 47 -3 4
0 47 -2 4
0 47 -1 4
0 47 0 4
0 47 1 4
0 47 2 4
0 47 3 4
0 47 4 4
0 47 5 4
0 47 6 4
0 47 7 4
0 47 8 2
0 47 9 2
0 47 11 5
1 47 -9 2
1 47 -8 1
1 47 -7 4
1 47 -6 4
1 47 -5 4
1 47 -4 4
1 47 -3 4
1 47 -2 4
1 47 -1 4
1 47 0 4
1 47 1 4
1 47 2 4
1 47 3 4
1 47 4 4
1 47 5 4
1 47 6 4
1 47 7 4
1 47 8 1
1 47 9 2
2 47 -9 2
2 47 -8 1
2 47 -7 4
2 47 -6 4
2 47 -5 4
2 47 -4 4
2 47 -3 4
2 47 -2 4
2 47 -1 4
2 47 0 4
2 47 1 4
2 47 2 4
2 47 3 4
2 47 4 4
2 47 5 4
2 47 6 4
2 47 7 4
2 47 8 2
2 47 9 3
3 47 -8 2
3 47 -7 4
3 47 -6 4
3 47 -5 4
3 47 -4 4
3 47 -3 4
3 47 -2 4
3 47 -1 4
3 47 0 4
3 47 1 4
3 47 2 4
3 47 3 4
3 47 4 4
3 47 5 4
3 47 6 4
3 47 7 4
3 47 8 1
4 47 -8 3
4 47 -7 2
4 47 -6 4
4 47 -5 4
4 47 -4 4
4 47 -3 4
4 47 -2 4
4 47 -1 4
4 47 0 4
4 47 1 4
4 47 2 4
4 47 3 4
4 47 4 4
4 47 5 4
4 47 6 4
4 47 7 1
4 47 8 3
5 47 -7 2
5 47 -6 2
5 47 -5 4
5 47 -4 4
5 47 -3 4
5 47 -2 4
5 47 -1 4
5 47 0 4
5 47 1 4
5 47 2 4
5 47 3 4
5 47 4 4
5 47 5 4
5 47 6 1
5 47 7 2
6 47 -7 2
6 47 -6 2
6 47 -5 3
6 47 -4 4
6 47 -3 4
6 47 -2 4
6 47 -1 4
6 47 0 4
6 47 1 4
6 47 2 4
6 47 3 4
6 47 4 4
6 47 5 2
6 47 6 1
6 47 7 3
7 47 -6 2
7 47 -5 2
7 47 -4 2
7 47 -3 4
7 47 -2 4
7 47 -1 4
7 47 0 4
7 47 1 4
7 47 2 4
7 47 3 4
7 47 4 2
7 47 5 1
7 47 6 2
8 47 -4 2
8 47 -3 2
8 47 -2 2
8 47 -1 1
8 47 0 1
8 47 1 2
8 47 2 2
8 47 3 1
8 47 4 2
9 47 -5 6
9 47 -2 2
9 47 -1 1
9 47 0 3
9 47 1 2
9 47 2 1
9 47 5 6
-9 48 -5 6
-9 48 5 5
-8 48 -3 2
-8 48 -2 2
-8 48 -1 1
-8 48 0 2
-8 48 1 2
-8 48 2 2
-8 48 3 3
-7 48 -5 3
-7 48 -4 1
-7 48 -3 1
-7 48 -2 2
-7 48 -1 4
-7 48 0 4
-7 48 1 4
-7 48 2 2
-7 48 3 3
-7 48 4 1
-7 48 5 2
-6 48 -6 1
-6 48 -5 2
-6 48 -4 4
-6 48 -3 4
-6 48 -2 4
-6 48 -1 4
-6 48 0 4
-6 48 1 4
-6 48 2 4
-6 48 3 4
-6 48 4 4
-6 48 5 3
-6 48 6 2
-5 48 -7 1
-5 48 -6 2
-5 48 -5 4
-5 48 -4 4
-5 48 -3 4
-5 48 -2 4
-5 48 -1 4
-5 48 0 4
-5 48 1 4
-5 48 2 4
-5 48 3 4
-5 48 4 4
-5 48 5 4
-5 48 6 2
-5 48 7 2
-4 48 -7 2
-4 48 -6 4
-4 48 -5 4
-4 48 -4 4
-4 48 -3 4
-4 48 -2 4
-4 48 -1 4
-4 48 0 4
-4 48 1 4
-4 48 2 4
-4 48 3 4
-4 48 4 4
-4 48 5 4
-4 48 6 4
-4 48 7 3
-3 48 -8 1
-3 48 -7 2
-3 48 -6 4
-3 48 -5 4
-3 48 -4 4
-3 48 -3 4
-3 48 -2 4
-3 48 -1 4
-3 48 0 4
-3 48 1 4
-3 48 2 4
-3 48 3 4
-3 48 4 4
-3 48 5 4
-3 48 6 4
-3 48 7 3
-3 48 8 2
-2 48 -8 1
-2 48 -7 1
-2 48 -6 4
-2 48 -5 4
-2 48 -4 4
-2 48 -3 4
-2 48 -2 4
-2 48 -1 4
-2 48 0 4
-2 48 1 4
-2 48 2 4
-2 48 3 4
-2 48 4 4
-2 48 5 4
-2 48 6 4
-2 48 7 1
-2 48 8 1
-1 48 -8 1
-1 48 -7 4
-1 48 -6 4
-1 48 -5 4
-1 48 -4 4
-1 48 -3 4
-1 48 -2 4
-1 48 -1 4
-1 48 0 4
-1 48 1 4
-1 48 2 4
-1 48 3 4
-1 48 4 4
-1 48 5 4
-1 48 6 4
-1 48 7 4
-1 48 8 1
0 48 -10 5
0 48 -8 2
0 48 -7 4
0 48 -6 4
0 48 -5 4
0 48 -4 4
0 48 -3 4
0 48 -2 4
0 48 -1 4
0 48 0 4
0 48 1 4
0 48 2 4
0 48 3 4
0 48 4 4
0 48 5 4
0 48 6 4
0 48 7 4
0 48 8 1
0 48 10 6
1 48 -8 2
1 48 -7 4
1 48 -6 4
1 48 -5 4
1 48 -4 4
1 48 -3 4
1 48 -2 4
1 48 -1 4
1 48 0 4
1 48 1 4
1 48 2 4
1 48 3 4
1 48 4 4
1 48 5 4
1 48 6 4
1 48 7 4
1 48 8 3
2 48 -8 3
2 48 -7 2
2 48 -6 4
2 48 -5 4
2 48 -4 4
2 48 -3 4
2 48 -2 4
2 48 -1 4
2 48 0 4
2 48 1 4
2 48 2 4
2 48 3 4
2 48 4 4
2 48 5 4
2 48 6 4
2 48 7 2
2 48 8 2
3 48 -8 2
3 48 -7 3
3 48 -6 4
3 48 -5 4
3 48 -4 4
3 48 -3 4
3 48 -2 4
3 48 -1 4
3 48 0 4
3 48 1 4
3 48 2 4
3 48 3 4
3 48 4 4
3 48 5 4
3 48 6 4
3 48 7 2
3 48 8 2
4 48 -7 2
4 48 -6 4
4 48 -5 4
4 48 -4 4
4 48 -3 4
4 48 -2 4
4 48 -1 4
4 48 0 4
4 48 1 4
4 48 2 4
4 48 3 4
4 48 4 4
4 48 5 4
4 48 6 4
4 48 7 3
5 48 -7 2
5 48 -6 1
5 48 -5 4
5 48 -4 4
5 48 -3 4
5 48 -2 4
5 48 -1 4
5 48 0 4
5 48 1 4
5 48 2 4
5 48 3 4
5 48 4 4
5 48 5 4
5 48 6 2
5 48 7 1
6 48 -6 2
6 48 -5 2
6 48 -4 4
6 48 -3 4
6 48 -2 4
6 48 -1 4
6 48 0 4
6 48 1 4
6 48 2 4
6 48 3 4
6 48 4 4
6 48 5 1
6 48 6 1
7 48 -5 2
7 48 -4 2
7 48 -3 3
7 48 -2 1
7 48 -1 4
7 48 0 4
7 48 1 4
7 48 2 1
7 48 3 1
7 48 4 2
7 48 5 3
8 48 -3 2
8 48 -2 3
8 48 -1 2
8 48 0 1
8 48 1 3
8 48 2 3
8 48 3 3
9 48 -5 5
9 48 5 6
-9 49 -5 6
-9 49 5 5
-8 49 -2 2
-8 49 -1 1
-8 49 0 2
-8 49 1 7
-8 49 2 7
-7 49 -4 7
-7 49 -3 7
-7 49 -2 2
-7 49 -1 2
-7 49 0 3
-7 49 1 7
-7 49 2 7
-7 49 3 2
-7 49 4 1
-6 49 -6 1
-6 49 -5 7
-6 49 -4 7
-6 49 -3 4
-6 49 -2 4
-6 49 -1 4
-6 49 0 4
-6 49 1 4
-6 49 2 4
-6 49 3 4
-6 49 4 2
-6 49 5 2
-6 49 6 7
-5 49 -6 2
-5 49 -5 1
-5 49 -4 4
-5 49 -3 4
-5 49 -2 4
-5 49 -1 4
-5 49 0 4
-5 49 1 4
-5 49 2 4
-5 49 3 4
-5 49 4 4
-5 49 5 7
-5 49 6 7
-4 49 -7 7
-4 49 -6 2
-4 49 -5 4
-4 49 -4 4
-4 49 -3 4
-4 49 -2 4
-4 49 -1 4
-4 49 0 4
-4 49 1 4
-4 49 2 4
-4 49 3 4
-4 49 4 4
-4 49 5 4
-4 49 6 7
-4 49 7 2
-3 49 -7 7
-3 49 -6 4
-3 49 -5 4
-3 49 -4 4
-3 49 -3 4
-3 49 -2 4
-3 49 -1 4
-3 49 0 4
-3 49 1 4
-3 49 2 4
-3 49 3 4
-3 49 4 4
-3 49 5 4
-3 49 6 4
-3 49 7 1
-2 49 -8 7
-2 49 -7 7
-2 49 -6 4
-2 49 -5 4
-2 49 -4 4
-2 49 -3 4
-2 49 -2 4
-2 49 -1 4
-2 49 0 4
-2 49 1 4
-2 49 2 4
-2 49 3 4
-2 49 4 4
-2 49 5 4
-2 49 6 4
-2 49 7 1
-2 49 8 2
-1 49 -8 2
-1 49 -7 1
-1 49 -6 4
-1 49 -5 4
-1 49 -4 4
-1 49 -3 4
-1 49 -2 4
-1 49 -1 4
-1 49 0 4
-1 49 1 4
-1 49 2 4
-1 49 3 4
-1 49 4 4
-1 49 5 4
-1 49 6 4
-1 49 7 7
-1 49 8 7
0 49 -10 5
0 49 -8 1
0 49 -7 1
0 49 -6 4
0 49 -5 4
0 49 -4 4
0 49 -3 4
0 49 -2 4
0 49 -1 4
0 49 0 4
0 49 1 4
0 49 2 4
0 49 3 4
0 49 4 4
0 49 5 4
0 49 6 4
0 49 7 7
0 49 8 7
0 49 10 5
1 49 -8 2
1 49 -7 1
1 49 -6 4
1 49 -5 4
1 49 -4 4
1 49 -3 4
1 49 -2 4
1 49 -1 4
1 49 0 4
1 49 1 4
1 49 2 4
1 49 3 4
1 49 4 4
1 49 5 4
1 49 6 4
1 49 7 7
1 49 8 7
2 49 -8 7
2 49 -7 7
2 49 -6 4
2 49 -5 4
2 49 -4 4
2 49 -3 4
2 49 -2 4
2 49 -1 4
2 49 0 4
2 49 1 4
2 49 2 4
2 49 3 4
2 49 4 4
2 49 5 4
2 49 6 4
2 49 7 2
2 49 8 2
3 49 -7 7
3 49 -6 4
3 49 -5 4
3 49 -4 4
3 49 -3 4
3 49 -2 4
3 49 -1 4
3 49 0 4
3 49 1 4
3 49 2 4
3 49 3 4
3 49 4 4
3 49 5 4
3 49 6 4
3 49 7 1
4 49 -7 7
4 49 -6 1
4 49 -5 4
4 49 -4 4
4 49 -3 4
4 49 -2 4
4 49 -1 4
4 49 0 4
4 49 1 4
4 49 2 4
4 49 3 4
4 49 4 4
4 49 5 4
4 49 6 7
4 49 7 2
5 49 -6 2
5 49 -5 1
5 49 -4 4
5 49 -3 4
5 49 -2 4
5 49 -1 4
5 49 0 4
5 49 1 4
5 49 2 4
5 49 3 4
5 49 4 4
5 49 5 7
5 49 6 7
6 49 -6 2
6 49 -5 7
6 49 -4 7
6 49 -3 4
6 49 -2 4
6 49 -1 4
6 49 0 4
6 49 1 4
6 49 2 4
6 49 3 4
6 49 4 3
6 49 5 3
6 49 6 7
7 49 -4 7
7 49 -3 7
7 49 -2 3
7 49 -1 2
7 49 0 7
7 49 1 7
7 49 2 7
7 49 3 3
7 49 4 2
8 49 -2 3
8 49 -1 2
8 49 0 7
8 49 1 7
8 49 2 7
9 49 -5 5
9 49 5 6
-9 50 -5 0
-9 50 5 0
-8 50 -5 0
-8 50 -1 2
-8 50 0 2
-8 50 1 2
-8 50 5 0
-7 50 -4 2
-7 50 -3 2
-7 50 -2 2
-7 50 -1 1
-7 50 0 3
-7 50 1 2
-7 50 2 3
-7 50 3 2
-7 50 4 3
-6 50 -5 2
-6 50 -4 3
-6 50 -3 3
-6 50 -2 4
-6 50 -1 4
-6 50 0 4
-6 50 1 4
-6 50 2 4
-6 50 3 1
-6 50 4 2
-6 50 5 2
-5 50 -6 2
-5 50 -5 1
-5 50 -4 4
-5 50 -3 4
-5 50 -2 4
-5 50 -1 4
-5 50 0 4
-5 50 1 4
-5 50 2 4
-5 50 3 4
-5 50 4 4
-5 50 5 1
-5 50 6 1
-4 50 -7 1
-4 50 -6 2
-4 50 -5 4
-4 50 -4 4
-4 50 -3 4
-4 50 -2 4
-4 50 -1 4
-4 50 0 4
-4 50 1 4
-4 50 2 4
-4 50 3 4
-4 50 4 4
-4 50 5 4
-4 50 6 2
-4 50 7 2
-3 50 -7 3
-3 50 -6 3
-3 50 -5 4
-3 50 -4 4
-3 50 -3 4
-3 50 -2 4
-3 50 -1 4
-3 50 0 4
-3 50 1 4
-3 50 2 4
-3 50 3 4
-3 50 4 4
-3 50 5 4
-3 50 6 1
-3 50 7 2
-2 50 -7 2
-2 50 -6 4
-2 50 -5 4
-2 50 -4 4
-2 50 -3 4
-2 50 -2 4
-2 50 -1 4
-2 50 0 4
-2 50 1 4
-2 50 2 4
-2 50 3 4
-2 50 4 4
-2 50 5 4
-2 50 6 4
-2 50 7 1
-1 50 -8 1
-1 50 -7 2
-1 50 -6 4
-1 50 -5 4
-1 50 -4 4
-1 50 -3 4
-1 50 -2 4
-1 50 -1 4
-1 50 0 4
-1 50 1 4
-1 50 2 4
-1 50 3 4
-1 50 4 4
-1 50 5 4
-1 50 6 4
-1 50 7 3
-1 50 8 2
0 50 -10 0
0 50 -8 3
0 50 -7 3
0 50 -6 4
0 50 -5 4
0 50 -4 4
0 50 -3 4
0 50 -2 4
0 50 -1 4
0 50 0 4
0 50 1 4
0 50 2 4
0 50 3 4
0 50 4 4
0 50 5 4
0 50 6 4
0 50 7 2
0 50 8 2
0 50 10 0
1 50 -8 2
1 50 -7 3
1 50 -6 4
1 50 -5 4
1 50 -4 4
1 50 -3 4
1 50 -2 4
1 50 -1 4
1 50 0 4
1 50 1 4
1 50 2 4
1 50 3 4
1 50 4 4
1 50 5 4
1 50 6 4
1 50 7 2
1 50 8 2
2 50 -7 2
2 50 -6 4
2 50 -5 4
2 50 -4 4
2 50 -3 4
2 50 -2 4
2 50 -1 4
2 50 0 4
2 50 1 4
2 50 2 4
2 50 3 4
2 50 4 4
2 50 5 4
2 50 6 4
2 50 7 3
3 50 -7 2
3 50 -6 3
3 50 -5 4
3 50 -4 4
3 50 -3 4
3 50 -2 4
3 50 -1 4
3 50 0 4
3 50 1 4
3 50 2 4
3 50 3 4
3 50 4 4
3 50 5 4
3 50 6 1
3 50 7 3
4 50 -7 3
4 50 -6 3
4 50 -5 4
4 50 -4 4
4 50 -3 4
4 50 -2 4
4 50 -1 4
4 50 0 4
4 50 1 4
4 50 2 4
4 50 3 4
4 50 4 4
4 50 5 4
4 50 6 1
4 50 7 2
5 50 -6 2
5 50 -5 1
5 50 -4 4
5 50 -3 4
5 50 -2 4
5 50 -1 4
5 50 0 4
5 50 1 4
5 50 2 4
5 50 3 4
5 50 4 4
5 50 5 1
5 50 6 2
6 50 -5 1
6 50 -4 2
6 50 -3 2
6 50 -2 4
6 50 -1 4
6 50 0 4
6 50 1 4
6 50 2 4
6 50 3 2
6 50 4 2
6 50 5 3
7 50 -4 1
7 50 -3 2
7 50 -2 1
7 50 -1 2
7 50 0 2
7 50 1 1
7 50 2 1
7 50 3 2
7 50 4 3
8 50 -5 0
8 50 -1 2
8 50 0 1
8 50 1 2
8 50 5 0
9 50 -5 0
9 50 5 0
-8 51 -5 6
-8 51 5 6
-7 51 -3 1
-7 51 -2 2
-7 51 -1 1
-7 51 0 2
-7 51 1 2
-7 51 2 2
-7 51 3 1
-6 51 -4 2
-6 51 -3 1
-6 51 -2 3
-6 51 -1 4
-6 51 0 4
-6 51 1 4
-6 51 2 1
-6 51 3 1
-6 51 4 1
-5 51 -5 3
-5 51 -4 1
-5 51 -3 4
-5 51 -2 4
-5 51 -1 4
-5 51 0 4
-5 51 1 4
-5 51 2 4
-5 51 3 4
-5 51 4 1
-5 51 5 1
-4 51 -6 2
-4 51 -5 2
-4 51 -4 4
-4 51 -3 4
-4 51 -2 4
-4 51 -1 4
-4 51 0 4
-4 51 1 4
-4 51 2 4
-4 51 3 4
-4 51 4 4
-4 51 5 1
-4 51 6 3
-3 51 -7 1
-3 51 -6 2
-3 51 -5 4
-3 51 -4 4
-3 51 -3 4
-3 51 -2 4
-3 51 -1 4
-3 51 0 4
-3 51 1 4
-3 51 2 4
-3 51 3 4
-3 51 4 4
-3 51 5 4
-3 51 6 2
-3 51 7 2
-2 51 -7 1
-2 51 -6 1
-2 51 -5 4
-2 51 -4 4
-2 51 -3 4
-2 51 -2 4
-2 51 -1 4
-2 51 0 4
-2 51 1 4
-2 51 2 4
-2 51 3 4
-2 51 4 4
-2 51 5 4
-2 51 6 3
-2 51 7 1
-1 51 -7 3
-1 51 -6 4
-1 51 -5 4
-1 51 -4 4
-1 51 -3 4
-1 51 -2 4
-1 51 -1 4
-1 51 0 4
-1 51 1 4
-1 51 2 4
-1 51 3 4
-1 51 4 4
-1 51 5 4
-1 51 6 4
-1 51 7 2
0 51 -9 5
0 51 -7 1
0 51 -6 4
0 51 -5 4
0 51 -4 4
0 51 -3 4
0 51 -2 4
0 51 -1 4
0 51 0 4
0 51 1 4
0 51 2 4
0 51 3 4
0 51 4 4
0 51 5 4
0 51 6 4
0 51 7 2
0 51 9 5
1 51 -7 2
1 51 -6 4
1 51 -5 4
1 51 -4 4
1 51 -3 4
1 51 -2 4
1 51 -1 4
1 51 0 4
1 51 1 4
1 51 2 4
1 51 3 4
1 51 4 4
1 51 5 4
1 51 6 4
1 51 7 3
2 51 -7 1
2 51 -6 3
2 51 -5 4
2 51 -4 4
2 51 -3 4
2 51 -2 4
2 51 -1 4
2 51 0 4
2 51 1 4
2 51 2 4
2 51 3 4
2 51 4 4
2 51 5 4
2 51 6 1
2 51 7 2
3 51 -7 2
3 51 -6 1
3 51 -5 4
3 51 -4 4
3 51 -3 4
3 51 -2 4
3 51 -1 4
3 51 0 4
3 51 1 4
3 51 2 4
3 51 3 4
3 51 4 4
3 51 5 4
3 51 6 2
3 51 7 1
4 51 -6 2
4 51 -5 1
4 51 -4 4
4 51 -3 4
4 51 -2 4
4 51 -1 4
4 51 0 4
4 51 1 4
4 51 2 4
4 51 3 4
4 51 4 4
4 51 5 2
4 51 6 3
5 51 -5 1
5 51 -4 2
5 51 -3 4
5 51 -2 4
5 51 -1 4
5 51 0 4
5 51 1 4
5 51 2 4
5 51 3 4
5 51 4 2
5 51 5 3
6 51 -4 3
6 51 -3 2
6 51 -2 1
6 51 -1 4
6 51 0 4
6 51 1 4
6 51 2 3
6 51 3 2
6 51 4 1
7 51 -3 1
7 51 -2 1
7 51 -1 2
7 51 0 2
7 51 1 1
7 51 2 3
7 51 3 1
8 51 -5 6
8 51 5 6
-8 52 -5 6
-8 52 -4 6
-8 52 4 5
-8 52 5 6
-7 52 -2 2
-7 52 -1 3
-7 52 0 1
-7 52 1 1
-7 52 2 1
-6 52 -4 2
-6 52 -3 2
-6 52 -2 2
-6 52 -1 1
-6 52 0 2
-6 52 1 1
-6 52 2 1
-6 52 3 2
-6 52 4 2
-5 52 -5 2
-5 52 -4 1
-5 52 -3 2
-5 52 -2 4
-5 52 -1 4
-5 52 0 4
-5 52 1 4
-5 52 2 4
-5 52 3 1
-5 52 4 2
-5 52 5 1
-4 52 -6 1
-4 52 -5 2
-4 52 -4 4
-4 52 -3 4
-4 52 -2 4
-4 52 -1 4
-4 52 0 4
-4 52 1 4
-4 52 2 4
-4 52 3 4
-4 52 4 4
-4 52 5 2
-4 52 6 3
-3 52 -6 1
-3 52 -5 2
-3 52 -4 4
-3 52 -3 4
-3 52 -2 4
-3 52 -1 4
-3 52 0 4
-3 52 1 4
-3 52 2 4
-3 52 3 4
-3 52 4 4
-3 52 5 1
-3 52 6 2
-2 52 -7 2
-2 52 -6 3
-2 52 -5 4
-2 52 -4 4
-2 52 -3 4
-2 52 -2 4
-2 52 -1 4
-2 52 0 4
-2 52 1 4
-2 52 2 4
-2 52 3 4
-2 52 4 4
-2 52 5 4
-2 52 6 2
-2 52 7 3
-1 52 -7 2
-1 52 -6 1
-1 52 -5 4
-1 52 -4 4
-1 52 -3 4
-1 52 -2 4
-1 52 -1 4
-1 52 0 4
-1 52 1 4
-1 52 2 4
-1 52 3 4
-1 52 4 4
-1 52 5 4
-1 52 6 2
-1 52 7 2
0 52 -9 5
0 52 -7 2
0 52 -6 1
0 52 -5 4
0 52 -4 4
0 52 -3 4
0 52 -2 4
0 52 -1 4
0 52 0 4
0 52 1 4
0 52 2 4
0 52 3 4
0 52 4 4
0 52 5 4
0 52 6 3
0 52 7 1
0 52 9 5
1 52 -7 2
1 52 -6 2
1 52 -5 4
1 52 -4 4
1 52 -3 4
1 52 -2 4
1 52 -1 4
1 52 0 4
1 52 1 4
1 52 2 4
1 52 3 4
1 52 4 4
1 52 5 4
1 52 6 2
1 52 7 2
2 52 -7 1
2 52 -6 2
2 52 -5 4
2 52 -4 4
2 52 -3 4
2 52 -2 4
2 52 -1 4
2 52 0 4
2 52 1 4
2 52 2 4
2 52 3 4
2 52 4 4
2 52 5 4
2 52 6 3
2 52 7 1
3 52 -6 2
3 52 -5 1
3 52 -4 4
3 52 -3 4
3 52 -2 4
3 52 -1 4
3 52 0 4
3 52 1 4
3 52 2 4
3 52 3 4
3 52 4 4
3 52 5 2
3 52 6 2
4 52 -6 1
4 52 -5 1
4 52 -4 4
4 52 -3 4
4 52 -2 4
4 52 -1 4
4 52 0 4
4 52 1 4
4 52 2 4
4 52 3 4
4 52 4 4
4 52 5 2
4 52 6 1
5 52 -5 1
5 52 -4 2
5 52 -3 1
5 52 -2 4
5 52 -1 4
5 52 0 4
5 52 1 4
5 52 2 4
5 52 3 2
5 52 4 2
5 52 5 2
6 52 -4 3
6 52 -3 2
6 52 -2 1
6 52 -1 2
6 52 0 1
6 52 1 2
6 52 2 2
6 52 3 2
6 52 4 2
7 52 -2 2
7 52 -1 1
7 52 0 2
7 52 1 3
7 52 2 1
8 52 -5 5
8 52 -4 6
8 52 4 6
8 52 5 5
-8 53 -4 5
-8 53 4 6
-7 53 -4 6
-7 53 4 6
-6 53 -3 1
-6 53 -2 3
-6 53 -1 2
-6 53 0 2
-6 53 1 2
-6 53 2 1
-6 53 3 1
-5 53 -4 3
-5 53 -3 2
-5 53 -2 1
-5 53 -1 4
-5 53 0 4
-5 53 1 4
-5 53 2 2
-5 53 3 2
-5 53 4 1
-4 53 -5 2
-4 53 -4 2
-4 53 -3 4
-4 53 -2 4
-4 53 -1 4
-4 53 0 4
-4 53 1 4
-4 53 2 4
-4 53 3 4
-4 53 4 1
-4 53 5 2
-3 53 -6 1
-3 53 -5 1
-3 53 -4 4
-3 53 -3 4
-3 53 -2 4
-3 53 -1 4
-3 53 0 4
-3 53 1 4
-3 53 2 4
-3 53 3 4
-3 53 4 4
-3 53 5 2
-3 53 6 2
-2 53 -6 1
-2 53 -5 2
-2 53 -4 4
-2 53 -3 4
-2 53 -2 4
-2 53 -1 4
-2 53 0 4
-2 53 1 4
-2 53 2 4
-2 53 3 4
-2 53 4 4
-2 53 5 3
-2 53 6 3
-1 53 -6 3
-1 53 -5 4
-1 53 -4 4
-1 53 -3 4
-1 53 -2 4
-1 53 -1 4
-1 53 0 4
-1 53 1 4
-1 53 2 4
-1 53 3 4
-1 53 4 4
-1 53 5 4
-1 53 6 1
0 53 -9 5
0 53 -8 6
0 53 -6 1
0 53 -5 4
0 53 -4 4
0 53 -3 4
0 53 -2 4
0 53 -1 4
0 53 0 4
0 53 1 4
0 53 2 4
0 53 3 4
0 53 4 4
0 53 5 4
0 53 6 3
0 53 8 6
0 53 9 5
1 53 -6 2
1 53 -5 4
1 53 -4 4
1 53 -3 4
1 53 -2 4
1 53 -1 4
1 53 0 4
1 53 1 4
1 53 2 4
1 53 3 4
1 53 4 4
1 53 5 4
1 53 6 2
2 53 -6 3
2 53 -5 1
2 53 -4 4
2 53 -3 4
2 53 -2 4
2 53 -1 4
2 53 0 4
2 53 1 4
2 53 2 4
2 53 3 4
2 53 4 4
2 53 5 2
2 53 6 1
3 53 -6 1
3 53 -5 2
3 53 -4 4
3 53 -3 4
3 53 -2 4
3 53 -1 4
3 53 0 4
3 53 1 4
3 53 2 4
3 53 3 4
3 53 4 4
3 53 5 1
3 53 6 2
4 53 -5 1
4 53 -4 1
4 53 -3 4
4 53 -2 4
4 53 -1 4
4 53 0 4
4 53 1 4
4 53 2 4
4 53 3 4
4 53 4 2
4 53 5 1
5 53 -4 1
5 53 -3 2
5 53 -2 2
5 53 -1 4
5 53 0 4
5 53 1 4
5 53 2 3
5 53 3 2
5 53 4 2
6 53 -3 3
6 53 -2 1
6 53 -1 1
6 53 0 2
6 53 1 1
6 53 2 3
6 53 3 1
7 53 -4 5
7 53 4 6
8 53 -4 6
8 53 4 6
-7 54 -4 6
-7 54 4 5
-6 54 -2 1
-6 54 -1 2
-6 54 0 1
-6 54 1 3
-6 54 2 2
-5 54 -4 3
-5 54 -3 3
-5 54 -2 3
-5 54 -1 2
-5 54 0 2
-5 54 1 1
-5 54 2 1
-5 54 3 3
-5 54 4 2
-4 54 -5 1
-4 54 -4 1
-4 54 -3 1
-4 54 -2 4
-4 54 -1 4
-4 54 0 4
-4 54 1 4
-4 54 2 4
-4 54 3 2
-4 54 4 1
-4 54 5 1
-3 54 -5 1
-3 54 -4 3
-3 54 -3 4
-3 54 -2 4
-3 54 -1 4
-3 54 0 4
-3 54 1 4
-3 54 2 4
-3 54 3 4
-3 54 4 3
-3 54 5 2
-2 54 -6 1
-2 54 -5 2
-2 54 -4 4
-2 54 -3 4
-2 54 -2 4
-2 54 -1 4
-2 54 0 4
-2 54 1 4
-2 54 2 4
-2 54 3 4
-2 54 4 4
-2 54 5 2
-2 54 6 2
-1 54 -6 2
-1 54 -5 1
-1 54 -4 4
-1 54 -3 4
-1 54 -2 4
-1 54 -1 4
-1 54 0 4
-1 54 1 4
-1 54 2 4
-1 54 3 4
-1 54 4 4
-1 54 5 3
-1 54 6 3
0 54 -8 6
0 54 -6 2
0 54 -5 3
0 54 -4 4
0 54 -3 4
0 54 -2 4
0 54 -1 4
0 54 0 4
0 54 1 4
0 54 2 4
0 54 3 4
0 54 4 4
0 54 5 2
0 54 6 1
0 54 8 6
1 54 -6 1
1 54 -5 3
1 54 -4 4
1 54 -3 4
1 54 -2 4
1 54 -1 4
1 54 0 4
1 54 1 4
1 54 2 4
1 54 3 4
1 54 4 4
1 54 5 1
1 54 6 1
2 54 -6 2
2 54 -5 2
2 54 -4 4
2 54 -3 4
2 54 -2 4
2 54 -1 4
2 54 0 4
2 54 1 4
2 54 2 4
2 54 3 4
2 54 4 4
2 54 5 2
2 54 6 1
3 54 -5 2
3 54 -4 1
3 54 -3 4
3 54 -2 4
3 54 -1 4
3 54 0 4
3 54 1 4
3 54 2 4
3 54 3 4
3 54 4 2
3 54 5 1
4 54 -5 1
4 54 -4 1
4 54 -3 1
4 54 -2 4
4 54 -1 4
4 54 0 4
4 54 1 4
4 54 2 4
4 54 3 2
4 54 4 1
4 54 5 2
5 54 -4 3
5 54 -3 3
5 54 -2 2
5 54 -1 1
5 54 0 2
5 54 1 2
5 54 2 2
5 54 3 3
5 54 4 2
6 54 -2 2
6 54 -1 2
6 54 0 2
6 54 1 1
6 54 2 1
7 54 -4 6
7 54 4 5
-7 55 -4 6
-7 55 4 6
-5 55 -3 3
-5 55 -2 2
-5 55 -1 1
-5 55 0 2
-5 55 1 2
-5 55 2 1
-5 55 3 2
-4 55 -4 3
-4 55 -3 2
-4 55 -2 1
-4 55 -1 4
-4 55 0 4
-4 55 1 4
-4 55 2 2
-4 55 3 1
-4 55 4 1
-3 55 -5 2
-3 55 -4 3
-3 55 -3 4
-3 55 -2 4
-3 55 -1 4
-3 55 0 4
-3 55 1 4
-3 55 2 4
-3 55 3 4
-3 55 4 2
-3 55 5 1
-2 55 -5 2
-2 55 -4 1
-2 55 -3 4
-2 55 -2 4
-2 55 -1 4
-2 55 0 4
-2 55 1 4
-2 55 2 4
-2 55 3 4
-2 55 4 1
-2 55 5 3
-1 55 -5 1
-1 55 -4 4
-1 55 -3 4
-1 55 -2 4
-1 55 -1 4
-1 55 0 4
-1 55 1 4
-1 55 2 4
-1 55 3 4
-1 55 4 4
-1 55 5 2
0 55 -8 6
0 55 -5 2
0 55 -4 4
0 55 -3 4
0 55 -2 4
0 55 -1 4
0 55 0 4
0 55 1 4
0 55 2 4
0 55 3 4
0 55 4 4
0 55 5 2
0 55 8 5
1 55 -5 2
1 55 -4 4
1 55 -3 4
1 55 -2 4
1 55 -1 4
1 55 0 4
1 55 1 4
1 55 2 4
1 55 3 4
1 55 4 4
1 55 5 1
2 55 -5 1
2 55 -4 3
2 55 -3 4
2 55 -2 4
2 55 -1 4
2 55 0 4
2 55 1 4
2 55 2 4
2 55 3 4
2 55 4 2
2 55 5 2
3 55 -5 1
3 55 -4 3
3 55 -3 4
3 55 -2 4
3 55 -1 4
3 55 0 4
3 55 1 4
3 55 2 4
3 55 3 4
3 55 4 1
3 55 5 2
4 55 -4 1
4 55 -3 2
4 55 -2 1
4 55 -1 4
4 55 0 4
4 55 1 4
4 55 2 2
4 55 3 1
4 55 4 3
5 55 -3 2
5 55 -2 2
5 55 -1 2
5 55 0 2
5 55 1 1
5 55 2 2
5 55 3 3
7 55 -4 6
7 55 4 5
-7 56 -4 0
-7 56 4 0
-6 56 -4 0
-6 56 4 0
-5 56 -2 3
-5 56 -1 3
-5 56 0 2
-5 56 1 2
-5 56 2 3
-4 56 -3 1
-4 56 -2 1
-4 56 -1 2
-4 56 0 2
-4 56 1 1
-4 56 2 2
-4 56 3 2
-3 56 -4 1
-3 56 -3 1
-3 56 -2 4
-3 56 -1 4
-3 56 0 4
-3 56 1 4
-3 56 2 4
-3 56 3 2
-3 56 4 2
-2 56 -5 2
-2 56 -4 2
-2 56 -3 4
-2 56 -2 4
-2 56 -1 4
-2 56 0 4
-2 56 1 4
-2 56 2 4
-2 56 3 4
-2 56 4 1
-2 56 5 2
-1 56 -5 2
-1 56 -4 2
-1 56 -3 4
-1 56 -2 4
-1 56 -1 4
-1 56 0 4
-1 56 1 4
-1 56 2 4
-1 56 3 4
-1 56 4 1
-1 56 5 1
0 56 -8 0
0 56 -7 0
0 56 -5 2
0 56 -4 1
0 56 -3 4
0 56 -2 4
0 56 -1 4
0 56 0 4
0 56 1 4
0 56 2 4
0 56 3 4
0 56 4 1
0 56 5 2
0 56 7 0
0 56 8 0
1 56 -5 1
1 56 -4 3
1 56 -3 4
1 56 -2 4
1 56 -1 4
1 56 0 4
1 56 1 4
1 56 2 4
1 56 3 4
1 56 4 2
1 56 5 2
2 56 -5 2
2 56 -4 2
2 56 -3 4
2 56 -2 4
2 56 -1 4
2 56 0 4
2 56 1 4
2 56 2 4
2 56 3 4
2 56 4 3
2 56 5 2
3 56 -4 1
3 56 -3 2
3 56 -2 4
3 56 -1 4
3 56 0 4
3 56 1 4
3 56 2 4
3 56 3 1
3 56 4 1
4 56 -3 1
4 56 -2 1
4 56 -1 2
4 56 0 2
4 56 1 2
4 56 2 2
4 56 3 3
5 56 -2 2
5 56 -1 2
5 56 0 2
5 56 1 3
5 56 2 2
6 56 -4 0
6 56 4 0
7 56 -4 0
7 56 4 0
-6 57 -4 6
-6 57 -3 5
-6 57 3 6
-6 57 4 6
-5 57 0 2
-4 57 -3 3
-4 57 -2 1
-4 57 -1 2
-4 57 0 2
-4 57 1 1
-4 57 2 1
-4 57 3 1
-3 57 -4 2
-3 57 -3 2
-3 57 -2 3
-3 57 -1 4
-3 57 0 4
-3 57 1 4
-3 57 2 2
-3 57 3 2
-3 57 4 2
-2 57 -4 3
-2 57 -3 2
-2 57 -2 4
-2 57 -1 4
-2 57 0 4
-2 57 1 4
-2 57 2 4
-2 57 3 2
-2 57 4 1
-1 57 -4 3
-1 57 -3 4
-1 57 -2 4
-1 57 -1 4
-1 57 0 4
-1 57 1 4
-1 57 2 4
-1 57 3 4
-1 57 4 2
0 57 -7 5
0 57 -5 2
0 57 -4 2
0 57 -3 4
0 57 -2 4
0 57 -1 4
0 57 0 4
0 57 1 4
0 57 2 4
0 57 3 4
0 57 4 2
0 57 5 2
0 57 7 6
1 57 -4 2
1 57 -3 4
1 57 -2 4
1 57 -1 4
1 57 0 4
1 57 1 4
1 57 2 4
1 57 3 4
1 57 4 2
2 57 -4 2
2 57 -3 1
2 57 -2 4
2 57 -1 4
2 57 0 4
2 57 1 4
2 57 2 4
2 57 3 2
2 57 4 2
3 57 -4 2
3 57 -3 2
3 57 -2 1
3 57 -1 4
3 57 0 4
3 57 1 4
3 57 2 2
3 57 3 2
3 57 4 2
4 57 -3 2
4 57 -2 1
4 57 -1 2
4 57 0 3
4 57 1 1
4 57 2 1
4 57 3 3
5 57 0 2
6 57 -4 6
6 57 -3 5
6 57 3 6
6 57 4 5
-6 58 -3 5
-6 58 3 5
-4 58 -2 7
-4 58 -1 2
-4 58 0 1
-4 58 1 7
-4 58 2 2
-3 58 -3 1
-3 58 -2 7
-3 58 -1 3
-3 58 0 2
-3 58 1 7
-3 58 2 1
-3 58 3 7
-2 58 -4 7
-2 58 -3 2
-2 58 -2 4
-2 58 -1 4
-2 58 0 4
-2 58 1 4
-2 58 2 4
-2 58 3 7
-2 58 4 2
-1 58 -4 7
-1 58 -3 7
-1 58 -2 4
-1 58 -1 4
-1 58 0 4
-1 58 1 4
-1 58 2 4
-1 58 3 2
-1 58 4 2
0 58 -7 6
0 58 -4 2
0 58 -3 2
0 58 -2 4
0 58 -1 4
0 58 0 4
0 58 1 4
0 58 2 4
0 58 3 7
0 58 4 7
0 58 7 6
1 58 -4 7
1 58 -3 7
1 58 -2 4
1 58 -1 4
1 58 0 4
1 58 1 4
1 58 2 4
1 58 3 2
1 58 4 1
2 58 -4 7
2 58 -3 1
2 58 -2 4
2 58 -1 4
2 58 0 4
2 58 1 4
2 58 2 4
2 58 3 7
2 58 4 2
3 58 -3 1
3 58 -2 7
3 58 -1 3
3 58 0 7
3 58 1 7
3 58 2 3
3 58 3 7
4 58 -2 7
4 58 -1 2
4 58 0 7
4 58 1 7
4 58 2 2
6 58 -3 6
6 58 3 5
-6 59 -3 5
-6 59 3 5
-5 59 -3 5
-5 59 3 5
-3 59 -2 3
-3 59 -1 2
-3 59 0 2
-3 59 1 1
-3 59 2 1
-2 59 -3 2
-2 59 -2 2
-2 59 -1 4
-2 59 0 4
-2 59 1 4
-2 59 2 2
-2 59 3 3
-1 59 -3 2
-1 59 -2 4
-1 59 -1 4
-1 59 0 4
-1 59 1 4
-1 59 2 4
-1 59 3 1
0 59 -6 6
0 59 -3 2
0 59 -2 4
0 59 -1 4
0 59 0 4
0 59 1 4
0 59 2 4
0 59 3 2
0 59 6 6
1 59 -3 1
1 59 -2 4
1 59 -1 4
1 59 0 4
1 59 1 4
1 59 2 4
1 59 3 2
2 59 -3 1
2 59 -2 2
2 59 -1 4
2 59 0 4
2 59 1 4
2 59 2 2
2 59 3 1
3 59 -2 2
3 59 -1 1
3 59 0 2
3 59 1 2
3 59 2 1
5 59 -3 5
5 59 3 5
6 59 -3 6
6 59 3 5
-5 60 -3 6
-5 60 3 5
-3 60 -1 1
-3 60 0 2
-3 60 1 2
-2 60 -2 3
-2 60 -1 2
-2 60 0 2
-2 60 1 2
-2 60 2 3
-1 60 -3 3
-1 60 -2 3
-1 60 -1 4
-1 60 0 4
-1 60 1 4
-1 60 2 1
-1 60 3 1
0 60 -6 5
0 60 -3 1
0 60 -2 2
0 60 -1 4
0 60 0 4
0 60 1 4
0 60 2 1
0 60 3 3
0 60 6 6
1 60 -3 1
1 60 -2 2
1 60 -1 4
1 60 0 4
1 60 1 4
1 60 2 2
1 60 3 3
2 60 -2 3
2 60 -1 2
2 60 0 1
2 60 1 2
2 60 2 3
3 60 -1 2
3 60 0 3
3 60 1 1
5 60 -3 5
5 60 3 6
-5 61 -3 6
-5 61 3 5
-2 61 -2 1
-2 61 -1 2
-2 61 0 2
-2 61 1 3
-2 61 2 2
-1 61 -2 1
-1 61 -1 2
-1 61 0 4
-1 61 1 1
-1 61 2 1
0 61 -6 5
0 61 -5 5
0 61 -2 1
0 61 -1 4
0 61 0 4
0 61 1 4
0 61 2 2
0 61 5 5
0 61 6 5
1 61 -2 2
1 61 -1 1
1 61 0 4
1 61 1 2
1 61 2 2
2 61 -2 2
2 61 -1 2
2 61 0 2
2 61 1 1
2 61 2 1
5 61 -3 5
5 61 3 6
-4 62 -3 6
-4 62 2 0
-4 62 3 6
0 62 -5 6
0 62 0 9
0 62 5 5
4 62 -3 6
4 62 2 0
4 62 3 6
0 63 0 9
0 64 0 9
0 65 0 9
0 66 0 9
0 67 0 9
0 68 0 9
0 69 0 9
0 70 0 10
0 71 0 1
0 72 0 11
0 73 0 11
0 74 0 11
0 75 0 11
