core 0 1 0
P bloodmoon:black_rock
P bloodmoon:black_rock_brick_stairs[facing=west,half=bottom,shape=straight,waterlogged=false]
P bloodmoon:black_rock_bricks
P bloodmoon:black_rock_brick_stairs[facing=east,half=bottom,shape=straight,waterlogged=false]
P bloodmoon:black_rock_pillar[axis=y]
P bloodmoon:black_rock_brick_stairs[facing=south,half=bottom,shape=straight,waterlogged=false]
P bloodmoon:black_rock_brick_stairs[facing=north,half=bottom,shape=straight,waterlogged=false]
P bloodmoon:polished_black_rock
P minecraft:air
P bloodmoon:black_rock_brick_stairs[facing=east,half=bottom,shape=outer_right,waterlogged=false]
P bloodmoon:black_rock_brick_stairs[facing=east,half=bottom,shape=outer_left,waterlogged=false]
P bloodmoon:black_rock_brick_stairs[facing=west,half=bottom,shape=outer_left,waterlogged=false]
P bloodmoon:black_rock_brick_stairs[facing=west,half=bottom,shape=outer_right,waterlogged=false]
P bloodmoon:black_rock_brick_stairs[facing=west,half=bottom,shape=inner_right,waterlogged=false]
P bloodmoon:black_rock_brick_stairs[facing=west,half=bottom,shape=inner_left,waterlogged=false]
P bloodmoon:cracked_black_rock_bricks
P bloodmoon:black_rock_brick_stairs[facing=east,half=bottom,shape=inner_left,waterlogged=false]
P bloodmoon:black_rock_brick_stairs[facing=east,half=bottom,shape=inner_right,waterlogged=false]
P minecraft:soul_soil
P bloodmoon:chiseled_black_rock_bricks
P bloodmoon:black_rock_brick_stairs[facing=south,half=bottom,shape=outer_left,waterlogged=false]
P bloodmoon:black_rock_brick_stairs[facing=north,half=bottom,shape=outer_right,waterlogged=false]
P bloodmoon:black_rock_brick_stairs[facing=south,half=bottom,shape=outer_right,waterlogged=false]
P bloodmoon:black_rock_brick_stairs[facing=north,half=bottom,shape=outer_left,waterlogged=false]
P bloodmoon:black_rock_brick_wall[east=none,north=none,south=none,up=true,waterlogged=false,west=none]
P minecraft:soul_fire
P bloodmoon:void_glass_pane[east=false,north=true,south=true,waterlogged=false,west=false]
P bloodmoon:void_glass_pane[east=true,north=false,south=false,waterlogged=false,west=true]
P bloodmoon:black_rock_brick_stairs[facing=south,half=top,shape=straight,waterlogged=false]
P bloodmoon:black_rock_brick_stairs[facing=north,half=top,shape=straight,waterlogged=false]
P bloodmoon:black_rock_brick_stairs[facing=east,half=top,shape=straight,waterlogged=false]
P bloodmoon:black_rock_brick_stairs[facing=west,half=top,shape=straight,waterlogged=false]
P bloodmoon:void_lantern
P bloodmoon:void_glass_pane[east=true,north=true,south=true,waterlogged=false,west=false]
P bloodmoon:void_glass_pane[east=true,north=false,south=true,waterlogged=false,west=true]
P bloodmoon:void_glass_pane[east=true,north=true,south=false,waterlogged=false,west=true]
P bloodmoon:void_glass_pane[east=false,north=true,south=true,waterlogged=false,west=true]
P bloodmoon:black_rock_brick_wall[east=low,north=none,south=low,up=true,waterlogged=false,west=none]
P bloodmoon:black_rock_brick_wall[east=low,north=low,south=low,up=true,waterlogged=false,west=none]
P bloodmoon:black_rock_brick_wall[east=none,north=low,south=low,up=true,waterlogged=false,west=low]
P bloodmoon:black_rock_brick_wall[east=none,north=low,south=none,up=true,waterlogged=false,west=low]
P bloodmoon:black_rock_brick_wall[east=none,north=none,south=low,up=true,waterlogged=false,west=low]
P bloodmoon:black_rock_brick_wall[east=low,north=low,south=none,up=true,waterlogged=false,west=none]
P bloodmoon:black_rock_brick_wall[east=low,north=low,south=low,up=true,waterlogged=false,west=low]
P bloodmoon:black_rock_brick_wall[east=low,north=low,south=none,up=true,waterlogged=false,west=low]
P bloodmoon:black_rock_brick_wall[east=low,north=none,south=low,up=true,waterlogged=false,west=low]
P bloodmoon:black_rock_brick_slab[type=bottom,waterlogged=false]
P bloodmoon:black_rock_brick_stairs[facing=south,half=top,shape=outer_left,waterlogged=false]
P bloodmoon:black_rock_brick_stairs[facing=north,half=top,shape=outer_right,waterlogged=false]
P bloodmoon:black_rock_brick_stairs[facing=south,half=top,shape=outer_right,waterlogged=false]
P bloodmoon:black_rock_brick_stairs[facing=north,half=top,shape=outer_left,waterlogged=false]
P bloodmoon:black_rock_brick_wall[east=none,north=low,south=none,up=true,waterlogged=false,west=none]
P bloodmoon:black_rock_brick_wall[east=none,north=none,south=none,up=true,waterlogged=false,west=low]
P bloodmoon:black_rock_brick_stairs[facing=north,half=bottom,shape=inner_left,waterlogged=false]
P bloodmoon:black_rock_brick_stairs[facing=south,half=bottom,shape=inner_right,waterlogged=false]
P bloodmoon:black_rock_brick_wall[east=low,north=none,south=none,up=true,waterlogged=false,west=none]
P bloodmoon:black_rock_brick_wall[east=low,north=none,south=none,up=false,waterlogged=false,west=low]
P bloodmoon:black_rock_brick_stairs[facing=north,half=bottom,shape=inner_right,waterlogged=false]
P bloodmoon:black_rock_brick_stairs[facing=south,half=bottom,shape=inner_left,waterlogged=false]
P bloodmoon:black_rock_brick_wall[east=none,north=none,south=low,up=true,waterlogged=false,west=none]
P minecraft:amethyst_cluster[facing=up,waterlogged=false]
-20 -4 -2 0
-20 -4 -1 0
-20 -4 0 0
-20 -4 1 0
-20 -4 2 0
-19 -4 -6 0
-19 -4 -5 0
-19 -4 -4 0
-19 -4 -3 0
-19 -4 -2 0
-19 -4 -1 0
-19 -4 0 0
-19 -4 1 0
-19 -4 2 0
-19 -4 3 0
-19 -4 4 0
-19 -4 5 0
-19 -4 6 0
-18 -4 -9 0
-18 -4 -8 0
-18 -4 -7 0
-18 -4 -6 0
-18 -4 -5 0
-18 -4 -4 0
-18 -4 -3 0
-18 -4 -2 0
-18 -4 -1 0
-18 -4 0 0
-18 -4 1 0
-18 -4 2 0
-18 -4 3 0
-18 -4 4 0
-18 -4 5 0
-18 -4 6 0
-18 -4 7 0
-18 -4 8 0
-18 -4 9 0
-17 -4 -10 0
-17 -4 -9 0
-17 -4 -8 0
-17 -4 -7 0
-17 -4 -6 0
-17 -4 -5 0
-17 -4 -4 0
-17 -4 -3 0
-17 -4 -2 0
-17 -4 -1 0
-17 -4 0 0
-17 -4 1 0
-17 -4 2 0
-17 -4 3 0
-17 -4 4 0
-17 -4 5 0
-17 -4 6 0
-17 -4 7 0
-17 -4 8 0
-17 -4 9 0
-17 -4 10 0
-16 -4 -12 0
-16 -4 -11 0
-16 -4 -10 0
-16 -4 -9 0
-16 -4 -8 0
-16 -4 -7 0
-16 -4 -6 0
-16 -4 -5 0
-16 -4 -4 0
-16 -4 -3 0
-16 -4 -2 0
-16 -4 -1 0
-16 -4 0 0
-16 -4 1 0
-16 -4 2 0
-16 -4 3 0
-16 -4 4 0
-16 -4 5 0
-16 -4 6 0
-16 -4 7 0
-16 -4 8 0
-16 -4 9 0
-16 -4 10 0
-16 -4 11 0
-16 -4 12 0
-15 -4 -13 0
-15 -4 -12 0
-15 -4 -11 0
-15 -4 -10 0
-15 -4 -9 0
-15 -4 -8 0
-15 -4 -7 0
-15 -4 -6 0
-15 -4 -5 0
-15 -4 -4 0
-15 -4 -3 0
-15 -4 -2 0
-15 -4 -1 0
-15 -4 0 0
-15 -4 1 0
-15 -4 2 0
-15 -4 3 0
-15 -4 4 0
-15 -4 5 0
-15 -4 6 0
-15 -4 7 0
-15 -4 8 0
-15 -4 9 0
-15 -4 10 0
-15 -4 11 0
-15 -4 12 0
-15 -4 13 0
-14 -4 -14 0
-14 -4 -13 0
-14 -4 -12 0
-14 -4 -11 0
-14 -4 -10 0
-14 -4 -9 0
-14 -4 -8 0
-14 -4 -7 0
-14 -4 -6 0
-14 -4 -5 0
-14 -4 -4 0
-14 -4 -3 0
-14 -4 -2 0
-14 -4 -1 0
-14 -4 0 0
-14 -4 1 0
-14 -4 2 0
-14 -4 3 0
-14 -4 4 0
-14 -4 5 0
-14 -4 6 0
-14 -4 7 0
-14 -4 8 0
-14 -4 9 0
-14 -4 10 0
-14 -4 11 0
-14 -4 12 0
-14 -4 13 0
-14 -4 14 0
-13 -4 -15 0
-13 -4 -14 0
-13 -4 -13 0
-13 -4 -12 0
-13 -4 -11 0
-13 -4 -10 0
-13 -4 -9 0
-13 -4 -8 0
-13 -4 -7 0
-13 -4 -6 0
-13 -4 -5 0
-13 -4 -4 0
-13 -4 -3 0
-13 -4 -2 0
-13 -4 -1 0
-13 -4 0 0
-13 -4 1 0
-13 -4 2 0
-13 -4 3 0
-13 -4 4 0
-13 -4 5 0
-13 -4 6 0
-13 -4 7 0
-13 -4 8 0
-13 -4 9 0
-13 -4 10 0
-13 -4 11 0
-13 -4 12 0
-13 -4 13 0
-13 -4 14 0
-13 -4 15 0
-12 -4 -16 0
-12 -4 -15 0
-12 -4 -14 0
-12 -4 -13 0
-12 -4 -12 0
-12 -4 -11 0
-12 -4 -10 0
-12 -4 -9 0
-12 -4 -8 0
-12 -4 -7 0
-12 -4 -6 0
-12 -4 -5 0
-12 -4 -4 0
-12 -4 -3 0
-12 -4 -2 0
-12 -4 -1 0
-12 -4 0 0
-12 -4 1 0
-12 -4 2 0
-12 -4 3 0
-12 -4 4 0
-12 -4 5 0
-12 -4 6 0
-12 -4 7 0
-12 -4 8 0
-12 -4 9 0
-12 -4 10 0
-12 -4 11 0
-12 -4 12 0
-12 -4 13 0
-12 -4 14 0
-12 -4 15 0
-12 -4 16 0
-11 -4 -16 0
-11 -4 -15 0
-11 -4 -14 0
-11 -4 -13 0
-11 -4 -12 0
-11 -4 -11 0
-11 -4 -10 0
-11 -4 -9 0
-11 -4 -8 0
-11 -4 -7 0
-11 -4 -6 0
-11 -4 -5 0
-11 -4 -4 0
-11 -4 -3 0
-11 -4 -2 0
-11 -4 -1 0
-11 -4 0 0
-11 -4 1 0
-11 -4 2 0
-11 -4 3 0
-11 -4 4 0
-11 -4 5 0
-11 -4 6 0
-11 -4 7 0
-11 -4 8 0
-11 -4 9 0
-11 -4 10 0
-11 -4 11 0
-11 -4 12 0
-11 -4 13 0
-11 -4 14 0
-11 -4 15 0
-11 -4 16 0
-10 -4 -17 0
-10 -4 -16 0
-10 -4 -15 0
-10 -4 -14 0
-10 -4 -13 0
-10 -4 -12 0
-10 -4 -11 0
-10 -4 -10 0
-10 -4 -9 0
-10 -4 -8 0
-10 -4 -7 0
-10 -4 -6 0
-10 -4 -5 0
-10 -4 -4 0
-10 -4 -3 0
-10 -4 -2 0
-10 -4 -1 0
-10 -4 0 0
-10 -4 1 0
-10 -4 2 0
-10 -4 3 0
-10 -4 4 0
-10 -4 5 0
-10 -4 6 0
-10 -4 7 0
-10 -4 8 0
-10 -4 9 0
-10 -4 10 0
-10 -4 11 0
-10 -4 12 0
-10 -4 13 0
-10 -4 14 0
-10 -4 15 0
-10 -4 16 0
-10 -4 17 0
-9 -4 -18 0
-9 -4 -17 0
-9 -4 -16 0
-9 -4 -15 0
-9 -4 -14 0
-9 -4 -13 0
-9 -4 -12 0
-9 -4 -11 0
-9 -4 -10 0
-9 -4 -9 0
-9 -4 -8 0
-9 -4 -7 0
-9 -4 -6 0
-9 -4 -5 0
-9 -4 -4 0
-9 -4 -3 0
-9 -4 -2 0
-9 -4 -1 0
-9 -4 0 0
-9 -4 1 0
-9 -4 2 0
-9 -4 3 0
-9 -4 4 0
-9 -4 5 0
-9 -4 6 0
-9 -4 7 0
-9 -4 8 0
-9 -4 9 0
-9 -4 10 0
-9 -4 11 0
-9 -4 12 0
-9 -4 13 0
-9 -4 14 0
-9 -4 15 0
-9 -4 16 0
-9 -4 17 0
-9 -4 18 0
-8 -4 -18 0
-8 -4 -17 0
-8 -4 -16 0
-8 -4 -15 0
-8 -4 -14 0
-8 -4 -13 0
-8 -4 -12 0
-8 -4 -11 0
-8 -4 -10 0
-8 -4 -9 0
-8 -4 -8 0
-8 -4 -7 0
-8 -4 -6 0
-8 -4 -5 0
-8 -4 -4 0
-8 -4 -3 0
-8 -4 -2 0
-8 -4 -1 0
-8 -4 0 0
-8 -4 1 0
-8 -4 2 0
-8 -4 3 0
-8 -4 4 0
-8 -4 5 0
-8 -4 6 0
-8 -4 7 0
-8 -4 8 0
-8 -4 9 0
-8 -4 10 0
-8 -4 11 0
-8 -4 12 0
-8 -4 13 0
-8 -4 14 0
-8 -4 15 0
-8 -4 16 0
-8 -4 17 0
-8 -4 18 0
-7 -4 -18 0
-7 -4 -17 0
-7 -4 -16 0
-7 -4 -15 0
-7 -4 -14 0
-7 -4 -13 0
-7 -4 -12 0
-7 -4 -11 0
-7 -4 -10 0
-7 -4 -9 0
-7 -4 -8 0
-7 -4 -7 0
-7 -4 -6 0
-7 -4 -5 0
-7 -4 -4 0
-7 -4 -3 0
-7 -4 -2 0
-7 -4 -1 0
-7 -4 0 0
-7 -4 1 0
-7 -4 2 0
-7 -4 3 0
-7 -4 4 0
-7 -4 5 0
-7 -4 6 0
-7 -4 7 0
-7 -4 8 0
-7 -4 9 0
-7 -4 10 0
-7 -4 11 0
-7 -4 12 0
-7 -4 13 0
-7 -4 14 0
-7 -4 15 0
-7 -4 16 0
-7 -4 17 0
-7 -4 18 0
-6 -4 -19 0
-6 -4 -18 0
-6 -4 -17 0
-6 -4 -16 0
-6 -4 -15 0
-6 -4 -14 0
-6 -4 -13 0
-6 -4 -12 0
-6 -4 -11 0
-6 -4 -10 0
-6 -4 -9 0
-6 -4 -8 0
-6 -4 -7 0
-6 -4 -6 0
-6 -4 -5 0
-6 -4 -4 0
-6 -4 -3 0
-6 -4 -2 0
-6 -4 -1 0
-6 -4 0 0
-6 -4 1 0
-6 -4 2 0
-6 -4 3 0
-6 -4 4 0
-6 -4 5 0
-6 -4 6 0
-6 -4 7 0
-6 -4 8 0
-6 -4 9 0
-6 -4 10 0
-6 -4 11 0
-6 -4 12 0
-6 -4 13 0
-6 -4 14 0
-6 -4 15 0
-6 -4 16 0
-6 -4 17 0
-6 -4 18 0
-6 -4 19 0
-5 -4 -19 0
-5 -4 -18 0
-5 -4 -17 0
-5 -4 -16 0
-5 -4 -15 0
-5 -4 -14 0
-5 -4 -13 0
-5 -4 -12 0
-5 -4 -11 0
-5 -4 -10 0
-5 -4 -9 0
-5 -4 -8 0
-5 -4 -7 0
-5 -4 -6 0
-5 -4 -5 0
-5 -4 -4 0
-5 -4 -3 0
-5 -4 -2 0
-5 -4 -1 0
-5 -4 0 0
-5 -4 1 0
-5 -4 2 0
-5 -4 3 0
-5 -4 4 0
-5 -4 5 0
-5 -4 6 0
-5 -4 7 0
-5 -4 8 0
-5 -4 9 0
-5 -4 10 0
-5 -4 11 0
-5 -4 12 0
-5 -4 13 0
-5 -4 14 0
-5 -4 15 0
-5 -4 16 0
-5 -4 17 0
-5 -4 18 0
-5 -4 19 0
-4 -4 -19 0
-4 -4 -18 0
-4 -4 -17 0
-4 -4 -16 0
-4 -4 -15 0
-4 -4 -14 0
-4 -4 -13 0
-4 -4 -12 0
-4 -4 -11 0
-4 -4 -10 0
-4 -4 -9 0
-4 -4 -8 0
-4 -4 -7 0
-4 -4 -6 0
-4 -4 -5 0
-4 -4 -4 0
-4 -4 -3 0
-4 -4 -2 0
-4 -4 -1 0
-4 -4 0 0
-4 -4 1 0
-4 -4 2 0
-4 -4 3 0
-4 -4 4 0
-4 -4 5 0
-4 -4 6 0
-4 -4 7 0
-4 -4 8 0
-4 -4 9 0
-4 -4 10 0
-4 -4 11 0
-4 -4 12 0
-4 -4 13 0
-4 -4 14 0
-4 -4 15 0
-4 -4 16 0
-4 -4 17 0
-4 -4 18 0
-4 -4 19 0
-3 -4 -19 0
-3 -4 -18 0
-3 -4 -17 0
-3 -4 -16 0
-3 -4 -15 0
-3 -4 -14 0
-3 -4 -13 0
-3 -4 -12 0
-3 -4 -11 0
-3 -4 -10 0
-3 -4 -9 0
-3 -4 -8 0
-3 -4 -7 0
-3 -4 -6 0
-3 -4 -5 0
-3 -4 -4 0
-3 -4 -3 0
-3 -4 -2 0
-3 -4 -1 0
-3 -4 0 0
-3 -4 1 0
-3 -4 2 0
-3 -4 3 0
-3 -4 4 0
-3 -4 5 0
-3 -4 6 0
-3 -4 7 0
-3 -4 8 0
-3 -4 9 0
-3 -4 10 0
-3 -4 11 0
-3 -4 12 0
-3 -4 13 0
-3 -4 14 0
-3 -4 15 0
-3 -4 16 0
-3 -4 17 0
-3 -4 18 0
-3 -4 19 0
-2 -4 -20 0
-2 -4 -19 0
-2 -4 -18 0
-2 -4 -17 0
-2 -4 -16 0
-2 -4 -15 0
-2 -4 -14 0
-2 -4 -13 0
-2 -4 -12 0
-2 -4 -11 0
-2 -4 -10 0
-2 -4 -9 0
-2 -4 -8 0
-2 -4 -7 0
-2 -4 -6 0
-2 -4 -5 0
-2 -4 -4 0
-2 -4 -3 0
-2 -4 -2 0
-2 -4 -1 0
-2 -4 0 0
-2 -4 1 0
-2 -4 2 0
-2 -4 3 0
-2 -4 4 0
-2 -4 5 0
-2 -4 6 0
-2 -4 7 0
-2 -4 8 0
-2 -4 9 0
-2 -4 10 0
-2 -4 11 0
-2 -4 12 0
-2 -4 13 0
-2 -4 14 0
-2 -4 15 0
-2 -4 16 0
-2 -4 17 0
-2 -4 18 0
-2 -4 19 0
-2 -4 20 0
-1 -4 -20 0
-1 -4 -19 0
-1 -4 -18 0
-1 -4 -17 0
-1 -4 -16 0
-1 -4 -15 0
-1 -4 -14 0
-1 -4 -13 0
-1 -4 -12 0
-1 -4 -11 0
-1 -4 -10 0
-1 -4 -9 0
-1 -4 -8 0
-1 -4 -7 0
-1 -4 -6 0
-1 -4 -5 0
-1 -4 -4 0
-1 -4 -3 0
-1 -4 -2 0
-1 -4 -1 0
-1 -4 0 0
-1 -4 1 0
-1 -4 2 0
-1 -4 3 0
-1 -4 4 0
-1 -4 5 0
-1 -4 6 0
-1 -4 7 0
-1 -4 8 0
-1 -4 9 0
-1 -4 10 0
-1 -4 11 0
-1 -4 12 0
-1 -4 13 0
-1 -4 14 0
-1 -4 15 0
-1 -4 16 0
-1 -4 17 0
-1 -4 18 0
-1 -4 19 0
-1 -4 20 0
0 -4 -20 0
0 -4 -19 0
0 -4 -18 0
0 -4 -17 0
0 -4 -16 0
0 -4 -15 0
0 -4 -14 0
0 -4 -13 0
0 -4 -12 0
0 -4 -11 0
0 -4 -10 0
0 -4 -9 0
0 -4 -8 0
0 -4 -7 0
0 -4 -6 0
0 -4 -5 0
0 -4 -4 0
0 -4 -3 0
0 -4 -2 0
0 -4 -1 0
0 -4 0 0
0 -4 1 0
0 -4 2 0
0 -4 3 0
0 -4 4 0
0 -4 5 0
0 -4 6 0
0 -4 7 0
0 -4 8 0
0 -4 9 0
0 -4 10 0
0 -4 11 0
0 -4 12 0
0 -4 13 0
0 -4 14 0
0 -4 15 0
0 -4 16 0
0 -4 17 0
0 -4 18 0
0 -4 19 0
0 -4 20 0
1 -4 -20 0
1 -4 -19 0
1 -4 -18 0
1 -4 -17 0
1 -4 -16 0
1 -4 -15 0
1 -4 -14 0
1 -4 -13 0
1 -4 -12 0
1 -4 -11 0
1 -4 -10 0
1 -4 -9 0
1 -4 -8 0
1 -4 -7 0
1 -4 -6 0
1 -4 -5 0
1 -4 -4 0
1 -4 -3 0
1 -4 -2 0
1 -4 -1 0
1 -4 0 0
1 -4 1 0
1 -4 2 0
1 -4 3 0
1 -4 4 0
1 -4 5 0
1 -4 6 0
1 -4 7 0
1 -4 8 0
1 -4 9 0
1 -4 10 0
1 -4 11 0
1 -4 12 0
1 -4 13 0
1 -4 14 0
1 -4 15 0
1 -4 16 0
1 -4 17 0
1 -4 18 0
1 -4 19 0
1 -4 20 0
2 -4 -20 0
2 -4 -19 0
2 -4 -18 0
2 -4 -17 0
2 -4 -16 0
2 -4 -15 0
2 -4 -14 0
2 -4 -13 0
2 -4 -12 0
2 -4 -11 0
2 -4 -10 0
2 -4 -9 0
2 -4 -8 0
2 -4 -7 0
2 -4 -6 0
2 -4 -5 0
2 -4 -4 0
2 -4 -3 0
2 -4 -2 0
2 -4 -1 0
2 -4 0 0
2 -4 1 0
2 -4 2 0
2 -4 3 0
2 -4 4 0
2 -4 5 0
2 -4 6 0
2 -4 7 0
2 -4 8 0
2 -4 9 0
2 -4 10 0
2 -4 11 0
2 -4 12 0
2 -4 13 0
2 -4 14 0
2 -4 15 0
2 -4 16 0
2 -4 17 0
2 -4 18 0
2 -4 19 0
2 -4 20 0
3 -4 -19 0
3 -4 -18 0
3 -4 -17 0
3 -4 -16 0
3 -4 -15 0
3 -4 -14 0
3 -4 -13 0
3 -4 -12 0
3 -4 -11 0
3 -4 -10 0
3 -4 -9 0
3 -4 -8 0
3 -4 -7 0
3 -4 -6 0
3 -4 -5 0
3 -4 -4 0
3 -4 -3 0
3 -4 -2 0
3 -4 -1 0
3 -4 0 0
3 -4 1 0
3 -4 2 0
3 -4 3 0
3 -4 4 0
3 -4 5 0
3 -4 6 0
3 -4 7 0
3 -4 8 0
3 -4 9 0
3 -4 10 0
3 -4 11 0
3 -4 12 0
3 -4 13 0
3 -4 14 0
3 -4 15 0
3 -4 16 0
3 -4 17 0
3 -4 18 0
3 -4 19 0
4 -4 -19 0
4 -4 -18 0
4 -4 -17 0
4 -4 -16 0
4 -4 -15 0
4 -4 -14 0
4 -4 -13 0
4 -4 -12 0
4 -4 -11 0
4 -4 -10 0
4 -4 -9 0
4 -4 -8 0
4 -4 -7 0
4 -4 -6 0
4 -4 -5 0
4 -4 -4 0
4 -4 -3 0
4 -4 -2 0
4 -4 -1 0
4 -4 0 0
4 -4 1 0
4 -4 2 0
4 -4 3 0
4 -4 4 0
4 -4 5 0
4 -4 6 0
4 -4 7 0
4 -4 8 0
4 -4 9 0
4 -4 10 0
4 -4 11 0
4 -4 12 0
4 -4 13 0
4 -4 14 0
4 -4 15 0
4 -4 16 0
4 -4 17 0
4 -4 18 0
4 -4 19 0
5 -4 -19 0
5 -4 -18 0
5 -4 -17 0
5 -4 -16 0
5 -4 -15 0
5 -4 -14 0
5 -4 -13 0
5 -4 -12 0
5 -4 -11 0
5 -4 -10 0
5 -4 -9 0
5 -4 -8 0
5 -4 -7 0
5 -4 -6 0
5 -4 -5 0
5 -4 -4 0
5 -4 -3 0
5 -4 -2 0
5 -4 -1 0
5 -4 0 0
5 -4 1 0
5 -4 2 0
5 -4 3 0
5 -4 4 0
5 -4 5 0
5 -4 6 0
5 -4 7 0
5 -4 8 0
5 -4 9 0
5 -4 10 0
5 -4 11 0
5 -4 12 0
5 -4 13 0
5 -4 14 0
5 -4 15 0
5 -4 16 0
5 -4 17 0
5 -4 18 0
5 -4 19 0
6 -4 -19 0
6 -4 -18 0
6 -4 -17 0
6 -4 -16 0
6 -4 -15 0
6 -4 -14 0
6 -4 -13 0
6 -4 -12 0
6 -4 -11 0
6 -4 -10 0
6 -4 -9 0
6 -4 -8 0
6 -4 -7 0
6 -4 -6 0
6 -4 -5 0
6 -4 -4 0
6 -4 -3 0
6 -4 -2 0
6 -4 -1 0
6 -4 0 0
6 -4 1 0
6 -4 2 0
6 -4 3 0
6 -4 4 0
6 -4 5 0
6 -4 6 0
6 -4 7 0
6 -4 8 0
6 -4 9 0
6 -4 10 0
6 -4 11 0
6 -4 12 0
6 -4 13 0
6 -4 14 0
6 -4 15 0
6 -4 16 0
6 -4 17 0
6 -4 18 0
6 -4 19 0
7 -4 -18 0
7 -4 -17 0
7 -4 -16 0
7 -4 -15 0
7 -4 -14 0
7 -4 -13 0
7 -4 -12 0
7 -4 -11 0
7 -4 -10 0
7 -4 -9 0
7 -4 -8 0
7 -4 -7 0
7 -4 -6 0
7 -4 -5 0
7 -4 -4 0
7 -4 -3 0
7 -4 -2 0
7 -4 -1 0
7 -4 0 0
7 -4 1 0
7 -4 2 0
7 -4 3 0
7 -4 4 0
7 -4 5 0
7 -4 6 0
7 -4 7 0
7 -4 8 0
7 -4 9 0
7 -4 10 0
7 -4 11 0
7 -4 12 0
7 -4 13 0
7 -4 14 0
7 -4 15 0
7 -4 16 0
7 -4 17 0
7 -4 18 0
8 -4 -18 0
8 -4 -17 0
8 -4 -16 0
8 -4 -15 0
8 -4 -14 0
8 -4 -13 0
8 -4 -12 0
8 -4 -11 0
8 -4 -10 0
8 -4 -9 0
8 -4 -8 0
8 -4 -7 0
8 -4 -6 0
8 -4 -5 0
8 -4 -4 0
8 -4 -3 0
8 -4 -2 0
8 -4 -1 0
8 -4 0 0
8 -4 1 0
8 -4 2 0
8 -4 3 0
8 -4 4 0
8 -4 5 0
8 -4 6 0
8 -4 7 0
8 -4 8 0
8 -4 9 0
8 -4 10 0
8 -4 11 0
8 -4 12 0
8 -4 13 0
8 -4 14 0
8 -4 15 0
8 -4 16 0
8 -4 17 0
8 -4 18 0
9 -4 -18 0
9 -4 -17 0
9 -4 -16 0
9 -4 -15 0
9 -4 -14 0
9 -4 -13 0
9 -4 -12 0
9 -4 -11 0
9 -4 -10 0
9 -4 -9 0
9 -4 -8 0
9 -4 -7 0
9 -4 -6 0
9 -4 -5 0
9 -4 -4 0
9 -4 -3 0
9 -4 -2 0
9 -4 -1 0
9 -4 0 0
9 -4 1 0
9 -4 2 0
9 -4 3 0
9 -4 4 0
9 -4 5 0
9 -4 6 0
9 -4 7 0
9 -4 8 0
9 -4 9 0
9 -4 10 0
9 -4 11 0
9 -4 12 0
9 -4 13 0
9 -4 14 0
9 -4 15 0
9 -4 16 0
9 -4 17 0
9 -4 18 0
10 -4 -17 0
10 -4 -16 0
10 -4 -15 0
10 -4 -14 0
10 -4 -13 0
10 -4 -12 0
10 -4 -11 0
10 -4 -10 0
10 -4 -9 0
10 -4 -8 0
10 -4 -7 0
10 -4 -6 0
10 -4 -5 0
10 -4 -4 0
10 -4 -3 0
10 -4 -2 0
10 -4 -1 0
10 -4 0 0
10 -4 1 0
10 -4 2 0
10 -4 3 0
10 -4 4 0
10 -4 5 0
10 -4 6 0
10 -4 7 0
10 -4 8 0
10 -4 9 0
10 -4 10 0
10 -4 11 0
10 -4 12 0
10 -4 13 0
10 -4 14 0
10 -4 15 0
10 -4 16 0
10 -4 17 0
11 -4 -16 0
11 -4 -15 0
11 -4 -14 0
11 -4 -13 0
11 -4 -12 0
11 -4 -11 0
11 -4 -10 0
11 -4 -9 0
11 -4 -8 0
11 -4 -7 0
11 -4 -6 0
11 -4 -5 0
11 -4 -4 0
11 -4 -3 0
11 -4 -2 0
11 -4 -1 0
11 -4 0 0
11 -4 1 0
11 -4 2 0
11 -4 3 0
11 -4 4 0
11 -4 5 0
11 -4 6 0
11 -4 7 0
11 -4 8 0
11 -4 9 0
11 -4 10 0
11 -4 11 0
11 -4 12 0
11 -4 13 0
11 -4 14 0
11 -4 15 0
11 -4 16 0
12 -4 -16 0
12 -4 -15 0
12 -4 -14 0
12 -4 -13 0
12 -4 -12 0
12 -4 -11 0
12 -4 -10 0
12 -4 -9 0
12 -4 -8 0
12 -4 -7 0
12 -4 -6 0
12 -4 -5 0
12 -4 -4 0
12 -4 -3 0
12 -4 -2 0
12 -4 -1 0
12 -4 0 0
12 -4 1 0
12 -4 2 0
12 -4 3 0
12 -4 4 0
12 -4 5 0
12 -4 6 0
12 -4 7 0
12 -4 8 0
12 -4 9 0
12 -4 10 0
12 -4 11 0
12 -4 12 0
12 -4 13 0
12 -4 14 0
12 -4 15 0
12 -4 16 0
13 -4 -15 0
13 -4 -14 0
13 -4 -13 0
13 -4 -12 0
13 -4 -11 0
13 -4 -10 0
13 -4 -9 0
13 -4 -8 0
13 -4 -7 0
13 -4 -6 0
13 -4 -5 0
13 -4 -4 0
13 -4 -3 0
13 -4 -2 0
13 -4 -1 0
13 -4 0 0
13 -4 1 0
13 -4 2 0
13 -4 3 0
13 -4 4 0
13 -4 5 0
13 -4 6 0
13 -4 7 0
13 -4 8 0
13 -4 9 0
13 -4 10 0
13 -4 11 0
13 -4 12 0
13 -4 13 0
13 -4 14 0
13 -4 15 0
14 -4 -14 0
14 -4 -13 0
14 -4 -12 0
14 -4 -11 0
14 -4 -10 0
14 -4 -9 0
14 -4 -8 0
14 -4 -7 0
14 -4 -6 0
14 -4 -5 0
14 -4 -4 0
14 -4 -3 0
14 -4 -2 0
14 -4 -1 0
14 -4 0 0
14 -4 1 0
14 -4 2 0
14 -4 3 0
14 -4 4 0
14 -4 5 0
14 -4 6 0
14 -4 7 0
14 -4 8 0
14 -4 9 0
14 -4 10 0
14 -4 11 0
14 -4 12 0
14 -4 13 0
14 -4 14 0
15 -4 -13 0
15 -4 -12 0
15 -4 -11 0
15 -4 -10 0
15 -4 -9 0
15 -4 -8 0
15 -4 -7 0
15 -4 -6 0
15 -4 -5 0
15 -4 -4 0
15 -4 -3 0
15 -4 -2 0
15 -4 -1 0
15 -4 0 0
15 -4 1 0
15 -4 2 0
15 -4 3 0
15 -4 4 0
15 -4 5 0
15 -4 6 0
15 -4 7 0
15 -4 8 0
15 -4 9 0
15 -4 10 0
15 -4 11 0
15 -4 12 0
15 -4 13 0
16 -4 -12 0
16 -4 -11 0
16 -4 -10 0
16 -4 -9 0
16 -4 -8 0
16 -4 -7 0
16 -4 -6 0
16 -4 -5 0
16 -4 -4 0
16 -4 -3 0
16 -4 -2 0
16 -4 -1 0
16 -4 0 0
16 -4 1 0
16 -4 2 0
16 -4 3 0
16 -4 4 0
16 -4 5 0
16 -4 6 0
16 -4 7 0
16 -4 8 0
16 -4 9 0
16 -4 10 0
16 -4 11 0
16 -4 12 0
17 -4 -10 0
17 -4 -9 0
17 -4 -8 0
17 -4 -7 0
17 -4 -6 0
17 -4 -5 0
17 -4 -4 0
17 -4 -3 0
17 -4 -2 0
17 -4 -1 0
17 -4 0 0
17 -4 1 0
17 -4 2 0
17 -4 3 0
17 -4 4 0
17 -4 5 0
17 -4 6 0
17 -4 7 0
17 -4 8 0
17 -4 9 0
17 -4 10 0
18 -4 -9 0
18 -4 -8 0
18 -4 -7 0
18 -4 -6 0
18 -4 -5 0
18 -4 -4 0
18 -4 -3 0
18 -4 -2 0
18 -4 -1 0
18 -4 0 0
18 -4 1 0
18 -4 2 0
18 -4 3 0
18 -4 4 0
18 -4 5 0
18 -4 6 0
18 -4 7 0
18 -4 8 0
18 -4 9 0
19 -4 -6 0
19 -4 -5 0
19 -4 -4 0
19 -4 -3 0
19 -4 -2 0
19 -4 -1 0
19 -4 0 0
19 -4 1 0
19 -4 2 0
19 -4 3 0
19 -4 4 0
19 -4 5 0
19 -4 6 0
20 -4 -2 0
20 -4 -1 0
20 -4 0 0
20 -4 1 0
20 -4 2 0
-23 -3 -3 0
-23 -3 -2 0
-23 -3 -1 0
-23 -3 0 0
-23 -3 1 0
-23 -3 2 0
-23 -3 3 0
-22 -3 -7 0
-22 -3 -6 0
-22 -3 -5 0
-22 -3 -4 0
-22 -3 -3 0
-22 -3 -2 0
-22 -3 -1 0
-22 -3 0 0
-22 -3 1 0
-22 -3 2 0
-22 -3 3 0
-22 -3 4 0
-22 -3 5 0
-22 -3 6 0
-22 -3 7 0
-21 -3 -9 0
-21 -3 -8 0
-21 -3 -7 0
-21 -3 -6 0
-21 -3 -5 0
-21 -3 -4 0
-21 -3 -3 0
-21 -3 -2 0
-21 -3 -1 0
-21 -3 0 0
-21 -3 1 0
-21 -3 2 0
-21 -3 3 0
-21 -3 4 0
-21 -3 5 0
-21 -3 6 0
-21 -3 7 0
-21 -3 8 0
-21 -3 9 0
-20 -3 -11 0
-20 -3 -10 0
-20 -3 -9 0
-20 -3 -8 0
-20 -3 -7 0
-20 -3 -6 0
-20 -3 -5 0
-20 -3 -4 0
-20 -3 -3 0
-20 -3 -2 1
-20 -3 -1 1
-20 -3 0 1
-20 -3 1 1
-20 -3 2 1
-20 -3 3 0
-20 -3 4 0
-20 -3 5 0
-20 -3 6 0
-20 -3 7 0
-20 -3 8 0
-20 -3 9 0
-20 -3 10 0
-20 -3 11 0
-19 -3 -13 0
-19 -3 -12 0
-19 -3 -11 0
-19 -3 -10 0
-19 -3 -9 0
-19 -3 -8 0
-19 -3 -7 0
-19 -3 -6 1
-19 -3 -5 1
-19 -3 -4 1
-19 -3 -3 1
-19 -3 -2 2
-19 -3 -1 0
-19 -3 0 2
-19 -3 1 2
-19 -3 2 0
-19 -3 3 1
-19 -3 4 1
-19 -3 5 1
-19 -3 6 1
-19 -3 7 0
-19 -3 8 0
-19 -3 9 0
-19 -3 10 0
-19 -3 11 0
-19 -3 12 0
-19 -3 13 0
-18 -3 -14 0
-18 -3 -13 0
-18 -3 -12 0
-18 -3 -11 0
-18 -3 -10 0
-18 -3 -9 1
-18 -3 -8 1
-18 -3 -7 1
-18 -3 -6 2
-18 -3 -5 0
-18 -3 -4 2
-18 -3 -3 2
-18 -3 -2 2
-18 -3 -1 0
-18 -3 0 0
-18 -3 1 0
-18 -3 2 0
-18 -3 3 2
-18 -3 4 0
-18 -3 5 2
-18 -3 6 0
-18 -3 7 1
-18 -3 8 1
-18 -3 9 1
-18 -3 10 0
-18 -3 11 0
-18 -3 12 0
-18 -3 13 0
-18 -3 14 0
-17 -3 -15 0
-17 -3 -14 0
-17 -3 -13 0
-17 -3 -12 0
-17 -3 -11 0
-17 -3 -10 1
-17 -3 -9 1
-17 -3 -8 2
-17 -3 -7 2
-17 -3 -6 2
-17 -3 -5 0
-17 -3 -4 0
-17 -3 -3 2
-17 -3 -2 0
-17 -3 -1 0
-17 -3 0 3
-17 -3 1 0
-17 -3 2 2
-17 -3 3 0
-17 -3 4 2
-17 -3 5 0
-17 -3 6 0
-17 -3 7 0
-17 -3 8 0
-17 -3 9 1
-17 -3 10 1
-17 -3 11 0
-17 -3 12 0
-17 -3 13 0
-17 -3 14 0
-17 -3 15 0
-16 -3 -16 0
-16 -3 -15 0
-16 -3 -14 0
-16 -3 -13 0
-16 -3 -12 1
-16 -3 -11 1
-16 -3 -10 2
-16 -3 -9 2
-16 -3 -8 0
-16 -3 -7 0
-16 -3 -6 2
-16 -3 -5 2
-16 -3 -4 0
-16 -3 -3 2
-16 -3 -2 0
-16 -3 -1 4
-16 -3 0 2
-16 -3 1 4
-16 -3 2 0
-16 -3 3 2
-16 -3 4 0
-16 -3 5 2
-16 -3 6 2
-16 -3 7 0
-16 -3 8 2
-16 -3 9 0
-16 -3 10 0
-16 -3 11 1
-16 -3 12 1
-16 -3 13 0
-16 -3 14 0
-16 -3 15 0
-16 -3 16 0
-15 -3 -17 0
-15 -3 -16 0
-15 -3 -15 0
-15 -3 -14 0
-15 -3 -13 1
-15 -3 -12 1
-15 -3 -11 0
-15 -3 -10 2
-15 -3 -9 0
-15 -3 -8 2
-15 -3 -7 0
-15 -3 -6 0
-15 -3 -5 2
-15 -3 -4 0
-15 -3 -3 0
-15 -3 -2 5
-15 -3 -1 2
-15 -3 0 2
-15 -3 1 2
-15 -3 2 6
-15 -3 3 0
-15 -3 4 2
-15 -3 5 0
-15 -3 6 0
-15 -3 7 0
-15 -3 8 2
-15 -3 9 0
-15 -3 10 0
-15 -3 11 0
-15 -3 12 1
-15 -3 13 1
-15 -3 14 0
-15 -3 15 0
-15 -3 16 0
-15 -3 17 0
-14 -3 -18 0
-14 -3 -17 0
-14 -3 -16 0
-14 -3 -15 0
-14 -3 -14 6
-14 -3 -13 2
-14 -3 -12 0
-14 -3 -11 0
-14 -3 -10 0
-14 -3 -9 0
-14 -3 -8 0
-14 -3 -7 0
-14 -3 -6 2
-14 -3 -5 2
-14 -3 -4 2
-14 -3 -3 0
-14 -3 -2 2
-14 -3 -1 4
-14 -3 0 2
-14 -3 1 4
-14 -3 2 0
-14 -3 3 2
-14 -3 4 2
-14 -3 5 0
-14 -3 6 2
-14 -3 7 2
-14 -3 8 0
-14 -3 9 2
-14 -3 10 2
-14 -3 11 0
-14 -3 12 0
-14 -3 13 0
-14 -3 14 5
-14 -3 15 0
-14 -3 16 0
-14 -3 17 0
-14 -3 18 0
-13 -3 -19 0
-13 -3 -18 0
-13 -3 -17 0
-13 -3 -16 0
-13 -3 -15 6
-13 -3 -14 2
-13 -3 -13 0
-13 -3 -12 0
-13 -3 -11 3
-13 -3 -10 0
-13 -3 -9 0
-13 -3 -8 0
-13 -3 -7 2
-13 -3 -6 2
-13 -3 -5 2
-13 -3 -4 2
-13 -3 -3 0
-13 -3 -2 2
-13 -3 -1 0
-13 -3 0 1
-13 -3 1 0
-13 -3 2 0
-13 -3 3 0
-13 -3 4 0
-13 -3 5 2
-13 -3 6 2
-13 -3 7 2
-13 -3 8 0
-13 -3 9 0
-13 -3 10 0
-13 -3 11 3
-13 -3 12 0
-13 -3 13 0
-13 -3 14 2
-13 -3 15 5
-13 -3 16 0
-13 -3 17 0
-13 -3 18 0
-13 -3 19 0
-12 -3 -19 0
-12 -3 -18 0
-12 -3 -17 0
-12 -3 -16 6
-12 -3 -15 6
-12 -3 -14 0
-12 -3 -13 0
-12 -3 -12 4
-12 -3 -11 2
-12 -3 -10 4
-12 -3 -9 2
-12 -3 -8 2
-12 -3 -7 2
-12 -3 -6 2
-12 -3 -5 2
-12 -3 -4 2
-12 -3 -3 2
-12 -3 -2 0
-12 -3 -1 2
-12 -3 0 0
-12 -3 1 2
-12 -3 2 0
-12 -3 3 2
-12 -3 4 0
-12 -3 5 2
-12 -3 6 2
-12 -3 7 0
-12 -3 8 2
-12 -3 9 2
-12 -3 10 4
-12 -3 11 2
-12 -3 12 4
-12 -3 13 0
-12 -3 14 0
-12 -3 15 5
-12 -3 16 5
-12 -3 17 0
-12 -3 18 0
-12 -3 19 0
-11 -3 -20 0
-11 -3 -19 0
-11 -3 -18 0
-11 -3 -17 0
-11 -3 -16 6
-11 -3 -15 2
-11 -3 -14 0
-11 -3 -13 5
-11 -3 -12 2
-11 -3 -11 2
-11 -3 -10 2
-11 -3 -9 6
-11 -3 -8 2
-11 -3 -7 0
-11 -3 -6 2
-11 -3 -5 0
-11 -3 -4 2
-11 -3 -3 0
-11 -3 -2 0
-11 -3 -1 0
-11 -3 0 2
-11 -3 1 0
-11 -3 2 2
-11 -3 3 2
-11 -3 4 0
-11 -3 5 0
-11 -3 6 0
-11 -3 7 2
-11 -3 8 0
-11 -3 9 5
-11 -3 10 2
-11 -3 11 2
-11 -3 12 2
-11 -3 13 6
-11 -3 14 2
-11 -3 15 2
-11 -3 16 5
-11 -3 17 0
-11 -3 18 0
-11 -3 19 0
-11 -3 20 0
-10 -3 -20 0
-10 -3 -19 0
-10 -3 -18 0
-10 -3 -17 6
-10 -3 -16 2
-10 -3 -15 0
-10 -3 -14 2
-10 -3 -13 0
-10 -3 -12 4
-10 -3 -11 2
-10 -3 -10 4
-10 -3 -9 2
-10 -3 -8 2
-10 -3 -7 0
-10 -3 -6 0
-10 -3 -5 0
-10 -3 -4 0
-10 -3 -3 2
-10 -3 -2 0
-10 -3 -1 2
-10 -3 0 0
-10 -3 1 2
-10 -3 2 2
-10 -3 3 0
-10 -3 4 0
-10 -3 5 0
-10 -3 6 2
-10 -3 7 0
-10 -3 8 0
-10 -3 9 0
-10 -3 10 4
-10 -3 11 2
-10 -3 12 4
-10 -3 13 0
-10 -3 14 0
-10 -3 15 0
-10 -3 16 0
-10 -3 17 5
-10 -3 18 0
-10 -3 19 0
-10 -3 20 0
-9 -3 -21 0
-9 -3 -20 0
-9 -3 -19 0
-9 -3 -18 6
-9 -3 -17 6
-9 -3 -16 0
-9 -3 -15 2
-9 -3 -14 2
-9 -3 -13 0
-9 -3 -12 0
-9 -3 -11 1
-9 -3 -10 2
-9 -3 -9 2
-9 -3 -8 0
-9 -3 -7 0
-9 -3 -6 2
-9 -3 -5 0
-9 -3 -4 0
-9 -3 -3 0
-9 -3 -2 2
-9 -3 -1 2
-9 -3 0 2
-9 -3 1 2
-9 -3 2 2
-9 -3 3 2
-9 -3 4 2
-9 -3 5 2
-9 -3 6 0
-9 -3 7 2
-9 -3 8 0
-9 -3 9 2
-9 -3 10 0
-9 -3 11 1
-9 -3 12 0
-9 -3 13 0
-9 -3 14 2
-9 -3 15 0
-9 -3 16 0
-9 -3 17 5
-9 -3 18 5
-9 -3 19 0
-9 -3 20 0
-9 -3 21 0
-8 -3 -21 0
-8 -3 -20 0
-8 -3 -19 0
-8 -3 -18 6
-8 -3 -17 2
-8 -3 -16 2
-8 -3 -15 2
-8 -3 -14 2
-8 -3 -13 2
-8 -3 -12 2
-8 -3 -11 0
-8 -3 -10 2
-8 -3 -9 0
-8 -3 -8 0
-8 -3 -7 2
-8 -3 -6 0
-8 -3 -5 2
-8 -3 -4 2
-8 -3 -3 2
-8 -3 -2 2
-8 -3 -1 2
-8 -3 0 0
-8 -3 1 2
-8 -3 2 2
-8 -3 3 0
-8 -3 4 0
-8 -3 5 2
-8 -3 6 0
-8 -3 7 0
-8 -3 8 2
-8 -3 9 0
-8 -3 10 2
-8 -3 11 2
-8 -3 12 2
-8 -3 13 0
-8 -3 14 0
-8 -3 15 2
-8 -3 16 2
-8 -3 17 2
-8 -3 18 5
-8 -3 19 0
-8 -3 20 0
-8 -3 21 0
-7 -3 -22 0
-7 -3 -21 0
-7 -3 -20 0
-7 -3 -19 0
-7 -3 -18 6
-7 -3 -17 2
-7 -3 -16 2
-7 -3 -15 2
-7 -3 -14 2
-7 -3 -13 0
-7 -3 -12 2
-7 -3 -11 0
-7 -3 -10 0
-7 -3 -9 2
-7 -3 -8 0
-7 -3 -7 0
-7 -3 -6 2
-7 -3 -5 0
-7 -3 -4 2
-7 -3 -3 2
-7 -3 -2 0
-7 -3 -1 0
-7 -3 0 0
-7 -3 1 2
-7 -3 2 0
-7 -3 3 0
-7 -3 4 0
-7 -3 5 0
-7 -3 6 0
-7 -3 7 0
-7 -3 8 2
-7 -3 9 0
-7 -3 10 2
-7 -3 11 2
-7 -3 12 2
-7 -3 13 2
-7 -3 14 0
-7 -3 15 0
-7 -3 16 2
-7 -3 17 2
-7 -3 18 5
-7 -3 19 0
-7 -3 20 0
-7 -3 21 0
-7 -3 22 0
-6 -3 -22 0
-6 -3 -21 0
-6 -3 -20 0
-6 -3 -19 6
-6 -3 -18 2
-6 -3 -17 0
-6 -3 -16 2
-6 -3 -15 2
-6 -3 -14 0
-6 -3 -13 2
-6 -3 -12 2
-6 -3 -11 2
-6 -3 -10 0
-6 -3 -9 0
-6 -3 -8 2
-6 -3 -7 2
-6 -3 -6 0
-6 -3 -5 2
-6 -3 -4 2
-6 -3 -3 2
-6 -3 -2 0
-6 -3 -1 0
-6 -3 0 2
-6 -3 1 0
-6 -3 2 2
-6 -3 3 0
-6 -3 4 2
-6 -3 5 0
-6 -3 6 2
-6 -3 7 2
-6 -3 8 2
-6 -3 9 2
-6 -3 10 2
-6 -3 11 0
-6 -3 12 0
-6 -3 13 0
-6 -3 14 2
-6 -3 15 0
-6 -3 16 2
-6 -3 17 2
-6 -3 18 0
-6 -3 19 5
-6 -3 20 0
-6 -3 21 0
-6 -3 22 0
-5 -3 -22 0
-5 -3 -21 0
-5 -3 -20 0
-5 -3 -19 6
-5 -3 -18 0
-5 -3 -17 2
-5 -3 -16 2
-5 -3 -15 2
-5 -3 -14 0
-5 -3 -13 0
-5 -3 -12 0
-5 -3 -11 0
-5 -3 -10 0
-5 -3 -9 0
-5 -3 -8 0
-5 -3 -7 2
-5 -3 -6 0
-5 -3 -5 0
-5 -3 -4 2
-5 -3 -3 0
-5 -3 -2 0
-5 -3 -1 0
-5 -3 0 2
-5 -3 1 0
-5 -3 2 2
-5 -3 3 0
-5 -3 4 0
-5 -3 5 2
-5 -3 6 0
-5 -3 7 0
-5 -3 8 2
-5 -3 9 0
-5 -3 10 0
-5 -3 11 2
-5 -3 12 0
-5 -3 13 0
-5 -3 14 2
-5 -3 15 2
-5 -3 16 0
-5 -3 17 0
-5 -3 18 0
-5 -3 19 5
-5 -3 20 0
-5 -3 21 0
-5 -3 22 0
-4 -3 -22 0
-4 -3 -21 0
-4 -3 -20 0
-4 -3 -19 6
-4 -3 -18 0
-4 -3 -17 0
-4 -3 -16 0
-4 -3 -15 2
-4 -3 -14 2
-4 -3 -13 2
-4 -3 -12 0
-4 -3 -11 2
-4 -3 -10 0
-4 -3 -9 0
-4 -3 -8 0
-4 -3 -7 2
-4 -3 -6 0
-4 -3 -5 2
-4 -3 -4 0
-4 -3 -3 0
-4 -3 -2 2
-4 -3 -1 0
-4 -3 0 0
-4 -3 1 0
-4 -3 2 2
-4 -3 3 0
-4 -3 4 0
-4 -3 5 2
-4 -3 6 2
-4 -3 7 2
-4 -3 8 2
-4 -3 9 0
-4 -3 10 2
-4 -3 11 2
-4 -3 12 2
-4 -3 13 2
-4 -3 14 2
-4 -3 15 2
-4 -3 16 2
-4 -3 17 0
-4 -3 18 2
-4 -3 19 5
-4 -3 20 0
-4 -3 21 0
-4 -3 22 0
-3 -3 -23 0
-3 -3 -22 0
-3 -3 -21 0
-3 -3 -20 0
-3 -3 -19 6
-3 -3 -18 2
-3 -3 -17 0
-3 -3 -16 0
-3 -3 -15 2
-3 -3 -14 0
-3 -3 -13 0
-3 -3 -12 0
-3 -3 -11 2
-3 -3 -10 2
-3 -3 -9 0
-3 -3 -8 0
-3 -3 -7 2
-3 -3 -6 0
-3 -3 -5 0
-3 -3 -4 2
-3 -3 -3 0
-3 -3 -2 2
-3 -3 -1 0
-3 -3 0 2
-3 -3 1 0
-3 -3 2 2
-3 -3 3 2
-3 -3 4 0
-3 -3 5 0
-3 -3 6 2
-3 -3 7 2
-3 -3 8 0
-3 -3 9 0
-3 -3 10 0
-3 -3 11 0
-3 -3 12 0
-3 -3 13 2
-3 -3 14 0
-3 -3 15 2
-3 -3 16 0
-3 -3 17 2
-3 -3 18 0
-3 -3 19 5
-3 -3 20 0
-3 -3 21 0
-3 -3 22 0
-3 -3 23 0
-2 -3 -23 0
-2 -3 -22 0
-2 -3 -21 0
-2 -3 -20 6
-2 -3 -19 0
-2 -3 -18 2
-2 -3 -17 2
-2 -3 -16 0
-2 -3 -15 3
-2 -3 -14 0
-2 -3 -13 2
-2 -3 -12 2
-2 -3 -11 0
-2 -3 -10 0
-2 -3 -9 0
-2 -3 -8 0
-2 -3 -7 0
-2 -3 -6 2
-2 -3 -5 2
-2 -3 -4 0
-2 -3 -3 0
-2 -3 -2 2
-2 -3 -1 0
-2 -3 0 2
-2 -3 1 0
-2 -3 2 2
-2 -3 3 0
-2 -3 4 2
-2 -3 5 2
-2 -3 6 2
-2 -3 7 2
-2 -3 8 2
-2 -3 9 2
-2 -3 10 0
-2 -3 11 2
-2 -3 12 2
-2 -3 13 2
-2 -3 14 0
-2 -3 15 3
-2 -3 16 2
-2 -3 17 0
-2 -3 18 0
-2 -3 19 0
-2 -3 20 5
-2 -3 21 0
-2 -3 22 0
-2 -3 23 0
-1 -3 -23 0
-1 -3 -22 0
-1 -3 -21 0
-1 -3 -20 6
-1 -3 -19 2
-1 -3 -18 0
-1 -3 -17 0
-1 -3 -16 4
-1 -3 -15 2
-1 -3 -14 4
-1 -3 -13 0
-1 -3 -12 0
-1 -3 -11 0
-1 -3 -10 2
-1 -3 -9 0
-1 -3 -8 0
-1 -3 -7 2
-1 -3 -6 2
-1 -3 -5 0
-1 -3 -4 2
-1 -3 -3 2
-1 -3 -2 2
-1 -3 -1 0
-1 -3 0 2
-1 -3 1 2
-1 -3 2 2
-1 -3 3 2
-1 -3 4 2
-1 -3 5 0
-1 -3 6 2
-1 -3 7 2
-1 -3 8 0
-1 -3 9 0
-1 -3 10 0
-1 -3 11 2
-1 -3 12 2
-1 -3 13 0
-1 -3 14 4
-1 -3 15 2
-1 -3 16 4
-1 -3 17 0
-1 -3 18 2
-1 -3 19 0
-1 -3 20 5
-1 -3 21 0
-1 -3 22 0
-1 -3 23 0
0 -3 -23 0
0 -3 -22 0
0 -3 -21 0
0 -3 -20 6
0 -3 -19 0
0 -3 -18 2
0 -3 -17 5
0 -3 -16 2
0 -3 -15 2
0 -3 -14 2
0 -3 -13 6
0 -3 -12 2
0 -3 -11 0
0 -3 -10 2
0 -3 -9 2
0 -3 -8 2
0 -3 -7 0
0 -3 -6 0
0 -3 -5 2
0 -3 -4 2
0 -3 -3 2
0 -3 -2 2
0 -3 -1 0
0 -3 0 0
0 -3 1 0
0 -3 2 0
0 -3 3 2
0 -3 4 2
0 -3 5 0
0 -3 6 2
0 -3 7 2
0 -3 8 0
0 -3 9 2
0 -3 10 0
0 -3 11 0
0 -3 12 2
0 -3 13 5
0 -3 14 2
0 -3 15 2
0 -3 16 2
0 -3 17 6
0 -3 18 2
0 -3 19 0
0 -3 20 5
0 -3 21 0
0 -3 22 0
0 -3 23 0
1 -3 -23 0
1 -3 -22 0
1 -3 -21 0
1 -3 -20 6
1 -3 -19 0
1 -3 -18 0
1 -3 -17 0
1 -3 -16 4
1 -3 -15 2
1 -3 -14 4
1 -3 -13 0
1 -3 -12 0
1 -3 -11 2
1 -3 -10 2
1 -3 -9 0
1 -3 -8 0
1 -3 -7 2
1 -3 -6 2
1 -3 -5 0
1 -3 -4 2
1 -3 -3 2
1 -3 -2 0
1 -3 -1 2
1 -3 0 0
1 -3 1 0
1 -3 2 0
1 -3 3 2
1 -3 4 0
1 -3 5 0
1 -3 6 2
1 -3 7 2
1 -3 8 2
1 -3 9 0
1 -3 10 0
1 -3 11 0
1 -3 12 2
1 -3 13 0
1 -3 14 4
1 -3 15 2
1 -3 16 4
1 -3 17 0
1 -3 18 2
1 -3 19 2
1 -3 20 5
1 -3 21 0
1 -3 22 0
1 -3 23 0
2 -3 -23 0
2 -3 -22 0
2 -3 -21 0
2 -3 -20 6
2 -3 -19 2
2 -3 -18 0
2 -3 -17 2
2 -3 -16 0
2 -3 -15 1
2 -3 -14 0
2 -3 -13 0
2 -3 -12 0
2 -3 -11 0
2 -3 -10 0
2 -3 -9 2
2 -3 -8 0
2 -3 -7 0
2 -3 -6 2
2 -3 -5 0
2 -3 -4 2
2 -3 -3 2
2 -3 -2 2
2 -3 -1 2
2 -3 0 2
2 -3 1 2
2 -3 2 2
2 -3 3 0
2 -3 4 0
2 -3 5 0
2 -3 6 2
2 -3 7 2
2 -3 8 0
2 -3 9 0
2 -3 10 0
2 -3 11 2
2 -3 12 2
2 -3 13 2
2 -3 14 0
2 -3 15 1
2 -3 16 2
2 -3 17 0
2 -3 18 2
2 -3 19 2
2 -3 20 5
2 -3 21 0
2 -3 22 0
2 -3 23 0
3 -3 -23 0
3 -3 -22 0
3 -3 -21 0
3 -3 -20 0
3 -3 -19 6
3 -3 -18 2
3 -3 -17 2
3 -3 -16 0
3 -3 -15 2
3 -3 -14 2
3 -3 -13 2
3 -3 -12 0
3 -3 -11 0
3 -3 -10 2
3 -3 -9 0
3 -3 -8 2
3 -3 -7 2
3 -3 -6 0
3 -3 -5 0
3 -3 -4 0
3 -3 -3 2
3 -3 -2 2
3 -3 -1 0
3 -3 0 0
3 -3 1 0
3 -3 2 0
3 -3 3 0
3 -3 4 0
3 -3 5 0
3 -3 6 0
3 -3 7 2
3 -3 8 0
3 -3 9 0
3 -3 10 2
3 -3 11 2
3 -3 12 0
3 -3 13 0
3 -3 14 2
3 -3 15 2
3 -3 16 2
3 -3 17 0
3 -3 18 0
3 -3 19 5
3 -3 20 0
3 -3 21 0
3 -3 22 0
3 -3 23 0
4 -3 -22 0
4 -3 -21 0
4 -3 -20 0
4 -3 -19 6
4 -3 -18 0
4 -3 -17 2
4 -3 -16 2
4 -3 -15 0
4 -3 -14 0
4 -3 -13 0
4 -3 -12 2
4 -3 -11 2
4 -3 -10 2
4 -3 -9 0
4 -3 -8 0
4 -3 -7 2
4 -3 -6 0
4 -3 -5 0
4 -3 -4 0
4 -3 -3 2
4 -3 -2 0
4 -3 -1 0
4 -3 0 2
4 -3 1 2
4 -3 2 0
4 -3 3 2
4 -3 4 0
4 -3 5 2
4 -3 6 2
4 -3 7 2
4 -3 8 2
4 -3 9 0
4 -3 10 2
4 -3 11 0
4 -3 12 0
4 -3 13 2
4 -3 14 0
4 -3 15 2
4 -3 16 2
4 -3 17 2
4 -3 18 2
4 -3 19 5
4 -3 20 0
4 -3 21 0
4 -3 22 0
5 -3 -22 0
5 -3 -21 0
5 -3 -20 0
5 -3 -19 6
5 -3 -18 0
5 -3 -17 0
5 -3 -16 2
5 -3 -15 2
5 -3 -14 0
5 -3 -13 0
5 -3 -12 2
5 -3 -11 2
5 -3 -10 2
5 -3 -9 0
5 -3 -8 2
5 -3 -7 0
5 -3 -6 2
5 -3 -5 2
5 -3 -4 0
5 -3 -3 0
5 -3 -2 2
5 -3 -1 0
5 -3 0 0
5 -3 1 0
5 -3 2 2
5 -3 3 0
5 -3 4 0
5 -3 5 0
5 -3 6 0
5 -3 7 2
5 -3 8 2
5 -3 9 0
5 -3 10 2
5 -3 11 0
5 -3 12 2
5 -3 13 0
5 -3 14 2
5 -3 15 2
5 -3 16 0
5 -3 17 2
5 -3 18 2
5 -3 19 5
5 -3 20 0
5 -3 21 0
5 -3 22 0
6 -3 -22 0
6 -3 -21 0
6 -3 -20 0
6 -3 -19 6
6 -3 -18 0
6 -3 -17 0
6 -3 -16 2
6 -3 -15 2
6 -3 -14 2
6 -3 -13 0
6 -3 -12 2
6 -3 -11 0
6 -3 -10 2
6 -3 -9 0
6 -3 -8 2
6 -3 -7 0
6 -3 -6 2
6 -3 -5 2
6 -3 -4 2
6 -3 -3 2
6 -3 -2 2
6 -3 -1 2
6 -3 0 2
6 -3 1 2
6 -3 2 0
6 -3 3 0
6 -3 4 0
6 -3 5 2
6 -3 6 0
6 -3 7 0
6 -3 8 0
6 -3 9 0
6 -3 10 0
6 -3 11 0
6 -3 12 0
6 -3 13 0
6 -3 14 0
6 -3 15 0
6 -3 16 0
6 -3 17 0
6 -3 18 2
6 -3 19 5
6 -3 20 0
6 -3 21 0
6 -3 22 0
7 -3 -22 0
7 -3 -21 0
7 -3 -20 0
7 -3 -19 0
7 -3 -18 6
7 -3 -17 2
7 -3 -16 2
7 -3 -15 0
7 -3 -14 0
7 -3 -13 2
7 -3 -12 2
7 -3 -11 2
7 -3 -10 0
7 -3 -9 0
7 -3 -8 2
7 -3 -7 0
7 -3 -6 2
7 -3 -5 0
7 -3 -4 0
7 -3 -3 0
7 -3 -2 2
7 -3 -1 2
7 -3 0 0
7 -3 1 0
7 -3 2 2
7 -3 3 2
7 -3 4 0
7 -3 5 0
7 -3 6 2
7 -3 7 0
7 -3 8 0
7 -3 9 2
7 -3 10 0
7 -3 11 0
7 -3 12 0
7 -3 13 0
7 -3 14 2
7 -3 15 2
7 -3 16 2
7 -3 17 2
7 -3 18 5
7 -3 19 0
7 -3 20 0
7 -3 21 0
7 -3 22 0
8 -3 -21 0
8 -3 -20 0
8 -3 -19 0
8 -3 -18 6
8 -3 -17 2
8 -3 -16 2
8 -3 -15 0
8 -3 -14 2
8 -3 -13 0
8 -3 -12 0
8 -3 -11 0
8 -3 -10 0
8 -3 -9 0
8 -3 -8 2
8 -3 -7 0
8 -3 -6 0
8 -3 -5 2
8 -3 -4 0
8 -3 -3 2
8 -3 -2 0
8 -3 -1 0
8 -3 0 0
8 -3 1 2
8 -3 2 0
8 -3 3 2
8 -3 4 0
8 -3 5 2
8 -3 6 0
8 -3 7 2
8 -3 8 0
8 -3 9 0
8 -3 10 2
8 -3 11 2
8 -3 12 0
8 -3 13 2
8 -3 14 2
8 -3 15 2
8 -3 16 2
8 -3 17 2
8 -3 18 5
8 -3 19 0
8 -3 20 0
8 -3 21 0
9 -3 -21 0
9 -3 -20 0
9 -3 -19 0
9 -3 -18 6
9 -3 -17 6
9 -3 -16 2
9 -3 -15 0
9 -3 -14 2
9 -3 -13 0
9 -3 -12 0
9 -3 -11 3
9 -3 -10 2
9 -3 -9 2
9 -3 -8 0
9 -3 -7 2
9 -3 -6 0
9 -3 -5 2
9 -3 -4 2
9 -3 -3 2
9 -3 -2 0
9 -3 -1 2
9 -3 0 0
9 -3 1 2
9 -3 2 2
9 -3 3 0
9 -3 4 2
9 -3 5 0
9 -3 6 2
9 -3 7 0
9 -3 8 2
9 -3 9 2
9 -3 10 0
9 -3 11 3
9 -3 12 2
9 -3 13 0
9 -3 14 0
9 -3 15 2
9 -3 16 0
9 -3 17 5
9 -3 18 5
9 -3 19 0
9 -3 20 0
9 -3 21 0
10 -3 -20 0
10 -3 -19 0
10 -3 -18 0
10 -3 -17 6
10 -3 -16 2
10 -3 -15 2
10 -3 -14 0
10 -3 -13 2
10 -3 -12 4
10 -3 -11 2
10 -3 -10 4
10 -3 -9 0
10 -3 -8 2
10 -3 -7 0
10 -3 -6 2
10 -3 -5 0
10 -3 -4 2
10 -3 -3 2
10 -3 -2 2
10 -3 -1 2
10 -3 0 2
10 -3 1 2
10 -3 2 0
10 -3 3 2
10 -3 4 0
10 -3 5 0
10 -3 6 0
10 -3 7 0
10 -3 8 0
10 -3 9 2
10 -3 10 4
10 -3 11 2
10 -3 12 4
10 -3 13 0
10 -3 14 2
10 -3 15 0
10 -3 16 0
10 -3 17 5
10 -3 18 0
10 -3 19 0
10 -3 20 0
11 -3 -20 0
11 -3 -19 0
11 -3 -18 0
11 -3 -17 0
11 -3 -16 6
11 -3 -15 2
11 -3 -14 0
11 -3 -13 5
11 -3 -12 2
11 -3 -11 2
11 -3 -10 2
11 -3 -9 6
11 -3 -8 2
11 -3 -7 2
11 -3 -6 2
11 -3 -5 0
11 -3 -4 2
11 -3 -3 2
11 -3 -2 2
11 -3 -1 0
11 -3 0 2
11 -3 1 0
11 -3 2 0
11 -3 3 0
11 -3 4 0
11 -3 5 0
11 -3 6 0
11 -3 7 0
11 -3 8 0
11 -3 9 5
11 -3 10 2
11 -3 11 2
11 -3 12 2
11 -3 13 6
11 -3 14 0
11 -3 15 2
11 -3 16 5
11 -3 17 0
11 -3 18 0
11 -3 19 0
11 -3 20 0
12 -3 -19 0
12 -3 -18 0
12 -3 -17 0
12 -3 -16 6
12 -3 -15 6
12 -3 -14 0
12 -3 -13 0
12 -3 -12 4
12 -3 -11 2
12 -3 -10 4
12 -3 -9 0
12 -3 -8 2
12 -3 -7 2
12 -3 -6 2
12 -3 -5 2
12 -3 -4 0
12 -3 -3 0
12 -3 -2 2
12 -3 -1 0
12 -3 0 2
12 -3 1 0
12 -3 2 2
12 -3 3 2
12 -3 4 2
12 -3 5 0
12 -3 6 0
12 -3 7 0
12 -3 8 0
12 -3 9 0
12 -3 10 4
12 -3 11 2
12 -3 12 4
12 -3 13 0
12 -3 14 2
12 -3 15 5
12 -3 16 5
12 -3 17 0
12 -3 18 0
12 -3 19 0
13 -3 -19 0
13 -3 -18 0
13 -3 -17 0
13 -3 -16 0
13 -3 -15 6
13 -3 -14 0
13 -3 -13 0
13 -3 -12 2
13 -3 -11 1
13 -3 -10 2
13 -3 -9 0
13 -3 -8 0
13 -3 -7 2
13 -3 -6 2
13 -3 -5 2
13 -3 -4 2
13 -3 -3 0
13 -3 -2 2
13 -3 -1 0
13 -3 0 3
13 -3 1 0
13 -3 2 0
13 -3 3 0
13 -3 4 0
13 -3 5 2
13 -3 6 0
13 -3 7 2
13 -3 8 0
13 -3 9 0
13 -3 10 0
13 -3 11 1
13 -3 12 0
13 -3 13 0
13 -3 14 2
13 -3 15 5
13 -3 16 0
13 -3 17 0
13 -3 18 0
13 -3 19 0
14 -3 -18 0
14 -3 -17 0
14 -3 -16 0
14 -3 -15 0
14 -3 -14 6
14 -3 -13 2
14 -3 -12 0
14 -3 -11 2
14 -3 -10 2
14 -3 -9 2
14 -3 -8 2
14 -3 -7 0
14 -3 -6 2
14 -3 -5 2
14 -3 -4 0
14 -3 -3 0
14 -3 -2 0
14 -3 -1 4
14 -3 0 2
14 -3 1 4
14 -3 2 2
14 -3 3 2
14 -3 4 2
14 -3 5 2
14 -3 6 2
14 -3 7 2
14 -3 8 2
14 -3 9 2
14 -3 10 0
14 -3 11 2
14 -3 12 2
14 -3 13 0
14 -3 14 5
14 -3 15 0
14 -3 16 0
14 -3 17 0
14 -3 18 0
15 -3 -17 0
15 -3 -16 0
15 -3 -15 0
15 -3 -14 0
15 -3 -13 3
15 -3 -12 3
15 -3 -11 0
15 -3 -10 0
15 -3 -9 0
15 -3 -8 2
15 -3 -7 0
15 -3 -6 0
15 -3 -5 0
15 -3 -4 0
15 -3 -3 0
15 -3 -2 5
15 -3 -1 2
15 -3 0 2
15 -3 1 2
15 -3 2 6
15 -3 3 0
15 -3 4 2
15 -3 5 2
15 -3 6 2
15 -3 7 0
15 -3 8 2
15 -3 9 0
15 -3 10 0
15 -3 11 0
15 -3 12 3
15 -3 13 3
15 -3 14 0
15 -3 15 0
15 -3 16 0
15 -3 17 0
16 -3 -16 0
16 -3 -15 0
16 -3 -14 0
16 -3 -13 0
16 -3 -12 3
16 -3 -11 3
16 -3 -10 0
16 -3 -9 0
16 -3 -8 2
16 -3 -7 0
16 -3 -6 0
16 -3 -5 2
16 -3 -4 2
16 -3 -3 0
16 -3 -2 2
16 -3 -1 4
16 -3 0 2
16 -3 1 4
16 -3 2 2
16 -3 3 2
16 -3 4 2
16 -3 5 0
16 -3 6 0
16 -3 7 2
16 -3 8 0
16 -3 9 0
16 -3 10 2
16 -3 11 3
16 -3 12 3
16 -3 13 0
16 -3 14 0
16 -3 15 0
16 -3 16 0
17 -3 -15 0
17 -3 -14 0
17 -3 -13 0
17 -3 -12 0
17 -3 -11 0
17 -3 -10 3
17 -3 -9 3
17 -3 -8 2
17 -3 -7 0
17 -3 -6 0
17 -3 -5 0
17 -3 -4 2
17 -3 -3 0
17 -3 -2 0
17 -3 -1 0
17 -3 0 1
17 -3 1 0
17 -3 2 2
17 -3 3 2
17 -3 4 2
17 -3 5 0
17 -3 6 0
17 -3 7 2
17 -3 8 2
17 -3 9 3
17 -3 10 3
17 -3 11 0
17 -3 12 0
17 -3 13 0
17 -3 14 0
17 -3 15 0
18 -3 -14 0
18 -3 -13 0
18 -3 -12 0
18 -3 -11 0
18 -3 -10 0
18 -3 -9 3
18 -3 -8 3
18 -3 -7 3
18 -3 -6 0
18 -3 -5 0
18 -3 -4 0
18 -3 -3 0
18 -3 -2 0
18 -3 -1 0
18 -3 0 0
18 -3 1 2
18 -3 2 2
18 -3 3 0
18 -3 4 0
18 -3 5 2
18 -3 6 2
18 -3 7 3
18 -3 8 3
18 -3 9 3
18 -3 10 0
18 -3 11 0
18 -3 12 0
18 -3 13 0
18 -3 14 0
19 -3 -13 0
19 -3 -12 0
19 -3 -11 0
19 -3 -10 0
19 -3 -9 0
19 -3 -8 0
19 -3 -7 0
19 -3 -6 3
19 -3 -5 3
19 -3 -4 3
19 -3 -3 3
19 -3 -2 2
19 -3 -1 2
19 -3 0 2
19 -3 1 0
19 -3 2 0
19 -3 3 3
19 -3 4 3
19 -3 5 3
19 -3 6 3
19 -3 7 0
19 -3 8 0
19 -3 9 0
19 -3 10 0
19 -3 11 0
19 -3 12 0
19 -3 13 0
20 -3 -11 0
20 -3 -10 0
20 -3 -9 0
20 -3 -8 0
20 -3 -7 0
20 -3 -6 0
20 -3 -5 0
20 -3 -4 0
20 -3 -3 0
20 -3 -2 3
20 -3 -1 3
20 -3 0 3
20 -3 1 3
20 -3 2 3
20 -3 3 0
20 -3 4 0
20 -3 5 0
20 -3 6 0
20 -3 7 0
20 -3 8 0
20 -3 9 0
20 -3 10 0
20 -3 11 0
21 -3 -9 0
21 -3 -8 0
21 -3 -7 0
21 -3 -6 0
21 -3 -5 0
21 -3 -4 0
21 -3 -3 0
21 -3 -2 0
21 -3 -1 0
21 -3 0 0
21 -3 1 0
21 -3 2 0
21 -3 3 0
21 -3 4 0
21 -3 5 0
21 -3 6 0
21 -3 7 0
21 -3 8 0
21 -3 9 0
22 -3 -7 0
22 -3 -6 0
22 -3 -5 0
22 -3 -4 0
22 -3 -3 0
22 -3 -2 0
22 -3 -1 0
22 -3 0 0
22 -3 1 0
22 -3 2 0
22 -3 3 0
22 -3 4 0
22 -3 5 0
22 -3 6 0
22 -3 7 0
23 -3 -3 0
23 -3 -2 0
23 -3 -1 0
23 -3 0 0
23 -3 1 0
23 -3 2 0
23 -3 3 0
-26 -2 -3 0
-26 -2 -2 0
-26 -2 -1 0
-26 -2 0 0
-26 -2 1 0
-26 -2 2 0
-26 -2 3 0
-25 -2 -7 0
-25 -2 -6 0
-25 -2 -5 0
-25 -2 -4 0
-25 -2 -3 0
-25 -2 -2 0
-25 -2 -1 0
-25 -2 0 0
-25 -2 1 0
-25 -2 2 0
-25 -2 3 0
-25 -2 4 0
-25 -2 5 0
-25 -2 6 0
-25 -2 7 0
-24 -2 -10 0
-24 -2 -9 0
-24 -2 -8 0
-24 -2 -7 0
-24 -2 -6 0
-24 -2 -5 0
-24 -2 -4 0
-24 -2 -3 0
-24 -2 -2 0
-24 -2 -1 0
-24 -2 0 0
-24 -2 1 0
-24 -2 2 0
-24 -2 3 0
-24 -2 4 0
-24 -2 5 0
-24 -2 6 0
-24 -2 7 0
-24 -2 8 0
-24 -2 9 0
-24 -2 10 0
-23 -2 -12 0
-23 -2 -11 0
-23 -2 -10 0
-23 -2 -9 0
-23 -2 -8 0
-23 -2 -7 0
-23 -2 -6 0
-23 -2 -5 0
-23 -2 -4 0
-23 -2 -3 1
-23 -2 -2 1
-23 -2 -1 1
-23 -2 0 1
-23 -2 1 1
-23 -2 2 1
-23 -2 3 1
-23 -2 4 0
-23 -2 5 0
-23 -2 6 0
-23 -2 7 0
-23 -2 8 0
-23 -2 9 0
-23 -2 10 0
-23 -2 11 0
-23 -2 12 0
-22 -2 -14 0
-22 -2 -13 0
-22 -2 -12 0
-22 -2 -11 0
-22 -2 -10 0
-22 -2 -9 0
-22 -2 -8 0
-22 -2 -7 1
-22 -2 -6 1
-22 -2 -5 1
-22 -2 -4 1
-22 -2 -3 1
-22 -2 -2 2
-22 -2 -1 0
-22 -2 0 2
-22 -2 1 2
-22 -2 2 2
-22 -2 3 1
-22 -2 4 1
-22 -2 5 1
-22 -2 6 1
-22 -2 7 1
-22 -2 8 0
-22 -2 9 0
-22 -2 10 0
-22 -2 11 0
-22 -2 12 0
-22 -2 13 0
-22 -2 14 0
-21 -2 -15 0
-21 -2 -14 0
-21 -2 -13 0
-21 -2 -12 0
-21 -2 -11 0
-21 -2 -10 0
-21 -2 -9 1
-21 -2 -8 1
-21 -2 -7 0
-21 -2 -6 2
-21 -2 -5 2
-21 -2 -4 0
-21 -2 -3 0
-21 -2 -2 7
-21 -2 -1 7
-21 -2 0 7
-21 -2 1 7
-21 -2 2 7
-21 -2 3 2
-21 -2 4 2
-21 -2 5 0
-21 -2 6 0
-21 -2 7 0
-21 -2 8 1
-21 -2 9 1
-21 -2 10 0
-21 -2 11 0
-21 -2 12 0
-21 -2 13 0
-21 -2 14 0
-21 -2 15 0
-20 -2 -16 0
-20 -2 -15 0
-20 -2 -14 0
-20 -2 -13 0
-20 -2 -12 0
-20 -2 -11 1
-20 -2 -10 1
-20 -2 -9 0
-20 -2 -8 0
-20 -2 -7 7
-20 -2 -6 7
-20 -2 -5 7
-20 -2 -4 7
-20 -2 -3 7
-20 -2 -2 8
-20 -2 -1 8
-20 -2 0 8
-20 -2 1 8
-20 -2 2 8
-20 -2 3 7
-20 -2 4 7
-20 -2 5 7
-20 -2 6 7
-20 -2 7 7
-20 -2 8 0
-20 -2 9 0
-20 -2 10 1
-20 -2 11 1
-20 -2 12 0
-20 -2 13 0
-20 -2 14 0
-20 -2 15 0
-20 -2 16 0
-19 -2 -18 0
-19 -2 -17 0
-19 -2 -16 0
-19 -2 -15 0
-19 -2 -14 0
-19 -2 -13 1
-19 -2 -12 1
-19 -2 -11 2
-19 -2 -10 2
-19 -2 -9 7
-19 -2 -8 7
-19 -2 -7 7
-19 -2 -6 8
-19 -2 -5 8
-19 -2 -4 8
-19 -2 -3 8
-19 -2 -2 8
-19 -2 -1 8
-19 -2 0 8
-19 -2 1 8
-19 -2 2 8
-19 -2 3 8
-19 -2 4 8
-19 -2 5 8
-19 -2 6 8
-19 -2 7 7
-19 -2 8 7
-19 -2 9 7
-19 -2 10 0
-19 -2 11 2
-19 -2 12 1
-19 -2 13 1
-19 -2 14 0
-19 -2 15 0
-19 -2 16 0
-19 -2 17 0
-19 -2 18 0
-18 -2 -19 0
-18 -2 -18 0
-18 -2 -17 0
-18 -2 -16 0
-18 -2 -15 0
-18 -2 -14 1
-18 -2 -13 1
-18 -2 -12 0
-18 -2 -11 7
-18 -2 -10 7
-18 -2 -9 8
-18 -2 -8 8
-18 -2 -7 8
-18 -2 -6 8
-18 -2 -5 8
-18 -2 -4 8
-18 -2 -3 8
-18 -2 -2 8
-18 -2 -1 8
-18 -2 0 8
-18 -2 1 8
-18 -2 2 8
-18 -2 3 8
-18 -2 4 8
-18 -2 5 8
-18 -2 6 8
-18 -2 7 8
-18 -2 8 8
-18 -2 9 8
-18 -2 10 7
-18 -2 11 7
-18 -2 12 0
-18 -2 13 1
-18 -2 14 1
-18 -2 15 0
-18 -2 16 0
-18 -2 17 0
-18 -2 18 0
-18 -2 19 0
-17 -2 -19 0
-17 -2 -18 0
-17 -2 -17 0
-17 -2 -16 0
-17 -2 -15 1
-17 -2 -14 2
-17 -2 -13 2
-17 -2 -12 7
-17 -2 -11 7
-17 -2 -10 8
-17 -2 -9 8
-17 -2 -8 8
-17 -2 -7 8
-17 -2 -6 8
-17 -2 -5 8
-17 -2 -4 8
-17 -2 -3 8
-17 -2 -2 8
-17 -2 -1 8
-17 -2 0 8
-17 -2 1 8
-17 -2 2 8
-17 -2 3 8
-17 -2 4 8
-17 -2 5 8
-17 -2 6 8
-17 -2 7 8
-17 -2 8 8
-17 -2 9 8
-17 -2 10 8
-17 -2 11 7
-17 -2 12 7
-17 -2 13 0
-17 -2 14 2
-17 -2 15 1
-17 -2 16 0
-17 -2 17 0
-17 -2 18 0
-17 -2 19 0
-16 -2 -20 0
-16 -2 -19 0
-16 -2 -18 0
-16 -2 -17 0
-16 -2 -16 6
-16 -2 -15 2
-16 -2 -14 0
-16 -2 -13 7
-16 -2 -12 8
-16 -2 -11 8
-16 -2 -10 8
-16 -2 -9 8
-16 -2 -8 8
-16 -2 -7 8
-16 -2 -6 8
-16 -2 -5 8
-16 -2 -4 8
-16 -2 -3 8
-16 -2 -2 8
-16 -2 -1 4
-16 -2 0 2
-16 -2 1 4
-16 -2 2 8
-16 -2 3 8
-16 -2 4 8
-16 -2 5 8
-16 -2 6 8
-16 -2 7 8
-16 -2 8 8
-16 -2 9 8
-16 -2 10 8
-16 -2 11 8
-16 -2 12 8
-16 -2 13 7
-16 -2 14 2
-16 -2 15 2
-16 -2 16 5
-16 -2 17 0
-16 -2 18 0
-16 -2 19 0
-16 -2 20 0
-15 -2 -21 0
-15 -2 -20 0
-15 -2 -19 0
-15 -2 -18 0
-15 -2 -17 6
-15 -2 -16 2
-15 -2 -15 2
-15 -2 -14 7
-15 -2 -13 8
-15 -2 -12 8
-15 -2 -11 8
-15 -2 -10 8
-15 -2 -9 8
-15 -2 -8 8
-15 -2 -7 8
-15 -2 -6 8
-15 -2 -5 8
-15 -2 -4 8
-15 -2 -3 8
-15 -2 -2 8
-15 -2 -1 2
-15 -2 0 2
-15 -2 1 2
-15 -2 2 8
-15 -2 3 8
-15 -2 4 8
-15 -2 5 8
-15 -2 6 8
-15 -2 7 8
-15 -2 8 8
-15 -2 9 8
-15 -2 10 8
-15 -2 11 8
-15 -2 12 8
-15 -2 13 8
-15 -2 14 7
-15 -2 15 0
-15 -2 16 0
-15 -2 17 5
-15 -2 18 0
-15 -2 19 0
-15 -2 20 0
-15 -2 21 0
-14 -2 -22 0
-14 -2 -21 0
-14 -2 -20 0
-14 -2 -19 0
-14 -2 -18 6
-14 -2 -17 0
-14 -2 -16 0
-14 -2 -15 7
-14 -2 -14 8
-14 -2 -13 8
-14 -2 -12 8
-14 -2 -11 8
-14 -2 -10 8
-14 -2 -9 8
-14 -2 -8 8
-14 -2 -7 8
-14 -2 -6 8
-14 -2 -5 8
-14 -2 -4 8
-14 -2 -3 8
-14 -2 -2 8
-14 -2 -1 4
-14 -2 0 2
-14 -2 1 4
-14 -2 2 8
-14 -2 3 8
-14 -2 4 8
-14 -2 5 8
-14 -2 6 8
-14 -2 7 8
-14 -2 8 8
-14 -2 9 8
-14 -2 10 8
-14 -2 11 8
-14 -2 12 8
-14 -2 13 8
-14 -2 14 8
-14 -2 15 7
-14 -2 16 2
-14 -2 17 2
-14 -2 18 5
-14 -2 19 0
-14 -2 20 0
-14 -2 21 0
-14 -2 22 0
-13 -2 -22 0
-13 -2 -21 0
-13 -2 -20 0
-13 -2 -19 6
-13 -2 -18 6
-13 -2 -17 2
-13 -2 -16 7
-13 -2 -15 8
-13 -2 -14 8
-13 -2 -13 8
-13 -2 -12 8
-13 -2 -11 8
-13 -2 -10 8
-13 -2 -9 8
-13 -2 -8 8
-13 -2 -7 8
-13 -2 -6 8
-13 -2 -5 8
-13 -2 -4 8
-13 -2 -3 8
-13 -2 -2 8
-13 -2 -1 8
-13 -2 0 8
-13 -2 1 8
-13 -2 2 8
-13 -2 3 8
-13 -2 4 8
-13 -2 5 8
-13 -2 6 8
-13 -2 7 8
-13 -2 8 8
-13 -2 9 8
-13 -2 10 8
-13 -2 11 8
-13 -2 12 8
-13 -2 13 8
-13 -2 14 8
-13 -2 15 8
-13 -2 16 7
-13 -2 17 2
-13 -2 18 5
-13 -2 19 5
-13 -2 20 0
-13 -2 21 0
-13 -2 22 0
-12 -2 -23 0
-12 -2 -22 0
-12 -2 -21 0
-12 -2 -20 0
-12 -2 -19 6
-12 -2 -18 2
-12 -2 -17 7
-12 -2 -16 8
-12 -2 -15 8
-12 -2 -14 8
-12 -2 -13 8
-12 -2 -12 4
-12 -2 -11 2
-12 -2 -10 4
-12 -2 -9 8
-12 -2 -8 8
-12 -2 -7 8
-12 -2 -6 8
-12 -2 -5 8
-12 -2 -4 8
-12 -2 -3 8
-12 -2 -2 3
-12 -2 -1 3
-12 -2 0 3
-12 -2 1 3
-12 -2 2 3
-12 -2 3 8
-12 -2 4 8
-12 -2 5 8
-12 -2 6 8
-12 -2 7 8
-12 -2 8 8
-12 -2 9 8
-12 -2 10 4
-12 -2 11 2
-12 -2 12 4
-12 -2 13 8
-12 -2 14 8
-12 -2 15 8
-12 -2 16 8
-12 -2 17 7
-12 -2 18 2
-12 -2 19 5
-12 -2 20 0
-12 -2 21 0
-12 -2 22 0
-12 -2 23 0
-11 -2 -23 0
-11 -2 -22 0
-11 -2 -21 0
-11 -2 -20 6
-11 -2 -19 0
-11 -2 -18 7
-11 -2 -17 7
-11 -2 -16 8
-11 -2 -15 8
-11 -2 -14 8
-11 -2 -13 8
-11 -2 -12 2
-11 -2 -11 2
-11 -2 -10 2
-11 -2 -9 8
-11 -2 -8 8
-11 -2 -7 8
-11 -2 -6 8
-11 -2 -5 3
-11 -2 -4 3
-11 -2 -3 3
-11 -2 -2 2
-11 -2 -1 2
-11 -2 0 2
-11 -2 1 2
-11 -2 2 2
-11 -2 3 3
-11 -2 4 3
-11 -2 5 3
-11 -2 6 8
-11 -2 7 8
-11 -2 8 8
-11 -2 9 8
-11 -2 10 2
-11 -2 11 2
-11 -2 12 2
-11 -2 13 8
-11 -2 14 8
-11 -2 15 8
-11 -2 16 8
-11 -2 17 7
-11 -2 18 7
-11 -2 19 2
-11 -2 20 5
-11 -2 21 0
-11 -2 22 0
-11 -2 23 0
-10 -2 -24 0
-10 -2 -23 0
-10 -2 -22 0
-10 -2 -21 0
-10 -2 -20 6
-10 -2 -19 2
-10 -2 -18 7
-10 -2 -17 8
-10 -2 -16 8
-10 -2 -15 8
-10 -2 -14 8
-10 -2 -13 8
-10 -2 -12 4
-10 -2 -11 2
-10 -2 -10 4
-10 -2 -9 8
-10 -2 -8 8
-10 -2 -7 8
-10 -2 -6 3
-10 -2 -5 2
-10 -2 -4 2
-10 -2 -3 2
-10 -2 -2 2
-10 -2 -1 2
-10 -2 0 2
-10 -2 1 2
-10 -2 2 2
-10 -2 3 2
-10 -2 4 2
-10 -2 5 2
-10 -2 6 3
-10 -2 7 8
-10 -2 8 8
-10 -2 9 8
-10 -2 10 4
-10 -2 11 2
-10 -2 12 4
-10 -2 13 8
-10 -2 14 8
-10 -2 15 8
-10 -2 16 8
-10 -2 17 8
-10 -2 18 7
-10 -2 19 2
-10 -2 20 5
-10 -2 21 0
-10 -2 22 0
-10 -2 23 0
-10 -2 24 0
-9 -2 -24 0
-9 -2 -23 0
-9 -2 -22 0
-9 -2 -21 6
-9 -2 -20 2
-9 -2 -19 7
-9 -2 -18 8
-9 -2 -17 8
-9 -2 -16 8
-9 -2 -15 8
-9 -2 -14 8
-9 -2 -13 8
-9 -2 -12 8
-9 -2 -11 8
-9 -2 -10 8
-9 -2 -9 8
-9 -2 -8 9
-9 -2 -7 3
-9 -2 -6 2
-9 -2 -5 2
-9 -2 -4 2
-9 -2 -3 2
-9 -2 -2 2
-9 -2 -1 2
-9 -2 0 2
-9 -2 1 2
-9 -2 2 2
-9 -2 3 2
-9 -2 4 2
-9 -2 5 2
-9 -2 6 2
-9 -2 7 3
-9 -2 8 10
-9 -2 9 8
-9 -2 10 8
-9 -2 11 8
-9 -2 12 8
-9 -2 13 8
-9 -2 14 8
-9 -2 15 8
-9 -2 16 8
-9 -2 17 8
-9 -2 18 8
-9 -2 19 7
-9 -2 20 2
-9 -2 21 5
-9 -2 22 0
-9 -2 23 0
-9 -2 24 0
-8 -2 -24 0
-8 -2 -23 0
-8 -2 -22 0
-8 -2 -21 6
-8 -2 -20 2
-8 -2 -19 7
-8 -2 -18 8
-8 -2 -17 8
-8 -2 -16 8
-8 -2 -15 8
-8 -2 -14 8
-8 -2 -13 8
-8 -2 -12 8
-8 -2 -11 8
-8 -2 -10 8
-8 -2 -9 5
-8 -2 -8 5
-8 -2 -7 2
-8 -2 -6 2
-8 -2 -5 2
-8 -2 -4 2
-8 -2 -3 2
-8 -2 -2 2
-8 -2 -1 2
-8 -2 0 2
-8 -2 1 2
-8 -2 2 2
-8 -2 3 2
-8 -2 4 2
-8 -2 5 2
-8 -2 6 2
-8 -2 7 2
-8 -2 8 6
-8 -2 9 6
-8 -2 10 8
-8 -2 11 8
-8 -2 12 8
-8 -2 13 8
-8 -2 14 8
-8 -2 15 8
-8 -2 16 8
-8 -2 17 8
-8 -2 18 8
-8 -2 19 7
-8 -2 20 2
-8 -2 21 5
-8 -2 22 0
-8 -2 23 0
-8 -2 24 0
-7 -2 -25 0
-7 -2 -24 0
-7 -2 -23 0
-7 -2 -22 6
-7 -2 -21 2
-7 -2 -20 7
-7 -2 -19 7
-7 -2 -18 8
-7 -2 -17 8
-7 -2 -16 8
-7 -2 -15 8
-7 -2 -14 8
-7 -2 -13 8
-7 -2 -12 8
-7 -2 -11 8
-7 -2 -10 8
-7 -2 -9 5
-7 -2 -8 2
-7 -2 -7 2
-7 -2 -6 2
-7 -2 -5 2
-7 -2 -4 2
-7 -2 -3 2
-7 -2 -2 2
-7 -2 -1 2
-7 -2 0 2
-7 -2 1 2
-7 -2 2 2
-7 -2 3 2
-7 -2 4 2
-7 -2 5 2
-7 -2 6 2
-7 -2 7 2
-7 -2 8 2
-7 -2 9 6
-7 -2 10 8
-7 -2 11 8
-7 -2 12 8
-7 -2 13 8
-7 -2 14 8
-7 -2 15 8
-7 -2 16 8
-7 -2 17 8
-7 -2 18 8
-7 -2 19 7
-7 -2 20 7
-7 -2 21 0
-7 -2 22 5
-7 -2 23 0
-7 -2 24 0
-7 -2 25 0
-6 -2 -25 0
-6 -2 -24 0
-6 -2 -23 0
-6 -2 -22 6
-6 -2 -21 0
-6 -2 -20 7
-6 -2 -19 8
-6 -2 -18 8
-6 -2 -17 8
-6 -2 -16 8
-6 -2 -15 8
-6 -2 -14 8
-6 -2 -13 8
-6 -2 -12 8
-6 -2 -11 8
-6 -2 -10 5
-6 -2 -9 2
-6 -2 -8 2
-6 -2 -7 2
-6 -2 -6 2
-6 -2 -5 2
-6 -2 -4 2
-6 -2 -3 2
-6 -2 -2 2
-6 -2 -1 2
-6 -2 0 2
-6 -2 1 2
-6 -2 2 2
-6 -2 3 2
-6 -2 4 2
-6 -2 5 2
-6 -2 6 2
-6 -2 7 2
-6 -2 8 2
-6 -2 9 2
-6 -2 10 6
-6 -2 11 8
-6 -2 12 8
-6 -2 13 8
-6 -2 14 8
-6 -2 15 8
-6 -2 16 8
-6 -2 17 8
-6 -2 18 8
-6 -2 19 8
-6 -2 20 7
-6 -2 21 0
-6 -2 22 5
-6 -2 23 0
-6 -2 24 0
-6 -2 25 0
-5 -2 -25 0
-5 -2 -24 0
-5 -2 -23 0
-5 -2 -22 6
-5 -2 -21 0
-5 -2 -20 7
-5 -2 -19 8
-5 -2 -18 8
-5 -2 -17 8
-5 -2 -16 8
-5 -2 -15 8
-5 -2 -14 8
-5 -2 -13 8
-5 -2 -12 8
-5 -2 -11 5
-5 -2 -10 2
-5 -2 -9 2
-5 -2 -8 2
-5 -2 -7 2
-5 -2 -6 2
-5 -2 -5 2
-5 -2 -4 2
-5 -2 -3 2
-5 -2 -2 2
-5 -2 -1 2
-5 -2 0 2
-5 -2 1 2
-5 -2 2 2
-5 -2 3 2
-5 -2 4 2
-5 -2 5 2
-5 -2 6 2
-5 -2 7 2
-5 -2 8 2
-5 -2 9 2
-5 -2 10 2
-5 -2 11 6
-5 -2 12 8
-5 -2 13 8
-5 -2 14 8
-5 -2 15 8
-5 -2 16 8
-5 -2 17 8
-5 -2 18 8
-5 -2 19 8
-5 -2 20 7
-5 -2 21 2
-5 -2 22 5
-5 -2 23 0
-5 -2 24 0
-5 -2 25 0
-4 -2 -25 0
-4 -2 -24 0
-4 -2 -23 0
-4 -2 -22 6
-4 -2 -21 0
-4 -2 -20 7
-4 -2 -19 8
-4 -2 -18 8
-4 -2 -17 8
-4 -2 -16 8
-4 -2 -15 8
-4 -2 -14 8
-4 -2 -13 8
-4 -2 -12 8
-4 -2 -11 5
-4 -2 -10 2
-4 -2 -9 2
-4 -2 -8 2
-4 -2 -7 2
-4 -2 -6 2
-4 -2 -5 2
-4 -2 -4 2
-4 -2 -3 2
-4 -2 -2 2
-4 -2 -1 2
-4 -2 0 2
-4 -2 1 2
-4 -2 2 2
-4 -2 3 2
-4 -2 4 2
-4 -2 5 2
-4 -2 6 2
-4 -2 7 2
-4 -2 8 2
-4 -2 9 2
-4 -2 10 2
-4 -2 11 6
-4 -2 12 8
-4 -2 13 8
-4 -2 14 8
-4 -2 15 8
-4 -2 16 8
-4 -2 17 8
-4 -2 18 8
-4 -2 19 8
-4 -2 20 7
-4 -2 21 0
-4 -2 22 5
-4 -2 23 0
-4 -2 24 0
-4 -2 25 0
-3 -2 -26 0
-3 -2 -25 0
-3 -2 -24 0
-3 -2 -23 6
-3 -2 -22 6
-3 -2 -21 0
-3 -2 -20 7
-3 -2 -19 8
-3 -2 -18 8
-3 -2 -17 8
-3 -2 -16 8
-3 -2 -15 8
-3 -2 -14 8
-3 -2 -13 8
-3 -2 -12 8
-3 -2 -11 5
-3 -2 -10 2
-3 -2 -9 2
-3 -2 -8 2
-3 -2 -7 2
-3 -2 -6 2
-3 -2 -5 2
-3 -2 -4 2
-3 -2 -3 2
-3 -2 -2 2
-3 -2 -1 2
-3 -2 0 2
-3 -2 1 2
-3 -2 2 2
-3 -2 3 2
-3 -2 4 2
-3 -2 5 2
-3 -2 6 2
-3 -2 7 2
-3 -2 8 2
-3 -2 9 2
-3 -2 10 2
-3 -2 11 6
-3 -2 12 8
-3 -2 13 8
-3 -2 14 8
-3 -2 15 8
-3 -2 16 8
-3 -2 17 8
-3 -2 18 8
-3 -2 19 8
-3 -2 20 7
-3 -2 21 0
-3 -2 22 5
-3 -2 23 5
-3 -2 24 0
-3 -2 25 0
-3 -2 26 0
-2 -2 -26 0
-2 -2 -25 0
-2 -2 -24 0
-2 -2 -23 6
-2 -2 -22 0
-2 -2 -21 7
-2 -2 -20 8
-2 -2 -19 8
-2 -2 -18 8
-2 -2 -17 8
-2 -2 -16 8
-2 -2 -15 8
-2 -2 -14 8
-2 -2 -13 8
-2 -2 -12 5
-2 -2 -11 2
-2 -2 -10 2
-2 -2 -9 2
-2 -2 -8 2
-2 -2 -7 2
-2 -2 -6 2
-2 -2 -5 2
-2 -2 -4 2
-2 -2 -3 2
-2 -2 -2 2
-2 -2 -1 2
-2 -2 0 2
-2 -2 1 2
-2 -2 2 2
-2 -2 3 2
-2 -2 4 2
-2 -2 5 2
-2 -2 6 2
-2 -2 7 2
-2 -2 8 2
-2 -2 9 2
-2 -2 10 2
-2 -2 11 2
-2 -2 12 6
-2 -2 13 8
-2 -2 14 8
-2 -2 15 8
-2 -2 16 8
-2 -2 17 8
-2 -2 18 8
-2 -2 19 8
-2 -2 20 8
-2 -2 21 7
-2 -2 22 2
-2 -2 23 5
-2 -2 24 0
-2 -2 25 0
-2 -2 26 0
-1 -2 -26 0
-1 -2 -25 0
-1 -2 -24 0
-1 -2 -23 6
-1 -2 -22 2
-1 -2 -21 7
-1 -2 -20 8
-1 -2 -19 8
-1 -2 -18 8
-1 -2 -17 8
-1 -2 -16 4
-1 -2 -15 2
-1 -2 -14 4
-1 -2 -13 8
-1 -2 -12 5
-1 -2 -11 2
-1 -2 -10 2
-1 -2 -9 2
-1 -2 -8 2
-1 -2 -7 2
-1 -2 -6 2
-1 -2 -5 2
-1 -2 -4 2
-1 -2 -3 2
-1 -2 -2 2
-1 -2 -1 2
-1 -2 0 2
-1 -2 1 2
-1 -2 2 2
-1 -2 3 2
-1 -2 4 2
-1 -2 5 2
-1 -2 6 2
-1 -2 7 2
-1 -2 8 2
-1 -2 9 2
-1 -2 10 2
-1 -2 11 2
-1 -2 12 6
-1 -2 13 8
-1 -2 14 4
-1 -2 15 2
-1 -2 16 4
-1 -2 17 8
-1 -2 18 8
-1 -2 19 8
-1 -2 20 8
-1 -2 21 7
-1 -2 22 2
-1 -2 23 5
-1 -2 24 0
-1 -2 25 0
-1 -2 26 0
0 -2 -26 0
0 -2 -25 0
0 -2 -24 0
0 -2 -23 6
0 -2 -22 2
0 -2 -21 7
0 -2 -20 8
0 -2 -19 8
0 -2 -18 8
0 -2 -17 8
0 -2 -16 2
0 -2 -15 2
0 -2 -14 2
0 -2 -13 8
0 -2 -12 5
0 -2 -11 2
0 -2 -10 2
0 -2 -9 2
0 -2 -8 2
0 -2 -7 2
0 -2 -6 2
0 -2 -5 2
0 -2 -4 2
0 -2 -3 2
0 -2 -2 2
0 -2 -1 2
0 -2 0 2
0 -2 1 2
0 -2 2 2
0 -2 3 2
0 -2 4 2
0 -2 5 2
0 -2 6 2
0 -2 7 2
0 -2 8 2
0 -2 9 2
0 -2 10 2
0 -2 11 2
0 -2 12 6
0 -2 13 8
0 -2 14 2
0 -2 15 2
0 -2 16 2
0 -2 17 8
0 -2 18 8
0 -2 19 8
0 -2 20 8
0 -2 21 7
0 -2 22 2
0 -2 23 5
0 -2 24 0
0 -2 25 0
0 -2 26 0
1 -2 -26 0
1 -2 -25 0
1 -2 -24 0
1 -2 -23 6
1 -2 -22 2
1 -2 -21 7
1 -2 -20 8
1 -2 -19 8
1 -2 -18 8
1 -2 -17 8
1 -2 -16 4
1 -2 -15 2
1 -2 -14 4
1 -2 -13 8
1 -2 -12 5
1 -2 -11 2
1 -2 -10 2
1 -2 -9 2
1 -2 -8 2
1 -2 -7 2
1 -2 -6 2
1 -2 -5 2
1 -2 -4 2
1 -2 -3 2
1 -2 -2 2
1 -2 -1 2
1 -2 0 2
1 -2 1 2
1 -2 2 2
1 -2 3 2
1 -2 4 2
1 -2 5 2
1 -2 6 2
1 -2 7 2
1 -2 8 2
1 -2 9 2
1 -2 10 2
1 -2 11 2
1 -2 12 6
1 -2 13 8
1 -2 14 4
1 -2 15 2
1 -2 16 4
1 -2 17 8
1 -2 18 8
1 -2 19 8
1 -2 20 8
1 -2 21 7
1 -2 22 2
1 -2 23 5
1 -2 24 0
1 -2 25 0
1 -2 26 0
2 -2 -26 0
2 -2 -25 0
2 -2 -24 0
2 -2 -23 6
2 -2 -22 2
2 -2 -21 7
2 -2 -20 8
2 -2 -19 8
2 -2 -18 8
2 -2 -17 8
2 -2 -16 8
2 -2 -15 8
2 -2 -14 8
2 -2 -13 8
2 -2 -12 5
2 -2 -11 2
2 -2 -10 2
2 -2 -9 2
2 -2 -8 2
2 -2 -7 2
2 -2 -6 2
2 -2 -5 2
2 -2 -4 2
2 -2 -3 2
2 -2 -2 2
2 -2 -1 2
2 -2 0 2
2 -2 1 2
2 -2 2 2
2 -2 3 2
2 -2 4 2
2 -2 5 2
2 -2 6 2
2 -2 7 2
2 -2 8 2
2 -2 9 2
2 -2 10 2
2 -2 11 2
2 -2 12 6
2 -2 13 8
2 -2 14 8
2 -2 15 8
2 -2 16 8
2 -2 17 8
2 -2 18 8
2 -2 19 8
2 -2 20 8
2 -2 21 7
2 -2 22 0
2 -2 23 5
2 -2 24 0
2 -2 25 0
2 -2 26 0
3 -2 -26 0
3 -2 -25 0
3 -2 -24 0
3 -2 -23 6
3 -2 -22 6
3 -2 -21 0
3 -2 -20 7
3 -2 -19 8
3 -2 -18 8
3 -2 -17 8
3 -2 -16 8
3 -2 -15 8
3 -2 -14 8
3 -2 -13 8
3 -2 -12 8
3 -2 -11 5
3 -2 -10 2
3 -2 -9 2
3 -2 -8 2
3 -2 -7 2
3 -2 -6 2
3 -2 -5 2
3 -2 -4 2
3 -2 -3 2
3 -2 -2 2
3 -2 -1 2
3 -2 0 2
3 -2 1 2
3 -2 2 2
3 -2 3 2
3 -2 4 2
3 -2 5 2
3 -2 6 2
3 -2 7 2
3 -2 8 2
3 -2 9 2
3 -2 10 2
3 -2 11 6
3 -2 12 8
3 -2 13 8
3 -2 14 8
3 -2 15 8
3 -2 16 8
3 -2 17 8
3 -2 18 8
3 -2 19 8
3 -2 20 7
3 -2 21 0
3 -2 22 5
3 -2 23 5
3 -2 24 0
3 -2 25 0
3 -2 26 0
4 -2 -25 0
4 -2 -24 0
4 -2 -23 0
4 -2 -22 6
4 -2 -21 0
4 -2 -20 7
4 -2 -19 8
4 -2 -18 8
4 -2 -17 8
4 -2 -16 8
4 -2 -15 8
4 -2 -14 8
4 -2 -13 8
4 -2 -12 8
4 -2 -11 5
4 -2 -10 2
4 -2 -9 2
4 -2 -8 2
4 -2 -7 2
4 -2 -6 2
4 -2 -5 2
4 -2 -4 2
4 -2 -3 2
4 -2 -2 2
4 -2 -1 2
4 -2 0 2
4 -2 1 2
4 -2 2 2
4 -2 3 2
4 -2 4 2
4 -2 5 2
4 -2 6 2
4 -2 7 2
4 -2 8 2
4 -2 9 2
4 -2 10 2
4 -2 11 6
4 -2 12 8
4 -2 13 8
4 -2 14 8
4 -2 15 8
4 -2 16 8
4 -2 17 8
4 -2 18 8
4 -2 19 8
4 -2 20 7
4 -2 21 2
4 -2 22 5
4 -2 23 0
4 -2 24 0
4 -2 25 0
5 -2 -25 0
5 -2 -24 0
5 -2 -23 0
5 -2 -22 6
5 -2 -21 2
5 -2 -20 7
5 -2 -19 8
5 -2 -18 8
5 -2 -17 8
5 -2 -16 8
5 -2 -15 8
5 -2 -14 8
5 -2 -13 8
5 -2 -12 8
5 -2 -11 5
5 -2 -10 2
5 -2 -9 2
5 -2 -8 2
5 -2 -7 2
5 -2 -6 2
5 -2 -5 2
5 -2 -4 2
5 -2 -3 2
5 -2 -2 2
5 -2 -1 2
5 -2 0 2
5 -2 1 2
5 -2 2 2
5 -2 3 2
5 -2 4 2
5 -2 5 2
5 -2 6 2
5 -2 7 2
5 -2 8 2
5 -2 9 2
5 -2 10 2
5 -2 11 6
5 -2 12 8
5 -2 13 8
5 -2 14 8
5 -2 15 8
5 -2 16 8
5 -2 17 8
5 -2 18 8
5 -2 19 8
5 -2 20 7
5 -2 21 0
5 -2 22 5
5 -2 23 0
5 -2 24 0
5 -2 25 0
6 -2 -25 0
6 -2 -24 0
6 -2 -23 0
6 -2 -22 6
6 -2 -21 0
6 -2 -20 7
6 -2 -19 8
6 -2 -18 8
6 -2 -17 8
6 -2 -16 8
6 -2 -15 8
6 -2 -14 8
6 -2 -13 8
6 -2 -12 8
6 -2 -11 8
6 -2 -10 5
6 -2 -9 2
6 -2 -8 2
6 -2 -7 2
6 -2 -6 2
6 -2 -5 2
6 -2 -4 2
6 -2 -3 2
6 -2 -2 2
6 -2 -1 2
6 -2 0 2
6 -2 1 2
6 -2 2 2
6 -2 3 2
6 -2 4 2
6 -2 5 2
6 -2 6 2
6 -2 7 2
6 -2 8 2
6 -2 9 2
6 -2 10 6
6 -2 11 8
6 -2 12 8
6 -2 13 8
6 -2 14 8
6 -2 15 8
6 -2 16 8
6 -2 17 8
6 -2 18 8
6 -2 19 8
6 -2 20 7
6 -2 21 0
6 -2 22 5
6 -2 23 0
6 -2 24 0
6 -2 25 0
7 -2 -25 0
7 -2 -24 0
7 -2 -23 0
7 -2 -22 6
7 -2 -21 0
7 -2 -20 7
7 -2 -19 7
7 -2 -18 8
7 -2 -17 8
7 -2 -16 8
7 -2 -15 8
7 -2 -14 8
7 -2 -13 8
7 -2 -12 8
7 -2 -11 8
7 -2 -10 8
7 -2 -9 5
7 -2 -8 2
7 -2 -7 2
7 -2 -6 2
7 -2 -5 2
7 -2 -4 2
7 -2 -3 2
7 -2 -2 2
7 -2 -1 2
7 -2 0 2
7 -2 1 2
7 -2 2 2
7 -2 3 2
7 -2 4 2
7 -2 5 2
7 -2 6 2
7 -2 7 2
7 -2 8 2
7 -2 9 6
7 -2 10 8
7 -2 11 8
7 -2 12 8
7 -2 13 8
7 -2 14 8
7 -2 15 8
7 -2 16 8
7 -2 17 8
7 -2 18 8
7 -2 19 7
7 -2 20 7
7 -2 21 2
7 -2 22 5
7 -2 23 0
7 -2 24 0
7 -2 25 0
8 -2 -24 0
8 -2 -23 0
8 -2 -22 0
8 -2 -21 6
8 -2 -20 2
8 -2 -19 7
8 -2 -18 8
8 -2 -17 8
8 -2 -16 8
8 -2 -15 8
8 -2 -14 8
8 -2 -13 8
8 -2 -12 8
8 -2 -11 8
8 -2 -10 8
8 -2 -9 5
8 -2 -8 5
8 -2 -7 2
8 -2 -6 2
8 -2 -5 2
8 -2 -4 2
8 -2 -3 2
8 -2 -2 2
8 -2 -1 2
8 -2 0 2
8 -2 1 2
8 -2 2 2
8 -2 3 2
8 -2 4 2
8 -2 5 2
8 -2 6 2
8 -2 7 2
8 -2 8 6
8 -2 9 6
8 -2 10 8
8 -2 11 8
8 -2 12 8
8 -2 13 8
8 -2 14 8
8 -2 15 8
8 -2 16 8
8 -2 17 8
8 -2 18 8
8 -2 19 7
8 -2 20 0
8 -2 21 5
8 -2 22 0
8 -2 23 0
8 -2 24 0
9 -2 -24 0
9 -2 -23 0
9 -2 -22 0
9 -2 -21 6
9 -2 -20 2
9 -2 -19 7
9 -2 -18 8
9 -2 -17 8
9 -2 -16 8
9 -2 -15 8
9 -2 -14 8
9 -2 -13 8
9 -2 -12 8
9 -2 -11 8
9 -2 -10 8
9 -2 -9 8
9 -2 -8 11
9 -2 -7 1
9 -2 -6 2
9 -2 -5 2
9 -2 -4 2
9 -2 -3 2
9 -2 -2 2
9 -2 -1 2
9 -2 0 2
9 -2 1 2
9 -2 2 2
9 -2 3 2
9 -2 4 2
9 -2 5 2
9 -2 6 2
9 -2 7 1
9 -2 8 12
9 -2 9 8
9 -2 10 8
9 -2 11 8
9 -2 12 8
9 -2 13 8
9 -2 14 8
9 -2 15 8
9 -2 16 8
9 -2 17 8
9 -2 18 8
9 -2 19 7
9 -2 20 2
9 -2 21 5
9 -2 22 0
9 -2 23 0
9 -2 24 0
10 -2 -24 0
10 -2 -23 0
10 -2 -22 0
10 -2 -21 0
10 -2 -20 6
10 -2 -19 2
10 -2 -18 7
10 -2 -17 8
10 -2 -16 8
10 -2 -15 8
10 -2 -14 8
10 -2 -13 8
10 -2 -12 4
10 -2 -11 2
10 -2 -10 4
10 -2 -9 8
10 -2 -8 8
10 -2 -7 8
10 -2 -6 1
10 -2 -5 2
10 -2 -4 2
10 -2 -3 2
10 -2 -2 2
10 -2 -1 2
10 -2 0 2
10 -2 1 2
10 -2 2 2
10 -2 3 2
10 -2 4 2
10 -2 5 2
10 -2 6 1
10 -2 7 8
10 -2 8 8
10 -2 9 8
10 -2 10 4
10 -2 11 2
10 -2 12 4
10 -2 13 8
10 -2 14 8
10 -2 15 8
10 -2 16 8
10 -2 17 8
10 -2 18 7
10 -2 19 0
10 -2 20 5
10 -2 21 0
10 -2 22 0
10 -2 23 0
10 -2 24 0
11 -2 -23 0
11 -2 -22 0
11 -2 -21 0
11 -2 -20 6
11 -2 -19 2
11 -2 -18 7
11 -2 -17 7
11 -2 -16 8
11 -2 -15 8
11 -2 -14 8
11 -2 -13 8
11 -2 -12 2
11 -2 -11 2
11 -2 -10 2
11 -2 -9 8
11 -2 -8 8
11 -2 -7 8
11 -2 -6 8
11 -2 -5 1
11 -2 -4 1
11 -2 -3 1
11 -2 -2 2
11 -2 -1 2
11 -2 0 2
11 -2 1 2
11 -2 2 2
11 -2 3 1
11 -2 4 1
11 -2 5 1
11 -2 6 8
11 -2 7 8
11 -2 8 8
11 -2 9 8
11 -2 10 2
11 -2 11 2
11 -2 12 2
11 -2 13 8
11 -2 14 8
11 -2 15 8
11 -2 16 8
11 -2 17 7
11 -2 18 7
11 -2 19 0
11 -2 20 5
11 -2 21 0
11 -2 22 0
11 -2 23 0
12 -2 -23 0
12 -2 -22 0
12 -2 -21 0
12 -2 -20 0
12 -2 -19 6
12 -2 -18 2
12 -2 -17 7
12 -2 -16 8
12 -2 -15 8
12 -2 -14 8
12 -2 -13 8
12 -2 -12 4
12 -2 -11 2
12 -2 -10 4
12 -2 -9 8
12 -2 -8 8
12 -2 -7 8
12 -2 -6 8
12 -2 -5 8
12 -2 -4 8
12 -2 -3 8
12 -2 -2 1
12 -2 -1 1
12 -2 0 1
12 -2 1 1
12 -2 2 1
12 -2 3 8
12 -2 4 8
12 -2 5 8
12 -2 6 8
12 -2 7 8
12 -2 8 8
12 -2 9 8
12 -2 10 4
12 -2 11 2
12 -2 12 4
12 -2 13 8
12 -2 14 8
12 -2 15 8
12 -2 16 8
12 -2 17 7
12 -2 18 2
12 -2 19 5
12 -2 20 0
12 -2 21 0
12 -2 22 0
12 -2 23 0
13 -2 -22 0
13 -2 -21 0
13 -2 -20 0
13 -2 -19 6
13 -2 -18 6
13 -2 -17 2
13 -2 -16 7
13 -2 -15 8
13 -2 -14 8
13 -2 -13 8
13 -2 -12 8
13 -2 -11 8
13 -2 -10 8
13 -2 -9 8
13 -2 -8 8
13 -2 -7 8
13 -2 -6 8
13 -2 -5 8
13 -2 -4 8
13 -2 -3 8
13 -2 -2 8
13 -2 -1 8
13 -2 0 8
13 -2 1 8
13 -2 2 8
13 -2 3 8
13 -2 4 8
13 -2 5 8
13 -2 6 8
13 -2 7 8
13 -2 8 8
13 -2 9 8
13 -2 10 8
13 -2 11 8
13 -2 12 8
13 -2 13 8
13 -2 14 8
13 -2 15 8
13 -2 16 7
13 -2 17 2
13 -2 18 5
13 -2 19 5
13 -2 20 0
13 -2 21 0
13 -2 22 0
14 -2 -22 0
14 -2 -21 0
14 -2 -20 0
14 -2 -19 0
14 -2 -18 6
14 -2 -17 0
14 -2 -16 2
14 -2 -15 7
14 -2 -14 8
14 -2 -13 8
14 -2 -12 8
14 -2 -11 8
14 -2 -10 8
14 -2 -9 8
14 -2 -8 8
14 -2 -7 8
14 -2 -6 8
14 -2 -5 8
14 -2 -4 8
14 -2 -3 8
14 -2 -2 8
14 -2 -1 4
14 -2 0 2
14 -2 1 4
14 -2 2 8
14 -2 3 8
14 -2 4 8
14 -2 5 8
14 -2 6 8
14 -2 7 8
14 -2 8 8
14 -2 9 8
14 -2 10 8
14 -2 11 8
14 -2 12 8
14 -2 13 8
14 -2 14 8
14 -2 15 7
14 -2 16 0
14 -2 17 2
14 -2 18 5
14 -2 19 0
14 -2 20 0
14 -2 21 0
14 -2 22 0
15 -2 -21 0
15 -2 -20 0
15 -2 -19 0
15 -2 -18 0
15 -2 -17 6
15 -2 -16 2
15 -2 -15 0
15 -2 -14 7
15 -2 -13 8
15 -2 -12 8
15 -2 -11 8
15 -2 -10 8
15 -2 -9 8
15 -2 -8 8
15 -2 -7 8
15 -2 -6 8
15 -2 -5 8
15 -2 -4 8
15 -2 -3 8
15 -2 -2 8
15 -2 -1 2
15 -2 0 2
15 -2 1 2
15 -2 2 8
15 -2 3 8
15 -2 4 8
15 -2 5 8
15 -2 6 8
15 -2 7 8
15 -2 8 8
15 -2 9 8
15 -2 10 8
15 -2 11 8
15 -2 12 8
15 -2 13 8
15 -2 14 7
15 -2 15 2
15 -2 16 0
15 -2 17 5
15 -2 18 0
15 -2 19 0
15 -2 20 0
15 -2 21 0
16 -2 -20 0
16 -2 -19 0
16 -2 -18 0
16 -2 -17 0
16 -2 -16 6
16 -2 -15 2
16 -2 -14 0
16 -2 -13 7
16 -2 -12 8
16 -2 -11 8
16 -2 -10 8
16 -2 -9 8
16 -2 -8 8
16 -2 -7 8
16 -2 -6 8
16 -2 -5 8
16 -2 -4 8
16 -2 -3 8
16 -2 -2 8
16 -2 -1 4
16 -2 0 2
16 -2 1 4
16 -2 2 8
16 -2 3 8
16 -2 4 8
16 -2 5 8
16 -2 6 8
16 -2 7 8
16 -2 8 8
16 -2 9 8
16 -2 10 8
16 -2 11 8
16 -2 12 8
16 -2 13 7
16 -2 14 2
16 -2 15 0
16 -2 16 5
16 -2 17 0
16 -2 18 0
16 -2 19 0
16 -2 20 0
17 -2 -19 0
17 -2 -18 0
17 -2 -17 0
17 -2 -16 0
17 -2 -15 3
17 -2 -14 0
17 -2 -13 0
17 -2 -12 7
17 -2 -11 7
17 -2 -10 8
17 -2 -9 8
17 -2 -8 8
17 -2 -7 8
17 -2 -6 8
17 -2 -5 8
17 -2 -4 8
17 -2 -3 8
17 -2 -2 8
17 -2 -1 8
17 -2 0 8
17 -2 1 8
17 -2 2 8
17 -2 3 8
17 -2 4 8
17 -2 5 8
17 -2 6 8
17 -2 7 8
17 -2 8 8
17 -2 9 8
17 -2 10 8
17 -2 11 7
17 -2 12 7
17 -2 13 2
17 -2 14 0
17 -2 15 3
17 -2 16 0
17 -2 17 0
17 -2 18 0
17 -2 19 0
18 -2 -19 0
18 -2 -18 0
18 -2 -17 0
18 -2 -16 0
18 -2 -15 0
18 -2 -14 3
18 -2 -13 3
18 -2 -12 2
18 -2 -11 7
18 -2 -10 7
18 -2 -9 8
18 -2 -8 8
18 -2 -7 8
18 -2 -6 8
18 -2 -5 8
18 -2 -4 8
18 -2 -3 8
18 -2 -2 8
18 -2 -1 8
18 -2 0 8
18 -2 1 8
18 -2 2 8
18 -2 3 8
18 -2 4 8
18 -2 5 8
18 -2 6 8
18 -2 7 8
18 -2 8 8
18 -2 9 8
18 -2 10 7
18 -2 11 7
18 -2 12 2
18 -2 13 3
18 -2 14 3
18 -2 15 0
18 -2 16 0
18 -2 17 0
18 -2 18 0
18 -2 19 0
19 -2 -18 0
19 -2 -17 0
19 -2 -16 0
19 -2 -15 0
19 -2 -14 0
19 -2 -13 3
19 -2 -12 3
19 -2 -11 2
19 -2 -10 0
19 -2 -9 7
19 -2 -8 7
19 -2 -7 7
19 -2 -6 8
19 -2 -5 8
19 -2 -4 8
19 -2 -3 8
19 -2 -2 8
19 -2 -1 8
19 -2 0 8
19 -2 1 8
19 -2 2 8
19 -2 3 8
19 -2 4 8
19 -2 5 8
19 -2 6 8
19 -2 7 7
19 -2 8 7
19 -2 9 7
19 -2 10 2
19 -2 11 2
19 -2 12 3
19 -2 13 3
19 -2 14 0
19 -2 15 0
19 -2 16 0
19 -2 17 0
19 -2 18 0
20 -2 -16 0
20 -2 -15 0
20 -2 -14 0
20 -2 -13 0
20 -2 -12 0
20 -2 -11 3
20 -2 -10 3
20 -2 -9 0
20 -2 -8 0
20 -2 -7 7
20 -2 -6 7
20 -2 -5 7
20 -2 -4 7
20 -2 -3 7
20 -2 -2 8
20 -2 -1 8
20 -2 0 8
20 -2 1 8
20 -2 2 8
20 -2 3 7
20 -2 4 7
20 -2 5 7
20 -2 6 7
20 -2 7 7
20 -2 8 2
20 -2 9 0
20 -2 10 3
20 -2 11 3
20 -2 12 0
20 -2 13 0
20 -2 14 0
20 -2 15 0
20 -2 16 0
21 -2 -15 0
21 -2 -14 0
21 -2 -13 0
21 -2 -12 0
21 -2 -11 0
21 -2 -10 0
21 -2 -9 3
21 -2 -8 3
21 -2 -7 0
21 -2 -6 0
21 -2 -5 0
21 -2 -4 2
21 -2 -3 2
21 -2 -2 7
21 -2 -1 7
21 -2 0 7
21 -2 1 7
21 -2 2 7
21 -2 3 0
21 -2 4 0
21 -2 5 2
21 -2 6 2
21 -2 7 0
21 -2 8 3
21 -2 9 3
21 -2 10 0
21 -2 11 0
21 -2 12 0
21 -2 13 0
21 -2 14 0
21 -2 15 0
22 -2 -14 0
22 -2 -13 0
22 -2 -12 0
22 -2 -11 0
22 -2 -10 0
22 -2 -9 0
22 -2 -8 0
22 -2 -7 3
22 -2 -6 3
22 -2 -5 3
22 -2 -4 3
22 -2 -3 3
22 -2 -2 2
22 -2 -1 0
22 -2 0 0
22 -2 1 2
22 -2 2 2
22 -2 3 3
22 -2 4 3
22 -2 5 3
22 -2 6 3
22 -2 7 3
22 -2 8 0
22 -2 9 0
22 -2 10 0
22 -2 11 0
22 -2 12 0
22 -2 13 0
22 -2 14 0
23 -2 -12 0
23 -2 -11 0
23 -2 -10 0
23 -2 -9 0
23 -2 -8 0
23 -2 -7 0
23 -2 -6 0
23 -2 -5 0
23 -2 -4 0
23 -2 -3 3
23 -2 -2 3
23 -2 -1 3
23 -2 0 3
23 -2 1 3
23 -2 2 3
23 -2 3 3
23 -2 4 0
23 -2 5 0
23 -2 6 0
23 -2 7 0
23 -2 8 0
23 -2 9 0
23 -2 10 0
23 -2 11 0
23 -2 12 0
24 -2 -10 0
24 -2 -9 0
24 -2 -8 0
24 -2 -7 0
24 -2 -6 0
24 -2 -5 0
24 -2 -4 0
24 -2 -3 0
24 -2 -2 0
24 -2 -1 0
24 -2 0 0
24 -2 1 0
24 -2 2 0
24 -2 3 0
24 -2 4 0
24 -2 5 0
24 -2 6 0
24 -2 7 0
24 -2 8 0
24 -2 9 0
24 -2 10 0
25 -2 -7 0
25 -2 -6 0
25 -2 -5 0
25 -2 -4 0
25 -2 -3 0
25 -2 -2 0
25 -2 -1 0
25 -2 0 0
25 -2 1 0
25 -2 2 0
25 -2 3 0
25 -2 4 0
25 -2 5 0
25 -2 6 0
25 -2 7 0
26 -2 -3 0
26 -2 -2 0
26 -2 -1 0
26 -2 0 0
26 -2 1 0
26 -2 2 0
26 -2 3 0
-26 -1 -3 1
-26 -1 -2 1
-26 -1 -1 1
-26 -1 0 1
-26 -1 1 1
-26 -1 2 1
-26 -1 3 1
-25 -1 -7 1
-25 -1 -6 1
-25 -1 -5 1
-25 -1 -4 1
-25 -1 -3 2
-25 -1 -2 0
-25 -1 -1 2
-25 -1 0 0
-25 -1 1 0
-25 -1 2 0
-25 -1 3 0
-25 -1 4 1
-25 -1 5 1
-25 -1 6 1
-25 -1 7 1
-24 -1 -10 1
-24 -1 -9 1
-24 -1 -8 1
-24 -1 -7 2
-24 -1 -6 2
-24 -1 -5 2
-24 -1 -4 0
-24 -1 -3 7
-24 -1 -2 7
-24 -1 -1 7
-24 -1 0 7
-24 -1 1 7
-24 -1 2 7
-24 -1 3 7
-24 -1 4 0
-24 -1 5 0
-24 -1 6 2
-24 -1 7 0
-24 -1 8 1
-24 -1 9 1
-24 -1 10 1
-23 -1 -12 1
-23 -1 -11 1
-23 -1 -10 0
-23 -1 -9 2
-23 -1 -8 2
-23 -1 -7 7
-23 -1 -6 7
-23 -1 -5 7
-23 -1 -4 7
-23 -1 -3 8
-23 -1 -2 8
-23 -1 -1 8
-23 -1 0 8
-23 -1 1 8
-23 -1 2 8
-23 -1 3 8
-23 -1 4 7
-23 -1 5 7
-23 -1 6 7
-23 -1 7 7
-23 -1 8 0
-23 -1 9 2
-23 -1 10 2
-23 -1 11 1
-23 -1 12 1
-22 -1 -14 1
-22 -1 -13 1
-22 -1 -12 0
-22 -1 -11 0
-22 -1 -10 7
-22 -1 -9 7
-22 -1 -8 7
-22 -1 -7 8
-22 -1 -6 8
-22 -1 -5 8
-22 -1 -4 8
-22 -1 -3 8
-22 -1 -2 8
-22 -1 -1 8
-22 -1 0 8
-22 -1 1 8
-22 -1 2 8
-22 -1 3 8
-22 -1 4 8
-22 -1 5 8
-22 -1 6 8
-22 -1 7 8
-22 -1 8 7
-22 -1 9 7
-22 -1 10 7
-22 -1 11 0
-22 -1 12 0
-22 -1 13 1
-22 -1 14 1
-21 -1 -15 1
-21 -1 -14 1
-21 -1 -13 0
-21 -1 -12 7
-21 -1 -11 7
-21 -1 -10 7
-21 -1 -9 8
-21 -1 -8 8
-21 -1 -7 8
-21 -1 -6 8
-21 -1 -5 8
-21 -1 -4 8
-21 -1 -3 8
-21 -1 -2 8
-21 -1 -1 8
-21 -1 0 8
-21 -1 1 8
-21 -1 2 8
-21 -1 3 8
-21 -1 4 8
-21 -1 5 8
-21 -1 6 8
-21 -1 7 8
-21 -1 8 8
-21 -1 9 8
-21 -1 10 7
-21 -1 11 7
-21 -1 12 7
-21 -1 13 0
-21 -1 14 1
-21 -1 15 1
-20 -1 -16 1
-20 -1 -15 0
-20 -1 -14 0
-20 -1 -13 7
-20 -1 -12 7
-20 -1 -11 8
-20 -1 -10 8
-20 -1 -9 8
-20 -1 -8 8
-20 -1 -7 8
-20 -1 -6 8
-20 -1 -5 8
-20 -1 -4 8
-20 -1 -3 8
-20 -1 -2 8
-20 -1 -1 8
-20 -1 0 8
-20 -1 1 8
-20 -1 2 8
-20 -1 3 8
-20 -1 4 8
-20 -1 5 8
-20 -1 6 8
-20 -1 7 8
-20 -1 8 8
-20 -1 9 8
-20 -1 10 8
-20 -1 11 8
-20 -1 12 7
-20 -1 13 7
-20 -1 14 2
-20 -1 15 2
-20 -1 16 1
-19 -1 -18 13
-19 -1 -17 1
-19 -1 -16 2
-19 -1 -15 2
-19 -1 -14 7
-19 -1 -13 8
-19 -1 -12 8
-19 -1 -11 8
-19 -1 -10 8
-19 -1 -9 8
-19 -1 -8 8
-19 -1 -7 8
-19 -1 -6 8
-19 -1 -5 8
-19 -1 -4 8
-19 -1 -3 8
-19 -1 -2 8
-19 -1 -1 8
-19 -1 0 8
-19 -1 1 8
-19 -1 2 8
-19 -1 3 8
-19 -1 4 8
-19 -1 5 8
-19 -1 6 8
-19 -1 7 8
-19 -1 8 8
-19 -1 9 8
-19 -1 10 8
-19 -1 11 8
-19 -1 12 8
-19 -1 13 8
-19 -1 14 7
-19 -1 15 0
-19 -1 16 2
-19 -1 17 1
-19 -1 18 14
-18 -1 -19 6
-18 -1 -18 6
-18 -1 -17 2
-18 -1 -16 7
-18 -1 -15 7
-18 -1 -14 8
-18 -1 -13 8
-18 -1 -12 8
-18 -1 -11 8
-18 -1 -10 8
-18 -1 -9 8
-18 -1 -8 8
-18 -1 -7 8
-18 -1 -6 8
-18 -1 -5 8
-18 -1 -4 8
-18 -1 -3 8
-18 -1 -2 8
-18 -1 -1 8
-18 -1 0 8
-18 -1 1 8
-18 -1 2 8
-18 -1 3 8
-18 -1 4 8
-18 -1 5 8
-18 -1 6 8
-18 -1 7 8
-18 -1 8 8
-18 -1 9 8
-18 -1 10 8
-18 -1 11 8
-18 -1 12 8
-18 -1 13 8
-18 -1 14 8
-18 -1 15 7
-18 -1 16 7
-18 -1 17 0
-18 -1 18 5
-18 -1 19 5
-17 -1 -19 6
-17 -1 -18 0
-17 -1 -17 7
-17 -1 -16 7
-17 -1 -15 8
-17 -1 -14 8
-17 -1 -13 8
-17 -1 -12 8
-17 -1 -11 8
-17 -1 -10 8
-17 -1 -9 8
-17 -1 -8 8
-17 -1 -7 8
-17 -1 -6 8
-17 -1 -5 8
-17 -1 -4 8
-17 -1 -3 8
-17 -1 -2 8
-17 -1 -1 8
-17 -1 0 8
-17 -1 1 8
-17 -1 2 8
-17 -1 3 8
-17 -1 4 8
-17 -1 5 8
-17 -1 6 8
-17 -1 7 8
-17 -1 8 8
-17 -1 9 8
-17 -1 10 8
-17 -1 11 8
-17 -1 12 8
-17 -1 13 8
-17 -1 14 8
-17 -1 15 8
-17 -1 16 7
-17 -1 17 7
-17 -1 18 2
-17 -1 19 5
-16 -1 -20 6
-16 -1 -19 2
-16 -1 -18 7
-16 -1 -17 7
-16 -1 -16 8
-16 -1 -15 8
-16 -1 -14 8
-16 -1 -13 8
-16 -1 -12 8
-16 -1 -11 8
-16 -1 -10 8
-16 -1 -9 8
-16 -1 -8 8
-16 -1 -7 8
-16 -1 -6 8
-16 -1 -5 8
-16 -1 -4 8
-16 -1 -3 8
-16 -1 -2 8
-16 -1 -1 4
-16 -1 0 2
-16 -1 1 4
-16 -1 2 8
-16 -1 3 8
-16 -1 4 8
-16 -1 5 8
-16 -1 6 8
-16 -1 7 8
-16 -1 8 8
-16 -1 9 8
-16 -1 10 8
-16 -1 11 8
-16 -1 12 8
-16 -1 13 8
-16 -1 14 8
-16 -1 15 8
-16 -1 16 8
-16 -1 17 7
-16 -1 18 7
-16 -1 19 0
-16 -1 20 5
-15 -1 -21 6
-15 -1 -20 2
-15 -1 -19 2
-15 -1 -18 7
-15 -1 -17 8
-15 -1 -16 8
-15 -1 -15 8
-15 -1 -14 8
-15 -1 -13 8
-15 -1 -12 8
-15 -1 -11 8
-15 -1 -10 8
-15 -1 -9 8
-15 -1 -8 8
-15 -1 -7 8
-15 -1 -6 8
-15 -1 -5 8
-15 -1 -4 8
-15 -1 -3 8
-15 -1 -2 8
-15 -1 -1 2
-15 -1 0 2
-15 -1 1 2
-15 -1 2 8
-15 -1 3 8
-15 -1 4 8
-15 -1 5 8
-15 -1 6 8
-15 -1 7 8
-15 -1 8 8
-15 -1 9 8
-15 -1 10 8
-15 -1 11 8
-15 -1 12 8
-15 -1 13 8
-15 -1 14 8
-15 -1 15 8
-15 -1 16 8
-15 -1 17 8
-15 -1 18 7
-15 -1 19 2
-15 -1 20 2
-15 -1 21 5
-14 -1 -22 6
-14 -1 -21 6
-14 -1 -20 0
-14 -1 -19 7
-14 -1 -18 8
-14 -1 -17 8
-14 -1 -16 8
-14 -1 -15 8
-14 -1 -14 8
-14 -1 -13 8
-14 -1 -12 8
-14 -1 -11 8
-14 -1 -10 8
-14 -1 -9 8
-14 -1 -8 8
-14 -1 -7 8
-14 -1 -6 8
-14 -1 -5 8
-14 -1 -4 8
-14 -1 -3 8
-14 -1 -2 8
-14 -1 -1 4
-14 -1 0 2
-14 -1 1 4
-14 -1 2 8
-14 -1 3 8
-14 -1 4 8
-14 -1 5 8
-14 -1 6 8
-14 -1 7 8
-14 -1 8 8
-14 -1 9 8
-14 -1 10 8
-14 -1 11 8
-14 -1 12 8
-14 -1 13 8
-14 -1 14 8
-14 -1 15 8
-14 -1 16 8
-14 -1 17 8
-14 -1 18 8
-14 -1 19 7
-14 -1 20 2
-14 -1 21 5
-14 -1 22 5
-13 -1 -22 6
-13 -1 -21 2
-13 -1 -20 7
-13 -1 -19 8
-13 -1 -18 8
-13 -1 -17 8
-13 -1 -16 8
-13 -1 -15 8
-13 -1 -14 8
-13 -1 -13 8
-13 -1 -12 8
-13 -1 -11 8
-13 -1 -10 8
-13 -1 -9 8
-13 -1 -8 8
-13 -1 -7 8
-13 -1 -6 8
-13 -1 -5 8
-13 -1 -4 8
-13 -1 -3 8
-13 -1 -2 8
-13 -1 -1 8
-13 -1 0 8
-13 -1 1 8
-13 -1 2 8
-13 -1 3 8
-13 -1 4 8
-13 -1 5 8
-13 -1 6 8
-13 -1 7 8
-13 -1 8 8
-13 -1 9 8
-13 -1 10 8
-13 -1 11 8
-13 -1 12 8
-13 -1 13 8
-13 -1 14 8
-13 -1 15 8
-13 -1 16 8
-13 -1 17 8
-13 -1 18 8
-13 -1 19 8
-13 -1 20 7
-13 -1 21 0
-13 -1 22 5
-12 -1 -23 6
-12 -1 -22 2
-12 -1 -21 7
-12 -1 -20 7
-12 -1 -19 8
-12 -1 -18 8
-12 -1 -17 8
-12 -1 -16 8
-12 -1 -15 8
-12 -1 -14 8
-12 -1 -13 8
-12 -1 -12 4
-12 -1 -11 2
-12 -1 -10 4
-12 -1 -9 8
-12 -1 -8 8
-12 -1 -7 8
-12 -1 -6 8
-12 -1 -5 8
-12 -1 -4 8
-12 -1 -3 8
-12 -1 -2 8
-12 -1 -1 8
-12 -1 0 8
-12 -1 1 8
-12 -1 2 8
-12 -1 3 8
-12 -1 4 8
-12 -1 5 8
-12 -1 6 8
-12 -1 7 8
-12 -1 8 8
-12 -1 9 8
-12 -1 10 4
-12 -1 11 2
-12 -1 12 4
-12 -1 13 8
-12 -1 14 8
-12 -1 15 8
-12 -1 16 8
-12 -1 17 8
-12 -1 18 8
-12 -1 19 8
-12 -1 20 7
-12 -1 21 7
-12 -1 22 0
-12 -1 23 5
-11 -1 -23 6
-11 -1 -22 2
-11 -1 -21 7
-11 -1 -20 8
-11 -1 -19 8
-11 -1 -18 8
-11 -1 -17 8
-11 -1 -16 8
-11 -1 -15 8
-11 -1 -14 8
-11 -1 -13 8
-11 -1 -12 2
-11 -1 -11 2
-11 -1 -10 2
-11 -1 -9 8
-11 -1 -8 8
-11 -1 -7 8
-11 -1 -6 8
-11 -1 -5 8
-11 -1 -4 8
-11 -1 -3 8
-11 -1 -2 3
-11 -1 -1 3
-11 -1 0 3
-11 -1 1 3
-11 -1 2 3
-11 -1 3 8
-11 -1 4 8
-11 -1 5 8
-11 -1 6 8
-11 -1 7 8
-11 -1 8 8
-11 -1 9 8
-11 -1 10 2
-11 -1 11 2
-11 -1 12 2
-11 -1 13 8
-11 -1 14 8
-11 -1 15 8
-11 -1 16 8
-11 -1 17 8
-11 -1 18 8
-11 -1 19 8
-11 -1 20 8
-11 -1 21 7
-11 -1 22 0
-11 -1 23 5
-10 -1 -24 6
-10 -1 -23 2
-10 -1 -22 7
-10 -1 -21 7
-10 -1 -20 8
-10 -1 -19 8
-10 -1 -18 8
-10 -1 -17 8
-10 -1 -16 8
-10 -1 -15 8
-10 -1 -14 8
-10 -1 -13 8
-10 -1 -12 4
-10 -1 -11 2
-10 -1 -10 4
-10 -1 -9 8
-10 -1 -8 8
-10 -1 -7 8
-10 -1 -6 8
-10 -1 -5 3
-10 -1 -4 3
-10 -1 -3 3
-10 -1 -2 2
-10 -1 -1 2
-10 -1 0 2
-10 -1 1 2
-10 -1 2 2
-10 -1 3 3
-10 -1 4 3
-10 -1 5 3
-10 -1 6 8
-10 -1 7 8
-10 -1 8 8
-10 -1 9 8
-10 -1 10 4
-10 -1 11 2
-10 -1 12 4
-10 -1 13 8
-10 -1 14 8
-10 -1 15 8
-10 -1 16 8
-10 -1 17 8
-10 -1 18 8
-10 -1 19 8
-10 -1 20 8
-10 -1 21 7
-10 -1 22 7
-10 -1 23 0
-10 -1 24 5
-9 -1 -24 6
-9 -1 -23 2
-9 -1 -22 7
-9 -1 -21 8
-9 -1 -20 8
-9 -1 -19 8
-9 -1 -18 8
-9 -1 -17 8
-9 -1 -16 8
-9 -1 -15 8
-9 -1 -14 8
-9 -1 -13 8
-9 -1 -12 8
-9 -1 -11 8
-9 -1 -10 8
-9 -1 -9 8
-9 -1 -8 8
-9 -1 -7 8
-9 -1 -6 3
-9 -1 -5 3
-9 -1 -4 2
-9 -1 -3 2
-9 -1 -2 2
-9 -1 -1 2
-9 -1 0 2
-9 -1 1 2
-9 -1 2 2
-9 -1 3 2
-9 -1 4 2
-9 -1 5 3
-9 -1 6 3
-9 -1 7 8
-9 -1 8 8
-9 -1 9 8
-9 -1 10 8
-9 -1 11 8
-9 -1 12 8
-9 -1 13 8
-9 -1 14 8
-9 -1 15 8
-9 -1 16 8
-9 -1 17 8
-9 -1 18 8
-9 -1 19 8
-9 -1 20 8
-9 -1 21 8
-9 -1 22 7
-9 -1 23 0
-9 -1 24 5
-8 -1 -24 6
-8 -1 -23 0
-8 -1 -22 7
-8 -1 -21 8
-8 -1 -20 8
-8 -1 -19 8
-8 -1 -18 8
-8 -1 -17 8
-8 -1 -16 8
-8 -1 -15 8
-8 -1 -14 8
-8 -1 -13 8
-8 -1 -12 8
-8 -1 -11 8
-8 -1 -10 8
-8 -1 -9 8
-8 -1 -8 8
-8 -1 -7 3
-8 -1 -6 2
-8 -1 -5 2
-8 -1 -4 2
-8 -1 -3 2
-8 -1 -2 2
-8 -1 -1 2
-8 -1 0 2
-8 -1 1 2
-8 -1 2 2
-8 -1 3 2
-8 -1 4 2
-8 -1 5 2
-8 -1 6 2
-8 -1 7 3
-8 -1 8 8
-8 -1 9 8
-8 -1 10 8
-8 -1 11 8
-8 -1 12 8
-8 -1 13 8
-8 -1 14 8
-8 -1 15 8
-8 -1 16 8
-8 -1 17 8
-8 -1 18 8
-8 -1 19 8
-8 -1 20 8
-8 -1 21 8
-8 -1 22 7
-8 -1 23 2
-8 -1 24 5
-7 -1 -25 6
-7 -1 -24 0
-7 -1 -23 7
-7 -1 -22 8
-7 -1 -21 8
-7 -1 -20 8
-7 -1 -19 8
-7 -1 -18 8
-7 -1 -17 8
-7 -1 -16 8
-7 -1 -15 8
-7 -1 -14 8
-7 -1 -13 8
-7 -1 -12 8
-7 -1 -11 8
-7 -1 -10 8
-7 -1 -9 8
-7 -1 -8 5
-7 -1 -7 2
-7 -1 -6 2
-7 -1 -5 2
-7 -1 -4 2
-7 -1 -3 2
-7 -1 -2 2
-7 -1 -1 2
-7 -1 0 2
-7 -1 1 2
-7 -1 2 2
-7 -1 3 2
-7 -1 4 2
-7 -1 5 2
-7 -1 6 2
-7 -1 7 2
-7 -1 8 6
-7 -1 9 8
-7 -1 10 8
-7 -1 11 8
-7 -1 12 8
-7 -1 13 8
-7 -1 14 8
-7 -1 15 8
-7 -1 16 8
-7 -1 17 8
-7 -1 18 8
-7 -1 19 8
-7 -1 20 8
-7 -1 21 8
-7 -1 22 8
-7 -1 23 7
-7 -1 24 2
-7 -1 25 5
-6 -1 -25 6
-6 -1 -24 0
-6 -1 -23 7
-6 -1 -22 8
-6 -1 -21 8
-6 -1 -20 8
-6 -1 -19 8
-6 -1 -18 8
-6 -1 -17 8
-6 -1 -16 8
-6 -1 -15 8
-6 -1 -14 8
-6 -1 -13 8
-6 -1 -12 8
-6 -1 -11 8
-6 -1 -10 8
-6 -1 -9 5
-6 -1 -8 2
-6 -1 -7 2
-6 -1 -6 2
-6 -1 -5 2
-6 -1 -4 2
-6 -1 -3 2
-6 -1 -2 2
-6 -1 -1 2
-6 -1 0 2
-6 -1 1 2
-6 -1 2 2
-6 -1 3 2
-6 -1 4 2
-6 -1 5 2
-6 -1 6 2
-6 -1 7 2
-6 -1 8 2
-6 -1 9 6
-6 -1 10 8
-6 -1 11 8
-6 -1 12 8
-6 -1 13 8
-6 -1 14 8
-6 -1 15 8
-6 -1 16 8
-6 -1 17 8
-6 -1 18 8
-6 -1 19 8
-6 -1 20 8
-6 -1 21 8
-6 -1 22 8
-6 -1 23 7
-6 -1 24 0
-6 -1 25 5
-5 -1 -25 6
-5 -1 -24 2
-5 -1 -23 7
-5 -1 -22 8
-5 -1 -21 8
-5 -1 -20 8
-5 -1 -19 8
-5 -1 -18 8
-5 -1 -17 8
-5 -1 -16 8
-5 -1 -15 8
-5 -1 -14 8
-5 -1 -13 8
-5 -1 -12 8
-5 -1 -11 8
-5 -1 -10 5
-5 -1 -9 5
-5 -1 -8 2
-5 -1 -7 2
-5 -1 -6 2
-5 -1 -5 2
-5 -1 -4 2
-5 -1 -3 2
-5 -1 -2 2
-5 -1 -1 2
-5 -1 0 2
-5 -1 1 2
-5 -1 2 2
-5 -1 3 2
-5 -1 4 2
-5 -1 5 2
-5 -1 6 2
-5 -1 7 2
-5 -1 8 2
-5 -1 9 6
-5 -1 10 6
-5 -1 11 8
-5 -1 12 8
-5 -1 13 8
-5 -1 14 8
-5 -1 15 8
-5 -1 16 8
-5 -1 17 8
-5 -1 18 8
-5 -1 19 8
-5 -1 20 8
-5 -1 21 8
-5 -1 22 8
-5 -1 23 7
-5 -1 24 0
-5 -1 25 5
-4 -1 -25 6
-4 -1 -24 2
-4 -1 -23 7
-4 -1 -22 8
-4 -1 -21 8
-4 -1 -20 8
-4 -1 -19 8
-4 -1 -18 8
-4 -1 -17 8
-4 -1 -16 8
-4 -1 -15 8
-4 -1 -14 8
-4 -1 -13 8
-4 -1 -12 8
-4 -1 -11 8
-4 -1 -10 5
-4 -1 -9 2
-4 -1 -8 2
-4 -1 -7 2
-4 -1 -6 2
-4 -1 -5 2
-4 -1 -4 2
-4 -1 -3 2
-4 -1 -2 2
-4 -1 -1 2
-4 -1 0 2
-4 -1 1 2
-4 -1 2 2
-4 -1 3 2
-4 -1 4 2
-4 -1 5 2
-4 -1 6 2
-4 -1 7 2
-4 -1 8 2
-4 -1 9 2
-4 -1 10 6
-4 -1 11 8
-4 -1 12 8
-4 -1 13 8
-4 -1 14 8
-4 -1 15 8
-4 -1 16 8
-4 -1 17 8
-4 -1 18 8
-4 -1 19 8
-4 -1 20 8
-4 -1 21 8
-4 -1 22 8
-4 -1 23 7
-4 -1 24 0
-4 -1 25 5
-3 -1 -26 6
-3 -1 -25 0
-3 -1 -24 7
-3 -1 -23 8
-3 -1 -22 8
-3 -1 -21 8
-3 -1 -20 8
-3 -1 -19 8
-3 -1 -18 8
-3 -1 -17 8
-3 -1 -16 8
-3 -1 -15 8
-3 -1 -14 8
-3 -1 -13 8
-3 -1 -12 8
-3 -1 -11 8
-3 -1 -10 5
-3 -1 -9 2
-3 -1 -8 2
-3 -1 -7 2
-3 -1 -6 2
-3 -1 -5 2
-3 -1 -4 2
-3 -1 -3 2
-3 -1 -2 2
-3 -1 -1 2
-3 -1 0 2
-3 -1 1 2
-3 -1 2 2
-3 -1 3 2
-3 -1 4 2
-3 -1 5 2
-3 -1 6 2
-3 -1 7 2
-3 -1 8 2
-3 -1 9 2
-3 -1 10 6
-3 -1 11 8
-3 -1 12 8
-3 -1 13 8
-3 -1 14 8
-3 -1 15 8
-3 -1 16 8
-3 -1 17 8
-3 -1 18 8
-3 -1 19 8
-3 -1 20 8
-3 -1 21 8
-3 -1 22 8
-3 -1 23 8
-3 -1 24 7
-3 -1 25 2
-3 -1 26 5
-2 -1 -26 6
-2 -1 -25 0
-2 -1 -24 7
-2 -1 -23 8
-2 -1 -22 8
-2 -1 -21 8
-2 -1 -20 8
-2 -1 -19 8
-2 -1 -18 8
-2 -1 -17 8
-2 -1 -16 8
-2 -1 -15 8
-2 -1 -14 8
-2 -1 -13 8
-2 -1 -12 8
-2 -1 -11 5
-2 -1 -10 2
-2 -1 -9 2
-2 -1 -8 2
-2 -1 -7 2
-2 -1 -6 2
-2 -1 -5 2
-2 -1 -4 2
-2 -1 -3 2
-2 -1 -2 2
-2 -1 -1 2
-2 -1 0 2
-2 -1 1 2
-2 -1 2 2
-2 -1 3 2
-2 -1 4 2
-2 -1 5 2
-2 -1 6 2
-2 -1 7 2
-2 -1 8 2
-2 -1 9 2
-2 -1 10 2
-2 -1 11 6
-2 -1 12 8
-2 -1 13 8
-2 -1 14 8
-2 -1 15 8
-2 -1 16 8
-2 -1 17 8
-2 -1 18 8
-2 -1 19 8
-2 -1 20 8
-2 -1 21 8
-2 -1 22 8
-2 -1 23 8
-2 -1 24 7
-2 -1 25 2
-2 -1 26 5
-1 -1 -26 6
-1 -1 -25 2
-1 -1 -24 7
-1 -1 -23 8
-1 -1 -22 8
-1 -1 -21 8
-1 -1 -20 8
-1 -1 -19 8
-1 -1 -18 8
-1 -1 -17 8
-1 -1 -16 4
-1 -1 -15 2
-1 -1 -14 4
-1 -1 -13 8
-1 -1 -12 8
-1 -1 -11 5
-1 -1 -10 2
-1 -1 -9 2
-1 -1 -8 2
-1 -1 -7 2
-1 -1 -6 2
-1 -1 -5 2
-1 -1 -4 2
-1 -1 -3 2
-1 -1 -2 2
-1 -1 -1 2
-1 -1 0 2
-1 -1 1 2
-1 -1 2 2
-1 -1 3 2
-1 -1 4 2
-1 -1 5 2
-1 -1 6 2
-1 -1 7 2
-1 -1 8 2
-1 -1 9 2
-1 -1 10 2
-1 -1 11 6
-1 -1 12 8
-1 -1 13 8
-1 -1 14 4
-1 -1 15 2
-1 -1 16 4
-1 -1 17 8
-1 -1 18 8
-1 -1 19 8
-1 -1 20 8
-1 -1 21 8
-1 -1 22 8
-1 -1 23 8
-1 -1 24 7
-1 -1 25 0
-1 -1 26 5
0 -1 -26 6
0 -1 -25 2
0 -1 -24 7
0 -1 -23 8
0 -1 -22 8
0 -1 -21 8
0 -1 -20 8
0 -1 -19 8
0 -1 -18 8
0 -1 -17 8
0 -1 -16 2
0 -1 -15 2
0 -1 -14 2
0 -1 -13 8
0 -1 -12 8
0 -1 -11 5
0 -1 -10 2
0 -1 -9 2
0 -1 -8 2
0 -1 -7 2
0 -1 -6 2
0 -1 -5 2
0 -1 -4 2
0 -1 -3 2
0 -1 -2 2
0 -1 -1 2
0 -1 0 2
0 -1 1 2
0 -1 2 2
0 -1 3 2
0 -1 4 2
0 -1 5 2
0 -1 6 2
0 -1 7 2
0 -1 8 2
0 -1 9 2
0 -1 10 2
0 -1 11 6
0 -1 12 8
0 -1 13 8
0 -1 14 2
0 -1 15 15
0 -1 16 2
0 -1 17 8
0 -1 18 8
0 -1 19 8
0 -1 20 8
0 -1 21 8
0 -1 22 8
0 -1 23 8
0 -1 24 7
0 -1 25 0
0 -1 26 5
1 -1 -26 6
1 -1 -25 0
1 -1 -24 7
1 -1 -23 8
1 -1 -22 8
1 -1 -21 8
1 -1 -20 8
1 -1 -19 8
1 -1 -18 8
1 -1 -17 8
1 -1 -16 4
1 -1 -15 2
1 -1 -14 4
1 -1 -13 8
1 -1 -12 8
1 -1 -11 5
1 -1 -10 2
1 -1 -9 2
1 -1 -8 2
1 -1 -7 2
1 -1 -6 2
1 -1 -5 2
1 -1 -4 2
1 -1 -3 2
1 -1 -2 2
1 -1 -1 2
1 -1 0 2
1 -1 1 2
1 -1 2 2
1 -1 3 2
1 -1 4 2
1 -1 5 2
1 -1 6 2
1 -1 7 2
1 -1 8 2
1 -1 9 2
1 -1 10 2
1 -1 11 6
1 -1 12 8
1 -1 13 8
1 -1 14 4
1 -1 15 2
1 -1 16 4
1 -1 17 8
1 -1 18 8
1 -1 19 8
1 -1 20 8
1 -1 21 8
1 -1 22 8
1 -1 23 8
1 -1 24 7
1 -1 25 2
1 -1 26 5
2 -1 -26 6
2 -1 -25 2
2 -1 -24 7
2 -1 -23 8
2 -1 -22 8
2 -1 -21 8
2 -1 -20 8
2 -1 -19 8
2 -1 -18 8
2 -1 -17 8
2 -1 -16 8
2 -1 -15 8
2 -1 -14 8
2 -1 -13 8
2 -1 -12 8
2 -1 -11 5
2 -1 -10 2
2 -1 -9 2
2 -1 -8 2
2 -1 -7 2
2 -1 -6 2
2 -1 -5 2
2 -1 -4 2
2 -1 -3 2
2 -1 -2 2
2 -1 -1 2
2 -1 0 2
2 -1 1 2
2 -1 2 2
2 -1 3 2
2 -1 4 2
2 -1 5 2
2 -1 6 2
2 -1 7 2
2 -1 8 2
2 -1 9 2
2 -1 10 2
2 -1 11 6
2 -1 12 8
2 -1 13 8
2 -1 14 8
2 -1 15 8
2 -1 16 8
2 -1 17 8
2 -1 18 8
2 -1 19 8
2 -1 20 8
2 -1 21 8
2 -1 22 8
2 -1 23 8
2 -1 24 7
2 -1 25 2
2 -1 26 5
3 -1 -26 6
3 -1 -25 2
3 -1 -24 7
3 -1 -23 8
3 -1 -22 8
3 -1 -21 8
3 -1 -20 8
3 -1 -19 8
3 -1 -18 8
3 -1 -17 8
3 -1 -16 8
3 -1 -15 8
3 -1 -14 8
3 -1 -13 8
3 -1 -12 8
3 -1 -11 8
3 -1 -10 5
3 -1 -9 2
3 -1 -8 2
3 -1 -7 2
3 -1 -6 2
3 -1 -5 2
3 -1 -4 2
3 -1 -3 2
3 -1 -2 2
3 -1 -1 2
3 -1 0 2
3 -1 1 2
3 -1 2 2
3 -1 3 2
3 -1 4 2
3 -1 5 2
3 -1 6 2
3 -1 7 2
3 -1 8 2
3 -1 9 2
3 -1 10 6
3 -1 11 8
3 -1 12 8
3 -1 13 8
3 -1 14 8
3 -1 15 8
3 -1 16 8
3 -1 17 8
3 -1 18 8
3 -1 19 8
3 -1 20 8
3 -1 21 8
3 -1 22 8
3 -1 23 8
3 -1 24 7
3 -1 25 0
3 -1 26 5
4 -1 -25 6
4 -1 -24 0
4 -1 -23 7
4 -1 -22 8
4 -1 -21 8
4 -1 -20 8
4 -1 -19 8
4 -1 -18 8
4 -1 -17 8
4 -1 -16 8
4 -1 -15 8
4 -1 -14 8
4 -1 -13 8
4 -1 -12 8
4 -1 -11 8
4 -1 -10 5
4 -1 -9 2
4 -1 -8 2
4 -1 -7 2
4 -1 -6 2
4 -1 -5 2
4 -1 -4 2
4 -1 -3 2
4 -1 -2 2
4 -1 -1 2
4 -1 0 2
4 -1 1 2
4 -1 2 2
4 -1 3 2
4 -1 4 2
4 -1 5 2
4 -1 6 2
4 -1 7 2
4 -1 8 2
4 -1 9 2
4 -1 10 6
4 -1 11 8
4 -1 12 8
4 -1 13 8
4 -1 14 8
4 -1 15 8
4 -1 16 8
4 -1 17 8
4 -1 18 8
4 -1 19 8
4 -1 20 8
4 -1 21 8
4 -1 22 8
4 -1 23 7
4 -1 24 0
4 -1 25 5
5 -1 -25 6
5 -1 -24 2
5 -1 -23 7
5 -1 -22 8
5 -1 -21 8
5 -1 -20 8
5 -1 -19 8
5 -1 -18 8
5 -1 -17 8
5 -1 -16 8
5 -1 -15 8
5 -1 -14 8
5 -1 -13 8
5 -1 -12 8
5 -1 -11 8
5 -1 -10 5
5 -1 -9 5
5 -1 -8 2
5 -1 -7 2
5 -1 -6 2
5 -1 -5 2
5 -1 -4 2
5 -1 -3 2
5 -1 -2 2
5 -1 -1 2
5 -1 0 2
5 -1 1 2
5 -1 2 2
5 -1 3 2
5 -1 4 2
5 -1 5 2
5 -1 6 2
5 -1 7 2
5 -1 8 2
5 -1 9 6
5 -1 10 6
5 -1 11 8
5 -1 12 8
5 -1 13 8
5 -1 14 8
5 -1 15 8
5 -1 16 8
5 -1 17 8
5 -1 18 8
5 -1 19 8
5 -1 20 8
5 -1 21 8
5 -1 22 8
5 -1 23 7
5 -1 24 0
5 -1 25 5
6 -1 -25 6
6 -1 -24 2
6 -1 -23 7
6 -1 -22 8
6 -1 -21 8
6 -1 -20 8
6 -1 -19 8
6 -1 -18 8
6 -1 -17 8
6 -1 -16 8
6 -1 -15 8
6 -1 -14 8
6 -1 -13 8
6 -1 -12 8
6 -1 -11 8
6 -1 -10 8
6 -1 -9 5
6 -1 -8 2
6 -1 -7 2
6 -1 -6 2
6 -1 -5 2
6 -1 -4 2
6 -1 -3 2
6 -1 -2 2
6 -1 -1 2
6 -1 0 2
6 -1 1 2
6 -1 2 2
6 -1 3 2
6 -1 4 2
6 -1 5 2
6 -1 6 2
6 -1 7 2
6 -1 8 2
6 -1 9 6
6 -1 10 8
6 -1 11 8
6 -1 12 8
6 -1 13 8
6 -1 14 8
6 -1 15 8
6 -1 16 8
6 -1 17 8
6 -1 18 8
6 -1 19 8
6 -1 20 8
6 -1 21 8
6 -1 22 8
6 -1 23 7
6 -1 24 2
6 -1 25 5
7 -1 -25 6
7 -1 -24 2
7 -1 -23 7
7 -1 -22 8
7 -1 -21 8
7 -1 -20 8
7 -1 -19 8
7 -1 -18 8
7 -1 -17 8
7 -1 -16 8
7 -1 -15 8
7 -1 -14 8
7 -1 -13 8
7 -1 -12 8
7 -1 -11 8
7 -1 -10 8
7 -1 -9 8
7 -1 -8 5
7 -1 -7 2
7 -1 -6 2
7 -1 -5 2
7 -1 -4 2
7 -1 -3 2
7 -1 -2 2
7 -1 -1 2
7 -1 0 2
7 -1 1 2
7 -1 2 2
7 -1 3 2
7 -1 4 2
7 -1 5 2
7 -1 6 2
7 -1 7 2
7 -1 8 6
7 -1 9 8
7 -1 10 8
7 -1 11 8
7 -1 12 8
7 -1 13 8
7 -1 14 8
7 -1 15 8
7 -1 16 8
7 -1 17 8
7 -1 18 8
7 -1 19 8
7 -1 20 8
7 -1 21 8
7 -1 22 8
7 -1 23 7
7 -1 24 2
7 -1 25 5
8 -1 -24 6
8 -1 -23 0
8 -1 -22 7
8 -1 -21 8
8 -1 -20 8
8 -1 -19 8
8 -1 -18 8
8 -1 -17 8
8 -1 -16 8
8 -1 -15 8
8 -1 -14 8
8 -1 -13 8
8 -1 -12 8
8 -1 -11 8
8 -1 -10 8
8 -1 -9 8
8 -1 -8 8
8 -1 -7 1
8 -1 -6 2
8 -1 -5 2
8 -1 -4 2
8 -1 -3 2
8 -1 -2 2
8 -1 -1 2
8 -1 0 2
8 -1 1 2
8 -1 2 2
8 -1 3 2
8 -1 4 2
8 -1 5 2
8 -1 6 2
8 -1 7 1
8 -1 8 8
8 -1 9 8
8 -1 10 8
8 -1 11 8
8 -1 12 8
8 -1 13 8
8 -1 14 8
8 -1 15 8
8 -1 16 8
8 -1 17 8
8 -1 18 8
8 -1 19 8
8 -1 20 8
8 -1 21 8
8 -1 22 7
8 -1 23 2
8 -1 24 5
9 -1 -24 6
9 -1 -23 0
9 -1 -22 7
9 -1 -21 8
9 -1 -20 8
9 -1 -19 8
9 -1 -18 8
9 -1 -17 8
9 -1 -16 8
9 -1 -15 8
9 -1 -14 8
9 -1 -13 8
9 -1 -12 8
9 -1 -11 8
9 -1 -10 8
9 -1 -9 8
9 -1 -8 8
9 -1 -7 8
9 -1 -6 1
9 -1 -5 1
9 -1 -4 2
9 -1 -3 2
9 -1 -2 2
9 -1 -1 2
9 -1 0 2
9 -1 1 2
9 -1 2 2
9 -1 3 2
9 -1 4 2
9 -1 5 1
9 -1 6 1
9 -1 7 8
9 -1 8 8
9 -1 9 8
9 -1 10 8
9 -1 11 8
9 -1 12 8
9 -1 13 8
9 -1 14 8
9 -1 15 8
9 -1 16 8
9 -1 17 8
9 -1 18 8
9 -1 19 8
9 -1 20 8
9 -1 21 8
9 -1 22 7
9 -1 23 2
9 -1 24 5
10 -1 -24 6
10 -1 -23 2
10 -1 -22 7
10 -1 -21 7
10 -1 -20 8
10 -1 -19 8
10 -1 -18 8
10 -1 -17 8
10 -1 -16 8
10 -1 -15 8
10 -1 -14 8
10 -1 -13 8
10 -1 -12 4
10 -1 -11 2
10 -1 -10 4
10 -1 -9 8
10 -1 -8 8
10 -1 -7 8
10 -1 -6 8
10 -1 -5 1
10 -1 -4 1
10 -1 -3 1
10 -1 -2 2
10 -1 -1 2
10 -1 0 2
10 -1 1 2
10 -1 2 2
10 -1 3 1
10 -1 4 1
10 -1 5 1
10 -1 6 8
10 -1 7 8
10 -1 8 8
10 -1 9 8
10 -1 10 4
10 -1 11 2
10 -1 12 4
10 -1 13 8
10 -1 14 8
10 -1 15 8
10 -1 16 8
10 -1 17 8
10 -1 18 8
10 -1 19 8
10 -1 20 8
10 -1 21 7
10 -1 22 7
10 -1 23 0
10 -1 24 5
11 -1 -23 6
11 -1 -22 2
11 -1 -21 7
11 -1 -20 8
11 -1 -19 8
11 -1 -18 8
11 -1 -17 8
11 -1 -16 8
11 -1 -15 8
11 -1 -14 8
11 -1 -13 8
11 -1 -12 2
11 -1 -11 2
11 -1 -10 2
11 -1 -9 8
11 -1 -8 8
11 -1 -7 8
11 -1 -6 8
11 -1 -5 8
11 -1 -4 8
11 -1 -3 8
11 -1 -2 1
11 -1 -1 1
11 -1 0 1
11 -1 1 1
11 -1 2 1
11 -1 3 8
11 -1 4 8
11 -1 5 8
11 -1 6 8
11 -1 7 8
11 -1 8 8
11 -1 9 8
11 -1 10 2
11 -1 11 2
11 -1 12 2
11 -1 13 8
11 -1 14 8
11 -1 15 8
11 -1 16 8
11 -1 17 8
11 -1 18 8
11 -1 19 8
11 -1 20 8
11 -1 21 7
11 -1 22 2
11 -1 23 5
12 -1 -23 6
12 -1 -22 0
12 -1 -21 7
12 -1 -20 7
12 -1 -19 8
12 -1 -18 8
12 -1 -17 8
12 -1 -16 8
12 -1 -15 8
12 -1 -14 8
12 -1 -13 8
12 -1 -12 4
12 -1 -11 2
12 -1 -10 4
12 -1 -9 8
12 -1 -8 8
12 -1 -7 8
12 -1 -6 8
12 -1 -5 8
12 -1 -4 8
12 -1 -3 8
12 -1 -2 8
12 -1 -1 8
12 -1 0 8
12 -1 1 8
12 -1 2 8
12 -1 3 8
12 -1 4 8
12 -1 5 8
12 -1 6 8
12 -1 7 8
12 -1 8 8
12 -1 9 8
12 -1 10 4
12 -1 11 2
12 -1 12 4
12 -1 13 8
12 -1 14 8
12 -1 15 8
12 -1 16 8
12 -1 17 8
12 -1 18 8
12 -1 19 8
12 -1 20 7
12 -1 21 7
12 -1 22 2
12 -1 23 5
13 -1 -22 6
13 -1 -21 0
13 -1 -20 7
13 -1 -19 8
13 -1 -18 8
13 -1 -17 8
13 -1 -16 8
13 -1 -15 8
13 -1 -14 8
13 -1 -13 8
13 -1 -12 8
13 -1 -11 8
13 -1 -10 8
13 -1 -9 8
13 -1 -8 8
13 -1 -7 8
13 -1 -6 8
13 -1 -5 8
13 -1 -4 8
13 -1 -3 8
13 -1 -2 8
13 -1 -1 8
13 -1 0 8
13 -1 1 8
13 -1 2 8
13 -1 3 8
13 -1 4 8
13 -1 5 8
13 -1 6 8
13 -1 7 8
13 -1 8 8
13 -1 9 8
13 -1 10 8
13 -1 11 8
13 -1 12 8
13 -1 13 8
13 -1 14 8
13 -1 15 8
13 -1 16 8
13 -1 17 8
13 -1 18 8
13 -1 19 8
13 -1 20 7
13 -1 21 2
13 -1 22 5
14 -1 -22 6
14 -1 -21 6
14 -1 -20 2
14 -1 -19 7
14 -1 -18 8
14 -1 -17 8
14 -1 -16 8
14 -1 -15 8
14 -1 -14 8
14 -1 -13 8
14 -1 -12 8
14 -1 -11 8
14 -1 -10 8
14 -1 -9 8
14 -1 -8 8
14 -1 -7 8
14 -1 -6 8
14 -1 -5 8
14 -1 -4 8
14 -1 -3 8
14 -1 -2 8
14 -1 -1 4
14 -1 0 2
14 -1 1 4
14 -1 2 8
14 -1 3 8
14 -1 4 8
14 -1 5 8
14 -1 6 8
14 -1 7 8
14 -1 8 8
14 -1 9 8
14 -1 10 8
14 -1 11 8
14 -1 12 8
14 -1 13 8
14 -1 14 8
14 -1 15 8
14 -1 16 8
14 -1 17 8
14 -1 18 8
14 -1 19 7
14 -1 20 2
14 -1 21 5
14 -1 22 5
15 -1 -21 6
15 -1 -20 0
15 -1 -19 2
15 -1 -18 7
15 -1 -17 8
15 -1 -16 8
15 -1 -15 8
15 -1 -14 8
15 -1 -13 8
15 -1 -12 8
15 -1 -11 8
15 -1 -10 8
15 -1 -9 8
15 -1 -8 8
15 -1 -7 8
15 -1 -6 8
15 -1 -5 8
15 -1 -4 8
15 -1 -3 8
15 -1 -2 8
15 -1 -1 2
15 -1 0 15
15 -1 1 2
15 -1 2 8
15 -1 3 8
15 -1 4 8
15 -1 5 8
15 -1 6 8
15 -1 7 8
15 -1 8 8
15 -1 9 8
15 -1 10 8
15 -1 11 8
15 -1 12 8
15 -1 13 8
15 -1 14 8
15 -1 15 8
15 -1 16 8
15 -1 17 8
15 -1 18 7
15 -1 19 2
15 -1 20 0
15 -1 21 5
16 -1 -20 6
16 -1 -19 0
16 -1 -18 7
16 -1 -17 7
16 -1 -16 8
16 -1 -15 8
16 -1 -14 8
16 -1 -13 8
16 -1 -12 8
16 -1 -11 8
16 -1 -10 8
16 -1 -9 8
16 -1 -8 8
16 -1 -7 8
16 -1 -6 8
16 -1 -5 8
16 -1 -4 8
16 -1 -3 8
16 -1 -2 8
16 -1 -1 4
16 -1 0 2
16 -1 1 4
16 -1 2 8
16 -1 3 8
16 -1 4 8
16 -1 5 8
16 -1 6 8
16 -1 7 8
16 -1 8 8
16 -1 9 8
16 -1 10 8
16 -1 11 8
16 -1 12 8
16 -1 13 8
16 -1 14 8
16 -1 15 8
16 -1 16 8
16 -1 17 7
16 -1 18 7
16 -1 19 0
16 -1 20 5
17 -1 -19 6
17 -1 -18 2
17 -1 -17 7
17 -1 -16 7
17 -1 -15 8
17 -1 -14 8
17 -1 -13 8
17 -1 -12 8
17 -1 -11 8
17 -1 -10 8
17 -1 -9 8
17 -1 -8 8
17 -1 -7 8
17 -1 -6 8
17 -1 -5 8
17 -1 -4 8
17 -1 -3 8
17 -1 -2 8
17 -1 -1 8
17 -1 0 8
17 -1 1 8
17 -1 2 8
17 -1 3 8
17 -1 4 8
17 -1 5 8
17 -1 6 8
17 -1 7 8
17 -1 8 8
17 -1 9 8
17 -1 10 8
17 -1 11 8
17 -1 12 8
17 -1 13 8
17 -1 14 8
17 -1 15 8
17 -1 16 7
17 -1 17 7
17 -1 18 2
17 -1 19 5
18 -1 -19 6
18 -1 -18 6
18 -1 -17 0
18 -1 -16 7
18 -1 -15 7
18 -1 -14 8
18 -1 -13 8
18 -1 -12 8
18 -1 -11 8
18 -1 -10 8
18 -1 -9 8
18 -1 -8 8
18 -1 -7 8
18 -1 -6 8
18 -1 -5 8
18 -1 -4 8
18 -1 -3 8
18 -1 -2 8
18 -1 -1 8
18 -1 0 8
18 -1 1 8
18 -1 2 8
18 -1 3 8
18 -1 4 8
18 -1 5 8
18 -1 6 8
18 -1 7 8
18 -1 8 8
18 -1 9 8
18 -1 10 8
18 -1 11 8
18 -1 12 8
18 -1 13 8
18 -1 14 8
18 -1 15 7
18 -1 16 7
18 -1 17 0
18 -1 18 5
18 -1 19 5
19 -1 -18 16
19 -1 -17 3
19 -1 -16 0
19 -1 -15 0
19 -1 -14 7
19 -1 -13 8
19 -1 -12 8
19 -1 -11 8
19 -1 -10 8
19 -1 -9 8
19 -1 -8 8
19 -1 -7 8
19 -1 -6 8
19 -1 -5 8
19 -1 -4 8
19 -1 -3 8
19 -1 -2 8
19 -1 -1 8
19 -1 0 8
19 -1 1 8
19 -1 2 8
19 -1 3 8
19 -1 4 8
19 -1 5 8
19 -1 6 8
19 -1 7 8
19 -1 8 8
19 -1 9 8
19 -1 10 8
19 -1 11 8
19 -1 12 8
19 -1 13 8
19 -1 14 7
19 -1 15 2
19 -1 16 2
19 -1 17 3
19 -1 18 17
20 -1 -16 3
20 -1 -15 2
20 -1 -14 0
20 -1 -13 7
20 -1 -12 7
20 -1 -11 8
20 -1 -10 8
20 -1 -9 8
20 -1 -8 8
20 -1 -7 8
20 -1 -6 8
20 -1 -5 8
20 -1 -4 8
20 -1 -3 8
20 -1 -2 8
20 -1 -1 8
20 -1 0 8
20 -1 1 8
20 -1 2 8
20 -1 3 8
20 -1 4 8
20 -1 5 8
20 -1 6 8
20 -1 7 8
20 -1 8 8
20 -1 9 8
20 -1 10 8
20 -1 11 8
20 -1 12 7
20 -1 13 7
20 -1 14 2
20 -1 15 0
20 -1 16 3
21 -1 -15 3
21 -1 -14 3
21 -1 -13 0
21 -1 -12 7
21 -1 -11 7
21 -1 -10 7
21 -1 -9 8
21 -1 -8 8
21 -1 -7 8
21 -1 -6 8
21 -1 -5 8
21 -1 -4 8
21 -1 -3 8
21 -1 -2 8
21 -1 -1 8
21 -1 0 8
21 -1 1 8
21 -1 2 8
21 -1 3 8
21 -1 4 8
21 -1 5 8
21 -1 6 8
21 -1 7 8
21 -1 8 8
21 -1 9 8
21 -1 10 7
21 -1 11 7
21 -1 12 7
21 -1 13 0
21 -1 14 3
21 -1 15 3
22 -1 -14 3
22 -1 -13 3
22 -1 -12 2
22 -1 -11 2
22 -1 -10 7
22 -1 -9 7
22 -1 -8 7
22 -1 -7 8
22 -1 -6 8
22 -1 -5 8
22 -1 -4 8
22 -1 -3 8
22 -1 -2 8
22 -1 -1 8
22 -1 0 8
22 -1 1 8
22 -1 2 8
22 -1 3 8
22 -1 4 8
22 -1 5 8
22 -1 6 8
22 -1 7 8
22 -1 8 7
22 -1 9 7
22 -1 10 7
22 -1 11 2
22 -1 12 2
22 -1 13 3
22 -1 14 3
23 -1 -12 3
23 -1 -11 3
23 -1 -10 0
23 -1 -9 2
23 -1 -8 2
23 -1 -7 7
23 -1 -6 7
23 -1 -5 7
23 -1 -4 7
23 -1 -3 8
23 -1 -2 8
23 -1 -1 8
23 -1 0 8
23 -1 1 8
23 -1 2 8
23 -1 3 8
23 -1 4 7
23 -1 5 7
23 -1 6 7
23 -1 7 7
23 -1 8 2
23 -1 9 2
23 -1 10 2
23 -1 11 3
23 -1 12 3
24 -1 -10 3
24 -1 -9 3
24 -1 -8 3
24 -1 -7 0
24 -1 -6 0
24 -1 -5 2
24 -1 -4 2
24 -1 -3 7
24 -1 -2 7
24 -1 -1 7
24 -1 0 7
24 -1 1 7
24 -1 2 7
24 -1 3 7
24 -1 4 0
24 -1 5 2
24 -1 6 0
24 -1 7 2
24 -1 8 3
24 -1 9 3
24 -1 10 3
25 -1 -7 3
25 -1 -6 3
25 -1 -5 3
25 -1 -4 3
25 -1 -3 0
25 -1 -2 2
25 -1 -1 0
25 -1 0 0
25 -1 1 2
25 -1 2 2
25 -1 3 2
25 -1 4 3
25 -1 5 3
25 -1 6 3
25 -1 7 3
26 -1 -3 3
26 -1 -2 3
26 -1 -1 3
26 -1 0 3
26 -1 1 3
26 -1 2 3
26 -1 3 3
-37 0 -3 3
-37 0 -2 3
-37 0 -1 3
-37 0 0 3
-37 0 1 3
-37 0 2 3
-37 0 3 3
-36 0 -9 3
-36 0 -8 3
-36 0 -7 3
-36 0 -6 3
-36 0 -5 3
-36 0 -4 3
-36 0 -3 7
-36 0 -2 7
-36 0 -1 7
-36 0 0 7
-36 0 1 7
-36 0 2 7
-36 0 3 7
-36 0 4 3
-36 0 5 3
-36 0 6 3
-36 0 7 3
-36 0 8 3
-36 0 9 3
-35 0 -12 3
-35 0 -11 3
-35 0 -10 3
-35 0 -9 7
-35 0 -8 7
-35 0 -7 7
-35 0 -6 7
-35 0 -5 7
-35 0 -4 7
-35 0 -3 7
-35 0 -2 7
-35 0 -1 7
-35 0 0 7
-35 0 1 7
-35 0 2 7
-35 0 3 7
-35 0 4 7
-35 0 5 7
-35 0 6 7
-35 0 7 7
-35 0 8 7
-35 0 9 7
-35 0 10 3
-35 0 11 3
-35 0 12 3
-34 0 -15 3
-34 0 -14 3
-34 0 -13 3
-34 0 -12 7
-34 0 -11 7
-34 0 -10 7
-34 0 -9 7
-34 0 -8 7
-34 0 -7 7
-34 0 -6 7
-34 0 -5 7
-34 0 -4 7
-34 0 -3 7
-34 0 -2 7
-34 0 -1 7
-34 0 0 7
-34 0 1 7
-34 0 2 7
-34 0 3 7
-34 0 4 7
-34 0 5 7
-34 0 6 7
-34 0 7 7
-34 0 8 7
-34 0 9 7
-34 0 10 7
-34 0 11 7
-34 0 12 7
-34 0 13 3
-34 0 14 3
-34 0 15 3
-33 0 -17 3
-33 0 -16 3
-33 0 -15 3
-33 0 -14 7
-33 0 -13 7
-33 0 -12 7
-33 0 -11 7
-33 0 -10 7
-33 0 -9 7
-33 0 -8 7
-33 0 -7 7
-33 0 -6 7
-33 0 -5 7
-33 0 -4 7
-33 0 -3 7
-33 0 -2 7
-33 0 -1 7
-33 0 0 7
-33 0 1 7
-33 0 2 7
-33 0 3 7
-33 0 4 7
-33 0 5 7
-33 0 6 7
-33 0 7 7
-33 0 8 7
-33 0 9 7
-33 0 10 7
-33 0 11 7
-33 0 12 7
-33 0 13 7
-33 0 14 7
-33 0 15 3
-33 0 16 3
-33 0 17 3
-32 0 -18 3
-32 0 -17 3
-32 0 -16 7
-32 0 -15 7
-32 0 -14 7
-32 0 -13 7
-32 0 -12 7
-32 0 -11 7
-32 0 -10 7
-32 0 -9 7
-32 0 -8 7
-32 0 -7 7
-32 0 -6 7
-32 0 -5 7
-32 0 -4 7
-32 0 -3 7
-32 0 -2 7
-32 0 -1 7
-32 0 0 7
-32 0 1 7
-32 0 2 7
-32 0 3 7
-32 0 4 7
-32 0 5 7
-32 0 6 7
-32 0 7 7
-32 0 8 7
-32 0 9 7
-32 0 10 7
-32 0 11 7
-32 0 12 7
-32 0 13 7
-32 0 14 7
-32 0 15 7
-32 0 16 7
-32 0 17 3
-32 0 18 3
-31 0 -20 3
-31 0 -19 3
-31 0 -18 7
-31 0 -17 7
-31 0 -16 7
-31 0 -15 7
-31 0 -14 7
-31 0 -13 7
-31 0 -12 7
-31 0 -11 7
-31 0 -10 7
-31 0 -9 7
-31 0 -8 7
-31 0 -7 7
-31 0 -6 7
-31 0 -5 7
-31 0 -4 7
-31 0 -3 7
-31 0 -2 7
-31 0 -1 7
-31 0 0 7
-31 0 1 7
-31 0 2 7
-31 0 3 7
-31 0 4 7
-31 0 5 7
-31 0 6 7
-31 0 7 7
-31 0 8 7
-31 0 9 7
-31 0 10 7
-31 0 11 7
-31 0 12 7
-31 0 13 7
-31 0 14 7
-31 0 15 7
-31 0 16 7
-31 0 17 7
-31 0 18 7
-31 0 19 3
-31 0 20 3
-30 0 -21 3
-30 0 -20 7
-30 0 -19 7
-30 0 -18 7
-30 0 -17 7
-30 0 -16 7
-30 0 -15 7
-30 0 -14 7
-30 0 -13 7
-30 0 -12 7
-30 0 -11 7
-30 0 -10 7
-30 0 -9 7
-30 0 -8 7
-30 0 -7 7
-30 0 -6 7
-30 0 -5 7
-30 0 -4 7
-30 0 -3 7
-30 0 -2 7
-30 0 -1 7
-30 0 0 7
-30 0 1 7
-30 0 2 7
-30 0 3 7
-30 0 4 7
-30 0 5 7
-30 0 6 7
-30 0 7 7
-30 0 8 7
-30 0 9 7
-30 0 10 7
-30 0 11 7
-30 0 12 7
-30 0 13 7
-30 0 14 7
-30 0 15 7
-30 0 16 7
-30 0 17 7
-30 0 18 7
-30 0 19 7
-30 0 20 7
-30 0 21 3
-29 0 -23 3
-29 0 -22 3
-29 0 -21 7
-29 0 -20 7
-29 0 -19 7
-29 0 -18 7
-29 0 -17 7
-29 0 -16 7
-29 0 -15 7
-29 0 -14 7
-29 0 -13 7
-29 0 -12 7
-29 0 -11 7
-29 0 -10 7
-29 0 -9 7
-29 0 -8 7
-29 0 -7 2
-29 0 -6 2
-29 0 -5 2
-29 0 -4 15
-29 0 -3 15
-29 0 -2 7
-29 0 -1 7
-29 0 0 7
-29 0 1 7
-29 0 2 7
-29 0 3 2
-29 0 4 2
-29 0 5 2
-29 0 6 2
-29 0 7 15
-29 0 8 7
-29 0 9 7
-29 0 10 7
-29 0 11 7
-29 0 12 7
-29 0 13 7
-29 0 14 7
-29 0 15 7
-29 0 16 7
-29 0 17 7
-29 0 18 7
-29 0 19 7
-29 0 20 7
-29 0 21 7
-29 0 22 3
-29 0 23 3
-28 0 -24 3
-28 0 -23 3
-28 0 -22 7
-28 0 -21 7
-28 0 -20 7
-28 0 -19 7
-28 0 -18 7
-28 0 -17 7
-28 0 -16 7
-28 0 -15 7
-28 0 -14 7
-28 0 -13 7
-28 0 -12 7
-28 0 -11 7
-28 0 -10 7
-28 0 -9 7
-28 0 -8 15
-28 0 -7 15
-28 0 -6 18
-28 0 -5 2
-28 0 -4 2
-28 0 -3 2
-28 0 -2 7
-28 0 -1 7
-28 0 0 7
-28 0 1 7
-28 0 2 7
-28 0 3 15
-28 0 4 15
-28 0 5 2
-28 0 6 18
-28 0 7 2
-28 0 8 2
-28 0 9 7
-28 0 10 7
-28 0 11 7
-28 0 12 7
-28 0 13 7
-28 0 14 7
-28 0 15 7
-28 0 16 7
-28 0 17 7
-28 0 18 7
-28 0 19 7
-28 0 20 7
-28 0 21 7
-28 0 22 7
-28 0 23 3
-28 0 24 3
-27 0 -25 3
-27 0 -24 7
-27 0 -23 7
-27 0 -22 7
-27 0 -21 7
-27 0 -20 7
-27 0 -19 7
-27 0 -18 7
-27 0 -17 7
-27 0 -16 7
-27 0 -15 7
-27 0 -14 7
-27 0 -13 7
-27 0 -12 7
-27 0 -11 7
-27 0 -10 7
-27 0 -9 7
-27 0 -8 2
-27 0 -7 2
-27 0 -6 2
-27 0 -5 15
-27 0 -4 2
-27 0 -3 2
-27 0 -2 7
-27 0 -1 7
-27 0 0 7
-27 0 1 7
-27 0 2 7
-27 0 3 2
-27 0 4 2
-27 0 5 2
-27 0 6 2
-27 0 7 2
-27 0 8 2
-27 0 9 7
-27 0 10 7
-27 0 11 7
-27 0 12 7
-27 0 13 7
-27 0 14 7
-27 0 15 7
-27 0 16 7
-27 0 17 7
-27 0 18 7
-27 0 19 7
-27 0 20 7
-27 0 21 7
-27 0 22 7
-27 0 23 7
-27 0 24 7
-27 0 25 3
-26 0 -26 5
-26 0 -25 7
-26 0 -24 7
-26 0 -23 7
-26 0 -22 7
-26 0 -21 7
-26 0 -20 7
-26 0 -19 7
-26 0 -18 7
-26 0 -17 7
-26 0 -16 7
-26 0 -15 7
-26 0 -14 2
-26 0 -13 7
-26 0 -12 7
-26 0 -11 7
-26 0 -10 7
-26 0 -9 7
-26 0 -8 7
-26 0 -7 2
-26 0 -6 2
-26 0 -5 15
-26 0 -4 15
-26 0 -3 8
-26 0 -2 8
-26 0 -1 8
-26 0 0 8
-26 0 1 8
-26 0 2 8
-26 0 3 8
-26 0 4 15
-26 0 5 2
-26 0 6 15
-26 0 7 2
-26 0 8 7
-26 0 9 7
-26 0 10 7
-26 0 11 7
-26 0 12 7
-26 0 13 7
-26 0 14 15
-26 0 15 7
-26 0 16 7
-26 0 17 7
-26 0 18 7
-26 0 19 7
-26 0 20 7
-26 0 21 7
-26 0 22 7
-26 0 23 7
-26 0 24 7
-26 0 25 7
-26 0 26 6
-25 0 -27 5
-25 0 -26 7
-25 0 -25 7
-25 0 -24 7
-25 0 -23 7
-25 0 -22 7
-25 0 -21 7
-25 0 -20 7
-25 0 -19 7
-25 0 -18 7
-25 0 -17 7
-25 0 -16 2
-25 0 -15 15
-25 0 -14 2
-25 0 -13 7
-25 0 -12 7
-25 0 -11 7
-25 0 -10 7
-25 0 -9 7
-25 0 -8 7
-25 0 -7 8
-25 0 -6 8
-25 0 -5 8
-25 0 -4 8
-25 0 -3 8
-25 0 -2 8
-25 0 -1 8
-25 0 0 8
-25 0 1 8
-25 0 2 8
-25 0 3 8
-25 0 4 8
-25 0 5 8
-25 0 6 8
-25 0 7 8
-25 0 8 7
-25 0 9 7
-25 0 10 7
-25 0 11 7
-25 0 12 7
-25 0 13 7
-25 0 14 2
-25 0 15 2
-25 0 16 15
-25 0 17 7
-25 0 18 7
-25 0 19 7
-25 0 20 7
-25 0 21 7
-25 0 22 7
-25 0 23 7
-25 0 24 7
-25 0 25 7
-25 0 26 7
-25 0 27 6
-24 0 -28 5
-24 0 -27 7
-24 0 -26 7
-24 0 -25 7
-24 0 -24 7
-24 0 -23 7
-24 0 -22 7
-24 0 -21 7
-24 0 -20 7
-24 0 -19 7
-24 0 -18 15
-24 0 -17 2
-24 0 -16 18
-24 0 -15 15
-24 0 -14 15
-24 0 -13 2
-24 0 -12 7
-24 0 -11 7
-24 0 -10 8
-24 0 -9 8
-24 0 -8 8
-24 0 -7 8
-24 0 -6 8
-24 0 -5 8
-24 0 -4 8
-24 0 -3 8
-24 0 -2 8
-24 0 -1 8
-24 0 0 8
-24 0 1 8
-24 0 2 8
-24 0 3 8
-24 0 4 8
-24 0 5 8
-24 0 6 8
-24 0 7 8
-24 0 8 8
-24 0 9 8
-24 0 10 8
-24 0 11 7
-24 0 12 7
-24 0 13 2
-24 0 14 2
-24 0 15 2
-24 0 16 18
-24 0 17 2
-24 0 18 15
-24 0 19 7
-24 0 20 7
-24 0 21 7
-24 0 22 7
-24 0 23 7
-24 0 24 7
-24 0 25 7
-24 0 26 7
-24 0 27 7
-24 0 28 6
-23 0 -29 5
-23 0 -28 5
-23 0 -27 7
-23 0 -26 7
-23 0 -25 7
-23 0 -24 7
-23 0 -23 7
-23 0 -22 7
-23 0 -21 7
-23 0 -20 7
-23 0 -19 7
-23 0 -18 2
-23 0 -17 2
-23 0 -16 2
-23 0 -15 2
-23 0 -14 2
-23 0 -13 15
-23 0 -12 8
-23 0 -11 8
-23 0 -10 8
-23 0 -9 8
-23 0 -8 8
-23 0 -7 8
-23 0 -6 8
-23 0 -5 8
-23 0 -4 8
-23 0 -3 8
-23 0 -2 8
-23 0 -1 8
-23 0 0 8
-23 0 1 8
-23 0 2 8
-23 0 3 8
-23 0 4 8
-23 0 5 8
-23 0 6 8
-23 0 7 8
-23 0 8 8
-23 0 9 8
-23 0 10 8
-23 0 11 8
-23 0 12 8
-23 0 13 2
-23 0 14 2
-23 0 15 2
-23 0 16 15
-23 0 17 2
-23 0 18 15
-23 0 19 7
-23 0 20 7
-23 0 21 7
-23 0 22 7
-23 0 23 7
-23 0 24 7
-23 0 25 7
-23 0 26 7
-23 0 27 7
-23 0 28 6
-23 0 29 6
-22 0 -29 5
-22 0 -28 7
-22 0 -27 7
-22 0 -26 7
-22 0 -25 7
-22 0 -24 7
-22 0 -23 7
-22 0 -22 7
-22 0 -21 7
-22 0 -20 7
-22 0 -19 7
-22 0 -18 15
-22 0 -17 15
-22 0 -16 2
-22 0 -15 15
-22 0 -14 8
-22 0 -13 8
-22 0 -12 8
-22 0 -11 8
-22 0 -10 8
-22 0 -9 8
-22 0 -8 8
-22 0 -7 8
-22 0 -6 8
-22 0 -5 8
-22 0 -4 8
-22 0 -3 8
-22 0 -2 8
-22 0 -1 8
-22 0 0 8
-22 0 1 8
-22 0 2 8
-22 0 3 8
-22 0 4 8
-22 0 5 8
-22 0 6 8
-22 0 7 8
-22 0 8 8
-22 0 9 8
-22 0 10 8
-22 0 11 8
-22 0 12 8
-22 0 13 8
-22 0 14 8
-22 0 15 2
-22 0 16 15
-22 0 17 2
-22 0 18 2
-22 0 19 7
-22 0 20 7
-22 0 21 7
-22 0 22 7
-22 0 23 7
-22 0 24 7
-22 0 25 7
-22 0 26 7
-22 0 27 7
-22 0 28 7
-22 0 29 6
-21 0 -30 5
-21 0 -29 7
-21 0 -28 7
-21 0 -27 7
-21 0 -26 7
-21 0 -25 7
-21 0 -24 7
-21 0 -23 7
-21 0 -22 7
-21 0 -21 7
-21 0 -20 7
-21 0 -19 7
-21 0 -18 7
-21 0 -17 15
-21 0 -16 15
-21 0 -15 8
-21 0 -14 8
-21 0 -13 8
-21 0 -12 8
-21 0 -11 8
-21 0 -10 8
-21 0 -9 8
-21 0 -8 8
-21 0 -7 8
-21 0 -6 8
-21 0 -5 8
-21 0 -4 8
-21 0 -3 8
-21 0 -2 8
-21 0 -1 8
-21 0 0 8
-21 0 1 8
-21 0 2 8
-21 0 3 8
-21 0 4 8
-21 0 5 8
-21 0 6 8
-21 0 7 8
-21 0 8 8
-21 0 9 8
-21 0 10 8
-21 0 11 8
-21 0 12 8
-21 0 13 8
-21 0 14 8
-21 0 15 8
-21 0 16 15
-21 0 17 2
-21 0 18 7
-21 0 19 7
-21 0 20 7
-21 0 21 7
-21 0 22 7
-21 0 23 7
-21 0 24 7
-21 0 25 7
-21 0 26 7
-21 0 27 7
-21 0 28 7
-21 0 29 7
-21 0 30 6
-20 0 -31 5
-20 0 -30 7
-20 0 -29 7
-20 0 -28 7
-20 0 -27 7
-20 0 -26 7
-20 0 -25 7
-20 0 -24 7
-20 0 -23 7
-20 0 -22 7
-20 0 -21 7
-20 0 -20 7
-20 0 -19 7
-20 0 -18 7
-20 0 -17 7
-20 0 -16 8
-20 0 -15 8
-20 0 -14 8
-20 0 -13 8
-20 0 -12 8
-20 0 -11 8
-20 0 -10 8
-20 0 -9 8
-20 0 -8 8
-20 0 -7 8
-20 0 -6 8
-20 0 -5 8
-20 0 -4 8
-20 0 -3 8
-20 0 -2 8
-20 0 -1 8
-20 0 0 8
-20 0 1 8
-20 0 2 8
-20 0 3 8
-20 0 4 8
-20 0 5 8
-20 0 6 8
-20 0 7 8
-20 0 8 8
-20 0 9 8
-20 0 10 8
-20 0 11 8
-20 0 12 8
-20 0 13 8
-20 0 14 8
-20 0 15 8
-20 0 16 8
-20 0 17 7
-20 0 18 7
-20 0 19 7
-20 0 20 7
-20 0 21 7
-20 0 22 7
-20 0 23 7
-20 0 24 7
-20 0 25 7
-20 0 26 7
-20 0 27 7
-20 0 28 7
-20 0 29 7
-20 0 30 7
-20 0 31 6
-19 0 -31 5
-19 0 -30 7
-19 0 -29 7
-19 0 -28 7
-19 0 -27 7
-19 0 -26 7
-19 0 -25 7
-19 0 -24 7
-19 0 -23 7
-19 0 -22 7
-19 0 -21 7
-19 0 -20 7
-19 0 -19 7
-19 0 -18 8
-19 0 -17 8
-19 0 -16 8
-19 0 -15 8
-19 0 -14 8
-19 0 -13 8
-19 0 -12 8
-19 0 -11 8
-19 0 -10 8
-19 0 -9 8
-19 0 -8 8
-19 0 -7 8
-19 0 -6 8
-19 0 -5 8
-19 0 -4 8
-19 0 -3 8
-19 0 -2 8
-19 0 -1 8
-19 0 0 8
-19 0 1 8
-19 0 2 8
-19 0 3 8
-19 0 4 8
-19 0 5 8
-19 0 6 8
-19 0 7 8
-19 0 8 8
-19 0 9 8
-19 0 10 8
-19 0 11 8
-19 0 12 8
-19 0 13 8
-19 0 14 8
-19 0 15 8
-19 0 16 8
-19 0 17 8
-19 0 18 8
-19 0 19 7
-19 0 20 7
-19 0 21 7
-19 0 22 7
-19 0 23 7
-19 0 24 7
-19 0 25 7
-19 0 26 7
-19 0 27 7
-19 0 28 7
-19 0 29 7
-19 0 30 7
-19 0 31 6
-18 0 -32 5
-18 0 -31 7
-18 0 -30 7
-18 0 -29 7
-18 0 -28 7
-18 0 -27 7
-18 0 -26 7
-18 0 -25 7
-18 0 -24 2
-18 0 -23 2
-18 0 -22 2
-18 0 -21 7
-18 0 -20 7
-18 0 -19 8
-18 0 -18 8
-18 0 -17 8
-18 0 -16 8
-18 0 -15 8
-18 0 -14 8
-18 0 -13 8
-18 0 -12 8
-18 0 -11 8
-18 0 -10 8
-18 0 -9 8
-18 0 -8 8
-18 0 -7 8
-18 0 -6 8
-18 0 -5 8
-18 0 -4 8
-18 0 -3 8
-18 0 -2 8
-18 0 -1 8
-18 0 0 8
-18 0 1 8
-18 0 2 8
-18 0 3 8
-18 0 4 8
-18 0 5 8
-18 0 6 8
-18 0 7 8
-18 0 8 8
-18 0 9 8
-18 0 10 8
-18 0 11 8
-18 0 12 8
-18 0 13 8
-18 0 14 8
-18 0 15 8
-18 0 16 8
-18 0 17 8
-18 0 18 8
-18 0 19 8
-18 0 20 7
-18 0 21 7
-18 0 22 15
-18 0 23 2
-18 0 24 2
-18 0 25 7
-18 0 26 7
-18 0 27 7
-18 0 28 7
-18 0 29 7
-18 0 30 7
-18 0 31 7
-18 0 32 6
-17 0 -33 5
-17 0 -32 5
-17 0 -31 7
-17 0 -30 7
-17 0 -29 7
-17 0 -28 7
-17 0 -27 7
-17 0 -26 7
-17 0 -25 7
-17 0 -24 2
-17 0 -23 2
-17 0 -22 2
-17 0 -21 15
-17 0 -20 7
-17 0 -19 8
-17 0 -18 8
-17 0 -17 8
-17 0 -16 8
-17 0 -15 8
-17 0 -14 8
-17 0 -13 8
-17 0 -12 8
-17 0 -11 8
-17 0 -10 8
-17 0 -9 8
-17 0 -8 8
-17 0 -7 8
-17 0 -6 8
-17 0 -5 8
-17 0 -4 8
-17 0 -3 8
-17 0 -2 8
-17 0 -1 8
-17 0 0 8
-17 0 1 8
-17 0 2 8
-17 0 3 8
-17 0 4 8
-17 0 5 8
-17 0 6 8
-17 0 7 8
-17 0 8 8
-17 0 9 8
-17 0 10 8
-17 0 11 8
-17 0 12 8
-17 0 13 8
-17 0 14 8
-17 0 15 8
-17 0 16 8
-17 0 17 8
-17 0 18 8
-17 0 19 8
-17 0 20 7
-17 0 21 2
-17 0 22 2
-17 0 23 15
-17 0 24 2
-17 0 25 7
-17 0 26 7
-17 0 27 7
-17 0 28 7
-17 0 29 7
-17 0 30 7
-17 0 31 7
-17 0 32 6
-17 0 33 6
-16 0 -33 5
-16 0 -32 7
-16 0 -31 7
-16 0 -30 7
-16 0 -29 7
-16 0 -28 7
-16 0 -27 7
-16 0 -26 7
-16 0 -25 2
-16 0 -24 18
-16 0 -23 2
-16 0 -22 2
-16 0 -21 2
-16 0 -20 8
-16 0 -19 8
-16 0 -18 8
-16 0 -17 8
-16 0 -16 8
-16 0 -15 8
-16 0 -14 8
-16 0 -13 8
-16 0 -12 8
-16 0 -11 8
-16 0 -10 8
-16 0 -9 8
-16 0 -8 8
-16 0 -7 8
-16 0 -6 8
-16 0 -5 8
-16 0 -4 8
-16 0 -3 8
-16 0 -2 8
-16 0 -1 4
-16 0 0 2
-16 0 1 4
-16 0 2 8
-16 0 3 8
-16 0 4 8
-16 0 5 8
-16 0 6 8
-16 0 7 8
-16 0 8 8
-16 0 9 8
-16 0 10 8
-16 0 11 8
-16 0 12 8
-16 0 13 8
-16 0 14 8
-16 0 15 8
-16 0 16 8
-16 0 17 8
-16 0 18 8
-16 0 19 8
-16 0 20 8
-16 0 21 15
-16 0 22 2
-16 0 23 2
-16 0 24 18
-16 0 25 2
-16 0 26 7
-16 0 27 7
-16 0 28 7
-16 0 29 7
-16 0 30 7
-16 0 31 7
-16 0 32 7
-16 0 33 6
-15 0 -34 5
-15 0 -33 5
-15 0 -32 7
-15 0 -31 7
-15 0 -30 7
-15 0 -29 7
-15 0 -28 7
-15 0 -27 7
-15 0 -26 7
-15 0 -25 2
-15 0 -24 2
-15 0 -23 2
-15 0 -22 15
-15 0 -21 8
-15 0 -20 8
-15 0 -19 8
-15 0 -18 8
-15 0 -17 8
-15 0 -16 8
-15 0 -15 8
-15 0 -14 8
-15 0 -13 8
-15 0 -12 8
-15 0 -11 8
-15 0 -10 8
-15 0 -9 8
-15 0 -8 8
-15 0 -7 8
-15 0 -6 8
-15 0 -5 8
-15 0 -4 8
-15 0 -3 8
-15 0 -2 8
-15 0 -1 2
-15 0 0 15
-15 0 1 2
-15 0 2 8
-15 0 3 8
-15 0 4 8
-15 0 5 8
-15 0 6 8
-15 0 7 8
-15 0 8 8
-15 0 9 8
-15 0 10 8
-15 0 11 8
-15 0 12 8
-15 0 13 8
-15 0 14 8
-15 0 15 8
-15 0 16 8
-15 0 17 8
-15 0 18 8
-15 0 19 8
-15 0 20 8
-15 0 21 8
-15 0 22 2
-15 0 23 15
-15 0 24 2
-15 0 25 2
-15 0 26 7
-15 0 27 7
-15 0 28 7
-15 0 29 7
-15 0 30 7
-15 0 31 7
-15 0 32 7
-15 0 33 6
-15 0 34 6
-14 0 -34 5
-14 0 -33 7
-14 0 -32 7
-14 0 -31 7
-14 0 -30 7
-14 0 -29 7
-14 0 -28 7
-14 0 -27 7
-14 0 -26 2
-14 0 -25 15
-14 0 -24 15
-14 0 -23 15
-14 0 -22 8
-14 0 -21 8
-14 0 -20 8
-14 0 -19 8
-14 0 -18 8
-14 0 -17 8
-14 0 -16 8
-14 0 -15 8
-14 0 -14 8
-14 0 -13 8
-14 0 -12 8
-14 0 -11 8
-14 0 -10 8
-14 0 -9 8
-14 0 -8 8
-14 0 -7 8
-14 0 -6 8
-14 0 -5 8
-14 0 -4 8
-14 0 -3 8
-14 0 -2 8
-14 0 -1 4
-14 0 0 2
-14 0 1 4
-14 0 2 8
-14 0 3 8
-14 0 4 8
-14 0 5 8
-14 0 6 8
-14 0 7 8
-14 0 8 8
-14 0 9 8
-14 0 10 8
-14 0 11 8
-14 0 12 8
-14 0 13 8
-14 0 14 8
-14 0 15 8
-14 0 16 8
-14 0 17 8
-14 0 18 8
-14 0 19 8
-14 0 20 8
-14 0 21 8
-14 0 22 8
-14 0 23 2
-14 0 24 15
-14 0 25 15
-14 0 26 15
-14 0 27 7
-14 0 28 7
-14 0 29 7
-14 0 30 7
-14 0 31 7
-14 0 32 7
-14 0 33 7
-14 0 34 6
-13 0 -34 5
-13 0 -33 7
-13 0 -32 7
-13 0 -31 7
-13 0 -30 7
-13 0 -29 7
-13 0 -28 7
-13 0 -27 7
-13 0 -26 7
-13 0 -25 7
-13 0 -24 2
-13 0 -23 15
-13 0 -22 8
-13 0 -21 8
-13 0 -20 8
-13 0 -19 8
-13 0 -18 8
-13 0 -17 8
-13 0 -16 8
-13 0 -15 8
-13 0 -14 8
-13 0 -13 8
-13 0 -12 8
-13 0 -11 8
-13 0 -10 8
-13 0 -9 8
-13 0 -8 8
-13 0 -7 8
-13 0 -6 8
-13 0 -5 8
-13 0 -4 8
-13 0 -3 8
-13 0 -2 8
-13 0 -1 8
-13 0 0 8
-13 0 1 8
-13 0 2 8
-13 0 3 8
-13 0 4 8
-13 0 5 8
-13 0 6 8
-13 0 7 8
-13 0 8 8
-13 0 9 8
-13 0 10 8
-13 0 11 8
-13 0 12 8
-13 0 13 8
-13 0 14 8
-13 0 15 8
-13 0 16 8
-13 0 17 8
-13 0 18 8
-13 0 19 8
-13 0 20 8
-13 0 21 8
-13 0 22 8
-13 0 23 2
-13 0 24 2
-13 0 25 7
-13 0 26 7
-13 0 27 7
-13 0 28 7
-13 0 29 7
-13 0 30 7
-13 0 31 7
-13 0 32 7
-13 0 33 7
-13 0 34 6
-12 0 -35 5
-12 0 -34 7
-12 0 -33 7
-12 0 -32 7
-12 0 -31 7
-12 0 -30 7
-12 0 -29 7
-12 0 -28 7
-12 0 -27 7
-12 0 -26 7
-12 0 -25 7
-12 0 -24 7
-12 0 -23 8
-12 0 -22 8
-12 0 -21 8
-12 0 -20 8
-12 0 -19 8
-12 0 -18 8
-12 0 -17 8
-12 0 -16 8
-12 0 -15 8
-12 0 -14 8
-12 0 -13 8
-12 0 -12 4
-12 0 -11 2
-12 0 -10 4
-12 0 -9 8
-12 0 -8 8
-12 0 -7 8
-12 0 -6 8
-12 0 -5 8
-12 0 -4 8
-12 0 -3 8
-12 0 -2 8
-12 0 -1 8
-12 0 0 8
-12 0 1 8
-12 0 2 8
-12 0 3 8
-12 0 4 8
-12 0 5 8
-12 0 6 8
-12 0 7 8
-12 0 8 8
-12 0 9 8
-12 0 10 4
-12 0 11 2
-12 0 12 4
-12 0 13 8
-12 0 14 8
-12 0 15 8
-12 0 16 8
-12 0 17 8
-12 0 18 8
-12 0 19 8
-12 0 20 8
-12 0 21 8
-12 0 22 8
-12 0 23 8
-12 0 24 7
-12 0 25 7
-12 0 26 7
-12 0 27 7
-12 0 28 7
-12 0 29 7
-12 0 30 7
-12 0 31 7
-12 0 32 7
-12 0 33 7
-12 0 34 7
-12 0 35 6
-11 0 -35 5
-11 0 -34 7
-11 0 -33 7
-11 0 -32 7
-11 0 -31 7
-11 0 -30 7
-11 0 -29 7
-11 0 -28 7
-11 0 -27 7
-11 0 -26 7
-11 0 -25 7
-11 0 -24 7
-11 0 -23 8
-11 0 -22 8
-11 0 -21 8
-11 0 -20 8
-11 0 -19 8
-11 0 -18 8
-11 0 -17 8
-11 0 -16 8
-11 0 -15 8
-11 0 -14 8
-11 0 -13 8
-11 0 -12 2
-11 0 -11 15
-11 0 -10 2
-11 0 -9 8
-11 0 -8 8
-11 0 -7 8
-11 0 -6 8
-11 0 -5 8
-11 0 -4 8
-11 0 -3 8
-11 0 -2 8
-11 0 -1 8
-11 0 0 8
-11 0 1 8
-11 0 2 8
-11 0 3 8
-11 0 4 8
-11 0 5 8
-11 0 6 8
-11 0 7 8
-11 0 8 8
-11 0 9 8
-11 0 10 2
-11 0 11 15
-11 0 12 2
-11 0 13 8
-11 0 14 8
-11 0 15 8
-11 0 16 8
-11 0 17 8
-11 0 18 8
-11 0 19 8
-11 0 20 8
-11 0 21 8
-11 0 22 8
-11 0 23 8
-11 0 24 7
-11 0 25 7
-11 0 26 7
-11 0 27 7
-11 0 28 7
-11 0 29 7
-11 0 30 7
-11 0 31 7
-11 0 32 7
-11 0 33 7
-11 0 34 7
-11 0 35 6
-10 0 -35 5
-10 0 -34 7
-10 0 -33 7
-10 0 -32 7
-10 0 -31 7
-10 0 -30 7
-10 0 -29 7
-10 0 -28 7
-10 0 -27 7
-10 0 -26 7
-10 0 -25 7
-10 0 -24 8
-10 0 -23 8
-10 0 -22 8
-10 0 -21 8
-10 0 -20 8
-10 0 -19 8
-10 0 -18 8
-10 0 -17 8
-10 0 -16 8
-10 0 -15 8
-10 0 -14 8
-10 0 -13 8
-10 0 -12 4
-10 0 -11 2
-10 0 -10 4
-10 0 -9 8
-10 0 -8 8
-10 0 -7 8
-10 0 -6 8
-10 0 -5 8
-10 0 -4 8
-10 0 -3 8
-10 0 -2 3
-10 0 -1 3
-10 0 0 3
-10 0 1 3
-10 0 2 3
-10 0 3 8
-10 0 4 8
-10 0 5 8
-10 0 6 8
-10 0 7 8
-10 0 8 8
-10 0 9 8
-10 0 10 4
-10 0 11 2
-10 0 12 4
-10 0 13 8
-10 0 14 8
-10 0 15 8
-10 0 16 8
-10 0 17 8
-10 0 18 8
-10 0 19 8
-10 0 20 8
-10 0 21 8
-10 0 22 8
-10 0 23 8
-10 0 24 8
-10 0 25 7
-10 0 26 7
-10 0 27 7
-10 0 28 7
-10 0 29 7
-10 0 30 7
-10 0 31 7
-10 0 32 7
-10 0 33 7
-10 0 34 7
-10 0 35 6
-9 0 -36 5
-9 0 -35 7
-9 0 -34 7
-9 0 -33 7
-9 0 -32 7
-9 0 -31 7
-9 0 -30 7
-9 0 -29 7
-9 0 -28 7
-9 0 -27 7
-9 0 -26 7
-9 0 -25 7
-9 0 -24 8
-9 0 -23 8
-9 0 -22 8
-9 0 -21 8
-9 0 -20 8
-9 0 -19 8
-9 0 -18 8
-9 0 -17 8
-9 0 -16 8
-9 0 -15 8
-9 0 -14 8
-9 0 -13 8
-9 0 -12 8
-9 0 -11 8
-9 0 -10 8
-9 0 -9 8
-9 0 -8 8
-9 0 -7 8
-9 0 -6 8
-9 0 -5 8
-9 0 -4 3
-9 0 -3 3
-9 0 -2 3
-9 0 -1 7
-9 0 0 7
-9 0 1 7
-9 0 2 3
-9 0 3 3
-9 0 4 3
-9 0 5 8
-9 0 6 8
-9 0 7 8
-9 0 8 8
-9 0 9 8
-9 0 10 8
-9 0 11 8
-9 0 12 8
-9 0 13 8
-9 0 14 8
-9 0 15 8
-9 0 16 8
-9 0 17 8
-9 0 18 8
-9 0 19 8
-9 0 20 8
-9 0 21 8
-9 0 22 8
-9 0 23 8
-9 0 24 8
-9 0 25 7
-9 0 26 7
-9 0 27 7
-9 0 28 7
-9 0 29 7
-9 0 30 7
-9 0 31 7
-9 0 32 7
-9 0 33 7
-9 0 34 7
-9 0 35 7
-9 0 36 6
-8 0 -36 5
-8 0 -35 7
-8 0 -34 7
-8 0 -33 7
-8 0 -32 7
-8 0 -31 7
-8 0 -30 7
-8 0 -29 7
-8 0 -28 15
-8 0 -27 15
-8 0 -26 7
-8 0 -25 7
-8 0 -24 8
-8 0 -23 8
-8 0 -22 8
-8 0 -21 8
-8 0 -20 8
-8 0 -19 8
-8 0 -18 8
-8 0 -17 8
-8 0 -16 8
-8 0 -15 8
-8 0 -14 8
-8 0 -13 8
-8 0 -12 8
-8 0 -11 8
-8 0 -10 8
-8 0 -9 8
-8 0 -8 8
-8 0 -7 8
-8 0 -6 3
-8 0 -5 3
-8 0 -4 7
-8 0 -3 7
-8 0 -2 19
-8 0 -1 19
-8 0 0 19
-8 0 1 7
-8 0 2 7
-8 0 3 7
-8 0 4 7
-8 0 5 3
-8 0 6 3
-8 0 7 8
-8 0 8 8
-8 0 9 8
-8 0 10 8
-8 0 11 8
-8 0 12 8
-8 0 13 8
-8 0 14 8
-8 0 15 8
-8 0 16 8
-8 0 17 8
-8 0 18 8
-8 0 19 8
-8 0 20 8
-8 0 21 8
-8 0 22 8
-8 0 23 8
-8 0 24 8
-8 0 25 7
-8 0 26 7
-8 0 27 15
-8 0 28 2
-8 0 29 7
-8 0 30 7
-8 0 31 7
-8 0 32 7
-8 0 33 7
-8 0 34 7
-8 0 35 7
-8 0 36 6
-7 0 -36 5
-7 0 -35 7
-7 0 -34 7
-7 0 -33 7
-7 0 -32 7
-7 0 -31 7
-7 0 -30 7
-7 0 -29 2
-7 0 -28 15
-7 0 -27 2
-7 0 -26 15
-7 0 -25 8
-7 0 -24 8
-7 0 -23 8
-7 0 -22 8
-7 0 -21 8
-7 0 -20 8
-7 0 -19 8
-7 0 -18 8
-7 0 -17 8
-7 0 -16 8
-7 0 -15 8
-7 0 -14 8
-7 0 -13 8
-7 0 -12 8
-7 0 -11 8
-7 0 -10 8
-7 0 -9 8
-7 0 -8 8
-7 0 -7 20
-7 0 -6 3
-7 0 -5 7
-7 0 -4 7
-7 0 -3 7
-7 0 -2 7
-7 0 -1 7
-7 0 0 7
-7 0 1 7
-7 0 2 7
-7 0 3 19
-7 0 4 19
-7 0 5 7
-7 0 6 3
-7 0 7 21
-7 0 8 8
-7 0 9 8
-7 0 10 8
-7 0 11 8
-7 0 12 8
-7 0 13 8
-7 0 14 8
-7 0 15 8
-7 0 16 8
-7 0 17 8
-7 0 18 8
-7 0 19 8
-7 0 20 8
-7 0 21 8
-7 0 22 8
-7 0 23 8
-7 0 24 8
-7 0 25 8
-7 0 26 2
-7 0 27 2
-7 0 28 15
-7 0 29 15
-7 0 30 7
-7 0 31 7
-7 0 32 7
-7 0 33 7
-7 0 34 7
-7 0 35 7
-7 0 36 6
-6 0 -36 5
-6 0 -35 7
-6 0 -34 7
-6 0 -33 7
-6 0 -32 7
-6 0 -31 7
-6 0 -30 7
-6 0 -29 15
-6 0 -28 18
-6 0 -27 15
-6 0 -26 2
-6 0 -25 8
-6 0 -24 8
-6 0 -23 8
-6 0 -22 8
-6 0 -21 8
-6 0 -20 8
-6 0 -19 8
-6 0 -18 8
-6 0 -17 8
-6 0 -16 8
-6 0 -15 8
-6 0 -14 8
-6 0 -13 8
-6 0 -12 8
-6 0 -11 8
-6 0 -10 8
-6 0 -9 8
-6 0 -8 5
-6 0 -7 5
-6 0 -6 7
-6 0 -5 19
-6 0 -4 7
-6 0 -3 7
-6 0 -2 7
-6 0 -1 7
-6 0 0 7
-6 0 1 7
-6 0 2 7
-6 0 3 7
-6 0 4 7
-6 0 5 7
-6 0 6 7
-6 0 7 6
-6 0 8 6
-6 0 9 8
-6 0 10 8
-6 0 11 8
-6 0 12 8
-6 0 13 8
-6 0 14 8
-6 0 15 8
-6 0 16 8
-6 0 17 8
-6 0 18 8
-6 0 19 8
-6 0 20 8
-6 0 21 8
-6 0 22 8
-6 0 23 8
-6 0 24 8
-6 0 25 8
-6 0 26 15
-6 0 27 15
-6 0 28 18
-6 0 29 15
-6 0 30 7
-6 0 31 7
-6 0 32 7
-6 0 33 7
-6 0 34 7
-6 0 35 7
-6 0 36 6
-5 0 -36 5
-5 0 -35 7
-5 0 -34 7
-5 0 -33 7
-5 0 -32 7
-5 0 -31 7
-5 0 -30 7
-5 0 -29 2
-5 0 -28 2
-5 0 -27 2
-5 0 -26 15
-5 0 -25 8
-5 0 -24 8
-5 0 -23 8
-5 0 -22 8
-5 0 -21 8
-5 0 -20 8
-5 0 -19 8
-5 0 -18 8
-5 0 -17 8
-5 0 -16 8
-5 0 -15 8
-5 0 -14 8
-5 0 -13 8
-5 0 -12 8
-5 0 -11 8
-5 0 -10 8
-5 0 -9 8
-5 0 -8 5
-5 0 -7 7
-5 0 -6 7
-5 0 -5 7
-5 0 -4 7
-5 0 -3 7
-5 0 -2 7
-5 0 -1 7
-5 0 0 7
-5 0 1 7
-5 0 2 7
-5 0 3 7
-5 0 4 7
-5 0 5 7
-5 0 6 19
-5 0 7 7
-5 0 8 6
-5 0 9 8
-5 0 10 8
-5 0 11 8
-5 0 12 8
-5 0 13 8
-5 0 14 8
-5 0 15 8
-5 0 16 8
-5 0 17 8
-5 0 18 8
-5 0 19 8
-5 0 20 8
-5 0 21 8
-5 0 22 8
-5 0 23 8
-5 0 24 8
-5 0 25 8
-5 0 26 2
-5 0 27 2
-5 0 28 2
-5 0 29 2
-5 0 30 7
-5 0 31 7
-5 0 32 7
-5 0 33 7
-5 0 34 7
-5 0 35 7
-5 0 36 6
-4 0 -36 5
-4 0 -35 7
-4 0 -34 7
-4 0 -33 7
-4 0 -32 7
-4 0 -31 7
-4 0 -30 7
-4 0 -29 2
-4 0 -28 2
-4 0 -27 2
-4 0 -26 2
-4 0 -25 8
-4 0 -24 8
-4 0 -23 8
-4 0 -22 8
-4 0 -21 8
-4 0 -20 8
-4 0 -19 8
-4 0 -18 8
-4 0 -17 8
-4 0 -16 8
-4 0 -15 8
-4 0 -14 8
-4 0 -13 8
-4 0 -12 8
-4 0 -11 8
-4 0 -10 8
-4 0 -9 5
-4 0 -8 7
-4 0 -7 19
-4 0 -6 7
-4 0 -5 7
-4 0 -4 7
-4 0 -3 7
-4 0 -2 7
-4 0 -1 7
-4 0 0 7
-4 0 1 7
-4 0 2 7
-4 0 3 7
-4 0 4 7
-4 0 5 7
-4 0 6 7
-4 0 7 7
-4 0 8 7
-4 0 9 6
-4 0 10 8
-4 0 11 8
-4 0 12 8
-4 0 13 8
-4 0 14 8
-4 0 15 8
-4 0 16 8
-4 0 17 8
-4 0 18 8
-4 0 19 8
-4 0 20 8
-4 0 21 8
-4 0 22 8
-4 0 23 8
-4 0 24 8
-4 0 25 8
-4 0 26 2
-4 0 27 2
-4 0 28 2
-4 0 29 15
-4 0 30 7
-4 0 31 7
-4 0 32 7
-4 0 33 7
-4 0 34 7
-4 0 35 7
-4 0 36 6
-3 0 -37 5
-3 0 -36 7
-3 0 -35 7
-3 0 -34 7
-3 0 -33 7
-3 0 -32 7
-3 0 -31 7
-3 0 -30 7
-3 0 -29 2
-3 0 -28 2
-3 0 -27 2
-3 0 -26 8
-3 0 -25 8
-3 0 -24 8
-3 0 -23 8
-3 0 -22 8
-3 0 -21 8
-3 0 -20 8
-3 0 -19 8
-3 0 -18 8
-3 0 -17 8
-3 0 -16 8
-3 0 -15 8
-3 0 -14 8
-3 0 -13 8
-3 0 -12 8
-3 0 -11 8
-3 0 -10 8
-3 0 -9 5
-3 0 -8 7
-3 0 -7 19
-3 0 -6 7
-3 0 -5 7
-3 0 -4 7
-3 0 -3 7
-3 0 -2 7
-3 0 -1 7
-3 0 0 7
-3 0 1 7
-3 0 2 7
-3 0 3 7
-3 0 4 7
-3 0 5 7
-3 0 6 7
-3 0 7 7
-3 0 8 7
-3 0 9 6
-3 0 10 8
-3 0 11 8
-3 0 12 8
-3 0 13 8
-3 0 14 8
-3 0 15 8
-3 0 16 8
-3 0 17 8
-3 0 18 8
-3 0 19 8
-3 0 20 8
-3 0 21 8
-3 0 22 8
-3 0 23 8
-3 0 24 8
-3 0 25 8
-3 0 26 8
-3 0 27 2
-3 0 28 2
-3 0 29 15
-3 0 30 7
-3 0 31 7
-3 0 32 7
-3 0 33 7
-3 0 34 7
-3 0 35 7
-3 0 36 7
-3 0 37 6
-2 0 -37 5
-2 0 -36 7
-2 0 -35 7
-2 0 -34 7
-2 0 -33 7
-2 0 -32 7
-2 0 -31 7
-2 0 -30 7
-2 0 -29 7
-2 0 -28 7
-2 0 -27 7
-2 0 -26 8
-2 0 -25 8
-2 0 -24 8
-2 0 -23 8
-2 0 -22 8
-2 0 -21 8
-2 0 -20 8
-2 0 -19 8
-2 0 -18 8
-2 0 -17 8
-2 0 -16 8
-2 0 -15 8
-2 0 -14 8
-2 0 -13 8
-2 0 -12 8
-2 0 -11 8
-2 0 -10 5
-2 0 -9 5
-2 0 -8 7
-2 0 -7 7
-2 0 -6 7
-2 0 -5 7
-2 0 -4 7
-2 0 -3 7
-2 0 -2 7
-2 0 -1 7
-2 0 0 7
-2 0 1 7
-2 0 2 7
-2 0 3 7
-2 0 4 7
-2 0 5 7
-2 0 6 7
-2 0 7 7
-2 0 8 19
-2 0 9 6
-2 0 10 6
-2 0 11 8
-2 0 12 8
-2 0 13 8
-2 0 14 8
-2 0 15 8
-2 0 16 8
-2 0 17 8
-2 0 18 8
-2 0 19 8
-2 0 20 8
-2 0 21 8
-2 0 22 8
-2 0 23 8
-2 0 24 8
-2 0 25 8
-2 0 26 8
-2 0 27 7
-2 0 28 7
-2 0 29 7
-2 0 30 7
-2 0 31 7
-2 0 32 7
-2 0 33 7
-2 0 34 7
-2 0 35 7
-2 0 36 7
-2 0 37 6
-1 0 -37 5
-1 0 -36 7
-1 0 -35 7
-1 0 -34 7
-1 0 -33 7
-1 0 -32 7
-1 0 -31 7
-1 0 -30 7
-1 0 -29 7
-1 0 -28 7
-1 0 -27 7
-1 0 -26 8
-1 0 -25 8
-1 0 -24 8
-1 0 -23 8
-1 0 -22 8
-1 0 -21 8
-1 0 -20 8
-1 0 -19 8
-1 0 -18 8
-1 0 -17 8
-1 0 -16 4
-1 0 -15 2
-1 0 -14 4
-1 0 -13 8
-1 0 -12 8
-1 0 -11 8
-1 0 -10 5
-1 0 -9 7
-1 0 -8 7
-1 0 -7 7
-1 0 -6 7
-1 0 -5 7
-1 0 -4 7
-1 0 -3 7
-1 0 -2 7
-1 0 -1 7
-1 0 0 7
-1 0 1 7
-1 0 2 7
-1 0 3 7
-1 0 4 7
-1 0 5 7
-1 0 6 7
-1 0 7 7
-1 0 8 19
-1 0 9 7
-1 0 10 6
-1 0 11 8
-1 0 12 8
-1 0 13 8
-1 0 14 4
-1 0 15 2
-1 0 16 4
-1 0 17 8
-1 0 18 8
-1 0 19 8
-1 0 20 8
-1 0 21 8
-1 0 22 8
-1 0 23 8
-1 0 24 8
-1 0 25 8
-1 0 26 8
-1 0 27 7
-1 0 28 7
-1 0 29 7
-1 0 30 7
-1 0 31 7
-1 0 32 7
-1 0 33 7
-1 0 34 7
-1 0 35 7
-1 0 36 7
-1 0 37 6
0 0 -37 5
0 0 -36 7
0 0 -35 7
0 0 -34 7
0 0 -33 7
0 0 -32 7
0 0 -31 7
0 0 -30 7
0 0 -29 7
0 0 -28 7
0 0 -27 7
0 0 -26 8
0 0 -25 8
0 0 -24 8
0 0 -23 8
0 0 -22 8
0 0 -21 8
0 0 -20 8
0 0 -19 8
0 0 -18 8
0 0 -17 8
0 0 -16 2
0 0 -15 2
0 0 -14 2
0 0 -13 8
0 0 -12 8
0 0 -11 8
0 0 -10 5
0 0 -9 7
0 0 -8 19
0 0 -7 7
0 0 -6 7
0 0 -5 7
0 0 -4 7
0 0 -3 7
0 0 -2 7
0 0 -1 7
0 0 0 7
0 0 1 7
0 0 2 7
0 0 3 7
0 0 4 7
0 0 5 7
0 0 6 7
0 0 7 7
0 0 8 19
0 0 9 7
0 0 10 6
0 0 11 8
0 0 12 8
0 0 13 8
0 0 14 2
0 0 15 2
0 0 16 2
0 0 17 8
0 0 18 8
0 0 19 8
0 0 20 8
0 0 21 8
0 0 22 8
0 0 23 8
0 0 24 8
0 0 25 8
0 0 26 8
0 0 27 7
0 0 28 7
0 0 29 7
0 0 30 7
0 0 31 7
0 0 32 7
0 0 33 7
0 0 34 7
0 0 35 7
0 0 36 7
0 0 37 6
1 0 -37 5
1 0 -36 7
1 0 -35 7
1 0 -34 7
1 0 -33 7
1 0 -32 7
1 0 -31 7
1 0 -30 7
1 0 -29 7
1 0 -28 7
1 0 -27 7
1 0 -26 8
1 0 -25 8
1 0 -24 8
1 0 -23 8
1 0 -22 8
1 0 -21 8
1 0 -20 8
1 0 -19 8
1 0 -18 8
1 0 -17 8
1 0 -16 4
1 0 -15 2
1 0 -14 4
1 0 -13 8
1 0 -12 8
1 0 -11 8
1 0 -10 5
1 0 -9 7
1 0 -8 19
1 0 -7 7
1 0 -6 7
1 0 -5 7
1 0 -4 7
1 0 -3 7
1 0 -2 7
1 0 -1 7
1 0 0 7
1 0 1 7
1 0 2 7
1 0 3 7
1 0 4 7
1 0 5 7
1 0 6 7
1 0 7 7
1 0 8 7
1 0 9 7
1 0 10 6
1 0 11 8
1 0 12 8
1 0 13 8
1 0 14 4
1 0 15 2
1 0 16 4
1 0 17 8
1 0 18 8
1 0 19 8
1 0 20 8
1 0 21 8
1 0 22 8
1 0 23 8
1 0 24 8
1 0 25 8
1 0 26 8
1 0 27 7
1 0 28 7
1 0 29 7
1 0 30 7
1 0 31 7
1 0 32 7
1 0 33 7
1 0 34 7
1 0 35 7
1 0 36 7
1 0 37 6
2 0 -37 5
2 0 -36 7
2 0 -35 7
2 0 -34 7
2 0 -33 7
2 0 -32 7
2 0 -31 7
2 0 -30 7
2 0 -29 7
2 0 -28 7
2 0 -27 7
2 0 -26 8
2 0 -25 8
2 0 -24 8
2 0 -23 8
2 0 -22 8
2 0 -21 8
2 0 -20 8
2 0 -19 8
2 0 -18 8
2 0 -17 8
2 0 -16 8
2 0 -15 8
2 0 -14 8
2 0 -13 8
2 0 -12 8
2 0 -11 8
2 0 -10 5
2 0 -9 5
2 0 -8 19
2 0 -7 7
2 0 -6 7
2 0 -5 7
2 0 -4 7
2 0 -3 7
2 0 -2 7
2 0 -1 7
2 0 0 7
2 0 1 7
2 0 2 7
2 0 3 7
2 0 4 7
2 0 5 7
2 0 6 7
2 0 7 7
2 0 8 7
2 0 9 6
2 0 10 6
2 0 11 8
2 0 12 8
2 0 13 8
2 0 14 8
2 0 15 8
2 0 16 8
2 0 17 8
2 0 18 8
2 0 19 8
2 0 20 8
2 0 21 8
2 0 22 8
2 0 23 8
2 0 24 8
2 0 25 8
2 0 26 8
2 0 27 7
2 0 28 7
2 0 29 7
2 0 30 7
2 0 31 7
2 0 32 7
2 0 33 7
2 0 34 7
2 0 35 7
2 0 36 7
2 0 37 6
3 0 -37 5
3 0 -36 7
3 0 -35 7
3 0 -34 7
3 0 -33 7
3 0 -32 7
3 0 -31 7
3 0 -30 7
3 0 -29 15
3 0 -28 2
3 0 -27 2
3 0 -26 8
3 0 -25 8
3 0 -24 8
3 0 -23 8
3 0 -22 8
3 0 -21 8
3 0 -20 8
3 0 -19 8
3 0 -18 8
3 0 -17 8
3 0 -16 8
3 0 -15 8
3 0 -14 8
3 0 -13 8
3 0 -12 8
3 0 -11 8
3 0 -10 8
3 0 -9 5
3 0 -8 7
3 0 -7 7
3 0 -6 7
3 0 -5 7
3 0 -4 7
3 0 -3 7
3 0 -2 7
3 0 -1 7
3 0 0 7
3 0 1 7
3 0 2 7
3 0 3 7
3 0 4 7
3 0 5 7
3 0 6 7
3 0 7 19
3 0 8 7
3 0 9 6
3 0 10 8
3 0 11 8
3 0 12 8
3 0 13 8
3 0 14 8
3 0 15 8
3 0 16 8
3 0 17 8
3 0 18 8
3 0 19 8
3 0 20 8
3 0 21 8
3 0 22 8
3 0 23 8
3 0 24 8
3 0 25 8
3 0 26 8
3 0 27 2
3 0 28 15
3 0 29 2
3 0 30 7
3 0 31 7
3 0 32 7
3 0 33 7
3 0 34 7
3 0 35 7
3 0 36 7
3 0 37 6
4 0 -36 5
4 0 -35 7
4 0 -34 7
4 0 -33 7
4 0 -32 7
4 0 -31 7
4 0 -30 7
4 0 -29 15
4 0 -28 2
4 0 -27 15
4 0 -26 15
4 0 -25 8
4 0 -24 8
4 0 -23 8
4 0 -22 8
4 0 -21 8
4 0 -20 8
4 0 -19 8
4 0 -18 8
4 0 -17 8
4 0 -16 8
4 0 -15 8
4 0 -14 8
4 0 -13 8
4 0 -12 8
4 0 -11 8
4 0 -10 8
4 0 -9 5
4 0 -8 7
4 0 -7 7
4 0 -6 7
4 0 -5 7
4 0 -4 7
4 0 -3 7
4 0 -2 7
4 0 -1 7
4 0 0 7
4 0 1 7
4 0 2 7
4 0 3 7
4 0 4 7
4 0 5 7
4 0 6 7
4 0 7 19
4 0 8 7
4 0 9 6
4 0 10 8
4 0 11 8
4 0 12 8
4 0 13 8
4 0 14 8
4 0 15 8
4 0 16 8
4 0 17 8
4 0 18 8
4 0 19 8
4 0 20 8
4 0 21 8
4 0 22 8
4 0 23 8
4 0 24 8
4 0 25 8
4 0 26 15
4 0 27 15
4 0 28 2
4 0 29 15
4 0 30 7
4 0 31 7
4 0 32 7
4 0 33 7
4 0 34 7
4 0 35 7
4 0 36 6
5 0 -36 5
5 0 -35 7
5 0 -34 7
5 0 -33 7
5 0 -32 7
5 0 -31 7
5 0 -30 7
5 0 -29 2
5 0 -28 2
5 0 -27 2
5 0 -26 15
5 0 -25 8
5 0 -24 8
5 0 -23 8
5 0 -22 8
5 0 -21 8
5 0 -20 8
5 0 -19 8
5 0 -18 8
5 0 -17 8
5 0 -16 8
5 0 -15 8
5 0 -14 8
5 0 -13 8
5 0 -12 8
5 0 -11 8
5 0 -10 8
5 0 -9 8
5 0 -8 5
5 0 -7 7
5 0 -6 19
5 0 -5 7
5 0 -4 7
5 0 -3 7
5 0 -2 7
5 0 -1 7
5 0 0 7
5 0 1 7
5 0 2 7
5 0 3 7
5 0 4 7
5 0 5 7
5 0 6 7
5 0 7 7
5 0 8 6
5 0 9 8
5 0 10 8
5 0 11 8
5 0 12 8
5 0 13 8
5 0 14 8
5 0 15 8
5 0 16 8
5 0 17 8
5 0 18 8
5 0 19 8
5 0 20 8
5 0 21 8
5 0 22 8
5 0 23 8
5 0 24 8
5 0 25 8
5 0 26 15
5 0 27 2
5 0 28 2
5 0 29 2
5 0 30 7
5 0 31 7
5 0 32 7
5 0 33 7
5 0 34 7
5 0 35 7
5 0 36 6
6 0 -36 5
6 0 -35 7
6 0 -34 7
6 0 -33 7
6 0 -32 7
6 0 -31 7
6 0 -30 7
6 0 -29 15
6 0 -28 18
6 0 -27 2
6 0 -26 15
6 0 -25 8
6 0 -24 8
6 0 -23 8
6 0 -22 8
6 0 -21 8
6 0 -20 8
6 0 -19 8
6 0 -18 8
6 0 -17 8
6 0 -16 8
6 0 -15 8
6 0 -14 8
6 0 -13 8
6 0 -12 8
6 0 -11 8
6 0 -10 8
6 0 -9 8
6 0 -8 5
6 0 -7 5
6 0 -6 7
6 0 -5 7
6 0 -4 7
6 0 -3 7
6 0 -2 7
6 0 -1 7
6 0 0 7
6 0 1 7
6 0 2 7
6 0 3 7
6 0 4 7
6 0 5 19
6 0 6 7
6 0 7 6
6 0 8 6
6 0 9 8
6 0 10 8
6 0 11 8
6 0 12 8
6 0 13 8
6 0 14 8
6 0 15 8
6 0 16 8
6 0 17 8
6 0 18 8
6 0 19 8
6 0 20 8
6 0 21 8
6 0 22 8
6 0 23 8
6 0 24 8
6 0 25 8
6 0 26 2
6 0 27 2
6 0 28 18
6 0 29 2
6 0 30 7
6 0 31 7
6 0 32 7
6 0 33 7
6 0 34 7
6 0 35 7
6 0 36 6
7 0 -36 5
7 0 -35 7
7 0 -34 7
7 0 -33 7
7 0 -32 7
7 0 -31 7
7 0 -30 7
7 0 -29 15
7 0 -28 2
7 0 -27 2
7 0 -26 2
7 0 -25 8
7 0 -24 8
7 0 -23 8
7 0 -22 8
7 0 -21 8
7 0 -20 8
7 0 -19 8
7 0 -18 8
7 0 -17 8
7 0 -16 8
7 0 -15 8
7 0 -14 8
7 0 -13 8
7 0 -12 8
7 0 -11 8
7 0 -10 8
7 0 -9 8
7 0 -8 8
7 0 -7 22
7 0 -6 1
7 0 -5 7
7 0 -4 19
7 0 -3 19
7 0 -2 7
7 0 -1 7
7 0 0 7
7 0 1 7
7 0 2 7
7 0 3 7
7 0 4 7
7 0 5 7
7 0 6 1
7 0 7 23
7 0 8 8
7 0 9 8
7 0 10 8
7 0 11 8
7 0 12 8
7 0 13 8
7 0 14 8
7 0 15 8
7 0 16 8
7 0 17 8
7 0 18 8
7 0 19 8
7 0 20 8
7 0 21 8
7 0 22 8
7 0 23 8
7 0 24 8
7 0 25 8
7 0 26 2
7 0 27 2
7 0 28 2
7 0 29 2
7 0 30 7
7 0 31 7
7 0 32 7
7 0 33 7
7 0 34 7
7 0 35 7
7 0 36 6
8 0 -36 5
8 0 -35 7
8 0 -34 7
8 0 -33 7
8 0 -32 7
8 0 -31 7
8 0 -30 7
8 0 -29 7
8 0 -28 15
8 0 -27 2
8 0 -26 7
8 0 -25 7
8 0 -24 8
8 0 -23 8
8 0 -22 8
8 0 -21 8
8 0 -20 8
8 0 -19 8
8 0 -18 8
8 0 -17 8
8 0 -16 8
8 0 -15 8
8 0 -14 8
8 0 -13 8
8 0 -12 8
8 0 -11 8
8 0 -10 8
8 0 -9 8
8 0 -8 8
8 0 -7 8
8 0 -6 1
8 0 -5 1
8 0 -4 7
8 0 -3 7
8 0 -2 7
8 0 -1 7
8 0 0 19
8 0 1 19
8 0 2 19
8 0 3 7
8 0 4 7
8 0 5 1
8 0 6 1
8 0 7 8
8 0 8 8
8 0 9 8
8 0 10 8
8 0 11 8
8 0 12 8
8 0 13 8
8 0 14 8
8 0 15 8
8 0 16 8
8 0 17 8
8 0 18 8
8 0 19 8
8 0 20 8
8 0 21 8
8 0 22 8
8 0 23 8
8 0 24 8
8 0 25 7
8 0 26 7
8 0 27 15
8 0 28 15
8 0 29 7
8 0 30 7
8 0 31 7
8 0 32 7
8 0 33 7
8 0 34 7
8 0 35 7
8 0 36 6
9 0 -36 5
9 0 -35 7
9 0 -34 7
9 0 -33 7
9 0 -32 7
9 0 -31 7
9 0 -30 7
9 0 -29 7
9 0 -28 7
9 0 -27 7
9 0 -26 7
9 0 -25 7
9 0 -24 8
9 0 -23 8
9 0 -22 8
9 0 -21 8
9 0 -20 8
9 0 -19 8
9 0 -18 8
9 0 -17 8
9 0 -16 8
9 0 -15 8
9 0 -14 8
9 0 -13 8
9 0 -12 8
9 0 -11 8
9 0 -10 8
9 0 -9 8
9 0 -8 8
9 0 -7 8
9 0 -6 8
9 0 -5 8
9 0 -4 1
9 0 -3 1
9 0 -2 1
9 0 -1 7
9 0 0 7
9 0 1 7
9 0 2 1
9 0 3 1
9 0 4 1
9 0 5 8
9 0 6 8
9 0 7 8
9 0 8 8
9 0 9 8
9 0 10 8
9 0 11 8
9 0 12 8
9 0 13 8
9 0 14 8
9 0 15 8
9 0 16 8
9 0 17 8
9 0 18 8
9 0 19 8
9 0 20 8
9 0 21 8
9 0 22 8
9 0 23 8
9 0 24 8
9 0 25 7
9 0 26 7
9 0 27 7
9 0 28 7
9 0 29 7
9 0 30 7
9 0 31 7
9 0 32 7
9 0 33 7
9 0 34 7
9 0 35 7
9 0 36 6
10 0 -35 5
10 0 -34 7
10 0 -33 7
10 0 -32 7
10 0 -31 7
10 0 -30 7
10 0 -29 7
10 0 -28 7
10 0 -27 7
10 0 -26 7
10 0 -25 7
10 0 -24 8
10 0 -23 8
10 0 -22 8
10 0 -21 8
10 0 -20 8
10 0 -19 8
10 0 -18 8
10 0 -17 8
10 0 -16 8
10 0 -15 8
10 0 -14 8
10 0 -13 8
10 0 -12 4
10 0 -11 2
10 0 -10 4
10 0 -9 8
10 0 -8 8
10 0 -7 8
10 0 -6 8
10 0 -5 8
10 0 -4 8
10 0 -3 8
10 0 -2 1
10 0 -1 1
10 0 0 1
10 0 1 1
10 0 2 1
10 0 3 8
10 0 4 8
10 0 5 8
10 0 6 8
10 0 7 8
10 0 8 8
10 0 9 8
10 0 10 4
10 0 11 2
10 0 12 4
10 0 13 8
10 0 14 8
10 0 15 8
10 0 16 8
10 0 17 8
10 0 18 8
10 0 19 8
10 0 20 8
10 0 21 8
10 0 22 8
10 0 23 8
10 0 24 8
10 0 25 7
10 0 26 7
10 0 27 7
10 0 28 7
10 0 29 7
10 0 30 7
10 0 31 7
10 0 32 7
10 0 33 7
10 0 34 7
10 0 35 6
11 0 -35 5
11 0 -34 7
11 0 -33 7
11 0 -32 7
11 0 -31 7
11 0 -30 7
11 0 -29 7
11 0 -28 7
11 0 -27 7
11 0 -26 7
11 0 -25 7
11 0 -24 7
11 0 -23 8
11 0 -22 8
11 0 -21 8
11 0 -20 8
11 0 -19 8
11 0 -18 8
11 0 -17 8
11 0 -16 8
11 0 -15 8
11 0 -14 8
11 0 -13 8
11 0 -12 2
11 0 -11 15
11 0 -10 2
11 0 -9 8
11 0 -8 8
11 0 -7 8
11 0 -6 8
11 0 -5 8
11 0 -4 8
11 0 -3 8
11 0 -2 8
11 0 -1 8
11 0 0 8
11 0 1 8
11 0 2 8
11 0 3 8
11 0 4 8
11 0 5 8
11 0 6 8
11 0 7 8
11 0 8 8
11 0 9 8
11 0 10 2
11 0 11 15
11 0 12 2
11 0 13 8
11 0 14 8
11 0 15 8
11 0 16 8
11 0 17 8
11 0 18 8
11 0 19 8
11 0 20 8
11 0 21 8
11 0 22 8
11 0 23 8
11 0 24 7
11 0 25 7
11 0 26 7
11 0 27 7
11 0 28 7
11 0 29 7
11 0 30 7
11 0 31 7
11 0 32 7
11 0 33 7
11 0 34 7
11 0 35 6
12 0 -35 5
12 0 -34 7
12 0 -33 7
12 0 -32 7
12 0 -31 7
12 0 -30 7
12 0 -29 7
12 0 -28 7
12 0 -27 7
12 0 -26 7
12 0 -25 7
12 0 -24 7
12 0 -23 8
12 0 -22 8
12 0 -21 8
12 0 -20 8
12 0 -19 8
12 0 -18 8
12 0 -17 8
12 0 -16 8
12 0 -15 8
12 0 -14 8
12 0 -13 8
12 0 -12 4
12 0 -11 2
12 0 -10 4
12 0 -9 8
12 0 -8 8
12 0 -7 8
12 0 -6 8
12 0 -5 8
12 0 -4 8
12 0 -3 8
12 0 -2 8
12 0 -1 8
12 0 0 8
12 0 1 8
12 0 2 8
12 0 3 8
12 0 4 8
12 0 5 8
12 0 6 8
12 0 7 8
12 0 8 8
12 0 9 8
12 0 10 4
12 0 11 2
12 0 12 4
12 0 13 8
12 0 14 8
12 0 15 8
12 0 16 8
12 0 17 8
12 0 18 8
12 0 19 8
12 0 20 8
12 0 21 8
12 0 22 8
12 0 23 8
12 0 24 7
12 0 25 7
12 0 26 7
12 0 27 7
12 0 28 7
12 0 29 7
12 0 30 7
12 0 31 7
12 0 32 7
12 0 33 7
12 0 34 7
12 0 35 6
13 0 -34 5
13 0 -33 7
13 0 -32 7
13 0 -31 7
13 0 -30 7
13 0 -29 7
13 0 -28 7
13 0 -27 7
13 0 -26 7
13 0 -25 7
13 0 -24 2
13 0 -23 2
13 0 -22 8
13 0 -21 8
13 0 -20 8
13 0 -19 8
13 0 -18 8
13 0 -17 8
13 0 -16 8
13 0 -15 8
13 0 -14 8
13 0 -13 8
13 0 -12 8
13 0 -11 8
13 0 -10 8
13 0 -9 8
13 0 -8 8
13 0 -7 8
13 0 -6 8
13 0 -5 8
13 0 -4 8
13 0 -3 8
13 0 -2 8
13 0 -1 8
13 0 0 8
13 0 1 8
13 0 2 8
13 0 3 8
13 0 4 8
13 0 5 8
13 0 6 8
13 0 7 8
13 0 8 8
13 0 9 8
13 0 10 8
13 0 11 8
13 0 12 8
13 0 13 8
13 0 14 8
13 0 15 8
13 0 16 8
13 0 17 8
13 0 18 8
13 0 19 8
13 0 20 8
13 0 21 8
13 0 22 8
13 0 23 15
13 0 24 2
13 0 25 7
13 0 26 7
13 0 27 7
13 0 28 7
13 0 29 7
13 0 30 7
13 0 31 7
13 0 32 7
13 0 33 7
13 0 34 6
14 0 -34 5
14 0 -33 7
14 0 -32 7
14 0 -31 7
14 0 -30 7
14 0 -29 7
14 0 -28 7
14 0 -27 7
14 0 -26 15
14 0 -25 15
14 0 -24 2
14 0 -23 2
14 0 -22 8
14 0 -21 8
14 0 -20 8
14 0 -19 8
14 0 -18 8
14 0 -17 8
14 0 -16 8
14 0 -15 8
14 0 -14 8
14 0 -13 8
14 0 -12 8
14 0 -11 8
14 0 -10 8
14 0 -9 8
14 0 -8 8
14 0 -7 8
14 0 -6 8
14 0 -5 8
14 0 -4 8
14 0 -3 8
14 0 -2 8
14 0 -1 4
14 0 0 2
14 0 1 4
14 0 2 8
14 0 3 8
14 0 4 8
14 0 5 8
14 0 6 8
14 0 7 8
14 0 8 8
14 0 9 8
14 0 10 8
14 0 11 8
14 0 12 8
14 0 13 8
14 0 14 8
14 0 15 8
14 0 16 8
14 0 17 8
14 0 18 8
14 0 19 8
14 0 20 8
14 0 21 8
14 0 22 8
14 0 23 2
14 0 24 2
14 0 25 15
14 0 26 2
14 0 27 7
14 0 28 7
14 0 29 7
14 0 30 7
14 0 31 7
14 0 32 7
14 0 33 7
14 0 34 6
15 0 -34 5
15 0 -33 5
15 0 -32 7
15 0 -31 7
15 0 -30 7
15 0 -29 7
15 0 -28 7
15 0 -27 7
15 0 -26 7
15 0 -25 2
15 0 -24 15
15 0 -23 15
15 0 -22 2
15 0 -21 8
15 0 -20 8
15 0 -19 8
15 0 -18 8
15 0 -17 8
15 0 -16 8
15 0 -15 8
15 0 -14 8
15 0 -13 8
15 0 -12 8
15 0 -11 8
15 0 -10 8
15 0 -9 8
15 0 -8 8
15 0 -7 8
15 0 -6 8
15 0 -5 8
15 0 -4 8
15 0 -3 8
15 0 -2 8
15 0 -1 2
15 0 0 2
15 0 1 2
15 0 2 8
15 0 3 8
15 0 4 8
15 0 5 8
15 0 6 8
15 0 7 8
15 0 8 8
15 0 9 8
15 0 10 8
15 0 11 8
15 0 12 8
15 0 13 8
15 0 14 8
15 0 15 8
15 0 16 8
15 0 17 8
15 0 18 8
15 0 19 8
15 0 20 8
15 0 21 8
15 0 22 2
15 0 23 2
15 0 24 15
15 0 25 2
15 0 26 7
15 0 27 7
15 0 28 7
15 0 29 7
15 0 30 7
15 0 31 7
15 0 32 7
15 0 33 6
15 0 34 6
16 0 -33 5
16 0 -32 7
16 0 -31 7
16 0 -30 7
16 0 -29 7
16 0 -28 7
16 0 -27 7
16 0 -26 7
16 0 -25 15
16 0 -24 18
16 0 -23 2
16 0 -22 15
16 0 -21 2
16 0 -20 8
16 0 -19 8
16 0 -18 8
16 0 -17 8
16 0 -16 8
16 0 -15 8
16 0 -14 8
16 0 -13 8
16 0 -12 8
16 0 -11 8
16 0 -10 8
16 0 -9 8
16 0 -8 8
16 0 -7 8
16 0 -6 8
16 0 -5 8
16 0 -4 8
16 0 -3 8
16 0 -2 8
16 0 -1 4
16 0 0 2
16 0 1 4
16 0 2 8
16 0 3 8
16 0 4 8
16 0 5 8
16 0 6 8
16 0 7 8
16 0 8 8
16 0 9 8
16 0 10 8
16 0 11 8
16 0 12 8
16 0 13 8
16 0 14 8
16 0 15 8
16 0 16 8
16 0 17 8
16 0 18 8
16 0 19 8
16 0 20 8
16 0 21 15
16 0 22 2
16 0 23 15
16 0 24 18
16 0 25 2
16 0 26 7
16 0 27 7
16 0 28 7
16 0 29 7
16 0 30 7
16 0 31 7
16 0 32 7
16 0 33 6
17 0 -33 5
17 0 -32 5
17 0 -31 7
17 0 -30 7
17 0 -29 7
17 0 -28 7
17 0 -27 7
17 0 -26 7
17 0 -25 7
17 0 -24 2
17 0 -23 15
17 0 -22 2
17 0 -21 2
17 0 -20 7
17 0 -19 8
17 0 -18 8
17 0 -17 8
17 0 -16 8
17 0 -15 8
17 0 -14 8
17 0 -13 8
17 0 -12 8
17 0 -11 8
17 0 -10 8
17 0 -9 8
17 0 -8 8
17 0 -7 8
17 0 -6 8
17 0 -5 8
17 0 -4 8
17 0 -3 8
17 0 -2 8
17 0 -1 8
17 0 0 8
17 0 1 8
17 0 2 8
17 0 3 8
17 0 4 8
17 0 5 8
17 0 6 8
17 0 7 8
17 0 8 8
17 0 9 8
17 0 10 8
17 0 11 8
17 0 12 8
17 0 13 8
17 0 14 8
17 0 15 8
17 0 16 8
17 0 17 8
17 0 18 8
17 0 19 8
17 0 20 7
17 0 21 15
17 0 22 2
17 0 23 2
17 0 24 2
17 0 25 7
17 0 26 7
17 0 27 7
17 0 28 7
17 0 29 7
17 0 30 7
17 0 31 7
17 0 32 6
17 0 33 6
18 0 -32 5
18 0 -31 7
18 0 -30 7
18 0 -29 7
18 0 -28 7
18 0 -27 7
18 0 -26 7
18 0 -25 7
18 0 -24 2
18 0 -23 15
18 0 -22 15
18 0 -21 7
18 0 -20 7
18 0 -19 8
18 0 -18 8
18 0 -17 8
18 0 -16 8
18 0 -15 8
18 0 -14 8
18 0 -13 8
18 0 -12 8
18 0 -11 8
18 0 -10 8
18 0 -9 8
18 0 -8 8
18 0 -7 8
18 0 -6 8
18 0 -5 8
18 0 -4 8
18 0 -3 8
18 0 -2 8
18 0 -1 8
18 0 0 8
18 0 1 8
18 0 2 8
18 0 3 8
18 0 4 8
18 0 5 8
18 0 6 8
18 0 7 8
18 0 8 8
18 0 9 8
18 0 10 8
18 0 11 8
18 0 12 8
18 0 13 8
18 0 14 8
18 0 15 8
18 0 16 8
18 0 17 8
18 0 18 8
18 0 19 8
18 0 20 7
18 0 21 7
18 0 22 2
18 0 23 2
18 0 24 2
18 0 25 7
18 0 26 7
18 0 27 7
18 0 28 7
18 0 29 7
18 0 30 7
18 0 31 7
18 0 32 6
19 0 -31 5
19 0 -30 7
19 0 -29 7
19 0 -28 7
19 0 -27 7
19 0 -26 7
19 0 -25 7
19 0 -24 7
19 0 -23 7
19 0 -22 7
19 0 -21 7
19 0 -20 7
19 0 -19 7
19 0 -18 8
19 0 -17 8
19 0 -16 8
19 0 -15 8
19 0 -14 8
19 0 -13 8
19 0 -12 8
19 0 -11 8
19 0 -10 8
19 0 -9 8
19 0 -8 8
19 0 -7 8
19 0 -6 8
19 0 -5 8
19 0 -4 8
19 0 -3 8
19 0 -2 8
19 0 -1 8
19 0 0 8
19 0 1 8
19 0 2 8
19 0 3 8
19 0 4 8
19 0 5 8
19 0 6 8
19 0 7 8
19 0 8 8
19 0 9 8
19 0 10 8
19 0 11 8
19 0 12 8
19 0 13 8
19 0 14 8
19 0 15 8
19 0 16 8
19 0 17 8
19 0 18 8
19 0 19 7
19 0 20 7
19 0 21 7
19 0 22 7
19 0 23 7
19 0 24 7
19 0 25 7
19 0 26 7
19 0 27 7
19 0 28 7
19 0 29 7
19 0 30 7
19 0 31 6
20 0 -31 5
20 0 -30 7
20 0 -29 7
20 0 -28 7
20 0 -27 7
20 0 -26 7
20 0 -25 7
20 0 -24 7
20 0 -23 7
20 0 -22 7
20 0 -21 7
20 0 -20 7
20 0 -19 7
20 0 -18 7
20 0 -17 7
20 0 -16 8
20 0 -15 8
20 0 -14 8
20 0 -13 8
20 0 -12 8
20 0 -11 8
20 0 -10 8
20 0 -9 8
20 0 -8 8
20 0 -7 8
20 0 -6 8
20 0 -5 8
20 0 -4 8
20 0 -3 8
20 0 -2 8
20 0 -1 8
20 0 0 8
20 0 1 8
20 0 2 8
20 0 3 8
20 0 4 8
20 0 5 8
20 0 6 8
20 0 7 8
20 0 8 8
20 0 9 8
20 0 10 8
20 0 11 8
20 0 12 8
20 0 13 8
20 0 14 8
20 0 15 8
20 0 16 8
20 0 17 7
20 0 18 7
20 0 19 7
20 0 20 7
20 0 21 7
20 0 22 7
20 0 23 7
20 0 24 7
20 0 25 7
20 0 26 7
20 0 27 7
20 0 28 7
20 0 29 7
20 0 30 7
20 0 31 6
21 0 -30 5
21 0 -29 7
21 0 -28 7
21 0 -27 7
21 0 -26 7
21 0 -25 7
21 0 -24 7
21 0 -23 7
21 0 -22 7
21 0 -21 7
21 0 -20 7
21 0 -19 7
21 0 -18 7
21 0 -17 2
21 0 -16 2
21 0 -15 8
21 0 -14 8
21 0 -13 8
21 0 -12 8
21 0 -11 8
21 0 -10 8
21 0 -9 8
21 0 -8 8
21 0 -7 8
21 0 -6 8
21 0 -5 8
21 0 -4 8
21 0 -3 8
21 0 -2 8
21 0 -1 8
21 0 0 8
21 0 1 8
21 0 2 8
21 0 3 8
21 0 4 8
21 0 5 8
21 0 6 8
21 0 7 8
21 0 8 8
21 0 9 8
21 0 10 8
21 0 11 8
21 0 12 8
21 0 13 8
21 0 14 8
21 0 15 8
21 0 16 2
21 0 17 15
21 0 18 7
21 0 19 7
21 0 20 7
21 0 21 7
21 0 22 7
21 0 23 7
21 0 24 7
21 0 25 7
21 0 26 7
21 0 27 7
21 0 28 7
21 0 29 7
21 0 30 6
22 0 -29 5
22 0 -28 7
22 0 -27 7
22 0 -26 7
22 0 -25 7
22 0 -24 7
22 0 -23 7
22 0 -22 7
22 0 -21 7
22 0 -20 7
22 0 -19 7
22 0 -18 2
22 0 -17 15
22 0 -16 15
22 0 -15 2
22 0 -14 8
22 0 -13 8
22 0 -12 8
22 0 -11 8
22 0 -10 8
22 0 -9 8
22 0 -8 8
22 0 -7 8
22 0 -6 8
22 0 -5 8
22 0 -4 8
22 0 -3 8
22 0 -2 8
22 0 -1 8
22 0 0 8
22 0 1 8
22 0 2 8
22 0 3 8
22 0 4 8
22 0 5 8
22 0 6 8
22 0 7 8
22 0 8 8
22 0 9 8
22 0 10 8
22 0 11 8
22 0 12 8
22 0 13 8
22 0 14 8
22 0 15 15
22 0 16 2
22 0 17 2
22 0 18 15
22 0 19 7
22 0 20 7
22 0 21 7
22 0 22 7
22 0 23 7
22 0 24 7
22 0 25 7
22 0 26 7
22 0 27 7
22 0 28 7
22 0 29 6
23 0 -29 5
23 0 -28 5
23 0 -27 7
23 0 -26 7
23 0 -25 7
23 0 -24 7
23 0 -23 7
23 0 -22 7
23 0 -21 7
23 0 -20 7
23 0 -19 7
23 0 -18 15
23 0 -17 2
23 0 -16 15
23 0 -15 2
23 0 -14 2
23 0 -13 2
23 0 -12 8
23 0 -11 8
23 0 -10 8
23 0 -9 8
23 0 -8 8
23 0 -7 8
23 0 -6 8
23 0 -5 8
23 0 -4 8
23 0 -3 8
23 0 -2 8
23 0 -1 8
23 0 0 8
23 0 1 8
23 0 2 8
23 0 3 8
23 0 4 8
23 0 5 8
23 0 6 8
23 0 7 8
23 0 8 8
23 0 9 8
23 0 10 8
23 0 11 8
23 0 12 8
23 0 13 15
23 0 14 2
23 0 15 2
23 0 16 2
23 0 17 2
23 0 18 15
23 0 19 7
23 0 20 7
23 0 21 7
23 0 22 7
23 0 23 7
23 0 24 7
23 0 25 7
23 0 26 7
23 0 27 7
23 0 28 6
23 0 29 6
24 0 -28 5
24 0 -27 7
24 0 -26 7
24 0 -25 7
24 0 -24 7
24 0 -23 7
24 0 -22 7
24 0 -21 7
24 0 -20 7
24 0 -19 7
24 0 -18 2
24 0 -17 2
24 0 -16 18
24 0 -15 2
24 0 -14 15
24 0 -13 15
24 0 -12 7
24 0 -11 7
24 0 -10 8
24 0 -9 8
24 0 -8 8
24 0 -7 8
24 0 -6 8
24 0 -5 8
24 0 -4 8
24 0 -3 8
24 0 -2 8
24 0 -1 8
24 0 0 8
24 0 1 8
24 0 2 8
24 0 3 8
24 0 4 8
24 0 5 8
24 0 6 8
24 0 7 8
24 0 8 8
24 0 9 8
24 0 10 8
24 0 11 7
24 0 12 7
24 0 13 2
24 0 14 2
24 0 15 15
24 0 16 18
24 0 17 2
24 0 18 2
24 0 19 7
24 0 20 7
24 0 21 7
24 0 22 7
24 0 23 7
24 0 24 7
24 0 25 7
24 0 26 7
24 0 27 7
24 0 28 6
25 0 -27 5
25 0 -26 7
25 0 -25 7
25 0 -24 7
25 0 -23 7
25 0 -22 7
25 0 -21 7
25 0 -20 7
25 0 -19 7
25 0 -18 7
25 0 -17 7
25 0 -16 2
25 0 -15 2
25 0 -14 2
25 0 -13 7
25 0 -12 7
25 0 -11 7
25 0 -10 7
25 0 -9 7
25 0 -8 7
25 0 -7 8
25 0 -6 8
25 0 -5 8
25 0 -4 8
25 0 -3 8
25 0 -2 8
25 0 -1 8
25 0 0 8
25 0 1 8
25 0 2 8
25 0 3 8
25 0 4 8
25 0 5 8
25 0 6 8
25 0 7 8
25 0 8 7
25 0 9 7
25 0 10 7
25 0 11 7
25 0 12 7
25 0 13 7
25 0 14 2
25 0 15 15
25 0 16 15
25 0 17 7
25 0 18 7
25 0 19 7
25 0 20 7
25 0 21 7
25 0 22 7
25 0 23 7
25 0 24 7
25 0 25 7
25 0 26 7
25 0 27 6
26 0 -26 5
26 0 -25 7
26 0 -24 7
26 0 -23 7
26 0 -22 7
26 0 -21 7
26 0 -20 7
26 0 -19 7
26 0 -18 7
26 0 -17 7
26 0 -16 7
26 0 -15 7
26 0 -14 15
26 0 -13 7
26 0 -12 7
26 0 -11 7
26 0 -10 7
26 0 -9 7
26 0 -8 7
26 0 -7 15
26 0 -6 15
26 0 -5 15
26 0 -4 2
26 0 -3 8
26 0 -2 8
26 0 -1 8
26 0 0 8
26 0 1 8
26 0 2 8
26 0 3 8
26 0 4 15
26 0 5 15
26 0 6 2
26 0 7 15
26 0 8 7
26 0 9 7
26 0 10 7
26 0 11 7
26 0 12 7
26 0 13 7
26 0 14 2
26 0 15 7
26 0 16 7
26 0 17 7
26 0 18 7
26 0 19 7
26 0 20 7
26 0 21 7
26 0 22 7
26 0 23 7
26 0 24 7
26 0 25 7
26 0 26 6
27 0 -25 1
27 0 -24 7
27 0 -23 7
27 0 -22 7
27 0 -21 7
27 0 -20 7
27 0 -19 7
27 0 -18 7
27 0 -17 7
27 0 -16 7
27 0 -15 7
27 0 -14 7
27 0 -13 7
27 0 -12 7
27 0 -11 7
27 0 -10 7
27 0 -9 7
27 0 -8 15
27 0 -7 2
27 0 -6 2
27 0 -5 2
27 0 -4 2
27 0 -3 2
27 0 -2 7
27 0 -1 7
27 0 0 7
27 0 1 7
27 0 2 7
27 0 3 2
27 0 4 2
27 0 5 15
27 0 6 2
27 0 7 2
27 0 8 15
27 0 9 7
27 0 10 7
27 0 11 7
27 0 12 7
27 0 13 7
27 0 14 7
27 0 15 7
27 0 16 7
27 0 17 7
27 0 18 7
27 0 19 7
27 0 20 7
27 0 21 7
27 0 22 7
27 0 23 7
27 0 24 7
27 0 25 1
28 0 -24 1
28 0 -23 1
28 0 -22 7
28 0 -21 7
28 0 -20 7
28 0 -19 7
28 0 -18 7
28 0 -17 7
28 0 -16 7
28 0 -15 7
28 0 -14 7
28 0 -13 7
28 0 -12 7
28 0 -11 7
28 0 -10 7
28 0 -9 7
28 0 -8 2
28 0 -7 2
28 0 -6 18
28 0 -5 2
28 0 -4 15
28 0 -3 2
28 0 -2 7
28 0 -1 7
28 0 0 7
28 0 1 7
28 0 2 7
28 0 3 15
28 0 4 2
28 0 5 15
28 0 6 18
28 0 7 2
28 0 8 15
28 0 9 7
28 0 10 7
28 0 11 7
28 0 12 7
28 0 13 7
28 0 14 7
28 0 15 7
28 0 16 7
28 0 17 7
28 0 18 7
28 0 19 7
28 0 20 7
28 0 21 7
28 0 22 7
28 0 23 1
28 0 24 1
29 0 -23 1
29 0 -22 1
29 0 -21 7
29 0 -20 7
29 0 -19 7
29 0 -18 7
29 0 -17 7
29 0 -16 7
29 0 -15 7
29 0 -14 7
29 0 -13 7
29 0 -12 7
29 0 -11 7
29 0 -10 7
29 0 -9 7
29 0 -8 7
29 0 -7 15
29 0 -6 2
29 0 -5 2
29 0 -4 2
29 0 -3 2
29 0 -2 7
29 0 -1 7
29 0 0 7
29 0 1 7
29 0 2 7
29 0 3 15
29 0 4 2
29 0 5 2
29 0 6 15
29 0 7 2
29 0 8 7
29 0 9 7
29 0 10 7
29 0 11 7
29 0 12 7
29 0 13 7
29 0 14 7
29 0 15 7
29 0 16 7
29 0 17 7
29 0 18 7
29 0 19 7
29 0 20 7
29 0 21 7
29 0 22 1
29 0 23 1
30 0 -21 1
30 0 -20 7
30 0 -19 7
30 0 -18 7
30 0 -17 7
30 0 -16 7
30 0 -15 7
30 0 -14 7
30 0 -13 7
30 0 -12 7
30 0 -11 7
30 0 -10 7
30 0 -9 7
30 0 -8 7
30 0 -7 7
30 0 -6 7
30 0 -5 7
30 0 -4 7
30 0 -3 7
30 0 -2 7
30 0 -1 7
30 0 0 7
30 0 1 7
30 0 2 7
30 0 3 7
30 0 4 7
30 0 5 7
30 0 6 7
30 0 7 7
30 0 8 7
30 0 9 7
30 0 10 7
30 0 11 7
30 0 12 7
30 0 13 7
30 0 14 7
30 0 15 7
30 0 16 7
30 0 17 7
30 0 18 7
30 0 19 7
30 0 20 7
30 0 21 1
31 0 -20 1
31 0 -19 1
31 0 -18 7
31 0 -17 7
31 0 -16 7
31 0 -15 7
31 0 -14 7
31 0 -13 7
31 0 -12 7
31 0 -11 7
31 0 -10 7
31 0 -9 7
31 0 -8 7
31 0 -7 7
31 0 -6 7
31 0 -5 7
31 0 -4 7
31 0 -3 7
31 0 -2 7
31 0 -1 7
31 0 0 7
31 0 1 7
31 0 2 7
31 0 3 7
31 0 4 7
31 0 5 7
31 0 6 7
31 0 7 7
31 0 8 7
31 0 9 7
31 0 10 7
31 0 11 7
31 0 12 7
31 0 13 7
31 0 14 7
31 0 15 7
31 0 16 7
31 0 17 7
31 0 18 7
31 0 19 1
31 0 20 1
32 0 -18 1
32 0 -17 1
32 0 -16 7
32 0 -15 7
32 0 -14 7
32 0 -13 7
32 0 -12 7
32 0 -11 7
32 0 -10 7
32 0 -9 7
32 0 -8 7
32 0 -7 7
32 0 -6 7
32 0 -5 7
32 0 -4 7
32 0 -3 7
32 0 -2 7
32 0 -1 7
32 0 0 7
32 0 1 7
32 0 2 7
32 0 3 7
32 0 4 7
32 0 5 7
32 0 6 7
32 0 7 7
32 0 8 7
32 0 9 7
32 0 10 7
32 0 11 7
32 0 12 7
32 0 13 7
32 0 14 7
32 0 15 7
32 0 16 7
32 0 17 1
32 0 18 1
33 0 -17 1
33 0 -16 1
33 0 -15 1
33 0 -14 7
33 0 -13 7
33 0 -12 7
33 0 -11 7
33 0 -10 7
33 0 -9 7
33 0 -8 7
33 0 -7 7
33 0 -6 7
33 0 -5 7
33 0 -4 7
33 0 -3 7
33 0 -2 7
33 0 -1 7
33 0 0 7
33 0 1 7
33 0 2 7
33 0 3 7
33 0 4 7
33 0 5 7
33 0 6 7
33 0 7 7
33 0 8 7
33 0 9 7
33 0 10 7
33 0 11 7
33 0 12 7
33 0 13 7
33 0 14 7
33 0 15 1
33 0 16 1
33 0 17 1
34 0 -15 1
34 0 -14 1
34 0 -13 1
34 0 -12 7
34 0 -11 7
34 0 -10 7
34 0 -9 7
34 0 -8 7
34 0 -7 7
34 0 -6 7
34 0 -5 7
34 0 -4 7
34 0 -3 7
34 0 -2 7
34 0 -1 7
34 0 0 7
34 0 1 7
34 0 2 7
34 0 3 7
34 0 4 7
34 0 5 7
34 0 6 7
34 0 7 7
34 0 8 7
34 0 9 7
34 0 10 7
34 0 11 7
34 0 12 7
34 0 13 1
34 0 14 1
34 0 15 1
35 0 -12 1
35 0 -11 1
35 0 -10 1
35 0 -9 7
35 0 -8 7
35 0 -7 7
35 0 -6 7
35 0 -5 7
35 0 -4 7
35 0 -3 7
35 0 -2 7
35 0 -1 7
35 0 0 7
35 0 1 7
35 0 2 7
35 0 3 7
35 0 4 7
35 0 5 7
35 0 6 7
35 0 7 7
35 0 8 7
35 0 9 7
35 0 10 1
35 0 11 1
35 0 12 1
36 0 -9 1
36 0 -8 1
36 0 -7 1
36 0 -6 1
36 0 -5 1
36 0 -4 1
36 0 -3 7
36 0 -2 7
36 0 -1 7
36 0 0 7
36 0 1 7
36 0 2 7
36 0 3 7
36 0 4 1
36 0 5 1
36 0 6 1
36 0 7 1
36 0 8 1
36 0 9 1
37 0 -3 1
37 0 -2 1
37 0 -1 1
37 0 0 1
37 0 1 1
37 0 2 1
37 0 3 1
-36 1 -2 8
-36 1 -1 8
-36 1 0 8
-36 1 1 8
-36 1 2 8
-35 1 -2 8
-35 1 -1 8
-35 1 0 8
-35 1 1 8
-35 1 2 8
-34 1 -14 2
-34 1 -13 2
-34 1 -12 2
-34 1 -5 2
-34 1 -4 15
-34 1 -3 2
-34 1 -2 8
-34 1 -1 8
-34 1 0 8
-34 1 1 8
-34 1 2 8
-34 1 3 2
-34 1 4 2
-34 1 5 2
-34 1 12 2
-34 1 13 15
-34 1 14 2
-33 1 -15 2
-33 1 -14 2
-33 1 -13 8
-33 1 -12 2
-33 1 -11 2
-33 1 -10 2
-33 1 -9 2
-33 1 -8 2
-33 1 -7 2
-33 1 -6 2
-33 1 -5 2
-33 1 -4 2
-33 1 -3 2
-33 1 -2 8
-33 1 -1 8
-33 1 0 8
-33 1 1 8
-33 1 2 8
-33 1 3 2
-33 1 4 2
-33 1 5 2
-33 1 6 2
-33 1 7 2
-33 1 8 2
-33 1 9 15
-33 1 10 2
-33 1 11 2
-33 1 12 2
-33 1 13 8
-33 1 14 2
-33 1 15 2
-32 1 -16 2
-32 1 -15 15
-32 1 -14 8
-32 1 -13 8
-32 1 -12 8
-32 1 -11 2
-32 1 -10 2
-32 1 -9 2
-32 1 -8 2
-32 1 -7 15
-32 1 -6 2
-32 1 -2 8
-32 1 -1 8
-32 1 0 8
-32 1 1 8
-32 1 2 8
-32 1 6 15
-32 1 7 2
-32 1 8 2
-32 1 9 2
-32 1 10 2
-32 1 11 2
-32 1 12 8
-32 1 13 8
-32 1 14 8
-32 1 15 2
-32 1 16 2
-31 1 -16 2
-31 1 -15 8
-31 1 -14 8
-31 1 -13 8
-31 1 -12 8
-31 1 -11 8
-31 1 -10 2
-31 1 -2 8
-31 1 -1 8
-31 1 0 8
-31 1 1 8
-31 1 2 8
-31 1 10 15
-31 1 11 8
-31 1 12 8
-31 1 13 8
-31 1 14 8
-31 1 15 8
-31 1 16 2
-30 1 -17 2
-30 1 -16 2
-30 1 -15 2
-30 1 -14 8
-30 1 -13 8
-30 1 -12 8
-30 1 -11 2
-30 1 -10 2
-30 1 10 2
-30 1 11 15
-30 1 12 8
-30 1 13 8
-30 1 14 8
-30 1 15 2
-30 1 16 2
-30 1 17 2
-29 1 -18 2
-29 1 -17 2
-29 1 -16 2
-29 1 -15 2
-29 1 -14 2
-29 1 -13 8
-29 1 -12 2
-29 1 -11 2
-29 1 -6 24
-29 1 6 24
-29 1 11 2
-29 1 12 15
-29 1 13 8
-29 1 14 2
-29 1 15 15
-29 1 16 2
-29 1 17 2
-29 1 18 2
-28 1 -20 2
-28 1 -19 2
-28 1 -18 2
-28 1 -17 15
-28 1 -14 15
-28 1 -13 2
-28 1 -12 15
-28 1 -7 24
-28 1 -6 25
-28 1 -5 24
-28 1 5 24
-28 1 6 25
-28 1 7 24
-28 1 12 2
-28 1 13 15
-28 1 14 2
-28 1 17 2
-28 1 18 2
-28 1 19 2
-28 1 20 2
-27 1 -21 15
-27 1 -20 2
-27 1 -19 15
-27 1 -6 24
-27 1 6 24
-27 1 19 2
-27 1 20 2
-27 1 21 15
-26 1 -22 2
-26 1 -21 2
-26 1 -20 15
-26 1 20 2
-26 1 21 15
-26 1 22 2
-25 1 -23 2
-25 1 -22 15
-25 1 -21 2
-25 1 -16 24
-25 1 16 24
-25 1 21 2
-25 1 22 2
-25 1 23 2
-24 1 -24 15
-24 1 -23 2
-24 1 -22 2
-24 1 -17 24
-24 1 -16 25
-24 1 -15 24
-24 1 15 24
-24 1 16 25
-24 1 17 24
-24 1 22 2
-24 1 23 2
-24 1 24 2
-23 1 -25 15
-23 1 -24 2
-23 1 -23 2
-23 1 -16 24
-23 1 16 24
-23 1 23 2
-23 1 24 2
-23 1 25 15
-22 1 -26 2
-22 1 -25 2
-22 1 -24 2
-22 1 24 15
-22 1 25 15
-22 1 26 2
-21 1 -27 2
-21 1 -26 2
-21 1 -25 2
-21 1 25 2
-21 1 26 15
-21 1 27 2
-20 1 -28 2
-20 1 -27 15
-20 1 -26 2
-20 1 26 2
-20 1 27 2
-20 1 28 2
-19 1 -28 2
-19 1 -27 2
-19 1 27 2
-19 1 28 2
-18 1 -29 2
-18 1 -28 2
-18 1 28 2
-18 1 29 2
-17 1 -30 2
-17 1 -29 15
-17 1 -28 2
-17 1 -24 24
-17 1 24 24
-17 1 28 2
-17 1 29 2
-17 1 30 2
-16 1 -32 2
-16 1 -31 2
-16 1 -30 2
-16 1 -29 2
-16 1 -25 24
-16 1 -24 25
-16 1 -23 24
-16 1 -1 4
-16 1 0 2
-16 1 1 4
-16 1 23 24
-16 1 24 25
-16 1 25 24
-16 1 29 2
-16 1 30 2
-16 1 31 2
-16 1 32 2
-15 1 -33 15
-15 1 -32 2
-15 1 -31 8
-15 1 -30 2
-15 1 -29 2
-15 1 -24 24
-15 1 -1 2
-15 1 0 15
-15 1 1 2
-15 1 24 24
-15 1 29 2
-15 1 30 2
-15 1 31 8
-15 1 32 2
-15 1 33 15
-14 1 -34 2
-14 1 -33 2
-14 1 -32 8
-14 1 -31 8
-14 1 -30 8
-14 1 -29 2
-14 1 -28 15
-14 1 -1 4
-14 1 0 2
-14 1 1 4
-14 1 28 2
-14 1 29 2
-14 1 30 8
-14 1 31 8
-14 1 32 8
-14 1 33 2
-14 1 34 2
-13 1 -34 15
-13 1 -33 8
-13 1 -32 8
-13 1 -31 8
-13 1 -30 8
-13 1 -29 8
-13 1 -28 2
-13 1 28 2
-13 1 29 8
-13 1 30 8
-13 1 31 8
-13 1 32 8
-13 1 33 8
-13 1 34 2
-12 1 -34 15
-12 1 -33 2
-12 1 -32 8
-12 1 -31 8
-12 1 -30 8
-12 1 -29 2
-12 1 -28 15
-12 1 -12 4
-12 1 -11 2
-12 1 -10 4
-12 1 10 4
-12 1 11 2
-12 1 12 4
-12 1 28 2
-12 1 29 2
-12 1 30 8
-12 1 31 8
-12 1 32 8
-12 1 33 2
-12 1 34 15
-11 1 -33 2
-11 1 -32 15
-11 1 -31 8
-11 1 -30 2
-11 1 -29 2
-11 1 -12 2
-11 1 -11 2
-11 1 -10 2
-11 1 10 2
-11 1 11 2
-11 1 12 2
-11 1 29 2
-11 1 30 15
-11 1 31 8
-11 1 32 2
-11 1 33 2
-10 1 -33 2
-10 1 -32 2
-10 1 -31 2
-10 1 -30 15
-10 1 -12 4
-10 1 -11 2
-10 1 -10 4
-10 1 10 4
-10 1 11 2
-10 1 12 4
-10 1 30 2
-10 1 31 2
-10 1 32 2
-10 1 33 2
-9 1 -33 2
-9 1 -32 2
-9 1 32 2
-9 1 33 2
-8 1 -33 15
-8 1 -32 2
-8 1 32 15
-8 1 33 2
-7 1 -33 2
-7 1 -32 15
-7 1 -28 24
-7 1 28 24
-7 1 32 2
-7 1 33 2
-6 1 -33 2
-6 1 -32 2
-6 1 -29 24
-6 1 -28 25
-6 1 -27 24
-6 1 27 24
-6 1 28 25
-6 1 29 24
-6 1 32 2
-6 1 33 15
-5 1 -34 15
-5 1 -33 2
-5 1 -28 24
-5 1 28 24
-5 1 33 2
-5 1 34 2
-4 1 -34 2
-4 1 -33 2
-4 1 33 15
-4 1 34 15
-3 1 -34 2
-3 1 -33 2
-3 1 33 15
-3 1 34 2
-2 1 -36 8
-2 1 -35 8
-2 1 -34 8
-2 1 -33 8
-2 1 -32 8
-2 1 -31 8
-2 1 31 8
-2 1 32 8
-2 1 33 8
-2 1 34 8
-2 1 35 8
-2 1 36 8
-1 1 -36 8
-1 1 -35 8
-1 1 -34 8
-1 1 -33 8
-1 1 -32 8
-1 1 -31 8
-1 1 -16 4
-1 1 -15 2
-1 1 -14 4
-1 1 14 4
-1 1 15 2
-1 1 16 4
-1 1 31 8
-1 1 32 8
-1 1 33 8
-1 1 34 8
-1 1 35 8
-1 1 36 8
0 1 -36 8
0 1 -35 8
0 1 -34 8
0 1 -33 8
0 1 -32 8
0 1 -31 8
0 1 -16 2
0 1 -15 15
0 1 -14 2
0 1 14 2
0 1 15 2
0 1 16 2
0 1 31 8
0 1 32 8
0 1 33 8
0 1 34 8
0 1 35 8
0 1 36 8
1 1 -36 8
1 1 -35 8
1 1 -34 8
1 1 -33 8
1 1 -32 8
1 1 -31 8
1 1 -16 4
1 1 -15 2
1 1 -14 4
1 1 14 4
1 1 15 2
1 1 16 4
1 1 31 8
1 1 32 8
1 1 33 8
1 1 34 8
1 1 35 8
1 1 36 8
2 1 -36 8
2 1 -35 8
2 1 -34 8
2 1 -33 8
2 1 -32 8
2 1 -31 8
2 1 31 8
2 1 32 8
2 1 33 8
2 1 34 8
2 1 35 8
2 1 36 8
3 1 -34 2
3 1 -33 15
3 1 33 2
3 1 34 15
4 1 -34 2
4 1 -33 15
4 1 33 2
4 1 34 2
5 1 -34 2
5 1 -33 2
5 1 -28 24
5 1 28 24
5 1 33 2
5 1 34 2
6 1 -33 2
6 1 -32 2
6 1 -29 24
6 1 -28 25
6 1 -27 24
6 1 27 24
6 1 28 25
6 1 29 24
6 1 32 2
6 1 33 15
7 1 -33 2
7 1 -32 2
7 1 -28 24
7 1 28 24
7 1 32 15
7 1 33 2
8 1 -33 2
8 1 -32 15
8 1 32 2
8 1 33 2
9 1 -33 2
9 1 -32 2
9 1 32 15
9 1 33 2
10 1 -33 2
10 1 -32 2
10 1 -31 2
10 1 -30 2
10 1 -12 4
10 1 -11 2
10 1 -10 4
10 1 10 4
10 1 11 2
10 1 12 4
10 1 30 15
10 1 31 15
10 1 32 15
10 1 33 2
11 1 -33 2
11 1 -32 2
11 1 -31 8
11 1 -30 2
11 1 -29 2
11 1 -12 2
11 1 -11 2
11 1 -10 2
11 1 10 2
11 1 11 2
11 1 12 2
11 1 29 2
11 1 30 2
11 1 31 8
11 1 32 2
11 1 33 2
12 1 -34 2
12 1 -33 2
12 1 -32 8
12 1 -31 8
12 1 -30 8
12 1 -29 2
12 1 -28 2
12 1 -12 4
12 1 -11 2
12 1 -10 4
12 1 10 4
12 1 11 2
12 1 12 4
12 1 28 15
12 1 29 2
12 1 30 8
12 1 31 8
12 1 32 8
12 1 33 2
12 1 34 2
13 1 -34 2
13 1 -33 8
13 1 -32 8
13 1 -31 8
13 1 -30 8
13 1 -29 8
13 1 -28 2
13 1 28 2
13 1 29 8
13 1 30 8
13 1 31 8
13 1 32 8
13 1 33 8
13 1 34 2
14 1 -34 2
14 1 -33 2
14 1 -32 8
14 1 -31 8
14 1 -30 8
14 1 -29 2
14 1 -28 2
14 1 -1 4
14 1 0 2
14 1 1 4
14 1 28 2
14 1 29 15
14 1 30 8
14 1 31 8
14 1 32 8
14 1 33 15
14 1 34 2
15 1 -33 15
15 1 -32 2
15 1 -31 8
15 1 -30 2
15 1 -29 2
15 1 -24 24
15 1 -1 2
15 1 0 2
15 1 1 2
15 1 24 24
15 1 29 2
15 1 30 2
15 1 31 8
15 1 32 2
15 1 33 15
16 1 -32 15
16 1 -31 15
16 1 -30 2
16 1 -29 2
16 1 -25 24
16 1 -24 25
16 1 -23 24
16 1 -1 4
16 1 0 2
16 1 1 4
16 1 23 24
16 1 24 25
16 1 25 24
16 1 29 2
16 1 30 2
16 1 31 15
16 1 32 2
17 1 -30 15
17 1 -29 2
17 1 -28 2
17 1 -24 24
17 1 24 24
17 1 28 15
17 1 29 15
17 1 30 2
18 1 -29 2
18 1 -28 2
18 1 28 2
18 1 29 15
19 1 -28 2
19 1 -27 2
19 1 27 2
19 1 28 2
20 1 -28 2
20 1 -27 15
20 1 -26 2
20 1 26 2
20 1 27 2
20 1 28 2
21 1 -27 2
21 1 -26 2
21 1 -25 2
21 1 25 2
21 1 26 2
21 1 27 2
22 1 -26 2
22 1 -25 2
22 1 -24 2
22 1 24 2
22 1 25 2
22 1 26 2
23 1 -25 15
23 1 -24 2
23 1 -23 2
23 1 -16 24
23 1 16 24
23 1 23 2
23 1 24 2
23 1 25 15
24 1 -24 2
24 1 -23 2
24 1 -22 2
24 1 -17 24
24 1 -16 25
24 1 -15 24
24 1 15 24
24 1 16 25
24 1 17 24
24 1 22 2
24 1 23 2
24 1 24 15
25 1 -23 2
25 1 -22 2
25 1 -21 2
25 1 -16 24
25 1 16 24
25 1 21 2
25 1 22 2
25 1 23 2
26 1 -22 2
26 1 -21 2
26 1 -20 2
26 1 20 2
26 1 21 2
26 1 22 2
27 1 -21 15
27 1 -20 15
27 1 -19 2
27 1 -6 24
27 1 6 24
27 1 19 15
27 1 20 2
27 1 21 15
28 1 -20 2
28 1 -19 2
28 1 -18 15
28 1 -17 2
28 1 -14 2
28 1 -13 15
28 1 -12 2
28 1 -7 24
28 1 -6 25
28 1 -5 24
28 1 5 24
28 1 6 25
28 1 7 24
28 1 12 15
28 1 13 15
28 1 14 2
28 1 17 2
28 1 18 2
28 1 19 2
28 1 20 2
29 1 -18 2
29 1 -17 2
29 1 -16 2
29 1 -15 15
29 1 -14 15
29 1 -13 8
29 1 -12 2
29 1 -11 2
29 1 -6 24
29 1 6 24
29 1 11 2
29 1 12 15
29 1 13 8
29 1 14 2
29 1 15 2
29 1 16 2
29 1 17 2
29 1 18 2
30 1 -17 2
30 1 -16 2
30 1 -15 15
30 1 -14 8
30 1 -13 8
30 1 -12 8
30 1 -11 2
30 1 -10 2
30 1 10 2
30 1 11 2
30 1 12 8
30 1 13 8
30 1 14 8
30 1 15 2
30 1 16 2
30 1 17 2
31 1 -16 2
31 1 -15 8
31 1 -14 8
31 1 -13 8
31 1 -12 8
31 1 -11 8
31 1 -10 2
31 1 -2 8
31 1 -1 8
31 1 0 8
31 1 1 8
31 1 2 8
31 1 10 2
31 1 11 8
31 1 12 8
31 1 13 8
31 1 14 8
31 1 15 8
31 1 16 2
32 1 -16 2
32 1 -15 2
32 1 -14 8
32 1 -13 8
32 1 -12 8
32 1 -11 2
32 1 -10 15
32 1 -9 2
32 1 -8 2
32 1 -7 2
32 1 -6 2
32 1 -2 8
32 1 -1 8
32 1 0 8
32 1 1 8
32 1 2 8
32 1 6 2
32 1 7 2
32 1 8 2
32 1 9 15
32 1 10 2
32 1 11 15
32 1 12 8
32 1 13 8
32 1 14 8
32 1 15 2
32 1 16 2
33 1 -15 2
33 1 -14 2
33 1 -13 8
33 1 -12 2
33 1 -11 2
33 1 -10 15
33 1 -9 15
33 1 -8 2
33 1 -7 2
33 1 -6 2
33 1 -5 2
33 1 -4 2
33 1 -3 2
33 1 -2 8
33 1 -1 8
33 1 0 8
33 1 1 8
33 1 2 8
33 1 3 2
33 1 4 2
33 1 5 2
33 1 6 2
33 1 7 2
33 1 8 2
33 1 9 2
33 1 10 2
33 1 11 2
33 1 12 2
33 1 13 8
33 1 14 15
33 1 15 2
34 1 -14 2
34 1 -13 2
34 1 -12 2
34 1 -5 15
34 1 -4 15
34 1 -3 15
34 1 -2 8
34 1 -1 8
34 1 0 8
34 1 1 8
34 1 2 8
34 1 3 2
34 1 4 2
34 1 5 2
34 1 12 2
34 1 13 2
34 1 14 2
35 1 -2 8
35 1 -1 8
35 1 0 8
35 1 1 8
35 1 2 8
36 1 -2 8
36 1 -1 8
36 1 0 8
36 1 1 8
36 1 2 8
-36 2 -2 8
-36 2 -1 8
-36 2 0 8
-36 2 1 8
-36 2 2 8
-35 2 -2 8
-35 2 -1 8
-35 2 0 8
-35 2 1 8
-35 2 2 8
-34 2 -14 2
-34 2 -13 2
-34 2 -12 2
-34 2 -5 2
-34 2 -4 2
-34 2 -3 15
-34 2 -2 8
-34 2 -1 8
-34 2 0 8
-34 2 1 8
-34 2 2 8
-34 2 3 2
-34 2 4 2
-34 2 5 2
-34 2 12 2
-34 2 13 2
-34 2 14 2
-33 2 -15 2
-33 2 -14 2
-33 2 -13 8
-33 2 -12 2
-33 2 -11 2
-33 2 -10 2
-33 2 -9 2
-33 2 -8 2
-33 2 -7 15
-33 2 -6 15
-33 2 -5 2
-33 2 -4 2
-33 2 -3 15
-33 2 -2 8
-33 2 -1 8
-33 2 0 8
-33 2 1 8
-33 2 2 8
-33 2 3 2
-33 2 4 2
-33 2 5 2
-33 2 6 2
-33 2 7 15
-33 2 8 2
-33 2 9 2
-33 2 10 2
-33 2 11 2
-33 2 12 2
-33 2 13 8
-33 2 14 2
-33 2 15 2
-32 2 -16 15
-32 2 -15 2
-32 2 -14 8
-32 2 -13 8
-32 2 -12 8
-32 2 -11 15
-32 2 -10 2
-32 2 -9 2
-32 2 -8 2
-32 2 -7 15
-32 2 -6 15
-32 2 -2 8
-32 2 -1 8
-32 2 0 8
-32 2 1 8
-32 2 2 8
-32 2 6 2
-32 2 7 2
-32 2 8 2
-32 2 9 2
-32 2 10 2
-32 2 11 2
-32 2 12 8
-32 2 13 8
-32 2 14 8
-32 2 15 2
-32 2 16 2
-31 2 -16 2
-31 2 -15 8
-31 2 -14 8
-31 2 -13 8
-31 2 -12 8
-31 2 -11 8
-31 2 -10 2
-31 2 -2 8
-31 2 -1 8
-31 2 0 8
-31 2 1 8
-31 2 2 8
-31 2 10 2
-31 2 11 8
-31 2 12 8
-31 2 13 8
-31 2 14 8
-31 2 15 8
-31 2 16 2
-30 2 -17 15
-30 2 -16 2
-30 2 -15 2
-30 2 -14 8
-30 2 -13 8
-30 2 -12 8
-30 2 -11 2
-30 2 -10 2
-30 2 10 15
-30 2 11 15
-30 2 12 8
-30 2 13 8
-30 2 14 8
-30 2 15 15
-30 2 16 2
-30 2 17 15
-29 2 -18 2
-29 2 -17 2
-29 2 -16 15
-29 2 -15 15
-29 2 -14 15
-29 2 -13 8
-29 2 -12 2
-29 2 -11 15
-29 2 11 2
-29 2 12 2
-29 2 13 8
-29 2 14 2
-29 2 15 2
-29 2 16 15
-29 2 17 2
-29 2 18 2
-28 2 -20 2
-28 2 -19 2
-28 2 -18 2
-28 2 -17 2
-28 2 -14 2
-28 2 -13 2
-28 2 -12 2
-28 2 12 2
-28 2 13 2
-28 2 14 2
-28 2 17 2
-28 2 18 2
-28 2 19 2
-28 2 20 2
-27 2 -21 2
-27 2 -20 15
-27 2 -19 15
-27 2 19 15
-27 2 20 2
-27 2 21 2
-26 2 -22 2
-26 2 -21 2
-26 2 -20 2
-26 2 20 2
-26 2 21 2
-26 2 22 15
-25 2 -23 2
-25 2 -22 2
-25 2 -21 2
-25 2 21 2
-25 2 22 2
-25 2 23 2
-24 2 -24 2
-24 2 -23 2
-24 2 -22 2
-24 2 22 2
-24 2 23 2
-24 2 24 15
-23 2 -25 2
-23 2 -24 2
-23 2 -23 2
-23 2 23 2
-23 2 24 2
-23 2 25 2
-22 2 -26 15
-22 2 -25 2
-22 2 -24 2
-22 2 24 15
-22 2 25 2
-22 2 26 2
-21 2 -27 2
-21 2 -26 15
-21 2 -25 2
-21 2 25 15
-21 2 26 2
-21 2 27 2
-20 2 -28 2
-20 2 -27 2
-20 2 -26 2
-20 2 26 2
-20 2 27 2
-20 2 28 15
-19 2 -28 2
-19 2 -27 2
-19 2 27 2
-19 2 28 15
-18 2 -29 2
-18 2 -28 2
-18 2 28 2
-18 2 29 2
-17 2 -30 2
-17 2 -29 15
-17 2 -28 2
-17 2 28 2
-17 2 29 2
-17 2 30 2
-16 2 -32 2
-16 2 -31 15
-16 2 -30 2
-16 2 -29 15
-16 2 -1 4
-16 2 0 2
-16 2 1 4
-16 2 29 2
-16 2 30 2
-16 2 31 15
-16 2 32 2
-15 2 -33 2
-15 2 -32 2
-15 2 -31 8
-15 2 -30 15
-15 2 -29 2
-15 2 -1 2
-15 2 0 2
-15 2 1 2
-15 2 29 2
-15 2 30 2
-15 2 31 8
-15 2 32 2
-15 2 33 2
-14 2 -34 2
-14 2 -33 2
-14 2 -32 8
-14 2 -31 8
-14 2 -30 8
-14 2 -29 2
-14 2 -28 2
-14 2 -1 4
-14 2 0 2
-14 2 1 4
-14 2 28 2
-14 2 29 2
-14 2 30 8
-14 2 31 8
-14 2 32 8
-14 2 33 2
-14 2 34 15
-13 2 -34 15
-13 2 -33 8
-13 2 -32 8
-13 2 -31 8
-13 2 -30 8
-13 2 -29 8
-13 2 -28 2
-13 2 28 2
-13 2 29 8
-13 2 30 8
-13 2 31 8
-13 2 32 8
-13 2 33 8
-13 2 34 2
-12 2 -34 2
-12 2 -33 2
-12 2 -32 8
-12 2 -31 8
-12 2 -30 8
-12 2 -29 2
-12 2 -28 2
-12 2 -12 4
-12 2 -11 2
-12 2 -10 4
-12 2 10 4
-12 2 11 2
-12 2 12 4
-12 2 28 2
-12 2 29 15
-12 2 30 8
-12 2 31 8
-12 2 32 8
-12 2 33 2
-12 2 34 2
-11 2 -33 2
-11 2 -32 2
-11 2 -31 8
-11 2 -30 2
-11 2 -29 2
-11 2 -12 2
-11 2 -11 2
-11 2 -10 2
-11 2 10 2
-11 2 11 2
-11 2 12 2
-11 2 29 2
-11 2 30 2
-11 2 31 8
-11 2 32 2
-11 2 33 2
-10 2 -33 2
-10 2 -32 15
-10 2 -31 2
-10 2 -30 2
-10 2 -12 4
-10 2 -11 2
-10 2 -10 4
-10 2 10 4
-10 2 11 2
-10 2 12 4
-10 2 30 2
-10 2 31 2
-10 2 32 2
-10 2 33 2
-9 2 -33 2
-9 2 -32 2
-9 2 32 2
-9 2 33 2
-8 2 -33 2
-8 2 -32 2
-8 2 32 2
-8 2 33 2
-7 2 -33 15
-7 2 -32 2
-7 2 32 2
-7 2 33 2
-6 2 -33 2
-6 2 -32 2
-6 2 32 2
-6 2 33 2
-5 2 -34 2
-5 2 -33 2
-5 2 33 2
-5 2 34 15
-4 2 -34 15
-4 2 -33 2
-4 2 33 15
-4 2 34 2
-3 2 -34 15
-3 2 -33 15
-3 2 33 2
-3 2 34 2
-2 2 -36 8
-2 2 -35 8
-2 2 -34 8
-2 2 -33 8
-2 2 -32 8
-2 2 -31 8
-2 2 31 8
-2 2 32 8
-2 2 33 8
-2 2 34 8
-2 2 35 8
-2 2 36 8
-1 2 -36 8
-1 2 -35 8
-1 2 -34 8
-1 2 -33 8
-1 2 -32 8
-1 2 -31 8
-1 2 -16 4
-1 2 -15 2
-1 2 -14 4
-1 2 14 4
-1 2 15 2
-1 2 16 4
-1 2 31 8
-1 2 32 8
-1 2 33 8
-1 2 34 8
-1 2 35 8
-1 2 36 8
0 2 -36 8
0 2 -35 8
0 2 -34 8
0 2 -33 8
0 2 -32 8
0 2 -31 8
0 2 -16 2
0 2 -15 2
0 2 -14 2
0 2 14 2
0 2 15 2
0 2 16 2
0 2 31 8
0 2 32 8
0 2 33 8
0 2 34 8
0 2 35 8
0 2 36 8
1 2 -36 8
1 2 -35 8
1 2 -34 8
1 2 -33 8
1 2 -32 8
1 2 -31 8
1 2 -16 4
1 2 -15 2
1 2 -14 4
1 2 14 4
1 2 15 2
1 2 16 4
1 2 31 8
1 2 32 8
1 2 33 8
1 2 34 8
1 2 35 8
1 2 36 8
2 2 -36 8
2 2 -35 8
2 2 -34 8
2 2 -33 8
2 2 -32 8
2 2 -31 8
2 2 31 8
2 2 32 8
2 2 33 8
2 2 34 8
2 2 35 8
2 2 36 8
3 2 -34 15
3 2 -33 2
3 2 33 15
3 2 34 2
4 2 -34 2
4 2 -33 2
4 2 33 2
4 2 34 2
5 2 -34 2
5 2 -33 2
5 2 33 2
5 2 34 15
6 2 -33 15
6 2 -32 15
6 2 32 15
6 2 33 2
7 2 -33 2
7 2 -32 2
7 2 32 2
7 2 33 15
8 2 -33 15
8 2 -32 2
8 2 32 2
8 2 33 15
9 2 -33 2
9 2 -32 2
9 2 32 2
9 2 33 2
10 2 -33 2
10 2 -32 2
10 2 -31 15
10 2 -30 2
10 2 -12 4
10 2 -11 2
10 2 -10 4
10 2 10 4
10 2 11 2
10 2 12 4
10 2 30 2
10 2 31 2
10 2 32 2
10 2 33 2
11 2 -33 2
11 2 -32 2
11 2 -31 8
11 2 -30 15
11 2 -29 2
11 2 -12 2
11 2 -11 2
11 2 -10 2
11 2 10 2
11 2 11 2
11 2 12 2
11 2 29 2
11 2 30 2
11 2 31 8
11 2 32 2
11 2 33 2
12 2 -34 2
12 2 -33 15
12 2 -32 8
12 2 -31 8
12 2 -30 8
12 2 -29 2
12 2 -28 2
12 2 -12 4
12 2 -11 2
12 2 -10 4
12 2 10 4
12 2 11 2
12 2 12 4
12 2 28 2
12 2 29 15
12 2 30 8
12 2 31 8
12 2 32 8
12 2 33 15
12 2 34 15
13 2 -34 15
13 2 -33 8
13 2 -32 8
13 2 -31 8
13 2 -30 8
13 2 -29 8
13 2 -28 15
13 2 28 2
13 2 29 8
13 2 30 8
13 2 31 8
13 2 32 8
13 2 33 8
13 2 34 2
14 2 -34 15
14 2 -33 2
14 2 -32 8
14 2 -31 8
14 2 -30 8
14 2 -29 15
14 2 -28 15
14 2 -1 4
14 2 0 2
14 2 1 4
14 2 28 2
14 2 29 15
14 2 30 8
14 2 31 8
14 2 32 8
14 2 33 15
14 2 34 2
15 2 -33 2
15 2 -32 2
15 2 -31 8
15 2 -30 15
15 2 -29 2
15 2 -1 2
15 2 0 2
15 2 1 2
15 2 29 2
15 2 30 2
15 2 31 8
15 2 32 2
15 2 33 2
16 2 -32 2
16 2 -31 2
16 2 -30 15
16 2 -29 15
16 2 -1 4
16 2 0 2
16 2 1 4
16 2 29 2
16 2 30 15
16 2 31 2
16 2 32 2
17 2 -30 2
17 2 -29 2
17 2 -28 15
17 2 28 2
17 2 29 15
17 2 30 2
18 2 -29 2
18 2 -28 15
18 2 28 15
18 2 29 2
19 2 -28 2
19 2 -27 2
19 2 27 2
19 2 28 2
20 2 -28 15
20 2 -27 15
20 2 -26 2
20 2 26 2
20 2 27 2
20 2 28 2
21 2 -27 2
21 2 -26 2
21 2 -25 15
21 2 25 2
21 2 26 2
21 2 27 2
22 2 -26 2
22 2 -25 2
22 2 -24 15
22 2 24 2
22 2 25 2
22 2 26 15
23 2 -25 2
23 2 -24 15
23 2 -23 2
23 2 23 2
23 2 24 15
23 2 25 2
24 2 -24 15
24 2 -23 2
24 2 -22 2
24 2 22 2
24 2 23 2
24 2 24 2
25 2 -23 2
25 2 -22 2
25 2 -21 2
25 2 21 2
25 2 22 2
25 2 23 2
26 2 -22 15
26 2 -21 15
26 2 -20 15
26 2 20 2
26 2 21 15
26 2 22 2
27 2 -21 2
27 2 -20 2
27 2 -19 15
27 2 19 15
27 2 20 2
27 2 21 2
28 2 -20 2
28 2 -19 2
28 2 -18 2
28 2 -17 2
28 2 -14 2
28 2 -13 2
28 2 -12 2
28 2 12 2
28 2 13 2
28 2 14 2
28 2 17 15
28 2 18 2
28 2 19 2
28 2 20 2
29 2 -18 2
29 2 -17 2
29 2 -16 2
29 2 -15 2
29 2 -14 2
29 2 -13 8
29 2 -12 15
29 2 -11 2
29 2 11 15
29 2 12 2
29 2 13 8
29 2 14 2
29 2 15 15
29 2 16 15
29 2 17 2
29 2 18 2
30 2 -17 2
30 2 -16 2
30 2 -15 2
30 2 -14 8
30 2 -13 8
30 2 -12 8
30 2 -11 2
30 2 -10 15
30 2 10 2
30 2 11 2
30 2 12 8
30 2 13 8
30 2 14 8
30 2 15 15
30 2 16 2
30 2 17 2
31 2 -16 15
31 2 -15 8
31 2 -14 8
31 2 -13 8
31 2 -12 8
31 2 -11 8
31 2 -10 2
31 2 -2 8
31 2 -1 8
31 2 0 8
31 2 1 8
31 2 2 8
31 2 10 2
31 2 11 8
31 2 12 8
31 2 13 8
31 2 14 8
31 2 15 8
31 2 16 2
32 2 -16 2
32 2 -15 2
32 2 -14 8
32 2 -13 8
32 2 -12 8
32 2 -11 2
32 2 -10 2
32 2 -9 2
32 2 -8 2
32 2 -7 2
32 2 -6 2
32 2 -2 8
32 2 -1 8
32 2 0 8
32 2 1 8
32 2 2 8
32 2 6 2
32 2 7 2
32 2 8 2
32 2 9 2
32 2 10 2
32 2 11 2
32 2 12 8
32 2 13 8
32 2 14 8
32 2 15 2
32 2 16 2
33 2 -15 2
33 2 -14 15
33 2 -13 8
33 2 -12 2
33 2 -11 2
33 2 -10 2
33 2 -9 2
33 2 -8 2
33 2 -7 15
33 2 -6 2
33 2 -5 2
33 2 -4 15
33 2 -3 2
33 2 -2 8
33 2 -1 8
33 2 0 8
33 2 1 8
33 2 2 8
33 2 3 15
33 2 4 15
33 2 5 2
33 2 6 2
33 2 7 15
33 2 8 2
33 2 9 2
33 2 10 2
33 2 11 2
33 2 12 2
33 2 13 8
33 2 14 15
33 2 15 2
34 2 -14 2
34 2 -13 2
34 2 -12 15
34 2 -5 15
34 2 -4 2
34 2 -3 2
34 2 -2 8
34 2 -1 8
34 2 0 8
34 2 1 8
34 2 2 8
34 2 3 2
34 2 4 15
34 2 5 2
34 2 12 2
34 2 13 15
34 2 14 2
35 2 -2 8
35 2 -1 8
35 2 0 8
35 2 1 8
35 2 2 8
36 2 -2 8
36 2 -1 8
36 2 0 8
36 2 1 8
36 2 2 8
-36 3 -2 8
-36 3 -1 8
-36 3 0 8
-36 3 1 8
-36 3 2 8
-35 3 -2 8
-35 3 -1 8
-35 3 0 8
-35 3 1 8
-35 3 2 8
-34 3 -14 15
-34 3 -13 2
-34 3 -12 15
-34 3 -5 2
-34 3 -4 2
-34 3 -3 2
-34 3 -2 8
-34 3 -1 8
-34 3 0 8
-34 3 1 8
-34 3 2 8
-34 3 3 2
-34 3 4 2
-34 3 5 15
-34 3 12 2
-34 3 13 2
-34 3 14 15
-33 3 -15 2
-33 3 -14 2
-33 3 -13 8
-33 3 -12 2
-33 3 -11 2
-33 3 -10 2
-33 3 -9 2
-33 3 -8 2
-33 3 -7 2
-33 3 -6 2
-33 3 -5 2
-33 3 -4 2
-33 3 -3 2
-33 3 -2 8
-33 3 -1 8
-33 3 0 8
-33 3 1 8
-33 3 2 8
-33 3 3 2
-33 3 4 2
-33 3 5 2
-33 3 6 2
-33 3 7 2
-33 3 8 2
-33 3 9 2
-33 3 10 2
-33 3 11 15
-33 3 12 2
-33 3 13 8
-33 3 14 15
-33 3 15 2
-32 3 -16 2
-32 3 -15 2
-32 3 -14 8
-32 3 -13 8
-32 3 -12 8
-32 3 -11 15
-32 3 -10 2
-32 3 -9 2
-32 3 -8 15
-32 3 -7 15
-32 3 -6 15
-32 3 -2 8
-32 3 -1 8
-32 3 0 8
-32 3 1 8
-32 3 2 8
-32 3 6 15
-32 3 7 15
-32 3 8 2
-32 3 9 2
-32 3 10 2
-32 3 11 2
-32 3 12 8
-32 3 13 8
-32 3 14 8
-32 3 15 2
-32 3 16 2
-31 3 -16 2
-31 3 -15 8
-31 3 -14 8
-31 3 -13 8
-31 3 -12 8
-31 3 -11 8
-31 3 -10 2
-31 3 -2 8
-31 3 -1 8
-31 3 0 8
-31 3 1 8
-31 3 2 8
-31 3 10 15
-31 3 11 8
-31 3 12 8
-31 3 13 8
-31 3 14 8
-31 3 15 8
-31 3 16 2
-30 3 -17 2
-30 3 -16 15
-30 3 -15 2
-30 3 -14 8
-30 3 -13 8
-30 3 -12 8
-30 3 -11 2
-30 3 -10 2
-30 3 10 2
-30 3 11 2
-30 3 12 8
-30 3 13 8
-30 3 14 8
-30 3 15 2
-30 3 16 2
-30 3 17 2
-29 3 -18 2
-29 3 -17 2
-29 3 -16 2
-29 3 -15 2
-29 3 -14 2
-29 3 -13 8
-29 3 -12 2
-29 3 -11 15
-29 3 11 15
-29 3 12 2
-29 3 13 8
-29 3 14 15
-29 3 15 2
-29 3 16 2
-29 3 17 2
-29 3 18 2
-28 3 -20 2
-28 3 -19 2
-28 3 -18 2
-28 3 -17 15
-28 3 -14 15
-28 3 -13 2
-28 3 -12 2
-28 3 12 2
-28 3 13 2
-28 3 14 2
-28 3 17 2
-28 3 18 2
-28 3 19 2
-28 3 20 2
-27 3 -21 2
-27 3 -20 2
-27 3 -19 2
-27 3 19 2
-27 3 20 15
-27 3 21 2
-26 3 -22 15
-26 3 -21 2
-26 3 -20 2
-26 3 20 15
-26 3 21 2
-26 3 22 2
-25 3 -23 2
-25 3 -22 15
-25 3 -21 15
-25 3 21 2
-25 3 22 15
-25 3 23 2
-24 3 -24 15
-24 3 -23 2
-24 3 -22 2
-24 3 22 2
-24 3 23 2
-24 3 24 2
-23 3 -25 2
-23 3 -24 2
-23 3 -23 2
-23 3 23 2
-23 3 24 2
-23 3 25 2
-22 3 -26 15
-22 3 -25 15
-22 3 -24 2
-22 3 24 15
-22 3 25 15
-22 3 26 2
-21 3 -27 2
-21 3 -26 2
-21 3 -25 2
-21 3 25 2
-21 3 26 2
-21 3 27 2
-20 3 -28 2
-20 3 -27 2
-20 3 -26 2
-20 3 26 2
-20 3 27 2
-20 3 28 15
-19 3 -28 2
-19 3 -27 2
-19 3 27 2
-19 3 28 2
-18 3 -29 2
-18 3 -28 2
-18 3 28 2
-18 3 29 15
-17 3 -30 2
-17 3 -29 2
-17 3 -28 2
-17 3 28 15
-17 3 29 15
-17 3 30 2
-16 3 -32 2
-16 3 -31 2
-16 3 -30 2
-16 3 -29 2
-16 3 -1 4
-16 3 0 2
-16 3 1 4
-16 3 29 2
-16 3 30 2
-16 3 31 2
-16 3 32 2
-15 3 -33 2
-15 3 -32 2
-15 3 -31 8
-15 3 -30 2
-15 3 -29 2
-15 3 -1 2
-15 3 0 2
-15 3 1 2
-15 3 29 2
-15 3 30 2
-15 3 31 8
-15 3 32 15
-15 3 33 2
-14 3 -34 2
-14 3 -33 15
-14 3 -32 8
-14 3 -31 8
-14 3 -30 8
-14 3 -29 2
-14 3 -28 2
-14 3 -1 4
-14 3 0 2
-14 3 1 4
-14 3 28 2
-14 3 29 2
-14 3 30 8
-14 3 31 8
-14 3 32 8
-14 3 33 2
-14 3 34 2
-13 3 -34 15
-13 3 -33 8
-13 3 -32 8
-13 3 -31 8
-13 3 -30 8
-13 3 -29 8
-13 3 -28 2
-13 3 28 2
-13 3 29 8
-13 3 30 8
-13 3 31 8
-13 3 32 8
-13 3 33 8
-13 3 34 2
-12 3 -34 15
-12 3 -33 2
-12 3 -32 8
-12 3 -31 8
-12 3 -30 8
-12 3 -29 15
-12 3 -28 15
-12 3 -12 4
-12 3 -11 2
-12 3 -10 4
-12 3 10 4
-12 3 11 2
-12 3 12 4
-12 3 28 2
-12 3 29 2
-12 3 30 8
-12 3 31 8
-12 3 32 8
-12 3 33 2
-12 3 34 15
-11 3 -33 2
-11 3 -32 2
-11 3 -31 8
-11 3 -30 2
-11 3 -29 2
-11 3 -12 2
-11 3 -11 2
-11 3 -10 2
-11 3 10 2
-11 3 11 2
-11 3 12 2
-11 3 29 2
-11 3 30 15
-11 3 31 8
-11 3 32 2
-11 3 33 15
-10 3 -33 2
-10 3 -32 2
-10 3 -31 2
-10 3 -30 2
-10 3 -12 4
-10 3 -11 2
-10 3 -10 4
-10 3 10 4
-10 3 11 2
-10 3 12 4
-10 3 30 2
-10 3 31 2
-10 3 32 2
-10 3 33 2
-9 3 -33 15
-9 3 -32 2
-9 3 32 2
-9 3 33 2
-8 3 -33 15
-8 3 -32 15
-8 3 32 2
-8 3 33 15
-7 3 -33 2
-7 3 -32 2
-7 3 32 2
-7 3 33 2
-6 3 -33 2
-6 3 -32 2
-6 3 32 2
-6 3 33 2
-5 3 -34 2
-5 3 -33 2
-5 3 33 2
-5 3 34 15
-4 3 -34 2
-4 3 -33 2
-4 3 33 15
-4 3 34 2
-3 3 -34 2
-3 3 -33 2
-3 3 33 15
-3 3 34 15
-2 3 -36 8
-2 3 -35 8
-2 3 -34 8
-2 3 -33 8
-2 3 -32 8
-2 3 -31 8
-2 3 31 8
-2 3 32 8
-2 3 33 8
-2 3 34 8
-2 3 35 8
-2 3 36 8
-1 3 -36 8
-1 3 -35 8
-1 3 -34 8
-1 3 -33 8
-1 3 -32 8
-1 3 -31 8
-1 3 -16 4
-1 3 -15 2
-1 3 -14 4
-1 3 14 4
-1 3 15 2
-1 3 16 4
-1 3 31 8
-1 3 32 8
-1 3 33 8
-1 3 34 8
-1 3 35 8
-1 3 36 8
0 3 -36 8
0 3 -35 8
0 3 -34 8
0 3 -33 8
0 3 -32 8
0 3 -31 8
0 3 -16 2
0 3 -15 2
0 3 -14 2
0 3 14 2
0 3 15 2
0 3 16 2
0 3 31 8
0 3 32 8
0 3 33 8
0 3 34 8
0 3 35 8
0 3 36 8
1 3 -36 8
1 3 -35 8
1 3 -34 8
1 3 -33 8
1 3 -32 8
1 3 -31 8
1 3 -16 4
1 3 -15 2
1 3 -14 4
1 3 14 4
1 3 15 2
1 3 16 4
1 3 31 8
1 3 32 8
1 3 33 8
1 3 34 8
1 3 35 8
1 3 36 8
2 3 -36 8
2 3 -35 8
2 3 -34 8
2 3 -33 8
2 3 -32 8
2 3 -31 8
2 3 31 8
2 3 32 8
2 3 33 8
2 3 34 8
2 3 35 8
2 3 36 8
3 3 -34 2
3 3 -33 15
3 3 33 2
3 3 34 15
4 3 -34 2
4 3 -33 2
4 3 33 2
4 3 34 2
5 3 -34 2
5 3 -33 2
5 3 33 2
5 3 34 2
6 3 -33 2
6 3 -32 2
6 3 32 15
6 3 33 2
7 3 -33 2
7 3 -32 2
7 3 32 2
7 3 33 2
8 3 -33 2
8 3 -32 2
8 3 32 2
8 3 33 2
9 3 -33 2
9 3 -32 15
9 3 32 2
9 3 33 15
10 3 -33 2
10 3 -32 2
10 3 -31 2
10 3 -30 2
10 3 -12 4
10 3 -11 2
10 3 -10 4
10 3 10 4
10 3 11 2
10 3 12 4
10 3 30 2
10 3 31 2
10 3 32 2
10 3 33 2
11 3 -33 15
11 3 -32 2
11 3 -31 8
11 3 -30 2
11 3 -29 2
11 3 -12 2
11 3 -11 2
11 3 -10 2
11 3 10 2
11 3 11 2
11 3 12 2
11 3 29 2
11 3 30 2
11 3 31 8
11 3 32 2
11 3 33 2
12 3 -34 2
12 3 -33 15
12 3 -32 8
12 3 -31 8
12 3 -30 8
12 3 -29 2
12 3 -28 2
12 3 -12 4
12 3 -11 2
12 3 -10 4
12 3 10 4
12 3 11 2
12 3 12 4
12 3 28 15
12 3 29 2
12 3 30 8
12 3 31 8
12 3 32 8
12 3 33 2
12 3 34 2
13 3 -34 15
13 3 -33 8
13 3 -32 8
13 3 -31 8
13 3 -30 8
13 3 -29 8
13 3 -28 15
13 3 28 15
13 3 29 8
13 3 30 8
13 3 31 8
13 3 32 8
13 3 33 8
13 3 34 2
14 3 -34 2
14 3 -33 15
14 3 -32 8
14 3 -31 8
14 3 -30 8
14 3 -29 2
14 3 -28 2
14 3 -1 4
14 3 0 2
14 3 1 4
14 3 28 2
14 3 29 15
14 3 30 8
14 3 31 8
14 3 32 8
14 3 33 2
14 3 34 2
15 3 -33 2
15 3 -32 2
15 3 -31 8
15 3 -30 2
15 3 -29 2
15 3 -1 2
15 3 0 2
15 3 1 2
15 3 29 2
15 3 30 15
15 3 31 8
15 3 32 15
15 3 33 2
16 3 -32 2
16 3 -31 2
16 3 -30 2
16 3 -29 2
16 3 -1 4
16 3 0 2
16 3 1 4
16 3 29 2
16 3 30 2
16 3 31 2
16 3 32 2
17 3 -30 2
17 3 -29 15
17 3 -28 2
17 3 28 15
17 3 29 2
17 3 30 2
18 3 -29 2
18 3 -28 2
18 3 28 2
18 3 29 15
19 3 -28 2
19 3 -27 2
19 3 27 2
19 3 28 2
20 3 -28 15
20 3 -27 2
20 3 -26 2
20 3 26 15
20 3 27 2
20 3 28 2
21 3 -27 2
21 3 -26 2
21 3 -25 2
21 3 25 2
21 3 26 2
21 3 27 2
22 3 -26 2
22 3 -25 2
22 3 -24 2
22 3 24 2
22 3 25 2
22 3 26 15
23 3 -25 2
23 3 -24 2
23 3 -23 2
23 3 23 2
23 3 24 2
23 3 25 2
24 3 -24 2
24 3 -23 2
24 3 -22 2
24 3 22 2
24 3 23 2
24 3 24 15
25 3 -23 2
25 3 -22 2
25 3 -21 2
25 3 21 15
25 3 22 2
25 3 23 2
26 3 -22 2
26 3 -21 2
26 3 -20 15
26 3 20 2
26 3 21 2
26 3 22 15
27 3 -21 2
27 3 -20 2
27 3 -19 2
27 3 19 2
27 3 20 2
27 3 21 2
28 3 -20 2
28 3 -19 2
28 3 -18 2
28 3 -17 2
28 3 -14 2
28 3 -13 2
28 3 -12 2
28 3 12 2
28 3 13 2
28 3 14 2
28 3 17 2
28 3 18 2
28 3 19 2
28 3 20 2
29 3 -18 2
29 3 -17 2
29 3 -16 2
29 3 -15 2
29 3 -14 2
29 3 -13 8
29 3 -12 2
29 3 -11 15
29 3 11 15
29 3 12 2
29 3 13 8
29 3 14 2
29 3 15 2
29 3 16 2
29 3 17 2
29 3 18 2
30 3 -17 2
30 3 -16 2
30 3 -15 2
30 3 -14 8
30 3 -13 8
30 3 -12 8
30 3 -11 2
30 3 -10 2
30 3 10 2
30 3 11 2
30 3 12 8
30 3 13 8
30 3 14 8
30 3 15 2
30 3 16 2
30 3 17 2
31 3 -16 2
31 3 -15 8
31 3 -14 8
31 3 -13 8
31 3 -12 8
31 3 -11 8
31 3 -10 2
31 3 -2 8
31 3 -1 8
31 3 0 8
31 3 1 8
31 3 2 8
31 3 10 2
31 3 11 8
31 3 12 8
31 3 13 8
31 3 14 8
31 3 15 8
31 3 16 2
32 3 -16 2
32 3 -15 15
32 3 -14 8
32 3 -13 8
32 3 -12 8
32 3 -11 2
32 3 -10 2
32 3 -9 15
32 3 -8 15
32 3 -7 15
32 3 -6 2
32 3 -2 8
32 3 -1 8
32 3 0 8
32 3 1 8
32 3 2 8
32 3 6 2
32 3 7 15
32 3 8 15
32 3 9 2
32 3 10 2
32 3 11 2
32 3 12 8
32 3 13 8
32 3 14 8
32 3 15 2
32 3 16 2
33 3 -15 2
33 3 -14 2
33 3 -13 8
33 3 -12 2
33 3 -11 15
33 3 -10 15
33 3 -9 2
33 3 -8 2
33 3 -7 2
33 3 -6 15
33 3 -5 2
33 3 -4 15
33 3 -3 2
33 3 -2 8
33 3 -1 8
33 3 0 8
33 3 1 8
33 3 2 8
33 3 3 2
33 3 4 15
33 3 5 2
33 3 6 15
33 3 7 2
33 3 8 2
33 3 9 2
33 3 10 2
33 3 11 2
33 3 12 2
33 3 13 8
33 3 14 15
33 3 15 2
34 3 -14 15
34 3 -13 2
34 3 -12 2
34 3 -5 2
34 3 -4 2
34 3 -3 2
34 3 -2 8
34 3 -1 8
34 3 0 8
34 3 1 8
34 3 2 8
34 3 3 2
34 3 4 2
34 3 5 2
34 3 12 2
34 3 13 2
34 3 14 15
35 3 -2 8
35 3 -1 8
35 3 0 8
35 3 1 8
35 3 2 8
36 3 -2 8
36 3 -1 8
36 3 0 8
36 3 1 8
36 3 2 8
-36 4 -2 8
-36 4 -1 8
-36 4 0 8
-36 4 1 8
-36 4 2 8
-35 4 -2 8
-35 4 -1 8
-35 4 0 8
-35 4 1 8
-35 4 2 8
-34 4 -14 2
-34 4 -13 26
-34 4 -12 2
-34 4 -5 2
-34 4 -4 2
-34 4 -3 2
-34 4 -2 8
-34 4 -1 8
-34 4 0 8
-34 4 1 8
-34 4 2 8
-34 4 3 2
-34 4 4 2
-34 4 5 2
-34 4 12 2
-34 4 13 26
-34 4 14 15
-33 4 -15 15
-33 4 -14 15
-33 4 -13 8
-33 4 -12 2
-33 4 -11 15
-33 4 -10 2
-33 4 -9 2
-33 4 -8 15
-33 4 -7 15
-33 4 -6 2
-33 4 -5 2
-33 4 -4 2
-33 4 -3 2
-33 4 -2 8
-33 4 -1 8
-33 4 0 8
-33 4 1 8
-33 4 2 8
-33 4 3 2
-33 4 4 2
-33 4 5 2
-33 4 6 2
-33 4 7 15
-33 4 8 2
-33 4 9 15
-33 4 10 2
-33 4 11 2
-33 4 12 2
-33 4 13 8
-33 4 14 2
-33 4 15 15
-32 4 -16 2
-32 4 -15 2
-32 4 -14 8
-32 4 -13 8
-32 4 -12 8
-32 4 -11 2
-32 4 -10 2
-32 4 -9 2
-32 4 -8 2
-32 4 -7 2
-32 4 -6 2
-32 4 -2 8
-32 4 -1 8
-32 4 0 8
-32 4 1 8
-32 4 2 8
-32 4 6 15
-32 4 7 2
-32 4 8 2
-32 4 9 2
-32 4 10 2
-32 4 11 2
-32 4 12 8
-32 4 13 8
-32 4 14 8
-32 4 15 2
-32 4 16 2
-31 4 -16 27
-31 4 -15 8
-31 4 -14 8
-31 4 -13 8
-31 4 -12 8
-31 4 -11 8
-31 4 -10 27
-31 4 -2 8
-31 4 -1 8
-31 4 0 8
-31 4 1 8
-31 4 2 8
-31 4 10 27
-31 4 11 8
-31 4 12 8
-31 4 13 8
-31 4 14 8
-31 4 15 8
-31 4 16 27
-30 4 -17 2
-30 4 -16 15
-30 4 -15 2
-30 4 -14 8
-30 4 -13 8
-30 4 -12 8
-30 4 -11 2
-30 4 -10 2
-30 4 10 2
-30 4 11 2
-30 4 12 8
-30 4 13 8
-30 4 14 8
-30 4 15 2
-30 4 16 2
-30 4 17 2
-29 4 -18 2
-29 4 -17 15
-29 4 -16 2
-29 4 -15 2
-29 4 -14 15
-29 4 -13 8
-29 4 -12 2
-29 4 -11 2
-29 4 11 2
-29 4 12 2
-29 4 13 8
-29 4 14 2
-29 4 15 2
-29 4 16 2
-29 4 17 2
-29 4 18 2
-28 4 -20 2
-28 4 -19 2
-28 4 -18 15
-28 4 -17 15
-28 4 -14 15
-28 4 -13 26
-28 4 -12 2
-28 4 12 15
-28 4 13 26
-28 4 14 15
-28 4 17 2
-28 4 18 2
-28 4 19 15
-28 4 20 2
-27 4 -21 2
-27 4 -20 2
-27 4 -19 2
-27 4 19 2
-27 4 20 2
-27 4 21 2
-26 4 -22 15
-26 4 -21 15
-26 4 -20 15
-26 4 20 2
-26 4 21 15
-26 4 22 2
-25 4 -23 2
-25 4 -22 15
-25 4 -21 2
-25 4 21 2
-25 4 22 2
-25 4 23 2
-24 4 -24 2
-24 4 -23 2
-24 4 -22 2
-24 4 22 2
-24 4 23 15
-24 4 24 2
-23 4 -25 15
-23 4 -24 15
-23 4 -23 2
-23 4 23 2
-23 4 24 2
-23 4 25 2
-22 4 -26 2
-22 4 -25 2
-22 4 -24 2
-22 4 24 2
-22 4 25 15
-22 4 26 2
-21 4 -27 2
-21 4 -26 15
-21 4 -25 2
-21 4 25 15
-21 4 26 15
-21 4 27 2
-20 4 -28 2
-20 4 -27 2
-20 4 -26 15
-20 4 26 2
-20 4 27 2
-20 4 28 15
-19 4 -28 2
-19 4 -27 15
-19 4 27 2
-19 4 28 2
-18 4 -29 2
-18 4 -28 2
-18 4 28 2
-18 4 29 15
-17 4 -30 2
-17 4 -29 2
-17 4 -28 2
-17 4 28 2
-17 4 29 2
-17 4 30 2
-16 4 -32 15
-16 4 -31 26
-16 4 -30 2
-16 4 -29 2
-16 4 -1 4
-16 4 0 19
-16 4 1 4
-16 4 29 2
-16 4 30 2
-16 4 31 26
-16 4 32 15
-15 4 -33 2
-15 4 -32 2
-15 4 -31 8
-15 4 -30 2
-15 4 -29 2
-15 4 -1 19
-15 4 0 2
-15 4 1 19
-15 4 29 2
-15 4 30 2
-15 4 31 8
-15 4 32 15
-15 4 33 2
-14 4 -34 2
-14 4 -33 2
-14 4 -32 8
-14 4 -31 8
-14 4 -30 8
-14 4 -29 2
-14 4 -28 2
-14 4 -1 4
-14 4 0 19
-14 4 1 4
-14 4 28 15
-14 4 29 2
-14 4 30 8
-14 4 31 8
-14 4 32 8
-14 4 33 15
-14 4 34 2
-13 4 -34 27
-13 4 -33 8
-13 4 -32 8
-13 4 -31 8
-13 4 -30 8
-13 4 -29 8
-13 4 -28 27
-13 4 28 27
-13 4 29 8
-13 4 30 8
-13 4 31 8
-13 4 32 8
-13 4 33 8
-13 4 34 27
-12 4 -34 2
-12 4 -33 2
-12 4 -32 8
-12 4 -31 8
-12 4 -30 8
-12 4 -29 2
-12 4 -28 2
-12 4 -12 4
-12 4 -11 19
-12 4 -10 4
-12 4 10 4
-12 4 11 19
-12 4 12 4
-12 4 28 2
-12 4 29 2
-12 4 30 8
-12 4 31 8
-12 4 32 8
-12 4 33 2
-12 4 34 2
-11 4 -33 15
-11 4 -32 2
-11 4 -31 8
-11 4 -30 2
-11 4 -29 2
-11 4 -12 19
-11 4 -11 2
-11 4 -10 19
-11 4 10 19
-11 4 11 15
-11 4 12 19
-11 4 29 2
-11 4 30 2
-11 4 31 8
-11 4 32 2
-11 4 33 2
-10 4 -33 15
-10 4 -32 2
-10 4 -31 26
-10 4 -30 2
-10 4 -12 4
-10 4 -11 19
-10 4 -10 4
-10 4 10 4
-10 4 11 19
-10 4 12 4
-10 4 30 2
-10 4 31 26
-10 4 32 2
-10 4 33 2
-9 4 -33 2
-9 4 -32 2
-9 4 32 2
-9 4 33 15
-8 4 -33 2
-8 4 -32 15
-8 4 32 2
-8 4 33 15
-7 4 -33 2
-7 4 -32 2
-7 4 32 15
-7 4 33 2
-6 4 -33 2
-6 4 -32 2
-6 4 32 2
-6 4 33 2
-5 4 -34 2
-5 4 -33 2
-5 4 33 2
-5 4 34 15
-4 4 -34 15
-4 4 -33 2
-4 4 33 2
-4 4 34 15
-3 4 -34 15
-3 4 -33 15
-3 4 33 15
-3 4 34 2
-2 4 -36 8
-2 4 -35 8
-2 4 -34 8
-2 4 -33 8
-2 4 -32 8
-2 4 -31 8
-2 4 31 8
-2 4 32 8
-2 4 33 8
-2 4 34 8
-2 4 35 8
-2 4 36 8
-1 4 -36 8
-1 4 -35 8
-1 4 -34 8
-1 4 -33 8
-1 4 -32 8
-1 4 -31 8
-1 4 -16 4
-1 4 -15 19
-1 4 -14 4
-1 4 14 4
-1 4 15 19
-1 4 16 4
-1 4 31 8
-1 4 32 8
-1 4 33 8
-1 4 34 8
-1 4 35 8
-1 4 36 8
0 4 -36 8
0 4 -35 8
0 4 -34 8
0 4 -33 8
0 4 -32 8
0 4 -31 8
0 4 -16 19
0 4 -15 2
0 4 -14 19
0 4 14 19
0 4 15 2
0 4 16 19
0 4 31 8
0 4 32 8
0 4 33 8
0 4 34 8
0 4 35 8
0 4 36 8
1 4 -36 8
1 4 -35 8
1 4 -34 8
1 4 -33 8
1 4 -32 8
1 4 -31 8
1 4 -16 4
1 4 -15 19
1 4 -14 4
1 4 14 4
1 4 15 19
1 4 16 4
1 4 31 8
1 4 32 8
1 4 33 8
1 4 34 8
1 4 35 8
1 4 36 8
2 4 -36 8
2 4 -35 8
2 4 -34 8
2 4 -33 8
2 4 -32 8
2 4 -31 8
2 4 31 8
2 4 32 8
2 4 33 8
2 4 34 8
2 4 35 8
2 4 36 8
3 4 -34 15
3 4 -33 15
3 4 33 15
3 4 34 2
4 4 -34 2
4 4 -33 2
4 4 33 15
4 4 34 2
5 4 -34 2
5 4 -33 2
5 4 33 2
5 4 34 2
6 4 -33 2
6 4 -32 2
6 4 32 2
6 4 33 2
7 4 -33 2
7 4 -32 2
7 4 32 2
7 4 33 2
8 4 -33 2
8 4 -32 15
8 4 32 15
8 4 33 2
9 4 -33 15
9 4 -32 2
9 4 32 2
9 4 33 2
10 4 -33 15
10 4 -32 15
10 4 -31 26
10 4 -30 2
10 4 -12 4
10 4 -11 19
10 4 -10 4
10 4 10 4
10 4 11 19
10 4 12 4
10 4 30 2
10 4 31 26
10 4 32 15
10 4 33 2
11 4 -33 2
11 4 -32 2
11 4 -31 8
11 4 -30 2
11 4 -29 2
11 4 -12 19
11 4 -11 15
11 4 -10 19
11 4 10 19
11 4 11 2
11 4 12 19
11 4 29 2
11 4 30 2
11 4 31 8
11 4 32 2
11 4 33 15
12 4 -34 2
12 4 -33 2
12 4 -32 8
12 4 -31 8
12 4 -30 8
12 4 -29 2
12 4 -28 2
12 4 -12 4
12 4 -11 19
12 4 -10 4
12 4 10 4
12 4 11 19
12 4 12 4
12 4 28 2
12 4 29 15
12 4 30 8
12 4 31 8
12 4 32 8
12 4 33 15
12 4 34 2
13 4 -34 27
13 4 -33 8
13 4 -32 8
13 4 -31 8
13 4 -30 8
13 4 -29 8
13 4 -28 27
13 4 28 27
13 4 29 8
13 4 30 8
13 4 31 8
13 4 32 8
13 4 33 8
13 4 34 27
14 4 -34 2
14 4 -33 2
14 4 -32 8
14 4 -31 8
14 4 -30 8
14 4 -29 15
14 4 -28 2
14 4 -1 4
14 4 0 19
14 4 1 4
14 4 28 15
14 4 29 15
14 4 30 8
14 4 31 8
14 4 32 8
14 4 33 2
14 4 34 2
15 4 -33 2
15 4 -32 2
15 4 -31 8
15 4 -30 2
15 4 -29 2
15 4 -1 19
15 4 0 2
15 4 1 19
15 4 29 2
15 4 30 2
15 4 31 8
15 4 32 2
15 4 33 2
16 4 -32 2
16 4 -31 26
16 4 -30 2
16 4 -29 2
16 4 -1 4
16 4 0 19
16 4 1 4
16 4 29 2
16 4 30 15
16 4 31 26
16 4 32 2
17 4 -30 2
17 4 -29 2
17 4 -28 2
17 4 28 2
17 4 29 2
17 4 30 15
18 4 -29 2
18 4 -28 2
18 4 28 2
18 4 29 2
19 4 -28 2
19 4 -27 2
19 4 27 15
19 4 28 15
20 4 -28 15
20 4 -27 2
20 4 -26 2
20 4 26 2
20 4 27 15
20 4 28 2
21 4 -27 2
21 4 -26 2
21 4 -25 15
21 4 25 2
21 4 26 2
21 4 27 2
22 4 -26 2
22 4 -25 2
22 4 -24 2
22 4 24 2
22 4 25 2
22 4 26 2
23 4 -25 2
23 4 -24 2
23 4 -23 2
23 4 23 2
23 4 24 2
23 4 25 15
24 4 -24 2
24 4 -23 2
24 4 -22 2
24 4 22 2
24 4 23 2
24 4 24 2
25 4 -23 2
25 4 -22 15
25 4 -21 2
25 4 21 2
25 4 22 2
25 4 23 2
26 4 -22 2
26 4 -21 2
26 4 -20 2
26 4 20 2
26 4 21 2
26 4 22 15
27 4 -21 2
27 4 -20 2
27 4 -19 2
27 4 19 2
27 4 20 2
27 4 21 2
28 4 -20 2
28 4 -19 2
28 4 -18 2
28 4 -17 2
28 4 -14 15
28 4 -13 26
28 4 -12 15
28 4 12 2
28 4 13 26
28 4 14 15
28 4 17 2
28 4 18 15
28 4 19 15
28 4 20 2
29 4 -18 2
29 4 -17 2
29 4 -16 2
29 4 -15 2
29 4 -14 2
29 4 -13 8
29 4 -12 2
29 4 -11 2
29 4 11 2
29 4 12 2
29 4 13 8
29 4 14 2
29 4 15 2
29 4 16 2
29 4 17 15
29 4 18 15
30 4 -17 2
30 4 -16 2
30 4 -15 15
30 4 -14 8
30 4 -13 8
30 4 -12 8
30 4 -11 2
30 4 -10 2
30 4 10 2
30 4 11 2
30 4 12 8
30 4 13 8
30 4 14 8
30 4 15 2
30 4 16 15
30 4 17 15
31 4 -16 27
31 4 -15 8
31 4 -14 8
31 4 -13 8
31 4 -12 8
31 4 -11 8
31 4 -10 27
31 4 -2 8
31 4 -1 8
31 4 0 8
31 4 1 8
31 4 2 8
31 4 10 27
31 4 11 8
31 4 12 8
31 4 13 8
31 4 14 8
31 4 15 8
31 4 16 27
32 4 -16 2
32 4 -15 2
32 4 -14 8
32 4 -13 8
32 4 -12 8
32 4 -11 2
32 4 -10 2
32 4 -9 2
32 4 -8 2
32 4 -7 2
32 4 -6 2
32 4 -2 8
32 4 -1 8
32 4 0 8
32 4 1 8
32 4 2 8
32 4 6 2
32 4 7 2
32 4 8 2
32 4 9 2
32 4 10 15
32 4 11 2
32 4 12 8
32 4 13 8
32 4 14 8
32 4 15 2
32 4 16 2
33 4 -15 15
33 4 -14 2
33 4 -13 8
33 4 -12 2
33 4 -11 2
33 4 -10 2
33 4 -9 15
33 4 -8 2
33 4 -7 15
33 4 -6 2
33 4 -5 2
33 4 -4 2
33 4 -3 2
33 4 -2 8
33 4 -1 8
33 4 0 8
33 4 1 8
33 4 2 8
33 4 3 2
33 4 4 2
33 4 5 2
33 4 6 2
33 4 7 15
33 4 8 15
33 4 9 2
33 4 10 15
33 4 11 15
33 4 12 2
33 4 13 8
33 4 14 2
33 4 15 15
34 4 -14 15
34 4 -13 26
34 4 -12 2
34 4 -5 2
34 4 -4 15
34 4 -3 2
34 4 -2 8
34 4 -1 8
34 4 0 8
34 4 1 8
34 4 2 8
34 4 3 15
34 4 4 2
34 4 5 2
34 4 12 2
34 4 13 26
34 4 14 2
35 4 -2 8
35 4 -1 8
35 4 0 8
35 4 1 8
35 4 2 8
36 4 -2 8
36 4 -1 8
36 4 0 8
36 4 1 8
36 4 2 8
-36 5 -2 8
-36 5 -1 8
-36 5 0 8
-36 5 1 8
-36 5 2 8
-35 5 -2 8
-35 5 -1 8
-35 5 0 8
-35 5 1 8
-35 5 2 8
-34 5 -14 2
-34 5 -13 26
-34 5 -12 2
-34 5 -5 7
-34 5 -4 7
-34 5 -3 7
-34 5 -2 8
-34 5 -1 8
-34 5 0 8
-34 5 1 8
-34 5 2 8
-34 5 3 7
-34 5 4 7
-34 5 5 7
-34 5 12 2
-34 5 13 26
-34 5 14 2
-33 5 -15 15
-33 5 -14 2
-33 5 -13 8
-33 5 -12 2
-33 5 -11 2
-33 5 -10 7
-33 5 -9 7
-33 5 -8 7
-33 5 -7 7
-33 5 -6 7
-33 5 -5 7
-33 5 -4 7
-33 5 -3 7
-33 5 -2 8
-33 5 -1 8
-33 5 0 8
-33 5 1 8
-33 5 2 8
-33 5 3 7
-33 5 4 7
-33 5 5 7
-33 5 6 7
-33 5 7 7
-33 5 8 7
-33 5 9 7
-33 5 10 7
-33 5 11 2
-33 5 12 15
-33 5 13 8
-33 5 14 2
-33 5 15 15
-32 5 -16 2
-32 5 -15 2
-32 5 -14 8
-32 5 -13 8
-32 5 -12 8
-32 5 -11 2
-32 5 -10 2
-32 5 -9 7
-32 5 -8 7
-32 5 -7 7
-32 5 -6 7
-32 5 -2 8
-32 5 -1 8
-32 5 0 8
-32 5 1 8
-32 5 2 8
-32 5 6 7
-32 5 7 7
-32 5 8 7
-32 5 9 7
-32 5 10 2
-32 5 11 2
-32 5 12 8
-32 5 13 8
-32 5 14 8
-32 5 15 2
-32 5 16 2
-31 5 -16 27
-31 5 -15 8
-31 5 -14 8
-31 5 -13 8
-31 5 -12 8
-31 5 -11 8
-31 5 -10 27
-31 5 -2 8
-31 5 -1 8
-31 5 0 8
-31 5 1 8
-31 5 2 8
-31 5 10 27
-31 5 11 8
-31 5 12 8
-31 5 13 8
-31 5 14 8
-31 5 15 8
-31 5 16 27
-30 5 -17 7
-30 5 -16 2
-30 5 -15 15
-30 5 -14 8
-30 5 -13 8
-30 5 -12 8
-30 5 -11 15
-30 5 -10 2
-30 5 10 2
-30 5 11 2
-30 5 12 8
-30 5 13 8
-30 5 14 8
-30 5 15 15
-30 5 16 2
-30 5 17 7
-29 5 -18 7
-29 5 -17 7
-29 5 -16 7
-29 5 -15 2
-29 5 -14 2
-29 5 -13 8
-29 5 -12 15
-29 5 -11 2
-29 5 11 2
-29 5 12 2
-29 5 13 8
-29 5 14 2
-29 5 15 15
-29 5 16 7
-29 5 17 7
-29 5 18 7
-28 5 -20 7
-28 5 -19 7
-28 5 -18 7
-28 5 -17 7
-28 5 -14 2
-28 5 -13 26
-28 5 -12 2
-28 5 12 2
-28 5 13 26
-28 5 14 2
-28 5 17 7
-28 5 18 7
-28 5 19 7
-28 5 20 7
-27 5 -21 7
-27 5 -20 7
-27 5 -19 7
-27 5 19 7
-27 5 20 7
-27 5 21 7
-26 5 -22 7
-26 5 -21 7
-26 5 -20 7
-26 5 20 7
-26 5 21 7
-26 5 22 7
-25 5 -23 7
-25 5 -22 7
-25 5 -21 7
-25 5 21 7
-25 5 22 7
-25 5 23 7
-24 5 -24 7
-24 5 -23 7
-24 5 -22 7
-24 5 22 7
-24 5 23 7
-24 5 24 7
-23 5 -25 7
-23 5 -24 7
-23 5 -23 7
-23 5 23 7
-23 5 24 7
-23 5 25 7
-22 5 -26 7
-22 5 -25 7
-22 5 -24 7
-22 5 24 7
-22 5 25 7
-22 5 26 7
-21 5 -27 7
-21 5 -26 7
-21 5 -25 7
-21 5 25 7
-21 5 26 7
-21 5 27 7
-20 5 -28 7
-20 5 -27 7
-20 5 -26 7
-20 5 26 7
-20 5 27 7
-20 5 28 7
-19 5 -28 7
-19 5 -27 7
-19 5 27 7
-19 5 28 7
-18 5 -29 7
-18 5 -28 7
-18 5 28 7
-18 5 29 7
-17 5 -30 7
-17 5 -29 7
-17 5 -28 7
-17 5 28 7
-17 5 29 7
-17 5 30 7
-16 5 -32 15
-16 5 -31 26
-16 5 -30 2
-16 5 -29 7
-16 5 -1 4
-16 5 0 2
-16 5 1 4
-16 5 29 7
-16 5 30 2
-16 5 31 26
-16 5 32 2
-15 5 -33 2
-15 5 -32 2
-15 5 -31 8
-15 5 -30 2
-15 5 -29 2
-15 5 -1 2
-15 5 0 2
-15 5 1 2
-15 5 29 2
-15 5 30 2
-15 5 31 8
-15 5 32 2
-15 5 33 2
-14 5 -34 2
-14 5 -33 15
-14 5 -32 8
-14 5 -31 8
-14 5 -30 8
-14 5 -29 15
-14 5 -28 15
-14 5 -1 4
-14 5 0 2
-14 5 1 4
-14 5 28 15
-14 5 29 2
-14 5 30 8
-14 5 31 8
-14 5 32 8
-14 5 33 2
-14 5 34 2
-13 5 -34 27
-13 5 -33 8
-13 5 -32 8
-13 5 -31 8
-13 5 -30 8
-13 5 -29 8
-13 5 -28 27
-13 5 28 27
-13 5 29 8
-13 5 30 8
-13 5 31 8
-13 5 32 8
-13 5 33 8
-13 5 34 27
-12 5 -34 15
-12 5 -33 2
-12 5 -32 8
-12 5 -31 8
-12 5 -30 8
-12 5 -29 2
-12 5 -28 2
-12 5 -12 4
-12 5 -11 2
-12 5 -10 4
-12 5 10 4
-12 5 11 2
-12 5 12 4
-12 5 28 15
-12 5 29 2
-12 5 30 8
-12 5 31 8
-12 5 32 8
-12 5 33 2
-12 5 34 2
-11 5 -33 2
-11 5 -32 2
-11 5 -31 8
-11 5 -30 15
-11 5 -29 2
-11 5 -12 2
-11 5 -11 15
-11 5 -10 2
-11 5 10 2
-11 5 11 2
-11 5 12 2
-11 5 29 2
-11 5 30 2
-11 5 31 8
-11 5 32 15
-11 5 33 15
-10 5 -33 7
-10 5 -32 2
-10 5 -31 26
-10 5 -30 2
-10 5 -12 4
-10 5 -11 2
-10 5 -10 4
-10 5 10 4
-10 5 11 2
-10 5 12 4
-10 5 30 15
-10 5 31 26
-10 5 32 15
-10 5 33 7
-9 5 -33 7
-9 5 -32 7
-9 5 32 7
-9 5 33 7
-8 5 -33 7
-8 5 -32 7
-8 5 32 7
-8 5 33 7
-7 5 -33 7
-7 5 -32 7
-7 5 32 7
-7 5 33 7
-6 5 -33 7
-6 5 -32 7
-6 5 32 7
-6 5 33 7
-5 5 -34 7
-5 5 -33 7
-5 5 33 7
-5 5 34 7
-4 5 -34 7
-4 5 -33 7
-4 5 33 7
-4 5 34 7
-3 5 -34 7
-3 5 -33 7
-3 5 33 7
-3 5 34 7
-2 5 -36 8
-2 5 -35 8
-2 5 -34 8
-2 5 -33 8
-2 5 -32 8
-2 5 -31 8
-2 5 31 8
-2 5 32 8
-2 5 33 8
-2 5 34 8
-2 5 35 8
-2 5 36 8
-1 5 -36 8
-1 5 -35 8
-1 5 -34 8
-1 5 -33 8
-1 5 -32 8
-1 5 -31 8
-1 5 -16 4
-1 5 -15 2
-1 5 -14 4
-1 5 14 4
-1 5 15 2
-1 5 16 4
-1 5 31 8
-1 5 32 8
-1 5 33 8
-1 5 34 8
-1 5 35 8
-1 5 36 8
0 5 -36 8
0 5 -35 8
0 5 -34 8
0 5 -33 8
0 5 -32 8
0 5 -31 8
0 5 -16 2
0 5 -15 15
0 5 -14 2
0 5 14 2
0 5 15 2
0 5 16 2
0 5 31 8
0 5 32 8
0 5 33 8
0 5 34 8
0 5 35 8
0 5 36 8
1 5 -36 8
1 5 -35 8
1 5 -34 8
1 5 -33 8
1 5 -32 8
1 5 -31 8
1 5 -16 4
1 5 -15 2
1 5 -14 4
1 5 14 4
1 5 15 2
1 5 16 4
1 5 31 8
1 5 32 8
1 5 33 8
1 5 34 8
1 5 35 8
1 5 36 8
2 5 -36 8
2 5 -35 8
2 5 -34 8
2 5 -33 8
2 5 -32 8
2 5 -31 8
2 5 31 8
2 5 32 8
2 5 33 8
2 5 34 8
2 5 35 8
2 5 36 8
3 5 -34 7
3 5 -33 7
3 5 33 7
3 5 34 7
4 5 -34 7
4 5 -33 7
4 5 33 7
4 5 34 7
5 5 -34 7
5 5 -33 7
5 5 33 7
5 5 34 7
6 5 -33 7
6 5 -32 7
6 5 32 7
6 5 33 7
7 5 -33 7
7 5 -32 7
7 5 32 7
7 5 33 7
8 5 -33 7
8 5 -32 7
8 5 32 7
8 5 33 7
9 5 -33 7
9 5 -32 7
9 5 32 7
9 5 33 7
10 5 -33 7
10 5 -32 2
10 5 -31 26
10 5 -30 15
10 5 -12 4
10 5 -11 2
10 5 -10 4
10 5 10 4
10 5 11 2
10 5 12 4
10 5 30 2
10 5 31 26
10 5 32 15
10 5 33 7
11 5 -33 15
11 5 -32 2
11 5 -31 8
11 5 -30 15
11 5 -29 2
11 5 -12 2
11 5 -11 2
11 5 -10 2
11 5 10 2
11 5 11 15
11 5 12 2
11 5 29 2
11 5 30 2
11 5 31 8
11 5 32 2
11 5 33 2
12 5 -34 2
12 5 -33 15
12 5 -32 8
12 5 -31 8
12 5 -30 8
12 5 -29 2
12 5 -28 15
12 5 -12 4
12 5 -11 2
12 5 -10 4
12 5 10 4
12 5 11 2
12 5 12 4
12 5 28 2
12 5 29 2
12 5 30 8
12 5 31 8
12 5 32 8
12 5 33 2
12 5 34 2
13 5 -34 27
13 5 -33 8
13 5 -32 8
13 5 -31 8
13 5 -30 8
13 5 -29 8
13 5 -28 27
13 5 28 27
13 5 29 8
13 5 30 8
13 5 31 8
13 5 32 8
13 5 33 8
13 5 34 27
14 5 -34 2
14 5 -33 2
14 5 -32 8
14 5 -31 8
14 5 -30 8
14 5 -29 2
14 5 -28 2
14 5 -1 4
14 5 0 2
14 5 1 4
14 5 28 2
14 5 29 2
14 5 30 8
14 5 31 8
14 5 32 8
14 5 33 2
14 5 34 2
15 5 -33 2
15 5 -32 2
15 5 -31 8
15 5 -30 2
15 5 -29 2
15 5 -1 2
15 5 0 2
15 5 1 2
15 5 29 2
15 5 30 15
15 5 31 8
15 5 32 15
15 5 33 2
16 5 -32 2
16 5 -31 26
16 5 -30 2
16 5 -29 7
16 5 -1 4
16 5 0 2
16 5 1 4
16 5 29 7
16 5 30 2
16 5 31 26
16 5 32 2
17 5 -30 7
17 5 -29 7
17 5 -28 7
17 5 28 7
17 5 29 7
17 5 30 7
18 5 -29 7
18 5 -28 7
18 5 28 7
18 5 29 7
19 5 -28 7
19 5 -27 7
19 5 27 7
19 5 28 7
20 5 -28 7
20 5 -27 7
20 5 -26 7
20 5 26 7
20 5 27 7
20 5 28 7
21 5 -27 7
21 5 -26 7
21 5 -25 7
21 5 25 7
21 5 26 7
21 5 27 7
22 5 -26 7
22 5 -25 7
22 5 -24 7
22 5 24 7
22 5 25 7
22 5 26 7
23 5 -25 7
23 5 -24 7
23 5 -23 7
23 5 23 7
23 5 24 7
23 5 25 7
24 5 -24 7
24 5 -23 7
24 5 -22 7
24 5 22 7
24 5 23 7
24 5 24 7
25 5 -23 7
25 5 -22 7
25 5 -21 7
25 5 21 7
25 5 22 7
25 5 23 7
26 5 -22 7
26 5 -21 7
26 5 -20 7
26 5 20 7
26 5 21 7
26 5 22 7
27 5 -21 7
27 5 -20 7
27 5 -19 7
27 5 19 7
27 5 20 7
27 5 21 7
28 5 -20 7
28 5 -19 7
28 5 -18 7
28 5 -17 7
28 5 -14 2
28 5 -13 26
28 5 -12 2
28 5 12 2
28 5 13 26
28 5 14 2
28 5 17 7
28 5 18 7
28 5 19 7
28 5 20 7
29 5 -18 7
29 5 -17 7
29 5 -16 7
29 5 -15 15
29 5 -14 2
29 5 -13 8
29 5 -12 2
29 5 -11 2
29 5 11 2
29 5 12 2
29 5 13 8
29 5 14 15
29 5 15 2
29 5 16 7
29 5 17 7
29 5 18 7
30 5 -17 7
30 5 -16 15
30 5 -15 2
30 5 -14 8
30 5 -13 8
30 5 -12 8
30 5 -11 15
30 5 -10 2
30 5 10 2
30 5 11 2
30 5 12 8
30 5 13 8
30 5 14 8
30 5 15 2
30 5 16 2
30 5 17 7
31 5 -16 27
31 5 -15 8
31 5 -14 8
31 5 -13 8
31 5 -12 8
31 5 -11 8
31 5 -10 27
31 5 -2 8
31 5 -1 8
31 5 0 8
31 5 1 8
31 5 2 8
31 5 10 27
31 5 11 8
31 5 12 8
31 5 13 8
31 5 14 8
31 5 15 8
31 5 16 27
32 5 -16 15
32 5 -15 2
32 5 -14 8
32 5 -13 8
32 5 -12 8
32 5 -11 15
32 5 -10 2
32 5 -9 7
32 5 -8 7
32 5 -7 7
32 5 -6 7
32 5 -2 8
32 5 -1 8
32 5 0 8
32 5 1 8
32 5 2 8
32 5 6 7
32 5 7 7
32 5 8 7
32 5 9 7
32 5 10 2
32 5 11 15
32 5 12 8
32 5 13 8
32 5 14 8
32 5 15 2
32 5 16 2
33 5 -15 15
33 5 -14 2
33 5 -13 8
33 5 -12 2
33 5 -11 2
33 5 -10 7
33 5 -9 7
33 5 -8 7
33 5 -7 7
33 5 -6 7
33 5 -5 7
33 5 -4 7
33 5 -3 7
33 5 -2 8
33 5 -1 8
33 5 0 8
33 5 1 8
33 5 2 8
33 5 3 7
33 5 4 7
33 5 5 7
33 5 6 7
33 5 7 7
33 5 8 7
33 5 9 7
33 5 10 7
33 5 11 2
33 5 12 2
33 5 13 8
33 5 14 15
33 5 15 15
34 5 -14 2
34 5 -13 26
34 5 -12 2
34 5 -5 7
34 5 -4 7
34 5 -3 7
34 5 -2 8
34 5 -1 8
34 5 0 8
34 5 1 8
34 5 2 8
34 5 3 7
34 5 4 7
34 5 5 7
34 5 12 2
34 5 13 26
34 5 14 2
35 5 -2 8
35 5 -1 8
35 5 0 8
35 5 1 8
35 5 2 8
36 5 -2 8
36 5 -1 8
36 5 0 8
36 5 1 8
36 5 2 8
-36 6 -2 8
-36 6 -1 8
-36 6 0 8
-36 6 1 8
-36 6 2 8
-35 6 -2 8
-35 6 -1 8
-35 6 0 8
-35 6 1 8
-35 6 2 8
-34 6 -14 7
-34 6 -13 7
-34 6 -12 7
-34 6 -5 2
-34 6 -4 15
-34 6 -3 15
-34 6 -2 8
-34 6 -1 8
-34 6 0 8
-34 6 1 8
-34 6 2 8
-34 6 3 15
-34 6 4 2
-34 6 5 2
-34 6 12 7
-34 6 13 7
-34 6 14 7
-33 6 -15 7
-33 6 -14 7
-33 6 -13 8
-33 6 -12 7
-33 6 -11 7
-33 6 -10 2
-33 6 -9 2
-33 6 -8 2
-33 6 -7 2
-33 6 -6 2
-33 6 -5 2
-33 6 -4 2
-33 6 -3 2
-33 6 -2 8
-33 6 -1 8
-33 6 0 8
-33 6 1 8
-33 6 2 8
-33 6 3 15
-33 6 4 2
-33 6 5 2
-33 6 6 2
-33 6 7 2
-33 6 8 2
-33 6 9 2
-33 6 10 2
-33 6 11 7
-33 6 12 7
-33 6 13 8
-33 6 14 7
-33 6 15 7
-32 6 -16 7
-32 6 -15 7
-32 6 -14 8
-32 6 -13 8
-32 6 -12 8
-32 6 -11 7
-32 6 -10 7
-32 6 -9 2
-32 6 -8 2
-32 6 -7 15
-32 6 -6 2
-32 6 -2 8
-32 6 -1 8
-32 6 0 8
-32 6 1 8
-32 6 2 8
-32 6 6 2
-32 6 7 2
-32 6 8 2
-32 6 9 2
-32 6 10 7
-32 6 11 7
-32 6 12 8
-32 6 13 8
-32 6 14 8
-32 6 15 7
-32 6 16 7
-31 6 -16 7
-31 6 -15 8
-31 6 -14 8
-31 6 -13 8
-31 6 -12 8
-31 6 -11 8
-31 6 -10 7
-31 6 -2 8
-31 6 -1 8
-31 6 0 8
-31 6 1 8
-31 6 2 8
-31 6 10 7
-31 6 11 8
-31 6 12 8
-31 6 13 8
-31 6 14 8
-31 6 15 8
-31 6 16 7
-30 6 -17 15
-30 6 -16 7
-30 6 -15 7
-30 6 -14 8
-30 6 -13 8
-30 6 -12 8
-30 6 -11 7
-30 6 -10 7
-30 6 10 7
-30 6 11 7
-30 6 12 8
-30 6 13 8
-30 6 14 8
-30 6 15 7
-30 6 16 7
-30 6 17 2
-29 6 -18 15
-29 6 -17 2
-29 6 -16 15
-29 6 -15 7
-29 6 -14 7
-29 6 -13 8
-29 6 -12 7
-29 6 -11 7
-29 6 11 7
-29 6 12 7
-29 6 13 8
-29 6 14 7
-29 6 15 7
-29 6 16 2
-29 6 17 2
-29 6 18 2
-28 6 -20 15
-28 6 -19 15
-28 6 -18 2
-28 6 -17 2
-28 6 -14 7
-28 6 -13 7
-28 6 -12 7
-28 6 12 7
-28 6 13 7
-28 6 14 7
-28 6 17 2
-28 6 18 15
-28 6 19 2
-28 6 20 15
-27 6 -21 15
-27 6 -20 2
-27 6 -19 2
-27 6 19 2
-27 6 20 2
-27 6 21 2
-26 6 -22 15
-26 6 -21 2
-26 6 -20 15
-26 6 20 2
-26 6 21 2
-26 6 22 2
-25 6 -23 2
-25 6 -22 2
-25 6 -21 2
-25 6 21 2
-25 6 22 2
-25 6 23 2
-24 6 -24 2
-24 6 -23 2
-24 6 -22 2
-24 6 22 2
-24 6 23 2
-24 6 24 2
-23 6 -25 2
-23 6 -24 2
-23 6 -23 2
-23 6 23 2
-23 6 24 2
-23 6 25 15
-22 6 -26 2
-22 6 -25 2
-22 6 -24 2
-22 6 24 15
-22 6 25 2
-22 6 26 2
-21 6 -27 15
-21 6 -26 15
-21 6 -25 2
-21 6 25 2
-21 6 26 2
-21 6 27 2
-20 6 -28 2
-20 6 -27 2
-20 6 -26 2
-20 6 26 15
-20 6 27 2
-20 6 28 2
-19 6 -28 2
-19 6 -27 15
-19 6 27 2
-19 6 28 15
-18 6 -29 2
-18 6 -28 2
-18 6 28 2
-18 6 29 15
-17 6 -30 2
-17 6 -29 2
-17 6 -28 15
-17 6 28 15
-17 6 29 2
-17 6 30 2
-16 6 -32 7
-16 6 -31 7
-16 6 -30 7
-16 6 -29 2
-16 6 -1 4
-16 6 0 2
-16 6 1 4
-16 6 29 2
-16 6 30 7
-16 6 31 7
-16 6 32 7
-15 6 -33 7
-15 6 -32 7
-15 6 -31 8
-15 6 -30 7
-15 6 -29 7
-15 6 -1 2
-15 6 0 2
-15 6 1 2
-15 6 29 7
-15 6 30 7
-15 6 31 8
-15 6 32 7
-15 6 33 7
-14 6 -34 7
-14 6 -33 7
-14 6 -32 8
-14 6 -31 8
-14 6 -30 8
-14 6 -29 7
-14 6 -28 7
-14 6 -1 4
-14 6 0 2
-14 6 1 4
-14 6 28 7
-14 6 29 7
-14 6 30 8
-14 6 31 8
-14 6 32 8
-14 6 33 7
-14 6 34 7
-13 6 -34 7
-13 6 -33 8
-13 6 -32 8
-13 6 -31 8
-13 6 -30 8
-13 6 -29 8
-13 6 -28 7
-13 6 28 7
-13 6 29 8
-13 6 30 8
-13 6 31 8
-13 6 32 8
-13 6 33 8
-13 6 34 7
-12 6 -34 7
-12 6 -33 7
-12 6 -32 8
-12 6 -31 8
-12 6 -30 8
-12 6 -29 7
-12 6 -28 7
-12 6 -12 4
-12 6 -11 2
-12 6 -10 4
-12 6 10 4
-12 6 11 2
-12 6 12 4
-12 6 28 7
-12 6 29 7
-12 6 30 8
-12 6 31 8
-12 6 32 8
-12 6 33 7
-12 6 34 7
-11 6 -33 7
-11 6 -32 7
-11 6 -31 8
-11 6 -30 7
-11 6 -29 7
-11 6 -12 2
-11 6 -11 2
-11 6 -10 2
-11 6 10 2
-11 6 11 2
-11 6 12 2
-11 6 29 7
-11 6 30 7
-11 6 31 8
-11 6 32 7
-11 6 33 7
-10 6 -33 2
-10 6 -32 7
-10 6 -31 7
-10 6 -30 7
-10 6 -12 4
-10 6 -11 2
-10 6 -10 4
-10 6 10 4
-10 6 11 2
-10 6 12 4
-10 6 30 7
-10 6 31 7
-10 6 32 7
-10 6 33 15
-9 6 -33 2
-9 6 -32 2
-9 6 32 2
-9 6 33 15
-8 6 -33 2
-8 6 -32 2
-8 6 32 2
-8 6 33 2
-7 6 -33 2
-7 6 -32 15
-7 6 32 2
-7 6 33 2
-6 6 -33 15
-6 6 -32 2
-6 6 32 2
-6 6 33 2
-5 6 -34 2
-5 6 -33 15
-5 6 33 2
-5 6 34 15
-4 6 -34 15
-4 6 -33 15
-4 6 33 2
-4 6 34 2
-3 6 -34 15
-3 6 -33 2
-3 6 33 2
-3 6 34 15
-2 6 -36 8
-2 6 -35 8
-2 6 -34 8
-2 6 -33 8
-2 6 -32 8
-2 6 -31 8
-2 6 31 8
-2 6 32 8
-2 6 33 8
-2 6 34 8
-2 6 35 8
-2 6 36 8
-1 6 -36 8
-1 6 -35 8
-1 6 -34 8
-1 6 -33 8
-1 6 -32 8
-1 6 -31 8
-1 6 -16 4
-1 6 -15 2
-1 6 -14 4
-1 6 14 4
-1 6 15 2
-1 6 16 4
-1 6 31 8
-1 6 32 8
-1 6 33 8
-1 6 34 8
-1 6 35 8
-1 6 36 8
0 6 -36 8
0 6 -35 8
0 6 -34 8
0 6 -33 8
0 6 -32 8
0 6 -31 8
0 6 -16 2
0 6 -15 2
0 6 -14 2
0 6 14 2
0 6 15 2
0 6 16 2
0 6 31 8
0 6 32 8
0 6 33 8
0 6 34 8
0 6 35 8
0 6 36 8
1 6 -36 8
1 6 -35 8
1 6 -34 8
1 6 -33 8
1 6 -32 8
1 6 -31 8
1 6 -16 4
1 6 -15 2
1 6 -14 4
1 6 14 4
1 6 15 2
1 6 16 4
1 6 31 8
1 6 32 8
1 6 33 8
1 6 34 8
1 6 35 8
1 6 36 8
2 6 -36 8
2 6 -35 8
2 6 -34 8
2 6 -33 8
2 6 -32 8
2 6 -31 8
2 6 31 8
2 6 32 8
2 6 33 8
2 6 34 8
2 6 35 8
2 6 36 8
3 6 -34 2
3 6 -33 2
3 6 33 2
3 6 34 2
4 6 -34 2
4 6 -33 2
4 6 33 2
4 6 34 2
5 6 -34 2
5 6 -33 2
5 6 33 15
5 6 34 2
6 6 -33 15
6 6 -32 2
6 6 32 2
6 6 33 2
7 6 -33 2
7 6 -32 2
7 6 32 2
7 6 33 2
8 6 -33 2
8 6 -32 2
8 6 32 2
8 6 33 2
9 6 -33 15
9 6 -32 2
9 6 32 2
9 6 33 2
10 6 -33 2
10 6 -32 7
10 6 -31 7
10 6 -30 7
10 6 -12 4
10 6 -11 2
10 6 -10 4
10 6 10 4
10 6 11 2
10 6 12 4
10 6 30 7
10 6 31 7
10 6 32 7
10 6 33 2
11 6 -33 7
11 6 -32 7
11 6 -31 8
11 6 -30 7
11 6 -29 7
11 6 -12 2
11 6 -11 2
11 6 -10 2
11 6 10 2
11 6 11 2
11 6 12 2
11 6 29 7
11 6 30 7
11 6 31 8
11 6 32 7
11 6 33 7
12 6 -34 7
12 6 -33 7
12 6 -32 8
12 6 -31 8
12 6 -30 8
12 6 -29 7
12 6 -28 7
12 6 -12 4
12 6 -11 2
12 6 -10 4
12 6 10 4
12 6 11 2
12 6 12 4
12 6 28 7
12 6 29 7
12 6 30 8
12 6 31 8
12 6 32 8
12 6 33 7
12 6 34 7
13 6 -34 7
13 6 -33 8
13 6 -32 8
13 6 -31 8
13 6 -30 8
13 6 -29 8
13 6 -28 7
13 6 28 7
13 6 29 8
13 6 30 8
13 6 31 8
13 6 32 8
13 6 33 8
13 6 34 7
14 6 -34 7
14 6 -33 7
14 6 -32 8
14 6 -31 8
14 6 -30 8
14 6 -29 7
14 6 -28 7
14 6 -1 4
14 6 0 2
14 6 1 4
14 6 28 7
14 6 29 7
14 6 30 8
14 6 31 8
14 6 32 8
14 6 33 7
14 6 34 7
15 6 -33 7
15 6 -32 7
15 6 -31 8
15 6 -30 7
15 6 -29 7
15 6 -1 2
15 6 0 15
15 6 1 2
15 6 29 7
15 6 30 7
15 6 31 8
15 6 32 7
15 6 33 7
16 6 -32 7
16 6 -31 7
16 6 -30 7
16 6 -29 2
16 6 -1 4
16 6 0 2
16 6 1 4
16 6 29 2
16 6 30 7
16 6 31 7
16 6 32 7
17 6 -30 2
17 6 -29 2
17 6 -28 2
17 6 28 2
17 6 29 2
17 6 30 2
18 6 -29 2
18 6 -28 2
18 6 28 15
18 6 29 15
19 6 -28 2
19 6 -27 2
19 6 27 15
19 6 28 2
20 6 -28 2
20 6 -27 2
20 6 -26 2
20 6 26 2
20 6 27 2
20 6 28 2
21 6 -27 2
21 6 -26 2
21 6 -25 2
21 6 25 2
21 6 26 2
21 6 27 15
22 6 -26 2
22 6 -25 15
22 6 -24 15
22 6 24 15
22 6 25 15
22 6 26 2
23 6 -25 15
23 6 -24 2
23 6 -23 2
23 6 23 2
23 6 24 15
23 6 25 2
24 6 -24 2
24 6 -23 15
24 6 -22 2
24 6 22 2
24 6 23 2
24 6 24 2
25 6 -23 2
25 6 -22 2
25 6 -21 2
25 6 21 2
25 6 22 15
25 6 23 2
26 6 -22 2
26 6 -21 2
26 6 -20 2
26 6 20 2
26 6 21 2
26 6 22 15
27 6 -21 2
27 6 -20 2
27 6 -19 2
27 6 19 2
27 6 20 2
27 6 21 15
28 6 -20 15
28 6 -19 15
28 6 -18 2
28 6 -17 2
28 6 -14 7
28 6 -13 7
28 6 -12 7
28 6 12 7
28 6 13 7
28 6 14 7
28 6 17 2
28 6 18 2
28 6 19 2
28 6 20 15
29 6 -18 15
29 6 -17 2
29 6 -16 2
29 6 -15 7
29 6 -14 7
29 6 -13 8
29 6 -12 7
29 6 -11 7
29 6 11 7
29 6 12 7
29 6 13 8
29 6 14 7
29 6 15 7
29 6 16 2
29 6 17 2
29 6 18 2
30 6 -17 2
30 6 -16 7
30 6 -15 7
30 6 -14 8
30 6 -13 8
30 6 -12 8
30 6 -11 7
30 6 -10 7
30 6 10 7
30 6 11 7
30 6 12 8
30 6 13 8
30 6 14 8
30 6 15 7
30 6 16 7
30 6 17 2
31 6 -16 7
31 6 -15 8
31 6 -14 8
31 6 -13 8
31 6 -12 8
31 6 -11 8
31 6 -10 7
31 6 -2 8
31 6 -1 8
31 6 0 8
31 6 1 8
31 6 2 8
31 6 10 7
31 6 11 8
31 6 12 8
31 6 13 8
31 6 14 8
31 6 15 8
31 6 16 7
32 6 -16 7
32 6 -15 7
32 6 -14 8
32 6 -13 8
32 6 -12 8
32 6 -11 7
32 6 -10 7
32 6 -9 15
32 6 -8 2
32 6 -7 2
32 6 -6 15
32 6 -2 8
32 6 -1 8
32 6 0 8
32 6 1 8
32 6 2 8
32 6 6 2
32 6 7 2
32 6 8 2
32 6 9 2
32 6 10 7
32 6 11 7
32 6 12 8
32 6 13 8
32 6 14 8
32 6 15 7
32 6 16 7
33 6 -15 7
33 6 -14 7
33 6 -13 8
33 6 -12 7
33 6 -11 7
33 6 -10 2
33 6 -9 2
33 6 -8 2
33 6 -7 2
33 6 -6 2
33 6 -5 2
33 6 -4 15
33 6 -3 15
33 6 -2 8
33 6 -1 8
33 6 0 8
33 6 1 8
33 6 2 8
33 6 3 2
33 6 4 15
33 6 5 2
33 6 6 2
33 6 7 2
33 6 8 2
33 6 9 2
33 6 10 15
33 6 11 7
33 6 12 7
33 6 13 8
33 6 14 7
33 6 15 7
34 6 -14 7
34 6 -13 7
34 6 -12 7
34 6 -5 2
34 6 -4 2
34 6 -3 2
34 6 -2 8
34 6 -1 8
34 6 0 8
34 6 1 8
34 6 2 8
34 6 3 2
34 6 4 2
34 6 5 2
34 6 12 7
34 6 13 7
34 6 14 7
35 6 -2 8
35 6 -1 8
35 6 0 8
35 6 1 8
35 6 2 8
36 6 -2 8
36 6 -1 8
36 6 0 8
36 6 1 8
36 6 2 8
-36 7 -2 8
-36 7 -1 8
-36 7 0 8
-36 7 1 8
-36 7 2 8
-35 7 -2 8
-35 7 -1 8
-35 7 0 8
-35 7 1 8
-35 7 2 8
-34 7 -14 2
-34 7 -13 15
-34 7 -12 15
-34 7 -5 2
-34 7 -4 2
-34 7 -3 15
-34 7 -2 28
-34 7 -1 8
-34 7 0 8
-34 7 1 8
-34 7 2 29
-34 7 3 2
-34 7 4 15
-34 7 5 2
-34 7 12 2
-34 7 13 2
-34 7 14 2
-33 7 -15 2
-33 7 -14 15
-33 7 -13 8
-33 7 -12 2
-33 7 -11 2
-33 7 -10 2
-33 7 -9 15
-33 7 -8 2
-33 7 -7 2
-33 7 -6 2
-33 7 -5 2
-33 7 -4 15
-33 7 -3 2
-33 7 -2 28
-33 7 -1 8
-33 7 0 8
-33 7 1 8
-33 7 2 29
-33 7 3 2
-33 7 4 2
-33 7 5 15
-33 7 6 2
-33 7 7 2
-33 7 8 2
-33 7 9 2
-33 7 10 2
-33 7 11 2
-33 7 12 2
-33 7 13 8
-33 7 14 2
-33 7 15 2
-32 7 -16 2
-32 7 -15 15
-32 7 -14 8
-32 7 -13 8
-32 7 -12 8
-32 7 -11 2
-32 7 -10 2
-32 7 -9 2
-32 7 -8 2
-32 7 -7 2
-32 7 -6 15
-32 7 -2 8
-32 7 -1 8
-32 7 0 8
-32 7 1 8
-32 7 2 8
-32 7 6 15
-32 7 7 2
-32 7 8 15
-32 7 9 15
-32 7 10 2
-32 7 11 2
-32 7 12 8
-32 7 13 8
-32 7 14 8
-32 7 15 2
-32 7 16 2
-31 7 -16 2
-31 7 -15 8
-31 7 -14 8
-31 7 -13 8
-31 7 -12 8
-31 7 -11 8
-31 7 -10 2
-31 7 -2 8
-31 7 -1 8
-31 7 0 8
-31 7 1 8
-31 7 2 8
-31 7 10 2
-31 7 11 8
-31 7 12 8
-31 7 13 8
-31 7 14 8
-31 7 15 8
-31 7 16 2
-30 7 -17 2
-30 7 -16 15
-30 7 -15 15
-30 7 -14 8
-30 7 -13 8
-30 7 -12 8
-30 7 -11 15
-30 7 -10 2
-30 7 10 2
-30 7 11 2
-30 7 12 8
-30 7 13 8
-30 7 14 8
-30 7 15 2
-30 7 16 2
-30 7 17 15
-29 7 -18 2
-29 7 -17 2
-29 7 -16 2
-29 7 -15 15
-29 7 -14 2
-29 7 -13 8
-29 7 -12 2
-29 7 -11 15
-29 7 11 2
-29 7 12 15
-29 7 13 8
-29 7 14 2
-29 7 15 2
-29 7 16 2
-29 7 17 2
-29 7 18 15
-28 7 -20 15
-28 7 -19 2
-28 7 -18 2
-28 7 -17 2
-28 7 -14 15
-28 7 -13 2
-28 7 -12 15
-28 7 12 2
-28 7 13 2
-28 7 14 15
-28 7 17 15
-28 7 18 2
-28 7 19 2
-28 7 20 2
-27 7 -21 2
-27 7 -20 2
-27 7 -19 2
-27 7 19 2
-27 7 20 2
-27 7 21 2
-26 7 -22 15
-26 7 -21 2
-26 7 -20 2
-26 7 20 2
-26 7 21 2
-26 7 22 2
-25 7 -23 15
-25 7 -22 15
-25 7 -21 2
-25 7 21 2
-25 7 22 15
-25 7 23 2
-24 7 -24 2
-24 7 -23 2
-24 7 -22 2
-24 7 22 2
-24 7 23 2
-24 7 24 15
-23 7 -25 2
-23 7 -24 2
-23 7 -23 2
-23 7 23 2
-23 7 24 2
-23 7 25 15
-22 7 -26 2
-22 7 -25 15
-22 7 -24 15
-22 7 24 2
-22 7 25 2
-22 7 26 2
-21 7 -27 2
-21 7 -26 2
-21 7 -25 2
-21 7 25 2
-21 7 26 2
-21 7 27 2
-20 7 -28 15
-20 7 -27 2
-20 7 -26 2
-20 7 26 2
-20 7 27 15
-20 7 28 2
-19 7 -28 2
-19 7 -27 2
-19 7 27 2
-19 7 28 2
-18 7 -29 2
-18 7 -28 2
-18 7 28 2
-18 7 29 2
-17 7 -30 2
-17 7 -29 2
-17 7 -28 2
-17 7 28 2
-17 7 29 2
-17 7 30 2
-16 7 -32 2
-16 7 -31 15
-16 7 -30 2
-16 7 -29 2
-16 7 -1 4
-16 7 0 2
-16 7 1 4
-16 7 29 2
-16 7 30 2
-16 7 31 2
-16 7 32 2
-15 7 -33 2
-15 7 -32 15
-15 7 -31 8
-15 7 -30 2
-15 7 -29 2
-15 7 -1 2
-15 7 0 15
-15 7 1 2
-15 7 29 15
-15 7 30 2
-15 7 31 8
-15 7 32 2
-15 7 33 2
-14 7 -34 2
-14 7 -33 2
-14 7 -32 8
-14 7 -31 8
-14 7 -30 8
-14 7 -29 2
-14 7 -28 2
-14 7 -1 4
-14 7 0 2
-14 7 1 4
-14 7 28 2
-14 7 29 2
-14 7 30 8
-14 7 31 8
-14 7 32 8
-14 7 33 15
-14 7 34 2
-13 7 -34 2
-13 7 -33 8
-13 7 -32 8
-13 7 -31 8
-13 7 -30 8
-13 7 -29 8
-13 7 -28 2
-13 7 28 2
-13 7 29 8
-13 7 30 8
-13 7 31 8
-13 7 32 8
-13 7 33 8
-13 7 34 2
-12 7 -34 2
-12 7 -33 2
-12 7 -32 8
-12 7 -31 8
-12 7 -30 8
-12 7 -29 2
-12 7 -28 2
-12 7 -12 4
-12 7 -11 2
-12 7 -10 4
-12 7 10 4
-12 7 11 2
-12 7 12 4
-12 7 28 15
-12 7 29 15
-12 7 30 8
-12 7 31 8
-12 7 32 8
-12 7 33 2
-12 7 34 2
-11 7 -33 2
-11 7 -32 15
-11 7 -31 8
-11 7 -30 15
-11 7 -29 2
-11 7 -12 2
-11 7 -11 15
-11 7 -10 2
-11 7 10 2
-11 7 11 2
-11 7 12 2
-11 7 29 2
-11 7 30 2
-11 7 31 8
-11 7 32 2
-11 7 33 2
-10 7 -33 2
-10 7 -32 2
-10 7 -31 2
-10 7 -30 2
-10 7 -12 4
-10 7 -11 2
-10 7 -10 4
-10 7 10 4
-10 7 11 2
-10 7 12 4
-10 7 30 2
-10 7 31 2
-10 7 32 2
-10 7 33 2
-9 7 -33 2
-9 7 -32 2
-9 7 32 2
-9 7 33 15
-8 7 -33 15
-8 7 -32 2
-8 7 32 2
-8 7 33 2
-7 7 -33 2
-7 7 -32 2
-7 7 32 2
-7 7 33 2
-6 7 -33 15
-6 7 -32 15
-6 7 32 2
-6 7 33 2
-5 7 -34 2
-5 7 -33 2
-5 7 33 2
-5 7 34 2
-4 7 -34 15
-4 7 -33 2
-4 7 33 2
-4 7 34 2
-3 7 -34 15
-3 7 -33 2
-3 7 33 2
-3 7 34 2
-2 7 -36 8
-2 7 -35 8
-2 7 -34 30
-2 7 -33 30
-2 7 -32 8
-2 7 -31 8
-2 7 31 8
-2 7 32 8
-2 7 33 30
-2 7 34 30
-2 7 35 8
-2 7 36 8
-1 7 -36 8
-1 7 -35 8
-1 7 -34 8
-1 7 -33 8
-1 7 -32 8
-1 7 -31 8
-1 7 -16 4
-1 7 -15 2
-1 7 -14 4
-1 7 14 4
-1 7 15 2
-1 7 16 4
-1 7 31 8
-1 7 32 8
-1 7 33 8
-1 7 34 8
-1 7 35 8
-1 7 36 8
0 7 -36 8
0 7 -35 8
0 7 -34 8
0 7 -33 8
0 7 -32 8
0 7 -31 8
0 7 -16 2
0 7 -15 2
0 7 -14 2
0 7 14 2
0 7 15 2
0 7 16 2
0 7 31 8
0 7 32 8
0 7 33 8
0 7 34 8
0 7 35 8
0 7 36 8
1 7 -36 8
1 7 -35 8
1 7 -34 8
1 7 -33 8
1 7 -32 8
1 7 -31 8
1 7 -16 4
1 7 -15 2
1 7 -14 4
1 7 14 4
1 7 15 2
1 7 16 4
1 7 31 8
1 7 32 8
1 7 33 8
1 7 34 8
1 7 35 8
1 7 36 8
2 7 -36 8
2 7 -35 8
2 7 -34 31
2 7 -33 31
2 7 -32 8
2 7 -31 8
2 7 31 8
2 7 32 8
2 7 33 31
2 7 34 31
2 7 35 8
2 7 36 8
3 7 -34 2
3 7 -33 2
3 7 33 2
3 7 34 2
4 7 -34 2
4 7 -33 2
4 7 33 2
4 7 34 2
5 7 -34 2
5 7 -33 2
5 7 33 2
5 7 34 2
6 7 -33 15
6 7 -32 2
6 7 32 15
6 7 33 2
7 7 -33 2
7 7 -32 2
7 7 32 2
7 7 33 2
8 7 -33 2
8 7 -32 2
8 7 32 2
8 7 33 2
9 7 -33 15
9 7 -32 2
9 7 32 15
9 7 33 2
10 7 -33 2
10 7 -32 2
10 7 -31 2
10 7 -30 2
10 7 -12 4
10 7 -11 2
10 7 -10 4
10 7 10 4
10 7 11 2
10 7 12 4
10 7 30 2
10 7 31 2
10 7 32 15
10 7 33 2
11 7 -33 2
11 7 -32 15
11 7 -31 8
11 7 -30 2
11 7 -29 2
11 7 -12 2
11 7 -11 2
11 7 -10 2
11 7 10 2
11 7 11 15
11 7 12 2
11 7 29 2
11 7 30 2
11 7 31 8
11 7 32 2
11 7 33 2
12 7 -34 2
12 7 -33 15
12 7 -32 8
12 7 -31 8
12 7 -30 8
12 7 -29 2
12 7 -28 15
12 7 -12 4
12 7 -11 2
12 7 -10 4
12 7 10 4
12 7 11 2
12 7 12 4
12 7 28 2
12 7 29 2
12 7 30 8
12 7 31 8
12 7 32 8
12 7 33 2
12 7 34 2
13 7 -34 2
13 7 -33 8
13 7 -32 8
13 7 -31 8
13 7 -30 8
13 7 -29 8
13 7 -28 2
13 7 28 2
13 7 29 8
13 7 30 8
13 7 31 8
13 7 32 8
13 7 33 8
13 7 34 2
14 7 -34 2
14 7 -33 2
14 7 -32 8
14 7 -31 8
14 7 -30 8
14 7 -29 2
14 7 -28 2
14 7 -1 4
14 7 0 2
14 7 1 4
14 7 28 2
14 7 29 2
14 7 30 8
14 7 31 8
14 7 32 8
14 7 33 15
14 7 34 2
15 7 -33 2
15 7 -32 15
15 7 -31 8
15 7 -30 2
15 7 -29 15
15 7 -1 2
15 7 0 2
15 7 1 2
15 7 29 2
15 7 30 15
15 7 31 8
15 7 32 2
15 7 33 2
16 7 -32 15
16 7 -31 2
16 7 -30 2
16 7 -29 2
16 7 -1 4
16 7 0 2
16 7 1 4
16 7 29 2
16 7 30 2
16 7 31 2
16 7 32 2
17 7 -30 15
17 7 -29 2
17 7 -28 2
17 7 28 2
17 7 29 2
17 7 30 15
18 7 -29 15
18 7 -28 2
18 7 28 2
18 7 29 2
19 7 -28 2
19 7 -27 2
19 7 27 2
19 7 28 15
20 7 -28 2
20 7 -27 2
20 7 -26 2
20 7 26 2
20 7 27 2
20 7 28 15
21 7 -27 2
21 7 -26 2
21 7 -25 2
21 7 25 2
21 7 26 15
21 7 27 2
22 7 -26 2
22 7 -25 2
22 7 -24 2
22 7 24 2
22 7 25 2
22 7 26 2
23 7 -25 15
23 7 -24 2
23 7 -23 2
23 7 23 2
23 7 24 2
23 7 25 2
24 7 -24 15
24 7 -23 2
24 7 -22 2
24 7 22 2
24 7 23 2
24 7 24 2
25 7 -23 2
25 7 -22 2
25 7 -21 2
25 7 21 2
25 7 22 2
25 7 23 15
26 7 -22 2
26 7 -21 2
26 7 -20 2
26 7 20 2
26 7 21 15
26 7 22 15
27 7 -21 2
27 7 -20 15
27 7 -19 2
27 7 19 2
27 7 20 2
27 7 21 2
28 7 -20 2
28 7 -19 15
28 7 -18 2
28 7 -17 2
28 7 -14 15
28 7 -13 15
28 7 -12 2
28 7 12 15
28 7 13 15
28 7 14 2
28 7 17 2
28 7 18 2
28 7 19 15
28 7 20 15
29 7 -18 2
29 7 -17 2
29 7 -16 2
29 7 -15 2
29 7 -14 2
29 7 -13 8
29 7 -12 2
29 7 -11 2
29 7 11 15
29 7 12 15
29 7 13 8
29 7 14 15
29 7 15 15
29 7 16 2
29 7 17 2
29 7 18 15
30 7 -17 2
30 7 -16 2
30 7 -15 15
30 7 -14 8
30 7 -13 8
30 7 -12 8
30 7 -11 2
30 7 -10 2
30 7 10 2
30 7 11 2
30 7 12 8
30 7 13 8
30 7 14 8
30 7 15 2
30 7 16 2
30 7 17 2
31 7 -16 2
31 7 -15 8
31 7 -14 8
31 7 -13 8
31 7 -12 8
31 7 -11 8
31 7 -10 15
31 7 -2 8
31 7 -1 8
31 7 0 8
31 7 1 8
31 7 2 8
31 7 10 2
31 7 11 8
31 7 12 8
31 7 13 8
31 7 14 8
31 7 15 8
31 7 16 15
32 7 -16 2
32 7 -15 2
32 7 -14 8
32 7 -13 8
32 7 -12 8
32 7 -11 2
32 7 -10 2
32 7 -9 2
32 7 -8 2
32 7 -7 15
32 7 -6 15
32 7 -2 8
32 7 -1 8
32 7 0 8
32 7 1 8
32 7 2 8
32 7 6 15
32 7 7 2
32 7 8 2
32 7 9 2
32 7 10 2
32 7 11 2
32 7 12 8
32 7 13 8
32 7 14 8
32 7 15 2
32 7 16 2
33 7 -15 2
33 7 -14 2
33 7 -13 8
33 7 -12 2
33 7 -11 2
33 7 -10 2
33 7 -9 2
33 7 -8 2
33 7 -7 2
33 7 -6 2
33 7 -5 15
33 7 -4 2
33 7 -3 2
33 7 -2 28
33 7 -1 8
33 7 0 8
33 7 1 8
33 7 2 29
33 7 3 2
33 7 4 2
33 7 5 2
33 7 6 2
33 7 7 2
33 7 8 2
33 7 9 15
33 7 10 2
33 7 11 2
33 7 12 2
33 7 13 8
33 7 14 2
33 7 15 2
34 7 -14 2
34 7 -13 15
34 7 -12 2
34 7 -5 2
34 7 -4 2
34 7 -3 2
34 7 -2 28
34 7 -1 8
34 7 0 8
34 7 1 8
34 7 2 29
34 7 3 2
34 7 4 2
34 7 5 15
34 7 12 2
34 7 13 2
34 7 14 2
35 7 -2 8
35 7 -1 8
35 7 0 8
35 7 1 8
35 7 2 8
36 7 -2 8
36 7 -1 8
36 7 0 8
36 7 1 8
36 7 2 8
-35 8 0 19
-34 8 -14 2
-34 8 -13 2
-34 8 -12 2
-34 8 -5 2
-34 8 -4 15
-34 8 -3 2
-34 8 -2 2
-34 8 -1 2
-34 8 0 2
-34 8 1 15
-34 8 2 2
-34 8 3 2
-34 8 4 15
-34 8 5 15
-34 8 12 2
-34 8 13 2
-34 8 14 2
-33 8 -15 15
-33 8 -14 15
-33 8 -13 8
-33 8 -12 2
-33 8 -11 15
-33 8 -10 2
-33 8 -9 2
-33 8 -8 15
-33 8 -7 2
-33 8 -6 15
-33 8 -5 2
-33 8 -4 2
-33 8 -3 15
-33 8 -2 2
-33 8 -1 2
-33 8 0 2
-33 8 1 15
-33 8 2 2
-33 8 3 2
-33 8 4 2
-33 8 5 2
-33 8 6 2
-33 8 7 15
-33 8 8 2
-33 8 9 2
-33 8 10 2
-33 8 11 2
-33 8 12 2
-33 8 13 8
-33 8 14 2
-33 8 15 2
-32 8 -16 2
-32 8 -15 15
-32 8 -14 8
-32 8 -13 8
-32 8 -12 8
-32 8 -11 2
-32 8 -10 2
-32 8 -9 15
-32 8 -8 2
-32 8 -7 2
-32 8 -6 2
-32 8 6 2
-32 8 7 2
-32 8 8 2
-32 8 9 2
-32 8 10 2
-32 8 11 2
-32 8 12 8
-32 8 13 8
-32 8 14 8
-32 8 15 2
-32 8 16 2
-31 8 -16 2
-31 8 -15 8
-31 8 -14 8
-31 8 -13 8
-31 8 -12 8
-31 8 -11 8
-31 8 -10 15
-31 8 10 2
-31 8 11 8
-31 8 12 8
-31 8 13 8
-31 8 14 8
-31 8 15 8
-31 8 16 2
-30 8 -17 2
-30 8 -16 2
-30 8 -15 2
-30 8 -14 8
-30 8 -13 8
-30 8 -12 8
-30 8 -11 15
-30 8 -10 2
-30 8 10 2
-30 8 11 2
-30 8 12 8
-30 8 13 8
-30 8 14 8
-30 8 15 2
-30 8 16 2
-30 8 17 2
-29 8 -18 2
-29 8 -17 2
-29 8 -16 2
-29 8 -15 2
-29 8 -14 2
-29 8 -13 8
-29 8 -12 2
-29 8 -11 2
-29 8 11 2
-29 8 12 2
-29 8 13 8
-29 8 14 2
-29 8 15 15
-29 8 16 2
-29 8 17 2
-29 8 18 2
-28 8 -20 2
-28 8 -19 2
-28 8 -18 2
-28 8 -17 2
-28 8 -14 2
-28 8 -13 2
-28 8 -12 2
-28 8 12 2
-28 8 13 2
-28 8 14 2
-28 8 17 2
-28 8 18 2
-28 8 19 2
-28 8 20 2
-27 8 -21 2
-27 8 -20 2
-27 8 -19 15
-27 8 19 2
-27 8 20 2
-27 8 21 2
-26 8 -22 2
-26 8 -21 2
-26 8 -20 2
-26 8 20 2
-26 8 21 15
-26 8 22 2
-25 8 -23 2
-25 8 -22 2
-25 8 -21 2
-25 8 21 15
-25 8 22 2
-25 8 23 2
-24 8 -24 2
-24 8 -23 2
-24 8 -22 2
-24 8 22 2
-24 8 23 2
-24 8 24 2
-23 8 -25 2
-23 8 -24 2
-23 8 -23 2
-23 8 23 2
-23 8 24 2
-23 8 25 2
-22 8 -26 15
-22 8 -25 2
-22 8 -24 15
-22 8 24 2
-22 8 25 15
-22 8 26 2
-21 8 -27 2
-21 8 -26 2
-21 8 -25 2
-21 8 25 2
-21 8 26 2
-21 8 27 2
-20 8 -28 2
-20 8 -27 2
-20 8 -26 2
-20 8 26 2
-20 8 27 2
-20 8 28 2
-19 8 -28 2
-19 8 -27 15
-19 8 27 2
-19 8 28 2
-18 8 -29 2
-18 8 -28 2
-18 8 28 15
-18 8 29 2
-17 8 -30 2
-17 8 -29 2
-17 8 -28 2
-17 8 28 2
-17 8 29 2
-17 8 30 2
-16 8 -32 2
-16 8 -31 2
-16 8 -30 2
-16 8 -29 15
-16 8 -1 4
-16 8 0 2
-16 8 1 4
-16 8 29 15
-16 8 30 2
-16 8 31 2
-16 8 32 2
-15 8 -33 15
-15 8 -32 15
-15 8 -31 8
-15 8 -30 2
-15 8 -29 2
-15 8 -1 2
-15 8 0 2
-15 8 1 2
-15 8 29 2
-15 8 30 15
-15 8 31 8
-15 8 32 2
-15 8 33 15
-14 8 -34 2
-14 8 -33 2
-14 8 -32 8
-14 8 -31 8
-14 8 -30 8
-14 8 -29 2
-14 8 -28 2
-14 8 -1 4
-14 8 0 2
-14 8 1 4
-14 8 28 15
-14 8 29 2
-14 8 30 8
-14 8 31 8
-14 8 32 8
-14 8 33 2
-14 8 34 2
-13 8 -34 15
-13 8 -33 8
-13 8 -32 8
-13 8 -31 8
-13 8 -30 8
-13 8 -29 8
-13 8 -28 15
-13 8 28 2
-13 8 29 8
-13 8 30 8
-13 8 31 8
-13 8 32 8
-13 8 33 8
-13 8 34 2
-12 8 -34 2
-12 8 -33 2
-12 8 -32 8
-12 8 -31 8
-12 8 -30 8
-12 8 -29 2
-12 8 -28 2
-12 8 -12 4
-12 8 -11 2
-12 8 -10 4
-12 8 10 4
-12 8 11 2
-12 8 12 4
-12 8 28 2
-12 8 29 15
-12 8 30 8
-12 8 31 8
-12 8 32 8
-12 8 33 15
-12 8 34 2
-11 8 -33 15
-11 8 -32 2
-11 8 -31 8
-11 8 -30 2
-11 8 -29 2
-11 8 -12 2
-11 8 -11 2
-11 8 -10 2
-11 8 10 2
-11 8 11 15
-11 8 12 2
-11 8 29 2
-11 8 30 2
-11 8 31 8
-11 8 32 2
-11 8 33 15
-10 8 -33 2
-10 8 -32 2
-10 8 -31 15
-10 8 -30 2
-10 8 -12 4
-10 8 -11 2
-10 8 -10 4
-10 8 10 4
-10 8 11 2
-10 8 12 4
-10 8 30 15
-10 8 31 2
-10 8 32 2
-10 8 33 15
-9 8 -33 2
-9 8 -32 2
-9 8 32 15
-9 8 33 2
-8 8 -33 2
-8 8 -32 2
-8 8 32 15
-8 8 33 2
-7 8 -33 2
-7 8 -32 2
-7 8 32 15
-7 8 33 2
-6 8 -33 2
-6 8 -32 15
-6 8 32 2
-6 8 33 2
-5 8 -34 2
-5 8 -33 15
-5 8 33 2
-5 8 34 2
-4 8 -34 2
-4 8 -33 15
-4 8 33 2
-4 8 34 2
-3 8 -34 15
-3 8 -33 2
-3 8 33 2
-3 8 34 2
-2 8 -34 2
-2 8 -33 15
-2 8 33 2
-2 8 34 2
-1 8 -34 2
-1 8 -33 2
-1 8 -16 4
-1 8 -15 2
-1 8 -14 4
-1 8 14 4
-1 8 15 2
-1 8 16 4
-1 8 33 2
-1 8 34 2
0 8 -35 19
0 8 -34 2
0 8 -33 15
0 8 -16 2
0 8 -15 15
0 8 -14 2
0 8 14 2
0 8 15 2
0 8 16 2
0 8 33 2
0 8 34 2
0 8 35 19
1 8 -34 2
1 8 -33 2
1 8 -16 4
1 8 -15 2
1 8 -14 4
1 8 14 4
1 8 15 2
1 8 16 4
1 8 33 2
1 8 34 2
2 8 -34 2
2 8 -33 15
2 8 33 2
2 8 34 2
3 8 -34 2
3 8 -33 2
3 8 33 2
3 8 34 2
4 8 -34 2
4 8 -33 15
4 8 33 2
4 8 34 2
5 8 -34 15
5 8 -33 2
5 8 33 15
5 8 34 2
6 8 -33 15
6 8 -32 2
6 8 32 15
6 8 33 2
7 8 -33 2
7 8 -32 2
7 8 32 15
7 8 33 2
8 8 -33 2
8 8 -32 2
8 8 32 2
8 8 33 2
9 8 -33 2
9 8 -32 2
9 8 32 2
9 8 33 2
10 8 -33 2
10 8 -32 2
10 8 -31 15
10 8 -30 15
10 8 -12 4
10 8 -11 2
10 8 -10 4
10 8 10 4
10 8 11 2
10 8 12 4
10 8 30 2
10 8 31 2
10 8 32 2
10 8 33 2
11 8 -33 15
11 8 -32 2
11 8 -31 8
11 8 -30 2
11 8 -29 2
11 8 -12 2
11 8 -11 15
11 8 -10 2
11 8 10 2
11 8 11 2
11 8 12 2
11 8 29 2
11 8 30 2
11 8 31 8
11 8 32 15
11 8 33 15
12 8 -34 2
12 8 -33 2
12 8 -32 8
12 8 -31 8
12 8 -30 8
12 8 -29 2
12 8 -28 2
12 8 -12 4
12 8 -11 2
12 8 -10 4
12 8 10 4
12 8 11 2
12 8 12 4
12 8 28 2
12 8 29 15
12 8 30 8
12 8 31 8
12 8 32 8
12 8 33 2
12 8 34 2
13 8 -34 2
13 8 -33 8
13 8 -32 8
13 8 -31 8
13 8 -30 8
13 8 -29 8
13 8 -28 2
13 8 28 2
13 8 29 8
13 8 30 8
13 8 31 8
13 8 32 8
13 8 33 8
13 8 34 2
14 8 -34 2
14 8 -33 15
14 8 -32 8
14 8 -31 8
14 8 -30 8
14 8 -29 15
14 8 -28 15
14 8 -1 4
14 8 0 2
14 8 1 4
14 8 28 2
14 8 29 2
14 8 30 8
14 8 31 8
14 8 32 8
14 8 33 15
14 8 34 2
15 8 -33 15
15 8 -32 2
15 8 -31 8
15 8 -30 2
15 8 -29 2
15 8 -1 2
15 8 0 2
15 8 1 2
15 8 29 2
15 8 30 2
15 8 31 8
15 8 32 15
15 8 33 15
16 8 -32 2
16 8 -31 15
16 8 -30 15
16 8 -29 2
16 8 -1 4
16 8 0 2
16 8 1 4
16 8 29 2
16 8 30 2
16 8 31 15
16 8 32 2
17 8 -30 2
17 8 -29 2
17 8 -28 15
17 8 28 2
17 8 29 2
17 8 30 2
18 8 -29 15
18 8 -28 2
18 8 28 2
18 8 29 2
19 8 -28 2
19 8 -27 2
19 8 27 15
19 8 28 15
20 8 -28 2
20 8 -27 2
20 8 -26 2
20 8 26 2
20 8 27 2
20 8 28 2
21 8 -27 2
21 8 -26 15
21 8 -25 2
21 8 25 2
21 8 26 2
21 8 27 2
22 8 -26 2
22 8 -25 2
22 8 -24 2
22 8 24 2
22 8 25 15
22 8 26 15
23 8 -25 2
23 8 -24 2
23 8 -23 2
23 8 23 2
23 8 24 2
23 8 25 2
24 8 -24 2
24 8 -23 15
24 8 -22 2
24 8 22 2
24 8 23 15
24 8 24 2
25 8 -23 2
25 8 -22 15
25 8 -21 15
25 8 21 2
25 8 22 2
25 8 23 2
26 8 -22 2
26 8 -21 2
26 8 -20 2
26 8 20 2
26 8 21 2
26 8 22 2
27 8 -21 2
27 8 -20 2
27 8 -19 2
27 8 19 15
27 8 20 15
27 8 21 2
28 8 -20 2
28 8 -19 15
28 8 -18 15
28 8 -17 2
28 8 -14 2
28 8 -13 15
28 8 -12 2
28 8 12 2
28 8 13 15
28 8 14 15
28 8 17 15
28 8 18 15
28 8 19 2
28 8 20 2
29 8 -18 2
29 8 -17 2
29 8 -16 2
29 8 -15 15
29 8 -14 15
29 8 -13 8
29 8 -12 2
29 8 -11 2
29 8 11 2
29 8 12 15
29 8 13 8
29 8 14 15
29 8 15 2
29 8 16 2
29 8 17 2
29 8 18 15
30 8 -17 2
30 8 -16 2
30 8 -15 2
30 8 -14 8
30 8 -13 8
30 8 -12 8
30 8 -11 15
30 8 -10 2
30 8 10 2
30 8 11 2
30 8 12 8
30 8 13 8
30 8 14 8
30 8 15 2
30 8 16 2
30 8 17 2
31 8 -16 2
31 8 -15 8
31 8 -14 8
31 8 -13 8
31 8 -12 8
31 8 -11 8
31 8 -10 2
31 8 10 2
31 8 11 8
31 8 12 8
31 8 13 8
31 8 14 8
31 8 15 8
31 8 16 2
32 8 -16 2
32 8 -15 2
32 8 -14 8
32 8 -13 8
32 8 -12 8
32 8 -11 15
32 8 -10 2
32 8 -9 15
32 8 -8 2
32 8 -7 2
32 8 -6 2
32 8 6 2
32 8 7 2
32 8 8 2
32 8 9 15
32 8 10 2
32 8 11 2
32 8 12 8
32 8 13 8
32 8 14 8
32 8 15 2
32 8 16 2
33 8 -15 2
33 8 -14 15
33 8 -13 8
33 8 -12 2
33 8 -11 2
33 8 -10 2
33 8 -9 2
33 8 -8 2
33 8 -7 15
33 8 -6 15
33 8 -5 2
33 8 -4 15
33 8 -3 2
33 8 -2 2
33 8 -1 15
33 8 0 2
33 8 1 2
33 8 2 2
33 8 3 15
33 8 4 2
33 8 5 2
33 8 6 2
33 8 7 2
33 8 8 2
33 8 9 2
33 8 10 2
33 8 11 15
33 8 12 2
33 8 13 8
33 8 14 2
33 8 15 15
34 8 -14 2
34 8 -13 2
34 8 -12 2
34 8 -5 2
34 8 -4 15
34 8 -3 2
34 8 -2 2
34 8 -1 2
34 8 0 2
34 8 1 15
34 8 2 2
34 8 3 2
34 8 4 2
34 8 5 15
34 8 12 2
34 8 13 15
34 8 14 2
35 8 0 19
-35 9 0 19
-34 9 -14 2
-34 9 -13 26
-34 9 -12 2
-34 9 -5 15
-34 9 -4 15
-34 9 -3 2
-34 9 -2 2
-34 9 -1 15
-34 9 0 2
-34 9 1 2
-34 9 2 2
-34 9 3 2
-34 9 4 2
-34 9 5 15
-34 9 12 2
-34 9 13 26
-34 9 14 2
-33 9 -15 15
-33 9 -14 2
-33 9 -13 8
-33 9 -12 2
-33 9 -11 2
-33 9 -10 2
-33 9 -9 2
-33 9 -8 2
-33 9 -7 2
-33 9 -6 2
-33 9 -5 2
-33 9 -4 15
-33 9 -3 2
-33 9 -2 15
-33 9 -1 2
-33 9 0 2
-33 9 1 2
-33 9 2 2
-33 9 3 2
-33 9 4 15
-33 9 5 2
-33 9 6 15
-33 9 7 2
-33 9 8 2
-33 9 9 2
-33 9 10 2
-33 9 11 2
-33 9 12 2
-33 9 13 8
-33 9 14 15
-33 9 15 2
-32 9 -16 2
-32 9 -15 2
-32 9 -14 8
-32 9 -13 8
-32 9 -12 8
-32 9 -11 2
-32 9 -10 2
-32 9 -9 2
-32 9 -8 15
-32 9 -7 15
-32 9 -6 2
-32 9 6 15
-32 9 7 2
-32 9 8 2
-32 9 9 2
-32 9 10 2
-32 9 11 2
-32 9 12 8
-32 9 13 8
-32 9 14 8
-32 9 15 2
-32 9 16 2
-31 9 -16 27
-31 9 -15 8
-31 9 -14 8
-31 9 -13 8
-31 9 -12 8
-31 9 -11 8
-31 9 -10 27
-31 9 10 27
-31 9 11 8
-31 9 12 8
-31 9 13 8
-31 9 14 8
-31 9 15 8
-31 9 16 27
-30 9 -17 15
-30 9 -16 2
-30 9 -15 2
-30 9 -14 8
-30 9 -13 8
-30 9 -12 8
-30 9 -11 2
-30 9 -10 2
-30 9 10 2
-30 9 11 2
-30 9 12 8
-30 9 13 8
-30 9 14 8
-30 9 15 2
-30 9 16 2
-30 9 17 2
-29 9 -18 15
-29 9 -17 2
-29 9 -16 2
-29 9 -15 2
-29 9 -14 15
-29 9 -13 8
-29 9 -12 15
-29 9 -11 15
-29 9 11 15
-29 9 12 15
-29 9 13 8
-29 9 14 2
-29 9 15 15
-29 9 16 15
-29 9 17 2
-29 9 18 2
-28 9 -20 2
-28 9 -19 2
-28 9 -18 2
-28 9 -17 2
-28 9 -14 2
-28 9 -13 26
-28 9 -12 15
-28 9 12 15
-28 9 13 26
-28 9 14 2
-28 9 17 2
-28 9 18 2
-28 9 19 2
-28 9 20 2
-27 9 -21 2
-27 9 -20 2
-27 9 -19 2
-27 9 19 2
-27 9 20 2
-27 9 21 2
-26 9 -22 15
-26 9 -21 2
-26 9 -20 15
-26 9 20 2
-26 9 21 2
-26 9 22 2
-25 9 -23 2
-25 9 -22 2
-25 9 -21 2
-25 9 21 2
-25 9 22 2
-25 9 23 2
-24 9 -24 2
-24 9 -23 2
-24 9 -22 2
-24 9 22 2
-24 9 23 2
-24 9 24 15
-23 9 -25 2
-23 9 -24 2
-23 9 -23 2
-23 9 23 2
-23 9 24 2
-23 9 25 2
-22 9 -26 2
-22 9 -25 2
-22 9 -24 2
-22 9 24 2
-22 9 25 2
-22 9 26 2
-21 9 -27 2
-21 9 -26 2
-21 9 -25 2
-21 9 25 2
-21 9 26 2
-21 9 27 15
-20 9 -28 2
-20 9 -27 2
-20 9 -26 2
-20 9 26 2
-20 9 27 2
-20 9 28 2
-19 9 -28 2
-19 9 -27 15
-19 9 27 2
-19 9 28 2
-18 9 -29 15
-18 9 -28 15
-18 9 28 2
-18 9 29 2
-17 9 -30 2
-17 9 -29 2
-17 9 -28 2
-17 9 28 2
-17 9 29 2
-17 9 30 15
-16 9 -32 15
-16 9 -31 26
-16 9 -30 2
-16 9 -29 15
-16 9 -1 4
-16 9 0 2
-16 9 1 4
-16 9 29 2
-16 9 30 15
-16 9 31 26
-16 9 32 2
-15 9 -33 2
-15 9 -32 2
-15 9 -31 8
-15 9 -30 15
-15 9 -29 15
-15 9 -1 2
-15 9 0 2
-15 9 1 2
-15 9 29 2
-15 9 30 2
-15 9 31 8
-15 9 32 2
-15 9 33 15
-14 9 -34 2
-14 9 -33 2
-14 9 -32 8
-14 9 -31 8
-14 9 -30 8
-14 9 -29 15
-14 9 -28 2
-14 9 -1 4
-14 9 0 2
-14 9 1 4
-14 9 28 2
-14 9 29 2
-14 9 30 8
-14 9 31 8
-14 9 32 8
-14 9 33 15
-14 9 34 2
-13 9 -34 27
-13 9 -33 8
-13 9 -32 8
-13 9 -31 8
-13 9 -30 8
-13 9 -29 8
-13 9 -28 27
-13 9 28 27
-13 9 29 8
-13 9 30 8
-13 9 31 8
-13 9 32 8
-13 9 33 8
-13 9 34 27
-12 9 -34 2
-12 9 -33 2
-12 9 -32 8
-12 9 -31 8
-12 9 -30 8
-12 9 -29 2
-12 9 -28 2
-12 9 -12 4
-12 9 -11 2
-12 9 -10 4
-12 9 10 4
-12 9 11 2
-12 9 12 4
-12 9 28 15
-12 9 29 2
-12 9 30 8
-12 9 31 8
-12 9 32 8
-12 9 33 2
-12 9 34 15
-11 9 -33 2
-11 9 -32 2
-11 9 -31 8
-11 9 -30 2
-11 9 -29 2
-11 9 -12 2
-11 9 -11 2
-11 9 -10 2
-11 9 10 2
-11 9 11 15
-11 9 12 2
-11 9 29 15
-11 9 30 2
-11 9 31 8
-11 9 32 2
-11 9 33 2
-10 9 -33 2
-10 9 -32 2
-10 9 -31 26
-10 9 -30 2
-10 9 -12 4
-10 9 -11 2
-10 9 -10 4
-10 9 10 4
-10 9 11 2
-10 9 12 4
-10 9 30 15
-10 9 31 26
-10 9 32 2
-10 9 33 2
-9 9 -33 15
-9 9 -32 2
-9 9 32 2
-9 9 33 2
-8 9 -33 2
-8 9 -32 2
-8 9 32 2
-8 9 33 15
-7 9 -33 2
-7 9 -32 2
-7 9 32 2
-7 9 33 15
-6 9 -33 2
-6 9 -32 2
-6 9 32 2
-6 9 33 15
-5 9 -34 2
-5 9 -33 2
-5 9 33 2
-5 9 34 2
-4 9 -34 2
-4 9 -33 2
-4 9 33 2
-4 9 34 2
-3 9 -34 2
-3 9 -33 2
-3 9 33 2
-3 9 34 2
-2 9 -34 2
-2 9 -33 2
-2 9 33 2
-2 9 34 15
-1 9 -34 2
-1 9 -33 2
-1 9 -16 4
-1 9 -15 2
-1 9 -14 4
-1 9 14 4
-1 9 15 2
-1 9 16 4
-1 9 33 15
-1 9 34 2
0 9 -35 19
0 9 -34 15
0 9 -33 2
0 9 -16 2
0 9 -15 2
0 9 -14 2
0 9 14 2
0 9 15 2
0 9 16 2
0 9 33 15
0 9 34 2
0 9 35 19
1 9 -34 2
1 9 -33 15
1 9 -16 4
1 9 -15 2
1 9 -14 4
1 9 14 4
1 9 15 2
1 9 16 4
1 9 33 2
1 9 34 2
2 9 -34 15
2 9 -33 2
2 9 33 2
2 9 34 2
3 9 -34 2
3 9 -33 2
3 9 33 2
3 9 34 2
4 9 -34 15
4 9 -33 2
4 9 33 15
4 9 34 2
5 9 -34 15
5 9 -33 2
5 9 33 2
5 9 34 2
6 9 -33 2
6 9 -32 15
6 9 32 2
6 9 33 2
7 9 -33 15
7 9 -32 2
7 9 32 2
7 9 33 2
8 9 -33 2
8 9 -32 2
8 9 32 2
8 9 33 2
9 9 -33 2
9 9 -32 2
9 9 32 15
9 9 33 15
10 9 -33 2
10 9 -32 2
10 9 -31 26
10 9 -30 15
10 9 -12 4
10 9 -11 2
10 9 -10 4
10 9 10 4
10 9 11 2
10 9 12 4
10 9 30 2
10 9 31 26
10 9 32 2
10 9 33 2
11 9 -33 2
11 9 -32 2
11 9 -31 8
11 9 -30 2
11 9 -29 15
11 9 -12 2
11 9 -11 15
11 9 -10 2
11 9 10 2
11 9 11 2
11 9 12 2
11 9 29 2
11 9 30 15
11 9 31 8
11 9 32 15
11 9 33 2
12 9 -34 2
12 9 -33 2
12 9 -32 8
12 9 -31 8
12 9 -30 8
12 9 -29 2
12 9 -28 15
12 9 -12 4
12 9 -11 2
12 9 -10 4
12 9 10 4
12 9 11 2
12 9 12 4
12 9 28 2
12 9 29 15
12 9 30 8
12 9 31 8
12 9 32 8
12 9 33 15
12 9 34 2
13 9 -34 27
13 9 -33 8
13 9 -32 8
13 9 -31 8
13 9 -30 8
13 9 -29 8
13 9 -28 27
13 9 28 27
13 9 29 8
13 9 30 8
13 9 31 8
13 9 32 8
13 9 33 8
13 9 34 27
14 9 -34 2
14 9 -33 2
14 9 -32 8
14 9 -31 8
14 9 -30 8
14 9 -29 2
14 9 -28 2
14 9 -1 4
14 9 0 2
14 9 1 4
14 9 28 2
14 9 29 2
14 9 30 8
14 9 31 8
14 9 32 8
14 9 33 15
14 9 34 2
15 9 -33 15
15 9 -32 15
15 9 -31 8
15 9 -30 2
15 9 -29 2
15 9 -1 2
15 9 0 2
15 9 1 2
15 9 29 15
15 9 30 2
15 9 31 8
15 9 32 2
15 9 33 2
16 9 -32 2
16 9 -31 26
16 9 -30 15
16 9 -29 2
16 9 -1 4
16 9 0 2
16 9 1 4
16 9 29 2
16 9 30 2
16 9 31 26
16 9 32 2
17 9 -30 2
17 9 -29 2
17 9 -28 2
17 9 28 2
17 9 29 2
17 9 30 2
18 9 -29 2
18 9 -28 2
18 9 28 2
18 9 29 2
19 9 -28 15
19 9 -27 2
19 9 27 15
19 9 28 2
20 9 -28 2
20 9 -27 15
20 9 -26 2
20 9 26 2
20 9 27 15
20 9 28 2
21 9 -27 15
21 9 -26 2
21 9 -25 2
21 9 25 2
21 9 26 15
21 9 27 2
22 9 -26 2
22 9 -25 2
22 9 -24 15
22 9 24 15
22 9 25 2
22 9 26 2
23 9 -25 2
23 9 -24 2
23 9 -23 2
23 9 23 2
23 9 24 2
23 9 25 2
24 9 -24 15
24 9 -23 2
24 9 -22 2
24 9 22 15
24 9 23 2
24 9 24 2
25 9 -23 2
25 9 -22 15
25 9 -21 2
25 9 21 2
25 9 22 2
25 9 23 2
26 9 -22 2
26 9 -21 2
26 9 -20 2
26 9 20 2
26 9 21 2
26 9 22 15
27 9 -21 2
27 9 -20 2
27 9 -19 2
27 9 19 2
27 9 20 2
27 9 21 2
28 9 -20 2
28 9 -19 2
28 9 -18 2
28 9 -17 2
28 9 -14 2
28 9 -13 26
28 9 -12 15
28 9 12 15
28 9 13 26
28 9 14 2
28 9 17 15
28 9 18 2
28 9 19 2
28 9 20 2
29 9 -18 2
29 9 -17 2
29 9 -16 2
29 9 -15 15
29 9 -14 2
29 9 -13 8
29 9 -12 2
29 9 -11 15
29 9 11 15
29 9 12 2
29 9 13 8
29 9 14 2
29 9 15 2
29 9 16 15
29 9 17 2
29 9 18 2
30 9 -17 2
30 9 -16 15
30 9 -15 2
30 9 -14 8
30 9 -13 8
30 9 -12 8
30 9 -11 15
30 9 -10 2
30 9 10 2
30 9 11 2
30 9 12 8
30 9 13 8
30 9 14 8
30 9 15 2
30 9 16 2
30 9 17 2
31 9 -16 27
31 9 -15 8
31 9 -14 8
31 9 -13 8
31 9 -12 8
31 9 -11 8
31 9 -10 27
31 9 10 27
31 9 11 8
31 9 12 8
31 9 13 8
31 9 14 8
31 9 15 8
31 9 16 27
32 9 -16 2
32 9 -15 2
32 9 -14 8
32 9 -13 8
32 9 -12 8
32 9 -11 2
32 9 -10 2
32 9 -9 2
32 9 -8 2
32 9 -7 2
32 9 -6 15
32 9 6 2
32 9 7 2
32 9 8 2
32 9 9 15
32 9 10 15
32 9 11 15
32 9 12 8
32 9 13 8
32 9 14 8
32 9 15 2
32 9 16 2
33 9 -15 2
33 9 -14 2
33 9 -13 8
33 9 -12 2
33 9 -11 2
33 9 -10 2
33 9 -9 2
33 9 -8 2
33 9 -7 2
33 9 -6 2
33 9 -5 2
33 9 -4 2
33 9 -3 2
33 9 -2 15
33 9 -1 2
33 9 0 2
33 9 1 2
33 9 2 2
33 9 3 2
33 9 4 2
33 9 5 2
33 9 6 2
33 9 7 2
33 9 8 2
33 9 9 2
33 9 10 2
33 9 11 2
33 9 12 2
33 9 13 8
33 9 14 15
33 9 15 15
34 9 -14 2
34 9 -13 26
34 9 -12 2
34 9 -5 2
34 9 -4 15
34 9 -3 15
34 9 -2 2
34 9 -1 2
34 9 0 2
34 9 1 2
34 9 2 2
34 9 3 2
34 9 4 2
34 9 5 2
34 9 12 2
34 9 13 26
34 9 14 2
35 9 0 19
-35 10 0 32
-34 10 -14 2
-34 10 -13 33
-34 10 -12 2
-34 10 -5 7
-34 10 -4 7
-34 10 -3 7
-34 10 -2 7
-34 10 -1 7
-34 10 0 7
-34 10 1 7
-34 10 2 7
-34 10 3 7
-34 10 4 7
-34 10 5 7
-34 10 12 2
-34 10 13 33
-34 10 14 2
-33 10 -15 2
-33 10 -14 2
-33 10 -13 7
-33 10 -12 2
-33 10 -11 2
-33 10 -10 7
-33 10 -9 7
-33 10 -8 7
-33 10 -7 7
-33 10 -6 7
-33 10 -5 7
-33 10 -4 7
-33 10 -3 7
-33 10 -2 7
-33 10 -1 7
-33 10 0 7
-33 10 1 7
-33 10 2 7
-33 10 3 7
-33 10 4 7
-33 10 5 7
-33 10 6 7
-33 10 7 7
-33 10 8 7
-33 10 9 7
-33 10 10 7
-33 10 11 2
-33 10 12 15
-33 10 13 7
-33 10 14 15
-33 10 15 15
-32 10 -16 15
-32 10 -15 2
-32 10 -14 7
-32 10 -13 7
-32 10 -12 7
-32 10 -11 2
-32 10 -10 2
-32 10 -9 7
-32 10 -8 7
-32 10 -7 7
-32 10 -6 7
-32 10 6 7
-32 10 7 7
-32 10 8 7
-32 10 9 7
-32 10 10 2
-32 10 11 2
-32 10 12 7
-32 10 13 7
-32 10 14 7
-32 10 15 2
-32 10 16 2
-31 10 -16 34
-31 10 -15 7
-31 10 -14 7
-31 10 -13 7
-31 10 -12 7
-31 10 -11 7
-31 10 -10 35
-31 10 10 34
-31 10 11 7
-31 10 12 7
-31 10 13 7
-31 10 14 7
-31 10 15 7
-31 10 16 35
-30 10 -17 7
-30 10 -16 15
-30 10 -15 2
-30 10 -14 7
-30 10 -13 7
-30 10 -12 7
-30 10 -11 2
-30 10 -10 2
-30 10 10 2
-30 10 11 2
-30 10 12 7
-30 10 13 7
-30 10 14 7
-30 10 15 2
-30 10 16 15
-30 10 17 7
-29 10 -18 7
-29 10 -17 7
-29 10 -16 7
-29 10 -15 15
-29 10 -14 2
-29 10 -13 7
-29 10 -12 2
-29 10 -11 2
-29 10 11 2
-29 10 12 2
-29 10 13 7
-29 10 14 2
-29 10 15 2
-29 10 16 7
-29 10 17 7
-29 10 18 7
-28 10 -20 7
-28 10 -19 7
-28 10 -18 7
-28 10 -17 7
-28 10 -14 2
-28 10 -13 36
-28 10 -12 2
-28 10 12 2
-28 10 13 36
-28 10 14 2
-28 10 17 7
-28 10 18 7
-28 10 19 7
-28 10 20 7
-27 10 -21 7
-27 10 -20 7
-27 10 -19 7
-27 10 19 7
-27 10 20 7
-27 10 21 7
-26 10 -22 7
-26 10 -21 7
-26 10 -20 7
-26 10 20 7
-26 10 21 7
-26 10 22 7
-25 10 -23 7
-25 10 -22 7
-25 10 -21 7
-25 10 21 7
-25 10 22 7
-25 10 23 7
-24 10 -24 7
-24 10 -23 7
-24 10 -22 7
-24 10 22 7
-24 10 23 7
-24 10 24 7
-23 10 -25 7
-23 10 -24 7
-23 10 -23 7
-23 10 23 7
-23 10 24 7
-23 10 25 7
-22 10 -26 7
-22 10 -25 7
-22 10 -24 7
-22 10 24 7
-22 10 25 7
-22 10 26 7
-21 10 -27 7
-21 10 -26 7
-21 10 -25 7
-21 10 25 7
-21 10 26 7
-21 10 27 7
-20 10 -28 7
-20 10 -27 7
-20 10 -26 7
-20 10 26 7
-20 10 27 7
-20 10 28 7
-19 10 -28 7
-19 10 -27 7
-19 10 27 7
-19 10 28 7
-18 10 -29 7
-18 10 -28 7
-18 10 28 7
-18 10 29 7
-17 10 -30 7
-17 10 -29 7
-17 10 -28 7
-17 10 28 7
-17 10 29 7
-17 10 30 7
-16 10 -32 15
-16 10 -31 33
-16 10 -30 2
-16 10 -29 7
-16 10 -1 4
-16 10 0 19
-16 10 1 4
-16 10 29 7
-16 10 30 2
-16 10 31 33
-16 10 32 15
-15 10 -33 2
-15 10 -32 15
-15 10 -31 7
-15 10 -30 2
-15 10 -29 2
-15 10 -1 19
-15 10 0 2
-15 10 1 19
-15 10 29 2
-15 10 30 2
-15 10 31 7
-15 10 32 2
-15 10 33 15
-14 10 -34 15
-14 10 -33 2
-14 10 -32 7
-14 10 -31 7
-14 10 -30 7
-14 10 -29 15
-14 10 -28 2
-14 10 -1 4
-14 10 0 19
-14 10 1 4
-14 10 28 2
-14 10 29 2
-14 10 30 7
-14 10 31 7
-14 10 32 7
-14 10 33 2
-14 10 34 15
-13 10 -34 34
-13 10 -33 7
-13 10 -32 7
-13 10 -31 7
-13 10 -30 7
-13 10 -29 7
-13 10 -28 35
-13 10 28 34
-13 10 29 7
-13 10 30 7
-13 10 31 7
-13 10 32 7
-13 10 33 7
-13 10 34 35
-12 10 -34 2
-12 10 -33 2
-12 10 -32 7
-12 10 -31 7
-12 10 -30 7
-12 10 -29 15
-12 10 -28 2
-12 10 -12 4
-12 10 -11 19
-12 10 -10 4
-12 10 10 4
-12 10 11 19
-12 10 12 4
-12 10 28 2
-12 10 29 2
-12 10 30 7
-12 10 31 7
-12 10 32 7
-12 10 33 15
-12 10 34 2
-11 10 -33 2
-11 10 -32 2
-11 10 -31 7
-11 10 -30 2
-11 10 -29 2
-11 10 -12 19
-11 10 -11 15
-11 10 -10 19
-11 10 10 19
-11 10 11 2
-11 10 12 19
-11 10 29 2
-11 10 30 2
-11 10 31 7
-11 10 32 2
-11 10 33 2
-10 10 -33 7
-10 10 -32 2
-10 10 -31 36
-10 10 -30 2
-10 10 -12 4
-10 10 -11 19
-10 10 -10 4
-10 10 10 4
-10 10 11 19
-10 10 12 4
-10 10 30 2
-10 10 31 36
-10 10 32 2
-10 10 33 7
-9 10 -33 7
-9 10 -32 7
-9 10 32 7
-9 10 33 7
-8 10 -33 7
-8 10 -32 7
-8 10 32 7
-8 10 33 7
-7 10 -33 7
-7 10 -32 7
-7 10 32 7
-7 10 33 7
-6 10 -33 7
-6 10 -32 7
-6 10 32 7
-6 10 33 7
-5 10 -34 7
-5 10 -33 7
-5 10 33 7
-5 10 34 7
-4 10 -34 7
-4 10 -33 7
-4 10 33 7
-4 10 34 7
-3 10 -34 7
-3 10 -33 7
-3 10 33 7
-3 10 34 7
-2 10 -34 7
-2 10 -33 7
-2 10 33 7
-2 10 34 7
-1 10 -34 7
-1 10 -33 7
-1 10 -16 4
-1 10 -15 19
-1 10 -14 4
-1 10 14 4
-1 10 15 19
-1 10 16 4
-1 10 33 7
-1 10 34 7
0 10 -35 32
0 10 -34 7
0 10 -33 7
0 10 -16 19
0 10 -15 2
0 10 -14 19
0 10 14 19
0 10 15 2
0 10 16 19
0 10 33 7
0 10 34 7
0 10 35 32
1 10 -34 7
1 10 -33 7
1 10 -16 4
1 10 -15 19
1 10 -14 4
1 10 14 4
1 10 15 19
1 10 16 4
1 10 33 7
1 10 34 7
2 10 -34 7
2 10 -33 7
2 10 33 7
2 10 34 7
3 10 -34 7
3 10 -33 7
3 10 33 7
3 10 34 7
4 10 -34 7
4 10 -33 7
4 10 33 7
4 10 34 7
5 10 -34 7
5 10 -33 7
5 10 33 7
5 10 34 7
6 10 -33 7
6 10 -32 7
6 10 32 7
6 10 33 7
7 10 -33 7
7 10 -32 7
7 10 32 7
7 10 33 7
8 10 -33 7
8 10 -32 7
8 10 32 7
8 10 33 7
9 10 -33 7
9 10 -32 7
9 10 32 7
9 10 33 7
10 10 -33 7
10 10 -32 2
10 10 -31 33
10 10 -30 2
10 10 -12 4
10 10 -11 19
10 10 -10 4
10 10 10 4
10 10 11 19
10 10 12 4
10 10 30 2
10 10 31 33
10 10 32 2
10 10 33 7
11 10 -33 2
11 10 -32 2
11 10 -31 7
11 10 -30 2
11 10 -29 2
11 10 -12 19
11 10 -11 2
11 10 -10 19
11 10 10 19
11 10 11 15
11 10 12 19
11 10 29 2
11 10 30 2
11 10 31 7
11 10 32 2
11 10 33 2
12 10 -34 15
12 10 -33 2
12 10 -32 7
12 10 -31 7
12 10 -30 7
12 10 -29 15
12 10 -28 2
12 10 -12 4
12 10 -11 19
12 10 -10 4
12 10 10 4
12 10 11 19
12 10 12 4
12 10 28 2
12 10 29 2
12 10 30 7
12 10 31 7
12 10 32 7
12 10 33 2
12 10 34 2
13 10 -34 34
13 10 -33 7
13 10 -32 7
13 10 -31 7
13 10 -30 7
13 10 -29 7
13 10 -28 35
13 10 28 34
13 10 29 7
13 10 30 7
13 10 31 7
13 10 32 7
13 10 33 7
13 10 34 35
14 10 -34 15
14 10 -33 2
14 10 -32 7
14 10 -31 7
14 10 -30 7
14 10 -29 2
14 10 -28 2
14 10 -1 4
14 10 0 19
14 10 1 4
14 10 28 2
14 10 29 2
14 10 30 7
14 10 31 7
14 10 32 7
14 10 33 2
14 10 34 15
15 10 -33 15
15 10 -32 2
15 10 -31 7
15 10 -30 2
15 10 -29 2
15 10 -1 19
15 10 0 15
15 10 1 19
15 10 29 2
15 10 30 2
15 10 31 7
15 10 32 2
15 10 33 2
16 10 -32 2
16 10 -31 36
16 10 -30 15
16 10 -29 7
16 10 -1 4
16 10 0 19
16 10 1 4
16 10 29 7
16 10 30 2
16 10 31 36
16 10 32 2
17 10 -30 7
17 10 -29 7
17 10 -28 7
17 10 28 7
17 10 29 7
17 10 30 7
18 10 -29 7
18 10 -28 7
18 10 28 7
18 10 29 7
19 10 -28 7
19 10 -27 7
19 10 27 7
19 10 28 7
20 10 -28 7
20 10 -27 7
20 10 -26 7
20 10 26 7
20 10 27 7
20 10 28 7
21 10 -27 7
21 10 -26 7
21 10 -25 7
21 10 25 7
21 10 26 7
21 10 27 7
22 10 -26 7
22 10 -25 7
22 10 -24 7
22 10 24 7
22 10 25 7
22 10 26 7
23 10 -25 7
23 10 -24 7
23 10 -23 7
23 10 23 7
23 10 24 7
23 10 25 7
24 10 -24 7
24 10 -23 7
24 10 -22 7
24 10 22 7
24 10 23 7
24 10 24 7
25 10 -23 7
25 10 -22 7
25 10 -21 7
25 10 21 7
25 10 22 7
25 10 23 7
26 10 -22 7
26 10 -21 7
26 10 -20 7
26 10 20 7
26 10 21 7
26 10 22 7
27 10 -21 7
27 10 -20 7
27 10 -19 7
27 10 19 7
27 10 20 7
27 10 21 7
28 10 -20 7
28 10 -19 7
28 10 -18 7
28 10 -17 7
28 10 -14 2
28 10 -13 33
28 10 -12 2
28 10 12 2
28 10 13 33
28 10 14 2
28 10 17 7
28 10 18 7
28 10 19 7
28 10 20 7
29 10 -18 7
29 10 -17 7
29 10 -16 7
29 10 -15 2
29 10 -14 2
29 10 -13 7
29 10 -12 2
29 10 -11 2
29 10 11 2
29 10 12 15
29 10 13 7
29 10 14 15
29 10 15 15
29 10 16 7
29 10 17 7
29 10 18 7
30 10 -17 7
30 10 -16 2
30 10 -15 2
30 10 -14 7
30 10 -13 7
30 10 -12 7
30 10 -11 15
30 10 -10 2
30 10 10 2
30 10 11 2
30 10 12 7
30 10 13 7
30 10 14 7
30 10 15 15
30 10 16 2
30 10 17 7
31 10 -16 34
31 10 -15 7
31 10 -14 7
31 10 -13 7
31 10 -12 7
31 10 -11 7
31 10 -10 35
31 10 10 34
31 10 11 7
31 10 12 7
31 10 13 7
31 10 14 7
31 10 15 7
31 10 16 35
32 10 -16 2
32 10 -15 2
32 10 -14 7
32 10 -13 7
32 10 -12 7
32 10 -11 2
32 10 -10 2
32 10 -9 7
32 10 -8 7
32 10 -7 7
32 10 -6 7
32 10 6 7
32 10 7 7
32 10 8 7
32 10 9 7
32 10 10 2
32 10 11 2
32 10 12 7
32 10 13 7
32 10 14 7
32 10 15 2
32 10 16 2
33 10 -15 15
33 10 -14 2
33 10 -13 7
33 10 -12 2
33 10 -11 2
33 10 -10 7
33 10 -9 7
33 10 -8 7
33 10 -7 7
33 10 -6 7
33 10 -5 7
33 10 -4 7
33 10 -3 7
33 10 -2 7
33 10 -1 7
33 10 0 7
33 10 1 7
33 10 2 7
33 10 3 7
33 10 4 7
33 10 5 7
33 10 6 7
33 10 7 7
33 10 8 7
33 10 9 7
33 10 10 7
33 10 11 2
33 10 12 15
33 10 13 7
33 10 14 2
33 10 15 2
34 10 -14 2
34 10 -13 36
34 10 -12 2
34 10 -5 7
34 10 -4 7
34 10 -3 7
34 10 -2 7
34 10 -1 7
34 10 0 7
34 10 1 7
34 10 2 7
34 10 3 7
34 10 4 7
34 10 5 7
34 10 12 15
34 10 13 36
34 10 14 2
35 10 0 32
-34 11 -14 2
-34 11 -13 2
-34 11 -12 15
-34 11 -5 37
-34 11 -4 2
-34 11 -3 2
-34 11 -2 38
-34 11 -1 38
-34 11 0 38
-34 11 1 15
-34 11 2 15
-34 11 3 38
-34 11 4 38
-34 11 5 2
-34 11 12 2
-34 11 13 2
-34 11 14 2
-33 11 -15 15
-33 11 -14 2
-33 11 -13 8
-33 11 -12 15
-33 11 -11 15
-33 11 -10 38
-33 11 -9 2
-33 11 -8 2
-33 11 -7 38
-33 11 -6 38
-33 11 -5 39
-33 11 -4 39
-33 11 -3 39
-33 11 -2 39
-33 11 -1 39
-33 11 0 39
-33 11 1 39
-33 11 2 39
-33 11 3 39
-33 11 4 39
-33 11 5 39
-33 11 6 2
-33 11 7 2
-33 11 8 38
-33 11 9 38
-33 11 10 2
-33 11 11 2
-33 11 12 2
-33 11 13 8
-33 11 14 2
-33 11 15 2
-32 11 -16 2
-32 11 -15 2
-32 11 -14 8
-32 11 -13 8
-32 11 -12 8
-32 11 -11 2
-32 11 -10 2
-32 11 -9 39
-32 11 -8 39
-32 11 -7 39
-32 11 -6 40
-32 11 6 41
-32 11 7 39
-32 11 8 39
-32 11 9 39
-32 11 10 15
-32 11 11 2
-32 11 12 8
-32 11 13 8
-32 11 14 8
-32 11 15 2
-32 11 16 2
-31 11 -16 2
-31 11 -15 8
-31 11 -14 8
-31 11 -13 8
-31 11 -12 8
-31 11 -11 8
-31 11 -10 2
-31 11 10 2
-31 11 11 8
-31 11 12 8
-31 11 13 8
-31 11 14 8
-31 11 15 8
-31 11 16 2
-30 11 -17 2
-30 11 -16 15
-30 11 -15 2
-30 11 -14 8
-30 11 -13 8
-30 11 -12 8
-30 11 -11 2
-30 11 -10 15
-30 11 10 2
-30 11 11 2
-30 11 12 8
-30 11 13 8
-30 11 14 8
-30 11 15 2
-30 11 16 2
-30 11 17 42
-29 11 -18 2
-29 11 -17 2
-29 11 -16 39
-29 11 -15 15
-29 11 -14 2
-29 11 -13 8
-29 11 -12 2
-29 11 -11 2
-29 11 11 15
-29 11 12 2
-29 11 13 8
-29 11 14 2
-29 11 15 2
-29 11 16 39
-29 11 17 43
-29 11 18 42
-28 11 -20 37
-28 11 -19 38
-28 11 -18 39
-28 11 -17 40
-28 11 -14 2
-28 11 -13 2
-28 11 -12 15
-28 11 12 2
-28 11 13 2
-28 11 14 2
-28 11 17 41
-28 11 18 39
-28 11 19 2
-28 11 20 2
-27 11 -21 2
-27 11 -20 2
-27 11 -19 40
-27 11 19 41
-27 11 20 43
-27 11 21 42
-26 11 -22 37
-26 11 -21 43
-26 11 -20 40
-26 11 20 41
-26 11 21 43
-26 11 22 2
-25 11 -23 37
-25 11 -22 43
-25 11 -21 40
-25 11 21 41
-25 11 22 43
-25 11 23 2
-24 11 -24 2
-24 11 -23 43
-24 11 -22 40
-24 11 22 41
-24 11 23 43
-24 11 24 42
-23 11 -25 2
-23 11 -24 43
-23 11 -23 40
-23 11 23 41
-23 11 24 43
-23 11 25 42
-22 11 -26 37
-22 11 -25 43
-22 11 -24 40
-22 11 24 41
-22 11 25 43
-22 11 26 2
-21 11 -27 2
-21 11 -26 43
-21 11 -25 40
-21 11 25 41
-21 11 26 43
-21 11 27 42
-20 11 -28 2
-20 11 -27 2
-20 11 -26 40
-20 11 26 41
-20 11 27 43
-20 11 28 42
-19 11 -28 2
-19 11 -27 40
-19 11 27 41
-19 11 28 44
-18 11 -29 37
-18 11 -28 44
-18 11 28 45
-18 11 29 2
-17 11 -30 2
-17 11 -29 43
-17 11 -28 40
-17 11 28 41
-17 11 29 2
-17 11 30 42
-16 11 -32 15
-16 11 -31 2
-16 11 -30 2
-16 11 -29 44
-16 11 -1 4
-16 11 0 2
-16 11 1 4
-16 11 29 45
-16 11 30 2
-16 11 31 2
-16 11 32 2
-15 11 -33 2
-15 11 -32 2
-15 11 -31 8
-15 11 -30 2
-15 11 -29 2
-15 11 -1 2
-15 11 0 2
-15 11 1 2
-15 11 29 2
-15 11 30 2
-15 11 31 8
-15 11 32 2
-15 11 33 2
-14 11 -34 15
-14 11 -33 2
-14 11 -32 8
-14 11 -31 8
-14 11 -30 8
-14 11 -29 2
-14 11 -28 2
-14 11 -1 4
-14 11 0 2
-14 11 1 4
-14 11 28 15
-14 11 29 15
-14 11 30 8
-14 11 31 8
-14 11 32 8
-14 11 33 2
-14 11 34 2
-13 11 -34 2
-13 11 -33 8
-13 11 -32 8
-13 11 -31 8
-13 11 -30 8
-13 11 -29 8
-13 11 -28 2
-13 11 28 15
-13 11 29 8
-13 11 30 8
-13 11 31 8
-13 11 32 8
-13 11 33 8
-13 11 34 15
-12 11 -34 2
-12 11 -33 2
-12 11 -32 8
-12 11 -31 8
-12 11 -30 8
-12 11 -29 2
-12 11 -28 2
-12 11 -12 4
-12 11 -11 2
-12 11 -10 4
-12 11 10 4
-12 11 11 2
-12 11 12 4
-12 11 28 2
-12 11 29 2
-12 11 30 8
-12 11 31 8
-12 11 32 8
-12 11 33 2
-12 11 34 2
-11 11 -33 2
-11 11 -32 2
-11 11 -31 8
-11 11 -30 2
-11 11 -29 2
-11 11 -12 2
-11 11 -11 2
-11 11 -10 2
-11 11 10 2
-11 11 11 2
-11 11 12 2
-11 11 29 15
-11 11 30 2
-11 11 31 8
-11 11 32 2
-11 11 33 2
-10 11 -33 45
-10 11 -32 15
-10 11 -31 2
-10 11 -30 2
-10 11 -12 4
-10 11 -11 2
-10 11 -10 4
-10 11 10 4
-10 11 11 2
-10 11 12 4
-10 11 30 2
-10 11 31 2
-10 11 32 2
-10 11 33 2
-9 11 -33 45
-9 11 -32 44
-9 11 32 45
-9 11 33 2
-8 11 -33 15
-8 11 -32 44
-8 11 32 45
-8 11 33 44
-7 11 -33 2
-7 11 -32 44
-7 11 32 45
-7 11 33 44
-6 11 -33 2
-6 11 -32 40
-6 11 32 41
-6 11 33 44
-5 11 -34 37
-5 11 -33 44
-5 11 33 45
-5 11 34 2
-4 11 -34 45
-4 11 -33 44
-4 11 33 45
-4 11 34 2
-3 11 -34 2
-3 11 -33 44
-3 11 33 45
-3 11 34 44
-2 11 -34 2
-2 11 -33 44
-2 11 33 45
-2 11 34 44
-1 11 -34 45
-1 11 -33 44
-1 11 -16 4
-1 11 -15 2
-1 11 -14 4
-1 11 14 4
-1 11 15 2
-1 11 16 4
-1 11 33 45
-1 11 34 2
0 11 -34 45
0 11 -33 44
0 11 -16 2
0 11 -15 2
0 11 -14 2
0 11 14 2
0 11 15 15
0 11 16 2
0 11 33 45
0 11 34 15
1 11 -34 45
1 11 -33 44
1 11 -16 4
1 11 -15 2
1 11 -14 4
1 11 14 4
1 11 15 2
1 11 16 4
1 11 33 45
1 11 34 2
2 11 -34 15
2 11 -33 44
2 11 33 45
2 11 34 44
3 11 -34 15
3 11 -33 44
3 11 33 45
3 11 34 44
4 11 -34 45
4 11 -33 44
4 11 33 45
4 11 34 2
5 11 -34 41
5 11 -33 44
5 11 33 45
5 11 34 2
6 11 -33 2
6 11 -32 42
6 11 32 37
6 11 33 44
7 11 -33 2
7 11 -32 44
7 11 32 45
7 11 33 44
8 11 -33 2
8 11 -32 44
8 11 32 45
8 11 33 44
9 11 -33 45
9 11 -32 44
9 11 32 45
9 11 33 2
10 11 -33 45
10 11 -32 2
10 11 -31 2
10 11 -30 2
10 11 -12 4
10 11 -11 2
10 11 -10 4
10 11 10 4
10 11 11 2
10 11 12 4
10 11 30 2
10 11 31 15
10 11 32 15
10 11 33 15
11 11 -33 2
11 11 -32 15
11 11 -31 8
11 11 -30 15
11 11 -29 15
11 11 -12 2
11 11 -11 2
11 11 -10 2
11 11 10 2
11 11 11 2
11 11 12 2
11 11 29 2
11 11 30 15
11 11 31 8
11 11 32 15
11 11 33 2
12 11 -34 2
12 11 -33 2
12 11 -32 8
12 11 -31 8
12 11 -30 8
12 11 -29 2
12 11 -28 2
12 11 -12 4
12 11 -11 2
12 11 -10 4
12 11 10 4
12 11 11 2
12 11 12 4
12 11 28 2
12 11 29 2
12 11 30 8
12 11 31 8
12 11 32 8
12 11 33 2
12 11 34 2
13 11 -34 2
13 11 -33 8
13 11 -32 8
13 11 -31 8
13 11 -30 8
13 11 -29 8
13 11 -28 2
13 11 28 2
13 11 29 8
13 11 30 8
13 11 31 8
13 11 32 8
13 11 33 8
13 11 34 2
14 11 -34 2
14 11 -33 2
14 11 -32 8
14 11 -31 8
14 11 -30 8
14 11 -29 2
14 11 -28 2
14 11 -1 4
14 11 0 2
14 11 1 4
14 11 28 2
14 11 29 15
14 11 30 8
14 11 31 8
14 11 32 8
14 11 33 2
14 11 34 15
15 11 -33 2
15 11 -32 2
15 11 -31 8
15 11 -30 2
15 11 -29 2
15 11 -1 2
15 11 0 2
15 11 1 2
15 11 29 2
15 11 30 2
15 11 31 8
15 11 32 2
15 11 33 2
16 11 -32 15
16 11 -31 15
16 11 -30 2
16 11 -29 44
16 11 -1 4
16 11 0 2
16 11 1 4
16 11 29 45
16 11 30 15
16 11 31 2
16 11 32 15
17 11 -30 15
17 11 -29 43
17 11 -28 42
17 11 28 37
17 11 29 2
17 11 30 40
18 11 -29 41
18 11 -28 44
18 11 28 45
18 11 29 2
19 11 -28 2
19 11 -27 42
19 11 27 37
19 11 28 44
20 11 -28 2
20 11 -27 2
20 11 -26 42
20 11 26 37
20 11 27 43
20 11 28 40
21 11 -27 15
21 11 -26 43
21 11 -25 42
21 11 25 37
21 11 26 43
21 11 27 40
22 11 -26 41
22 11 -25 43
22 11 -24 42
22 11 24 37
22 11 25 43
22 11 26 2
23 11 -25 2
23 11 -24 43
23 11 -23 42
23 11 23 37
23 11 24 43
23 11 25 40
24 11 -24 15
24 11 -23 43
24 11 -22 42
24 11 22 37
24 11 23 43
24 11 24 40
25 11 -23 41
25 11 -22 43
25 11 -21 42
25 11 21 37
25 11 22 43
25 11 23 2
26 11 -22 41
26 11 -21 43
26 11 -20 42
26 11 20 37
26 11 21 43
26 11 22 2
27 11 -21 2
27 11 -20 2
27 11 -19 42
27 11 19 37
27 11 20 43
27 11 21 40
28 11 -20 41
28 11 -19 39
28 11 -18 38
28 11 -17 42
28 11 -14 2
28 11 -13 2
28 11 -12 2
28 11 12 15
28 11 13 2
28 11 14 2
28 11 17 37
28 11 18 38
28 11 19 2
28 11 20 15
29 11 -18 2
29 11 -17 2
29 11 -16 38
29 11 -15 2
29 11 -14 2
29 11 -13 8
29 11 -12 2
29 11 -11 15
29 11 11 2
29 11 12 2
29 11 13 8
29 11 14 2
29 11 15 15
29 11 16 38
29 11 17 43
29 11 18 40
30 11 -17 2
30 11 -16 2
30 11 -15 2
30 11 -14 8
30 11 -13 8
30 11 -12 8
30 11 -11 15
30 11 -10 2
30 11 10 15
30 11 11 2
30 11 12 8
30 11 13 8
30 11 14 8
30 11 15 15
30 11 16 2
30 11 17 40
31 11 -16 2
31 11 -15 8
31 11 -14 8
31 11 -13 8
31 11 -12 8
31 11 -11 8
31 11 -10 2
31 11 10 2
31 11 11 8
31 11 12 8
31 11 13 8
31 11 14 8
31 11 15 8
31 11 16 15
32 11 -16 15
32 11 -15 15
32 11 -14 8
32 11 -13 8
32 11 -12 8
32 11 -11 15
32 11 -10 15
32 11 -9 38
32 11 -8 38
32 11 -7 38
32 11 -6 42
32 11 6 37
32 11 7 38
32 11 8 38
32 11 9 38
32 11 10 15
32 11 11 15
32 11 12 8
32 11 13 8
32 11 14 8
32 11 15 15
32 11 16 2
33 11 -15 2
33 11 -14 2
33 11 -13 8
33 11 -12 2
33 11 -11 2
33 11 -10 39
33 11 -9 2
33 11 -8 2
33 11 -7 39
33 11 -6 39
33 11 -5 38
33 11 -4 38
33 11 -3 38
33 11 -2 38
33 11 -1 38
33 11 0 38
33 11 1 38
33 11 2 38
33 11 3 38
33 11 4 38
33 11 5 38
33 11 6 2
33 11 7 2
33 11 8 39
33 11 9 39
33 11 10 2
33 11 11 15
33 11 12 15
33 11 13 8
33 11 14 2
33 11 15 15
34 11 -14 2
34 11 -13 2
34 11 -12 2
34 11 -5 41
34 11 -4 2
34 11 -3 2
34 11 -2 39
34 11 -1 39
34 11 0 2
34 11 1 15
34 11 2 2
34 11 3 39
34 11 4 39
34 11 5 15
34 11 12 2
34 11 13 15
34 11 14 2
-34 12 -14 2
-34 12 -13 15
-34 12 -12 2
-34 12 -4 46
-34 12 -3 46
-34 12 1 46
-34 12 2 46
-34 12 5 46
-34 12 12 2
-34 12 13 2
-34 12 14 2
-33 12 -15 15
-33 12 -14 2
-33 12 -13 8
-33 12 -12 15
-33 12 -11 2
-33 12 -9 46
-33 12 -8 46
-33 12 6 46
-33 12 7 46
-33 12 10 46
-33 12 11 2
-33 12 12 15
-33 12 13 8
-33 12 14 2
-33 12 15 2
-32 12 -16 15
-32 12 -15 2
-32 12 -14 8
-32 12 -13 8
-32 12 -12 8
-32 12 -11 2
-32 12 -10 2
-32 12 10 2
-32 12 11 2
-32 12 12 8
-32 12 13 8
-32 12 14 8
-32 12 15 15
-32 12 16 2
-31 12 -16 2
-31 12 -15 8
-31 12 -14 8
-31 12 -13 8
-31 12 -12 8
-31 12 -11 8
-31 12 -10 15
-31 12 10 2
-31 12 11 8
-31 12 12 8
-31 12 13 8
-31 12 14 8
-31 12 15 8
-31 12 16 2
-30 12 -17 46
-30 12 -16 2
-30 12 -15 15
-30 12 -14 8
-30 12 -13 8
-30 12 -12 8
-30 12 -11 2
-30 12 -10 2
-30 12 10 2
-30 12 11 2
-30 12 12 8
-30 12 13 8
-30 12 14 8
-30 12 15 2
-30 12 16 2
-29 12 -18 46
-29 12 -17 46
-29 12 -15 2
-29 12 -14 2
-29 12 -13 8
-29 12 -12 2
-29 12 -11 2
-29 12 11 2
-29 12 12 15
-29 12 13 8
-29 12 14 2
-29 12 15 2
-28 12 -14 2
-28 12 -13 2
-28 12 -12 15
-28 12 12 2
-28 12 13 2
-28 12 14 15
-28 12 19 46
-28 12 20 46
-27 12 -21 46
-27 12 -20 46
-26 12 22 46
-25 12 23 46
-24 12 -24 46
-23 12 -25 46
-22 12 26 46
-21 12 -27 46
-20 12 -28 46
-20 12 -27 46
-19 12 -28 46
-18 12 29 46
-17 12 -30 46
-17 12 29 46
-16 12 -32 2
-16 12 -31 2
-16 12 -30 2
-16 12 -1 4
-16 12 0 2
-16 12 1 4
-16 12 30 2
-16 12 31 2
-16 12 32 15
-15 12 -33 2
-15 12 -32 2
-15 12 -31 8
-15 12 -30 15
-15 12 -29 2
-15 12 -1 2
-15 12 0 2
-15 12 1 2
-15 12 29 15
-15 12 30 2
-15 12 31 8
-15 12 32 2
-15 12 33 2
-14 12 -34 2
-14 12 -33 15
-14 12 -32 8
-14 12 -31 8
-14 12 -30 8
-14 12 -29 2
-14 12 -28 2
-14 12 -1 4
-14 12 0 2
-14 12 1 4
-14 12 28 2
-14 12 29 2
-14 12 30 8
-14 12 31 8
-14 12 32 8
-14 12 33 15
-14 12 34 2
-13 12 -34 2
-13 12 -33 8
-13 12 -32 8
-13 12 -31 8
-13 12 -30 8
-13 12 -29 8
-13 12 -28 2
-13 12 28 2
-13 12 29 8
-13 12 30 8
-13 12 31 8
-13 12 32 8
-13 12 33 8
-13 12 34 15
-12 12 -34 2
-12 12 -33 2
-12 12 -32 8
-12 12 -31 8
-12 12 -30 8
-12 12 -29 2
-12 12 -28 2
-12 12 -12 4
-12 12 -11 2
-12 12 -10 4
-12 12 10 4
-12 12 11 2
-12 12 12 4
-12 12 28 2
-12 12 29 2
-12 12 30 8
-12 12 31 8
-12 12 32 8
-12 12 33 15
-12 12 34 2
-11 12 -33 15
-11 12 -32 15
-11 12 -31 8
-11 12 -30 2
-11 12 -29 15
-11 12 -12 2
-11 12 -11 2
-11 12 -10 2
-11 12 10 2
-11 12 11 2
-11 12 12 2
-11 12 29 2
-11 12 30 2
-11 12 31 8
-11 12 32 2
-11 12 33 2
-10 12 -32 2
-10 12 -31 15
-10 12 -30 2
-10 12 -12 4
-10 12 -11 2
-10 12 -10 4
-10 12 10 4
-10 12 11 2
-10 12 12 4
-10 12 30 2
-10 12 31 2
-10 12 32 2
-10 12 33 46
-9 12 33 46
-8 12 -33 46
-7 12 -33 46
-6 12 -33 46
-5 12 34 46
-4 12 34 46
-3 12 -34 46
-2 12 -34 46
-1 12 -16 4
-1 12 -15 2
-1 12 -14 4
-1 12 14 4
-1 12 15 2
-1 12 16 4
-1 12 34 46
0 12 -16 2
0 12 -15 15
0 12 -14 2
0 12 14 2
0 12 15 15
0 12 16 2
0 12 34 46
1 12 -16 4
1 12 -15 2
1 12 -14 4
1 12 14 4
1 12 15 2
1 12 16 4
1 12 34 46
2 12 -34 46
3 12 -34 46
4 12 34 46
5 12 34 46
6 12 -33 46
7 12 -33 46
8 12 -33 46
9 12 33 46
10 12 -32 15
10 12 -31 2
10 12 -30 2
10 12 -12 4
10 12 -11 2
10 12 -10 4
10 12 10 4
10 12 11 2
10 12 12 4
10 12 30 2
10 12 31 2
10 12 32 2
10 12 33 46
11 12 -33 2
11 12 -32 15
11 12 -31 8
11 12 -30 15
11 12 -29 2
11 12 -12 2
11 12 -11 2
11 12 -10 2
11 12 10 2
11 12 11 2
11 12 12 2
11 12 29 15
11 12 30 2
11 12 31 8
11 12 32 2
11 12 33 15
12 12 -34 2
12 12 -33 2
12 12 -32 8
12 12 -31 8
12 12 -30 8
12 12 -29 2
12 12 -28 2
12 12 -12 4
12 12 -11 2
12 12 -10 4
12 12 10 4
12 12 11 2
12 12 12 4
12 12 28 2
12 12 29 2
12 12 30 8
12 12 31 8
12 12 32 8
12 12 33 2
12 12 34 2
13 12 -34 2
13 12 -33 8
13 12 -32 8
13 12 -31 8
13 12 -30 8
13 12 -29 8
13 12 -28 2
13 12 28 2
13 12 29 8
13 12 30 8
13 12 31 8
13 12 32 8
13 12 33 8
13 12 34 2
14 12 -34 2
14 12 -33 2
14 12 -32 8
14 12 -31 8
14 12 -30 8
14 12 -29 2
14 12 -28 2
14 12 -1 4
14 12 0 2
14 12 1 4
14 12 28 2
14 12 29 2
14 12 30 8
14 12 31 8
14 12 32 8
14 12 33 2
14 12 34 2
15 12 -33 2
15 12 -32 2
15 12 -31 8
15 12 -30 15
15 12 -29 15
15 12 -1 2
15 12 0 2
15 12 1 2
15 12 29 2
15 12 30 2
15 12 31 8
15 12 32 15
15 12 33 2
16 12 -32 2
16 12 -31 2
16 12 -30 15
16 12 -1 4
16 12 0 2
16 12 1 4
16 12 30 2
16 12 31 15
16 12 32 2
17 12 -30 46
17 12 29 46
18 12 29 46
19 12 -28 46
20 12 -28 46
20 12 -27 46
21 12 -27 46
22 12 26 46
23 12 -25 46
24 12 -24 46
25 12 23 46
26 12 22 46
27 12 -21 46
27 12 -20 46
28 12 -14 2
28 12 -13 15
28 12 -12 2
28 12 12 15
28 12 13 2
28 12 14 15
28 12 19 46
28 12 20 46
29 12 -18 46
29 12 -17 46
29 12 -15 2
29 12 -14 15
29 12 -13 8
29 12 -12 2
29 12 -11 2
29 12 11 2
29 12 12 2
29 12 13 8
29 12 14 15
29 12 15 2
30 12 -17 46
30 12 -16 2
30 12 -15 2
30 12 -14 8
30 12 -13 8
30 12 -12 8
30 12 -11 2
30 12 -10 2
30 12 10 2
30 12 11 2
30 12 12 8
30 12 13 8
30 12 14 8
30 12 15 2
30 12 16 15
31 12 -16 2
31 12 -15 8
31 12 -14 8
31 12 -13 8
31 12 -12 8
31 12 -11 8
31 12 -10 2
31 12 10 2
31 12 11 8
31 12 12 8
31 12 13 8
31 12 14 8
31 12 15 8
31 12 16 2
32 12 -16 2
32 12 -15 2
32 12 -14 8
32 12 -13 8
32 12 -12 8
32 12 -11 2
32 12 -10 15
32 12 10 2
32 12 11 2
32 12 12 8
32 12 13 8
32 12 14 8
32 12 15 2
32 12 16 2
33 12 -15 2
33 12 -14 2
33 12 -13 8
33 12 -12 15
33 12 -11 2
33 12 -9 46
33 12 -8 46
33 12 6 46
33 12 7 46
33 12 10 46
33 12 11 2
33 12 12 2
33 12 13 8
33 12 14 2
33 12 15 15
34 12 -14 2
34 12 -13 2
34 12 -12 2
34 12 -4 46
34 12 -3 46
34 12 0 46
34 12 1 46
34 12 2 46
34 12 5 46
34 12 12 2
34 12 13 2
34 12 14 2
-34 13 -14 7
-34 13 -13 7
-34 13 -12 7
-34 13 12 7
-34 13 13 7
-34 13 14 7
-33 13 -15 7
-33 13 -14 7
-33 13 -13 8
-33 13 -12 7
-33 13 -11 7
-33 13 11 7
-33 13 12 7
-33 13 13 8
-33 13 14 7
-33 13 15 7
-32 13 -16 7
-32 13 -15 7
-32 13 -14 8
-32 13 -13 8
-32 13 -12 8
-32 13 -11 7
-32 13 -10 7
-32 13 10 7
-32 13 11 7
-32 13 12 8
-32 13 13 8
-32 13 14 8
-32 13 15 7
-32 13 16 7
-31 13 -16 7
-31 13 -15 8
-31 13 -14 8
-31 13 -13 8
-31 13 -12 8
-31 13 -11 8
-31 13 -10 7
-31 13 10 7
-31 13 11 8
-31 13 12 8
-31 13 13 8
-31 13 14 8
-31 13 15 8
-31 13 16 7
-30 13 -16 7
-30 13 -15 7
-30 13 -14 8
-30 13 -13 8
-30 13 -12 8
-30 13 -11 7
-30 13 -10 7
-30 13 10 7
-30 13 11 7
-30 13 12 8
-30 13 13 8
-30 13 14 8
-30 13 15 7
-30 13 16 7
-29 13 -15 7
-29 13 -14 7
-29 13 -13 8
-29 13 -12 7
-29 13 -11 7
-29 13 11 7
-29 13 12 7
-29 13 13 8
-29 13 14 7
-29 13 15 7
-28 13 -14 7
-28 13 -13 7
-28 13 -12 7
-28 13 12 7
-28 13 13 7
-28 13 14 7
-16 13 -32 7
-16 13 -31 7
-16 13 -30 7
-16 13 -1 4
-16 13 0 2
-16 13 1 4
-16 13 30 7
-16 13 31 7
-16 13 32 7
-15 13 -33 7
-15 13 -32 7
-15 13 -31 8
-15 13 -30 7
-15 13 -29 7
-15 13 -1 2
-15 13 0 2
-15 13 1 2
-15 13 29 7
-15 13 30 7
-15 13 31 8
-15 13 32 7
-15 13 33 7
-14 13 -34 7
-14 13 -33 7
-14 13 -32 8
-14 13 -31 8
-14 13 -30 8
-14 13 -29 7
-14 13 -28 7
-14 13 -1 4
-14 13 0 2
-14 13 1 4
-14 13 28 7
-14 13 29 7
-14 13 30 8
-14 13 31 8
-14 13 32 8
-14 13 33 7
-14 13 34 7
-13 13 -34 7
-13 13 -33 8
-13 13 -32 8
-13 13 -31 8
-13 13 -30 8
-13 13 -29 8
-13 13 -28 7
-13 13 28 7
-13 13 29 8
-13 13 30 8
-13 13 31 8
-13 13 32 8
-13 13 33 8
-13 13 34 7
-12 13 -34 7
-12 13 -33 7
-12 13 -32 8
-12 13 -31 8
-12 13 -30 8
-12 13 -29 7
-12 13 -28 7
-12 13 -12 4
-12 13 -11 2
-12 13 -10 4
-12 13 10 4
-12 13 11 2
-12 13 12 4
-12 13 28 7
-12 13 29 7
-12 13 30 8
-12 13 31 8
-12 13 32 8
-12 13 33 7
-12 13 34 7
-11 13 -33 7
-11 13 -32 7
-11 13 -31 8
-11 13 -30 7
-11 13 -29 7
-11 13 -12 2
-11 13 -11 2
-11 13 -10 2
-11 13 10 2
-11 13 11 2
-11 13 12 2
-11 13 29 7
-11 13 30 7
-11 13 31 8
-11 13 32 7
-11 13 33 7
-10 13 -32 7
-10 13 -31 7
-10 13 -30 7
-10 13 -12 4
-10 13 -11 2
-10 13 -10 4
-10 13 10 4
-10 13 11 2
-10 13 12 4
-10 13 30 7
-10 13 31 7
-10 13 32 7
-1 13 -16 4
-1 13 -15 2
-1 13 -14 4
-1 13 14 4
-1 13 15 2
-1 13 16 4
0 13 -16 2
0 13 -15 2
0 13 -14 2
0 13 14 2
0 13 15 2
0 13 16 2
1 13 -16 4
1 13 -15 2
1 13 -14 4
1 13 14 4
1 13 15 2
1 13 16 4
10 13 -32 7
10 13 -31 7
10 13 -30 7
10 13 -12 4
10 13 -11 2
10 13 -10 4
10 13 10 4
10 13 11 2
10 13 12 4
10 13 30 7
10 13 31 7
10 13 32 7
11 13 -33 7
11 13 -32 7
11 13 -31 8
11 13 -30 7
11 13 -29 7
11 13 -12 2
11 13 -11 2
11 13 -10 2
11 13 10 2
11 13 11 2
11 13 12 2
11 13 29 7
11 13 30 7
11 13 31 8
11 13 32 7
11 13 33 7
12 13 -34 7
12 13 -33 7
12 13 -32 8
12 13 -31 8
12 13 -30 8
12 13 -29 7
12 13 -28 7
12 13 -12 4
12 13 -11 2
12 13 -10 4
12 13 10 4
12 13 11 2
12 13 12 4
12 13 28 7
12 13 29 7
12 13 30 8
12 13 31 8
12 13 32 8
12 13 33 7
12 13 34 7
13 13 -34 7
13 13 -33 8
13 13 -32 8
13 13 -31 8
13 13 -30 8
13 13 -29 8
13 13 -28 7
13 13 28 7
13 13 29 8
13 13 30 8
13 13 31 8
13 13 32 8
13 13 33 8
13 13 34 7
14 13 -34 7
14 13 -33 7
14 13 -32 8
14 13 -31 8
14 13 -30 8
14 13 -29 7
14 13 -28 7
14 13 -1 4
14 13 0 2
14 13 1 4
14 13 28 7
14 13 29 7
14 13 30 8
14 13 31 8
14 13 32 8
14 13 33 7
14 13 34 7
15 13 -33 7
15 13 -32 7
15 13 -31 8
15 13 -30 7
15 13 -29 7
15 13 -1 2
15 13 0 2
15 13 1 2
15 13 29 7
15 13 30 7
15 13 31 8
15 13 32 7
15 13 33 7
16 13 -32 7
16 13 -31 7
16 13 -30 7
16 13 -1 4
16 13 0 2
16 13 1 4
16 13 30 7
16 13 31 7
16 13 32 7
28 13 -14 7
28 13 -13 7
28 13 -12 7
28 13 12 7
28 13 13 7
28 13 14 7
29 13 -15 7
29 13 -14 7
29 13 -13 8
29 13 -12 7
29 13 -11 7
29 13 11 7
29 13 12 7
29 13 13 8
29 13 14 7
29 13 15 7
30 13 -16 7
30 13 -15 7
30 13 -14 8
30 13 -13 8
30 13 -12 8
30 13 -11 7
30 13 -10 7
30 13 10 7
30 13 11 7
30 13 12 8
30 13 13 8
30 13 14 8
30 13 15 7
30 13 16 7
31 13 -16 7
31 13 -15 8
31 13 -14 8
31 13 -13 8
31 13 -12 8
31 13 -11 8
31 13 -10 7
31 13 10 7
31 13 11 8
31 13 12 8
31 13 13 8
31 13 14 8
31 13 15 8
31 13 16 7
32 13 -16 7
32 13 -15 7
32 13 -14 8
32 13 -13 8
32 13 -12 8
32 13 -11 7
32 13 -10 7
32 13 10 7
32 13 11 7
32 13 12 8
32 13 13 8
32 13 14 8
32 13 15 7
32 13 16 7
33 13 -15 7
33 13 -14 7
33 13 -13 8
33 13 -12 7
33 13 -11 7
33 13 11 7
33 13 12 7
33 13 13 8
33 13 14 7
33 13 15 7
34 13 -14 7
34 13 -13 7
34 13 -12 7
34 13 12 7
34 13 13 7
34 13 14 7
-34 14 -14 2
-34 14 -13 26
-34 14 -12 2
-34 14 12 2
-34 14 13 26
-34 14 14 2
-33 14 -15 2
-33 14 -14 2
-33 14 -13 8
-33 14 -12 2
-33 14 -11 15
-33 14 11 2
-33 14 12 2
-33 14 13 8
-33 14 14 2
-33 14 15 2
-32 14 -16 2
-32 14 -15 15
-32 14 -14 8
-32 14 -13 8
-32 14 -12 8
-32 14 -11 2
-32 14 -10 15
-32 14 10 2
-32 14 11 2
-32 14 12 8
-32 14 13 8
-32 14 14 8
-32 14 15 2
-32 14 16 2
-31 14 -16 27
-31 14 -15 8
-31 14 -14 8
-31 14 -13 8
-31 14 -12 8
-31 14 -11 8
-31 14 -10 27
-31 14 10 27
-31 14 11 8
-31 14 12 8
-31 14 13 8
-31 14 14 8
-31 14 15 8
-31 14 16 27
-30 14 -16 2
-30 14 -15 2
-30 14 -14 8
-30 14 -13 8
-30 14 -12 8
-30 14 -11 2
-30 14 -10 2
-30 14 10 2
-30 14 11 2
-30 14 12 8
-30 14 13 8
-30 14 14 8
-30 14 15 15
-30 14 16 2
-29 14 -15 2
-29 14 -14 2
-29 14 -13 8
-29 14 -12 2
-29 14 -11 2
-29 14 11 2
-29 14 12 2
-29 14 13 8
-29 14 14 15
-29 14 15 2
-28 14 -14 2
-28 14 -13 26
-28 14 -12 2
-28 14 12 2
-28 14 13 26
-28 14 14 2
-16 14 -32 2
-16 14 -31 26
-16 14 -30 2
-16 14 -1 4
-16 14 0 2
-16 14 1 4
-16 14 30 2
-16 14 31 26
-16 14 32 2
-15 14 -33 15
-15 14 -32 2
-15 14 -31 8
-15 14 -30 15
-15 14 -29 2
-15 14 -1 2
-15 14 0 15
-15 14 1 2
-15 14 29 2
-15 14 30 2
-15 14 31 8
-15 14 32 2
-15 14 33 2
-14 14 -34 2
-14 14 -33 2
-14 14 -32 8
-14 14 -31 8
-14 14 -30 8
-14 14 -29 2
-14 14 -28 2
-14 14 -1 4
-14 14 0 2
-14 14 1 4
-14 14 28 2
-14 14 29 2
-14 14 30 8
-14 14 31 8
-14 14 32 8
-14 14 33 15
-14 14 34 2
-13 14 -34 27
-13 14 -33 8
-13 14 -32 8
-13 14 -31 8
-13 14 -30 8
-13 14 -29 8
-13 14 -28 27
-13 14 28 27
-13 14 29 8
-13 14 30 8
-13 14 31 8
-13 14 32 8
-13 14 33 8
-13 14 34 27
-12 14 -34 15
-12 14 -33 2
-12 14 -32 8
-12 14 -31 8
-12 14 -30 8
-12 14 -29 2
-12 14 -28 15
-12 14 -12 4
-12 14 -11 2
-12 14 -10 4
-12 14 10 4
-12 14 11 2
-12 14 12 4
-12 14 28 2
-12 14 29 15
-12 14 30 8
-12 14 31 8
-12 14 32 8
-12 14 33 2
-12 14 34 2
-11 14 -33 2
-11 14 -32 15
-11 14 -31 8
-11 14 -30 2
-11 14 -29 2
-11 14 -12 2
-11 14 -11 2
-11 14 -10 2
-11 14 10 2
-11 14 11 2
-11 14 12 2
-11 14 29 2
-11 14 30 2
-11 14 31 8
-11 14 32 15
-11 14 33 2
-10 14 -32 15
-10 14 -31 26
-10 14 -30 2
-10 14 -12 4
-10 14 -11 2
-10 14 -10 4
-10 14 10 4
-10 14 11 2
-10 14 12 4
-10 14 30 15
-10 14 31 26
-10 14 32 15
-1 14 -16 4
-1 14 -15 2
-1 14 -14 4
-1 14 14 4
-1 14 15 2
-1 14 16 4
0 14 -16 2
0 14 -15 2
0 14 -14 2
0 14 14 2
0 14 15 2
0 14 16 2
1 14 -16 4
1 14 -15 2
1 14 -14 4
1 14 14 4
1 14 15 2
1 14 16 4
10 14 -32 15
10 14 -31 26
10 14 -30 15
10 14 -12 4
10 14 -11 2
10 14 -10 4
10 14 10 4
10 14 11 2
10 14 12 4
10 14 30 2
10 14 31 26
10 14 32 2
11 14 -33 2
11 14 -32 15
11 14 -31 8
11 14 -30 2
11 14 -29 2
11 14 -12 2
11 14 -11 2
11 14 -10 2
11 14 10 2
11 14 11 2
11 14 12 2
11 14 29 2
11 14 30 15
11 14 31 8
11 14 32 15
11 14 33 2
12 14 -34 2
12 14 -33 2
12 14 -32 8
12 14 -31 8
12 14 -30 8
12 14 -29 2
12 14 -28 2
12 14 -12 4
12 14 -11 2
12 14 -10 4
12 14 10 4
12 14 11 2
12 14 12 4
12 14 28 15
12 14 29 15
12 14 30 8
12 14 31 8
12 14 32 8
12 14 33 15
12 14 34 2
13 14 -34 27
13 14 -33 8
13 14 -32 8
13 14 -31 8
13 14 -30 8
13 14 -29 8
13 14 -28 27
13 14 28 27
13 14 29 8
13 14 30 8
13 14 31 8
13 14 32 8
13 14 33 8
13 14 34 27
14 14 -34 2
14 14 -33 2
14 14 -32 8
14 14 -31 8
14 14 -30 8
14 14 -29 15
14 14 -28 15
14 14 -1 4
14 14 0 2
14 14 1 4
14 14 28 2
14 14 29 2
14 14 30 8
14 14 31 8
14 14 32 8
14 14 33 15
14 14 34 2
15 14 -33 2
15 14 -32 15
15 14 -31 8
15 14 -30 2
15 14 -29 2
15 14 -1 2
15 14 0 2
15 14 1 2
15 14 29 2
15 14 30 2
15 14 31 8
15 14 32 15
15 14 33 15
16 14 -32 2
16 14 -31 26
16 14 -30 15
16 14 -1 4
16 14 0 2
16 14 1 4
16 14 30 2
16 14 31 26
16 14 32 15
28 14 -14 15
28 14 -13 26
28 14 -12 2
28 14 12 2
28 14 13 26
28 14 14 2
29 14 -15 2
29 14 -14 2
29 14 -13 8
29 14 -12 2
29 14 -11 2
29 14 11 2
29 14 12 15
29 14 13 8
29 14 14 2
29 14 15 2
30 14 -16 2
30 14 -15 2
30 14 -14 8
30 14 -13 8
30 14 -12 8
30 14 -11 2
30 14 -10 2
30 14 10 2
30 14 11 2
30 14 12 8
30 14 13 8
30 14 14 8
30 14 15 2
30 14 16 2
31 14 -16 27
31 14 -15 8
31 14 -14 8
31 14 -13 8
31 14 -12 8
31 14 -11 8
31 14 -10 27
31 14 10 27
31 14 11 8
31 14 12 8
31 14 13 8
31 14 14 8
31 14 15 8
31 14 16 27
32 14 -16 2
32 14 -15 15
32 14 -14 8
32 14 -13 8
32 14 -12 8
32 14 -11 2
32 14 -10 2
32 14 10 2
32 14 11 2
32 14 12 8
32 14 13 8
32 14 14 8
32 14 15 15
32 14 16 2
33 14 -15 2
33 14 -14 2
33 14 -13 8
33 14 -12 2
33 14 -11 2
33 14 11 15
33 14 12 2
33 14 13 8
33 14 14 2
33 14 15 2
34 14 -14 2
34 14 -13 26
34 14 -12 2
34 14 12 2
34 14 13 26
34 14 14 2
-34 15 -14 2
-34 15 -13 26
-34 15 -12 2
-34 15 12 15
-34 15 13 26
-34 15 14 2
-33 15 -15 2
-33 15 -14 2
-33 15 -13 8
-33 15 -12 2
-33 15 -11 2
-33 15 11 15
-33 15 12 2
-33 15 13 8
-33 15 14 2
-33 15 15 2
-32 15 -16 2
-32 15 -15 2
-32 15 -14 8
-32 15 -13 8
-32 15 -12 8
-32 15 -11 2
-32 15 -10 2
-32 15 10 2
-32 15 11 2
-32 15 12 8
-32 15 13 8
-32 15 14 8
-32 15 15 15
-32 15 16 15
-31 15 -16 27
-31 15 -15 8
-31 15 -14 8
-31 15 -13 8
-31 15 -12 8
-31 15 -11 8
-31 15 -10 27
-31 15 10 27
-31 15 11 8
-31 15 12 8
-31 15 13 8
-31 15 14 8
-31 15 15 8
-31 15 16 27
-30 15 -16 2
-30 15 -15 2
-30 15 -14 8
-30 15 -13 8
-30 15 -12 8
-30 15 -11 2
-30 15 -10 15
-30 15 10 2
-30 15 11 2
-30 15 12 8
-30 15 13 8
-30 15 14 8
-30 15 15 15
-30 15 16 2
-29 15 -15 15
-29 15 -14 2
-29 15 -13 8
-29 15 -12 2
-29 15 -11 2
-29 15 11 2
-29 15 12 2
-29 15 13 8
-29 15 14 2
-29 15 15 15
-28 15 -14 2
-28 15 -13 26
-28 15 -12 2
-28 15 12 2
-28 15 13 26
-28 15 14 2
-16 15 -32 15
-16 15 -31 26
-16 15 -30 15
-16 15 -1 4
-16 15 0 19
-16 15 1 4
-16 15 30 2
-16 15 31 26
-16 15 32 15
-15 15 -33 2
-15 15 -32 2
-15 15 -31 8
-15 15 -30 2
-15 15 -29 2
-15 15 -1 19
-15 15 0 2
-15 15 1 19
-15 15 29 2
-15 15 30 2
-15 15 31 8
-15 15 32 2
-15 15 33 2
-14 15 -34 2
-14 15 -33 2
-14 15 -32 8
-14 15 -31 8
-14 15 -30 8
-14 15 -29 2
-14 15 -28 2
-14 15 -1 4
-14 15 0 19
-14 15 1 4
-14 15 28 15
-14 15 29 2
-14 15 30 8
-14 15 31 8
-14 15 32 8
-14 15 33 2
-14 15 34 2
-13 15 -34 27
-13 15 -33 8
-13 15 -32 8
-13 15 -31 8
-13 15 -30 8
-13 15 -29 8
-13 15 -28 27
-13 15 28 27
-13 15 29 8
-13 15 30 8
-13 15 31 8
-13 15 32 8
-13 15 33 8
-13 15 34 27
-12 15 -34 15
-12 15 -33 2
-12 15 -32 8
-12 15 -31 8
-12 15 -30 8
-12 15 -29 2
-12 15 -28 15
-12 15 -12 4
-12 15 -11 19
-12 15 -10 4
-12 15 10 4
-12 15 11 19
-12 15 12 4
-12 15 28 15
-12 15 29 2
-12 15 30 8
-12 15 31 8
-12 15 32 8
-12 15 33 2
-12 15 34 2
-11 15 -33 2
-11 15 -32 2
-11 15 -31 8
-11 15 -30 2
-11 15 -29 2
-11 15 -12 19
-11 15 -11 2
-11 15 -10 19
-11 15 10 19
-11 15 11 15
-11 15 12 19
-11 15 29 2
-11 15 30 15
-11 15 31 8
-11 15 32 15
-11 15 33 2
-10 15 -32 2
-10 15 -31 26
-10 15 -30 2
-10 15 -12 4
-10 15 -11 19
-10 15 -10 4
-10 15 10 4
-10 15 11 19
-10 15 12 4
-10 15 30 2
-10 15 31 26
-10 15 32 2
-1 15 -16 4
-1 15 -15 19
-1 15 -14 4
-1 15 14 4
-1 15 15 19
-1 15 16 4
0 15 -16 19
0 15 -15 2
0 15 -14 19
0 15 14 19
0 15 15 2
0 15 16 19
1 15 -16 4
1 15 -15 19
1 15 -14 4
1 15 14 4
1 15 15 19
1 15 16 4
10 15 -32 2
10 15 -31 26
10 15 -30 2
10 15 -12 4
10 15 -11 19
10 15 -10 4
10 15 10 4
10 15 11 19
10 15 12 4
10 15 30 2
10 15 31 26
10 15 32 2
11 15 -33 2
11 15 -32 15
11 15 -31 8
11 15 -30 2
11 15 -29 2
11 15 -12 19
11 15 -11 15
11 15 -10 19
11 15 10 19
11 15 11 2
11 15 12 19
11 15 29 2
11 15 30 2
11 15 31 8
11 15 32 2
11 15 33 2
12 15 -34 2
12 15 -33 15
12 15 -32 8
12 15 -31 8
12 15 -30 8
12 15 -29 15
12 15 -28 15
12 15 -12 4
12 15 -11 19
12 15 -10 4
12 15 10 4
12 15 11 19
12 15 12 4
12 15 28 15
12 15 29 15
12 15 30 8
12 15 31 8
12 15 32 8
12 15 33 15
12 15 34 2
13 15 -34 27
13 15 -33 8
13 15 -32 8
13 15 -31 8
13 15 -30 8
13 15 -29 8
13 15 -28 27
13 15 28 27
13 15 29 8
13 15 30 8
13 15 31 8
13 15 32 8
13 15 33 8
13 15 34 27
14 15 -34 2
14 15 -33 2
14 15 -32 8
14 15 -31 8
14 15 -30 8
14 15 -29 2
14 15 -28 2
14 15 -1 4
14 15 0 19
14 15 1 4
14 15 28 2
14 15 29 15
14 15 30 8
14 15 31 8
14 15 32 8
14 15 33 2
14 15 34 2
15 15 -33 2
15 15 -32 2
15 15 -31 8
15 15 -30 2
15 15 -29 2
15 15 -1 19
15 15 0 2
15 15 1 19
15 15 29 2
15 15 30 15
15 15 31 8
15 15 32 2
15 15 33 2
16 15 -32 15
16 15 -31 26
16 15 -30 2
16 15 -1 4
16 15 0 19
16 15 1 4
16 15 30 2
16 15 31 26
16 15 32 2
28 15 -14 2
28 15 -13 26
28 15 -12 2
28 15 12 2
28 15 13 26
28 15 14 2
29 15 -15 15
29 15 -14 2
29 15 -13 8
29 15 -12 15
29 15 -11 2
29 15 11 2
29 15 12 2
29 15 13 8
29 15 14 2
29 15 15 15
30 15 -16 2
30 15 -15 2
30 15 -14 8
30 15 -13 8
30 15 -12 8
30 15 -11 2
30 15 -10 2
30 15 10 15
30 15 11 2
30 15 12 8
30 15 13 8
30 15 14 8
30 15 15 2
30 15 16 2
31 15 -16 27
31 15 -15 8
31 15 -14 8
31 15 -13 8
31 15 -12 8
31 15 -11 8
31 15 -10 27
31 15 10 27
31 15 11 8
31 15 12 8
31 15 13 8
31 15 14 8
31 15 15 8
31 15 16 27
32 15 -16 2
32 15 -15 2
32 15 -14 8
32 15 -13 8
32 15 -12 8
32 15 -11 2
32 15 -10 15
32 15 10 2
32 15 11 2
32 15 12 8
32 15 13 8
32 15 14 8
32 15 15 2
32 15 16 2
33 15 -15 2
33 15 -14 2
33 15 -13 8
33 15 -12 2
33 15 -11 15
33 15 11 2
33 15 12 2
33 15 13 8
33 15 14 15
33 15 15 2
34 15 -14 2
34 15 -13 26
34 15 -12 15
34 15 12 2
34 15 13 26
34 15 14 2
-35 16 -14 30
-35 16 -13 30
-35 16 -12 30
-35 16 12 30
-35 16 13 30
-35 16 14 30
-34 16 -16 47
-34 16 -15 30
-34 16 -14 2
-34 16 -13 15
-34 16 -12 2
-34 16 -11 30
-34 16 -10 48
-34 16 10 47
-34 16 11 30
-34 16 12 2
-34 16 13 2
-34 16 14 15
-34 16 15 30
-34 16 16 48
-33 16 -16 28
-33 16 -15 2
-33 16 -14 2
-33 16 -13 8
-33 16 -12 2
-33 16 -11 2
-33 16 -10 29
-33 16 10 28
-33 16 11 2
-33 16 12 15
-33 16 13 8
-33 16 14 2
-33 16 15 15
-33 16 16 29
-32 16 -17 28
-32 16 -16 15
-32 16 -15 2
-32 16 -14 8
-32 16 -13 8
-32 16 -12 8
-32 16 -11 2
-32 16 -10 15
-32 16 -9 29
-32 16 9 28
-32 16 10 15
-32 16 11 15
-32 16 12 8
-32 16 13 8
-32 16 14 8
-32 16 15 2
-32 16 16 2
-32 16 17 29
-31 16 -17 28
-31 16 -16 2
-31 16 -15 8
-31 16 -14 8
-31 16 -13 8
-31 16 -12 8
-31 16 -11 8
-31 16 -10 2
-31 16 -9 29
-31 16 9 28
-31 16 10 15
-31 16 11 8
-31 16 12 8
-31 16 13 8
-31 16 14 8
-31 16 15 8
-31 16 16 15
-31 16 17 29
-30 16 -17 28
-30 16 -16 2
-30 16 -15 2
-30 16 -14 8
-30 16 -13 8
-30 16 -12 8
-30 16 -11 2
-30 16 -10 2
-30 16 -9 29
-30 16 9 28
-30 16 10 2
-30 16 11 2
-30 16 12 8
-30 16 13 8
-30 16 14 8
-30 16 15 15
-30 16 16 2
-30 16 17 29
-29 16 -16 28
-29 16 -15 2
-29 16 -14 2
-29 16 -13 8
-29 16 -12 2
-29 16 -11 15
-29 16 -10 29
-29 16 10 28
-29 16 11 2
-29 16 12 15
-29 16 13 8
-29 16 14 2
-29 16 15 2
-29 16 16 29
-28 16 -16 49
-28 16 -15 31
-28 16 -14 15
-28 16 -13 15
-28 16 -12 2
-28 16 -11 31
-28 16 -10 50
-28 16 10 49
-28 16 11 31
-28 16 12 15
-28 16 13 15
-28 16 14 2
-28 16 15 31
-28 16 16 50
-27 16 -14 31
-27 16 -13 31
-27 16 -12 31
-27 16 12 31
-27 16 13 31
-27 16 14 31
-17 16 -32 30
-17 16 -31 30
-17 16 -30 30
-17 16 30 30
-17 16 31 30
-17 16 32 30
-16 16 -34 47
-16 16 -33 30
-16 16 -32 15
-16 16 -31 15
-16 16 -30 2
-16 16 -29 30
-16 16 -28 48
-16 16 -1 4
-16 16 0 2
-16 16 1 4
-16 16 28 47
-16 16 29 30
-16 16 30 2
-16 16 31 2
-16 16 32 2
-16 16 33 30
-16 16 34 48
-15 16 -34 28
-15 16 -33 2
-15 16 -32 2
-15 16 -31 8
-15 16 -30 2
-15 16 -29 2
-15 16 -28 29
-15 16 -1 2
-15 16 0 2
-15 16 1 2
-15 16 28 28
-15 16 29 15
-15 16 30 2
-15 16 31 8
-15 16 32 2
-15 16 33 15
-15 16 34 29
-14 16 -35 28
-14 16 -34 2
-14 16 -33 2
-14 16 -32 8
-14 16 -31 8
-14 16 -30 8
-14 16 -29 2
-14 16 -28 2
-14 16 -27 29
-14 16 -1 4
-14 16 0 2
-14 16 1 4
-14 16 27 28
-14 16 28 15
-14 16 29 2
-14 16 30 8
-14 16 31 8
-14 16 32 8
-14 16 33 2
-14 16 34 15
-14 16 35 29
-13 16 -35 28
-13 16 -34 2
-13 16 -33 8
-13 16 -32 8
-13 16 -31 8
-13 16 -30 8
-13 16 -29 8
-13 16 -28 15
-13 16 -27 29
-13 16 27 28
-13 16 28 2
-13 16 29 8
-13 16 30 8
-13 16 31 8
-13 16 32 8
-13 16 33 8
-13 16 34 2
-13 16 35 29
-12 16 -35 28
-12 16 -34 2
-12 16 -33 2
-12 16 -32 8
-12 16 -31 8
-12 16 -30 8
-12 16 -29 2
-12 16 -28 2
-12 16 -27 29
-12 16 -12 4
-12 16 -11 2
-12 16 -10 4
-12 16 10 4
-12 16 11 2
-12 16 12 4
-12 16 27 28
-12 16 28 2
-12 16 29 2
-12 16 30 8
-12 16 31 8
-12 16 32 8
-12 16 33 2
-12 16 34 2
-12 16 35 29
-11 16 -34 28
-11 16 -33 2
-11 16 -32 15
-11 16 -31 8
-11 16 -30 2
-11 16 -29 2
-11 16 -28 29
-11 16 -12 2
-11 16 -11 2
-11 16 -10 2
-11 16 10 2
-11 16 11 2
-11 16 12 2
-11 16 28 28
-11 16 29 2
-11 16 30 2
-11 16 31 8
-11 16 32 2
-11 16 33 2
-11 16 34 29
-10 16 -34 49
-10 16 -33 31
-10 16 -32 2
-10 16 -31 2
-10 16 -30 15
-10 16 -29 31
-10 16 -28 50
-10 16 -12 4
-10 16 -11 2
-10 16 -10 4
-10 16 10 4
-10 16 11 2
-10 16 12 4
-10 16 28 49
-10 16 29 31
-10 16 30 2
-10 16 31 15
-10 16 32 2
-10 16 33 31
-10 16 34 50
-9 16 -32 31
-9 16 -31 31
-9 16 -30 31
-9 16 30 31
-9 16 31 31
-9 16 32 31
-1 16 -16 4
-1 16 -15 2
-1 16 -14 4
-1 16 14 4
-1 16 15 2
-1 16 16 4
0 16 -16 2
0 16 -15 15
0 16 -14 2
0 16 14 2
0 16 15 15
0 16 16 2
1 16 -16 4
1 16 -15 2
1 16 -14 4
1 16 14 4
1 16 15 2
1 16 16 4
9 16 -32 30
9 16 -31 30
9 16 -30 30
9 16 30 30
9 16 31 30
9 16 32 30
10 16 -34 47
10 16 -33 30
10 16 -32 2
10 16 -31 2
10 16 -30 2
10 16 -29 30
10 16 -28 48
10 16 -12 4
10 16 -11 2
10 16 -10 4
10 16 10 4
10 16 11 2
10 16 12 4
10 16 28 47
10 16 29 30
10 16 30 15
10 16 31 2
10 16 32 15
10 16 33 30
10 16 34 48
11 16 -34 28
11 16 -33 2
11 16 -32 2
11 16 -31 8
11 16 -30 2
11 16 -29 2
11 16 -28 29
11 16 -12 2
11 16 -11 2
11 16 -10 2
11 16 10 2
11 16 11 2
11 16 12 2
11 16 28 28
11 16 29 2
11 16 30 2
11 16 31 8
11 16 32 2
11 16 33 2
11 16 34 29
12 16 -35 28
12 16 -34 15
12 16 -33 2
12 16 -32 8
12 16 -31 8
12 16 -30 8
12 16 -29 15
12 16 -28 2
12 16 -27 29
12 16 -12 4
12 16 -11 2
12 16 -10 4
12 16 10 4
12 16 11 2
12 16 12 4
12 16 27 28
12 16 28 2
12 16 29 2
12 16 30 8
12 16 31 8
12 16 32 8
12 16 33 2
12 16 34 15
12 16 35 29
13 16 -35 28
13 16 -34 2
13 16 -33 8
13 16 -32 8
13 16 -31 8
13 16 -30 8
13 16 -29 8
13 16 -28 2
13 16 -27 29
13 16 27 28
13 16 28 15
13 16 29 8
13 16 30 8
13 16 31 8
13 16 32 8
13 16 33 8
13 16 34 15
13 16 35 29
14 16 -35 28
14 16 -34 15
14 16 -33 2
14 16 -32 8
14 16 -31 8
14 16 -30 8
14 16 -29 2
14 16 -28 2
14 16 -27 29
14 16 -1 4
14 16 0 2
14 16 1 4
14 16 27 28
14 16 28 2
14 16 29 2
14 16 30 8
14 16 31 8
14 16 32 8
14 16 33 2
14 16 34 2
14 16 35 29
15 16 -34 28
15 16 -33 15
15 16 -32 2
15 16 -31 8
15 16 -30 2
15 16 -29 15
15 16 -28 29
15 16 -1 2
15 16 0 15
15 16 1 2
15 16 28 28
15 16 29 2
15 16 30 2
15 16 31 8
15 16 32 2
15 16 33 2
15 16 34 29
16 16 -34 49
16 16 -33 31
16 16 -32 2
16 16 -31 2
16 16 -30 2
16 16 -29 31
16 16 -28 50
16 16 -1 4
16 16 0 2
16 16 1 4
16 16 28 49
16 16 29 31
16 16 30 15
16 16 31 15
16 16 32 2
16 16 33 31
16 16 34 50
17 16 -32 31
17 16 -31 31
17 16 -30 31
17 16 30 31
17 16 31 31
17 16 32 31
27 16 -14 30
27 16 -13 30
27 16 -12 30
27 16 12 30
27 16 13 30
27 16 14 30
28 16 -16 47
28 16 -15 30
28 16 -14 15
28 16 -13 2
28 16 -12 15
28 16 -11 30
28 16 -10 48
28 16 10 47
28 16 11 30
28 16 12 2
28 16 13 2
28 16 14 2
28 16 15 30
28 16 16 48
29 16 -16 28
29 16 -15 2
29 16 -14 2
29 16 -13 8
29 16 -12 15
29 16 -11 2
29 16 -10 29
29 16 10 28
29 16 11 15
29 16 12 15
29 16 13 8
29 16 14 15
29 16 15 2
29 16 16 29
30 16 -17 28
30 16 -16 2
30 16 -15 2
30 16 -14 8
30 16 -13 8
30 16 -12 8
30 16 -11 2
30 16 -10 2
30 16 -9 29
30 16 9 28
30 16 10 2
30 16 11 2
30 16 12 8
30 16 13 8
30 16 14 8
30 16 15 2
30 16 16 2
30 16 17 29
31 16 -17 28
31 16 -16 2
31 16 -15 8
31 16 -14 8
31 16 -13 8
31 16 -12 8
31 16 -11 8
31 16 -10 2
31 16 -9 29
31 16 9 28
31 16 10 2
31 16 11 8
31 16 12 8
31 16 13 8
31 16 14 8
31 16 15 8
31 16 16 2
31 16 17 29
32 16 -17 28
32 16 -16 15
32 16 -15 2
32 16 -14 8
32 16 -13 8
32 16 -12 8
32 16 -11 15
32 16 -10 2
32 16 -9 29
32 16 9 28
32 16 10 2
32 16 11 2
32 16 12 8
32 16 13 8
32 16 14 8
32 16 15 2
32 16 16 15
32 16 17 29
33 16 -16 28
33 16 -15 15
33 16 -14 2
33 16 -13 8
33 16 -12 2
33 16 -11 2
33 16 -10 29
33 16 10 28
33 16 11 2
33 16 12 2
33 16 13 8
33 16 14 2
33 16 15 2
33 16 16 29
34 16 -16 49
34 16 -15 31
34 16 -14 15
34 16 -13 15
34 16 -12 2
34 16 -11 31
34 16 -10 50
34 16 10 49
34 16 11 31
34 16 12 15
34 16 13 2
34 16 14 2
34 16 15 31
34 16 16 50
35 16 -14 31
35 16 -13 31
35 16 -12 31
35 16 12 31
35 16 13 31
35 16 14 31
-35 17 -14 7
-35 17 -13 7
-35 17 -12 7
-35 17 12 7
-35 17 13 7
-35 17 14 7
-34 17 -16 7
-34 17 -15 7
-34 17 -14 7
-34 17 -13 7
-34 17 -12 7
-34 17 -11 7
-34 17 -10 7
-34 17 10 7
-34 17 11 7
-34 17 12 7
-34 17 13 7
-34 17 14 7
-34 17 15 7
-34 17 16 7
-33 17 -16 7
-33 17 -15 7
-33 17 -14 7
-33 17 -13 7
-33 17 -12 7
-33 17 -11 7
-33 17 -10 7
-33 17 10 7
-33 17 11 7
-33 17 12 7
-33 17 13 7
-33 17 14 7
-33 17 15 7
-33 17 16 7
-32 17 -17 7
-32 17 -16 7
-32 17 -15 7
-32 17 -14 7
-32 17 -13 7
-32 17 -12 7
-32 17 -11 7
-32 17 -10 7
-32 17 -9 7
-32 17 9 7
-32 17 10 7
-32 17 11 7
-32 17 12 7
-32 17 13 7
-32 17 14 7
-32 17 15 7
-32 17 16 7
-32 17 17 7
-31 17 -17 7
-31 17 -16 7
-31 17 -15 7
-31 17 -14 7
-31 17 -13 7
-31 17 -12 7
-31 17 -11 7
-31 17 -10 7
-31 17 -9 7
-31 17 9 7
-31 17 10 7
-31 17 11 7
-31 17 12 7
-31 17 13 7
-31 17 14 7
-31 17 15 7
-31 17 16 7
-31 17 17 7
-30 17 -17 7
-30 17 -16 7
-30 17 -15 7
-30 17 -14 7
-30 17 -13 7
-30 17 -12 7
-30 17 -11 7
-30 17 -10 7
-30 17 -9 7
-30 17 9 7
-30 17 10 7
-30 17 11 7
-30 17 12 7
-30 17 13 7
-30 17 14 7
-30 17 15 7
-30 17 16 7
-30 17 17 7
-29 17 -16 7
-29 17 -15 7
-29 17 -14 7
-29 17 -13 7
-29 17 -12 7
-29 17 -11 7
-29 17 -10 7
-29 17 10 7
-29 17 11 7
-29 17 12 7
-29 17 13 7
-29 17 14 7
-29 17 15 7
-29 17 16 7
-28 17 -16 7
-28 17 -15 7
-28 17 -14 7
-28 17 -13 7
-28 17 -12 7
-28 17 -11 7
-28 17 -10 7
-28 17 10 7
-28 17 11 7
-28 17 12 7
-28 17 13 7
-28 17 14 7
-28 17 15 7
-28 17 16 7
-27 17 -14 7
-27 17 -13 7
-27 17 -12 7
-27 17 12 7
-27 17 13 7
-27 17 14 7
-17 17 -32 7
-17 17 -31 7
-17 17 -30 7
-17 17 30 7
-17 17 31 7
-17 17 32 7
-16 17 -34 7
-16 17 -33 7
-16 17 -32 7
-16 17 -31 7
-16 17 -30 7
-16 17 -29 7
-16 17 -28 7
-16 17 -1 4
-16 17 0 2
-16 17 1 4
-16 17 28 7
-16 17 29 7
-16 17 30 7
-16 17 31 7
-16 17 32 7
-16 17 33 7
-16 17 34 7
-15 17 -34 7
-15 17 -33 7
-15 17 -32 7
-15 17 -31 7
-15 17 -30 7
-15 17 -29 7
-15 17 -28 7
-15 17 -1 2
-15 17 0 15
-15 17 1 2
-15 17 28 7
-15 17 29 7
-15 17 30 7
-15 17 31 7
-15 17 32 7
-15 17 33 7
-15 17 34 7
-14 17 -35 7
-14 17 -34 7
-14 17 -33 7
-14 17 -32 7
-14 17 -31 7
-14 17 -30 7
-14 17 -29 7
-14 17 -28 7
-14 17 -27 7
-14 17 -1 4
-14 17 0 2
-14 17 1 4
-14 17 27 7
-14 17 28 7
-14 17 29 7
-14 17 30 7
-14 17 31 7
-14 17 32 7
-14 17 33 7
-14 17 34 7
-14 17 35 7
-13 17 -35 7
-13 17 -34 7
-13 17 -33 7
-13 17 -32 7
-13 17 -31 7
-13 17 -30 7
-13 17 -29 7
-13 17 -28 7
-13 17 -27 7
-13 17 27 7
-13 17 28 7
-13 17 29 7
-13 17 30 7
-13 17 31 7
-13 17 32 7
-13 17 33 7
-13 17 34 7
-13 17 35 7
-12 17 -35 7
-12 17 -34 7
-12 17 -33 7
-12 17 -32 7
-12 17 -31 7
-12 17 -30 7
-12 17 -29 7
-12 17 -28 7
-12 17 -27 7
-12 17 -12 4
-12 17 -11 2
-12 17 -10 4
-12 17 10 4
-12 17 11 2
-12 17 12 4
-12 17 27 7
-12 17 28 7
-12 17 29 7
-12 17 30 7
-12 17 31 7
-12 17 32 7
-12 17 33 7
-12 17 34 7
-12 17 35 7
-11 17 -34 7
-11 17 -33 7
-11 17 -32 7
-11 17 -31 7
-11 17 -30 7
-11 17 -29 7
-11 17 -28 7
-11 17 -12 2
-11 17 -11 2
-11 17 -10 2
-11 17 10 2
-11 17 11 2
-11 17 12 2
-11 17 28 7
-11 17 29 7
-11 17 30 7
-11 17 31 7
-11 17 32 7
-11 17 33 7
-11 17 34 7
-10 17 -34 7
-10 17 -33 7
-10 17 -32 7
-10 17 -31 7
-10 17 -30 7
-10 17 -29 7
-10 17 -28 7
-10 17 -12 4
-10 17 -11 2
-10 17 -10 4
-10 17 10 4
-10 17 11 2
-10 17 12 4
-10 17 28 7
-10 17 29 7
-10 17 30 7
-10 17 31 7
-10 17 32 7
-10 17 33 7
-10 17 34 7
-9 17 -32 7
-9 17 -31 7
-9 17 -30 7
-9 17 30 7
-9 17 31 7
-9 17 32 7
-1 17 -16 4
-1 17 -15 2
-1 17 -14 4
-1 17 14 4
-1 17 15 2
-1 17 16 4
0 17 -16 2
0 17 -15 15
0 17 -14 2
0 17 14 2
0 17 15 15
0 17 16 2
1 17 -16 4
1 17 -15 2
1 17 -14 4
1 17 14 4
1 17 15 2
1 17 16 4
9 17 -32 7
9 17 -31 7
9 17 -30 7
9 17 30 7
9 17 31 7
9 17 32 7
10 17 -34 7
10 17 -33 7
10 17 -32 7
10 17 -31 7
10 17 -30 7
10 17 -29 7
10 17 -28 7
10 17 -12 4
10 17 -11 2
10 17 -10 4
10 17 10 4
10 17 11 2
10 17 12 4
10 17 28 7
10 17 29 7
10 17 30 7
10 17 31 7
10 17 32 7
10 17 33 7
10 17 34 7
11 17 -34 7
11 17 -33 7
11 17 -32 7
11 17 -31 7
11 17 -30 7
11 17 -29 7
11 17 -28 7
11 17 -12 2
11 17 -11 2
11 17 -10 2
11 17 10 2
11 17 11 2
11 17 12 2
11 17 28 7
11 17 29 7
11 17 30 7
11 17 31 7
11 17 32 7
11 17 33 7
11 17 34 7
12 17 -35 7
12 17 -34 7
12 17 -33 7
12 17 -32 7
12 17 -31 7
12 17 -30 7
12 17 -29 7
12 17 -28 7
12 17 -27 7
12 17 -12 4
12 17 -11 2
12 17 -10 4
12 17 10 4
12 17 11 2
12 17 12 4
12 17 27 7
12 17 28 7
12 17 29 7
12 17 30 7
12 17 31 7
12 17 32 7
12 17 33 7
12 17 34 7
12 17 35 7
13 17 -35 7
13 17 -34 7
13 17 -33 7
13 17 -32 7
13 17 -31 7
13 17 -30 7
13 17 -29 7
13 17 -28 7
13 17 -27 7
13 17 27 7
13 17 28 7
13 17 29 7
13 17 30 7
13 17 31 7
13 17 32 7
13 17 33 7
13 17 34 7
13 17 35 7
14 17 -35 7
14 17 -34 7
14 17 -33 7
14 17 -32 7
14 17 -31 7
14 17 -30 7
14 17 -29 7
14 17 -28 7
14 17 -27 7
14 17 -1 4
14 17 0 2
14 17 1 4
14 17 27 7
14 17 28 7
14 17 29 7
14 17 30 7
14 17 31 7
14 17 32 7
14 17 33 7
14 17 34 7
14 17 35 7
15 17 -34 7
15 17 -33 7
15 17 -32 7
15 17 -31 7
15 17 -30 7
15 17 -29 7
15 17 -28 7
15 17 -1 2
15 17 0 2
15 17 1 2
15 17 28 7
15 17 29 7
15 17 30 7
15 17 31 7
15 17 32 7
15 17 33 7
15 17 34 7
16 17 -34 7
16 17 -33 7
16 17 -32 7
16 17 -31 7
16 17 -30 7
16 17 -29 7
16 17 -28 7
16 17 -1 4
16 17 0 2
16 17 1 4
16 17 28 7
16 17 29 7
16 17 30 7
16 17 31 7
16 17 32 7
16 17 33 7
16 17 34 7
17 17 -32 7
17 17 -31 7
17 17 -30 7
17 17 30 7
17 17 31 7
17 17 32 7
27 17 -14 7
27 17 -13 7
27 17 -12 7
27 17 12 7
27 17 13 7
27 17 14 7
28 17 -16 7
28 17 -15 7
28 17 -14 7
28 17 -13 7
28 17 -12 7
28 17 -11 7
28 17 -10 7
28 17 10 7
28 17 11 7
28 17 12 7
28 17 13 7
28 17 14 7
28 17 15 7
28 17 16 7
29 17 -16 7
29 17 -15 7
29 17 -14 7
29 17 -13 7
29 17 -12 7
29 17 -11 7
29 17 -10 7
29 17 10 7
29 17 11 7
29 17 12 7
29 17 13 7
29 17 14 7
29 17 15 7
29 17 16 7
30 17 -17 7
30 17 -16 7
30 17 -15 7
30 17 -14 7
30 17 -13 7
30 17 -12 7
30 17 -11 7
30 17 -10 7
30 17 -9 7
30 17 9 7
30 17 10 7
30 17 11 7
30 17 12 7
30 17 13 7
30 17 14 7
30 17 15 7
30 17 16 7
30 17 17 7
31 17 -17 7
31 17 -16 7
31 17 -15 7
31 17 -14 7
31 17 -13 7
31 17 -12 7
31 17 -11 7
31 17 -10 7
31 17 -9 7
31 17 9 7
31 17 10 7
31 17 11 7
31 17 12 7
31 17 13 7
31 17 14 7
31 17 15 7
31 17 16 7
31 17 17 7
32 17 -17 7
32 17 -16 7
32 17 -15 7
32 17 -14 7
32 17 -13 7
32 17 -12 7
32 17 -11 7
32 17 -10 7
32 17 -9 7
32 17 9 7
32 17 10 7
32 17 11 7
32 17 12 7
32 17 13 7
32 17 14 7
32 17 15 7
32 17 16 7
32 17 17 7
33 17 -16 7
33 17 -15 7
33 17 -14 7
33 17 -13 7
33 17 -12 7
33 17 -11 7
33 17 -10 7
33 17 10 7
33 17 11 7
33 17 12 7
33 17 13 7
33 17 14 7
33 17 15 7
33 17 16 7
34 17 -16 7
34 17 -15 7
34 17 -14 7
34 17 -13 7
34 17 -12 7
34 17 -11 7
34 17 -10 7
34 17 10 7
34 17 11 7
34 17 12 7
34 17 13 7
34 17 14 7
34 17 15 7
34 17 16 7
35 17 -14 7
35 17 -13 7
35 17 -12 7
35 17 12 7
35 17 13 7
35 17 14 7
-35 18 -14 2
-35 18 -13 2
-35 18 -12 51
-35 18 12 2
-35 18 13 2
-35 18 14 51
-34 18 -16 37
-34 18 -15 51
-34 18 -11 2
-34 18 -10 15
-34 18 10 37
-34 18 11 51
-34 18 15 2
-34 18 16 2
-33 18 -16 52
-33 18 -15 53
-33 18 -14 1
-33 18 -13 1
-33 18 -12 1
-33 18 -11 54
-33 18 -10 2
-33 18 10 52
-33 18 11 53
-33 18 12 1
-33 18 13 1
-33 18 14 1
-33 18 15 54
-33 18 16 15
-32 18 -17 15
-32 18 -15 6
-32 18 -14 2
-32 18 -13 15
-32 18 -12 2
-32 18 -11 5
-32 18 -9 55
-32 18 9 2
-32 18 11 6
-32 18 12 2
-32 18 13 15
-32 18 14 2
-32 18 15 5
-32 18 17 55
-31 18 -17 56
-31 18 -15 6
-31 18 -14 2
-31 18 -13 2
-31 18 -12 2
-31 18 -11 5
-31 18 -9 56
-31 18 9 56
-31 18 11 6
-31 18 12 2
-31 18 13 2
-31 18 14 2
-31 18 15 5
-31 18 17 56
-30 18 -17 52
-30 18 -15 6
-30 18 -14 2
-30 18 -13 2
-30 18 -12 2
-30 18 -11 5
-30 18 -9 2
-30 18 9 52
-30 18 11 6
-30 18 12 2
-30 18 13 2
-30 18 14 2
-30 18 15 5
-30 18 17 2
-29 18 -16 2
-29 18 -15 57
-29 18 -14 3
-29 18 -13 3
-29 18 -12 3
-29 18 -11 58
-29 18 -10 55
-29 18 10 15
-29 18 11 57
-29 18 12 3
-29 18 13 3
-29 18 14 3
-29 18 15 58
-29 18 16 55
-28 18 -16 2
-28 18 -15 2
-28 18 -11 59
-28 18 -10 40
-28 18 10 2
-28 18 11 15
-28 18 15 59
-28 18 16 40
-27 18 -14 59
-27 18 -13 15
-27 18 -12 2
-27 18 12 59
-27 18 13 2
-27 18 14 2
-17 18 -32 15
-17 18 -31 2
-17 18 -30 51
-17 18 30 15
-17 18 31 2
-17 18 32 51
-16 18 -34 37
-16 18 -33 51
-16 18 -29 2
-16 18 -28 15
-16 18 -1 24
-16 18 0 30
-16 18 1 24
-16 18 28 37
-16 18 29 51
-16 18 33 15
-16 18 34 2
-15 18 -34 52
-15 18 -33 53
-15 18 -32 1
-15 18 -31 1
-15 18 -30 1
-15 18 -29 54
-15 18 -28 2
-15 18 -1 28
-15 18 0 7
-15 18 1 29
-15 18 28 52
-15 18 29 53
-15 18 30 1
-15 18 31 1
-15 18 32 1
-15 18 33 54
-15 18 34 2
-14 18 -35 2
-14 18 -33 6
-14 18 -32 2
-14 18 -31 2
-14 18 -30 2
-14 18 -29 5
-14 18 -27 55
-14 18 -1 24
-14 18 0 31
-14 18 1 24
-14 18 27 2
-14 18 29 6
-14 18 30 2
-14 18 31 2
-14 18 32 15
-14 18 33 5
-14 18 35 55
-13 18 -35 56
-13 18 -33 6
-13 18 -32 2
-13 18 -31 2
-13 18 -30 2
-13 18 -29 5
-13 18 -27 56
-13 18 27 56
-13 18 29 6
-13 18 30 2
-13 18 31 2
-13 18 32 15
-13 18 33 5
-13 18 35 56
-12 18 -35 52
-12 18 -33 6
-12 18 -32 2
-12 18 -31 2
-12 18 -30 2
-12 18 -29 5
-12 18 -27 2
-12 18 -12 24
-12 18 -11 30
-12 18 -10 24
-12 18 10 24
-12 18 11 30
-12 18 12 24
-12 18 27 52
-12 18 29 6
-12 18 30 2
-12 18 31 15
-12 18 32 2
-12 18 33 5
-12 18 35 2
-11 18 -34 2
-11 18 -33 57
-11 18 -32 3
-11 18 -31 3
-11 18 -30 3
-11 18 -29 58
-11 18 -28 55
-11 18 -12 28
-11 18 -11 7
-11 18 -10 29
-11 18 10 28
-11 18 11 7
-11 18 12 29
-11 18 28 2
-11 18 29 57
-11 18 30 3
-11 18 31 3
-11 18 32 3
-11 18 33 58
-11 18 34 55
-10 18 -34 15
-10 18 -33 2
-10 18 -29 59
-10 18 -28 40
-10 18 -12 24
-10 18 -11 31
-10 18 -10 24
-10 18 10 24
-10 18 11 31
-10 18 12 24
-10 18 28 2
-10 18 29 2
-10 18 33 59
-10 18 34 40
-9 18 -32 59
-9 18 -31 2
-9 18 -30 2
-9 18 30 59
-9 18 31 2
-9 18 32 15
-1 18 -16 24
-1 18 -15 30
-1 18 -14 24
-1 18 14 24
-1 18 15 30
-1 18 16 24
0 18 -16 28
0 18 -15 7
0 18 -14 29
0 18 14 28
0 18 15 7
0 18 16 29
1 18 -16 24
1 18 -15 31
1 18 -14 24
1 18 14 24
1 18 15 31
1 18 16 24
9 18 -32 2
9 18 -31 2
9 18 -30 51
9 18 30 2
9 18 31 2
9 18 32 51
10 18 -34 37
10 18 -33 51
10 18 -29 2
10 18 -28 2
10 18 -12 24
10 18 -11 30
10 18 -10 24
10 18 10 24
10 18 11 30
10 18 12 24
10 18 28 37
10 18 29 51
10 18 33 2
10 18 34 15
11 18 -34 52
11 18 -33 53
11 18 -32 1
11 18 -31 1
11 18 -30 1
11 18 -29 54
11 18 -28 15
11 18 -12 28
11 18 -11 7
11 18 -10 29
11 18 10 28
11 18 11 7
11 18 12 29
11 18 28 52
11 18 29 53
11 18 30 1
11 18 31 1
11 18 32 1
11 18 33 54
11 18 34 2
12 18 -35 2
12 18 -33 6
12 18 -32 2
12 18 -31 2
12 18 -30 15
12 18 -29 5
12 18 -27 55
12 18 -12 24
12 18 -11 31
12 18 -10 24
12 18 10 24
12 18 11 31
12 18 12 24
12 18 27 15
12 18 29 6
12 18 30 2
12 18 31 15
12 18 32 2
12 18 33 5
12 18 35 55
13 18 -35 56
13 18 -33 6
13 18 -32 2
13 18 -31 2
13 18 -30 2
13 18 -29 5
13 18 -27 56
13 18 27 56
13 18 29 6
13 18 30 15
13 18 31 2
13 18 32 2
13 18 33 5
13 18 35 56
14 18 -35 52
14 18 -33 6
14 18 -32 2
14 18 -31 2
14 18 -30 2
14 18 -29 5
14 18 -27 2
14 18 -1 24
14 18 0 30
14 18 1 24
14 18 27 52
14 18 29 6
14 18 30 2
14 18 31 2
14 18 32 2
14 18 33 5
14 18 35 15
15 18 -34 2
15 18 -33 57
15 18 -32 3
15 18 -31 3
15 18 -30 3
15 18 -29 58
15 18 -28 55
15 18 -1 28
15 18 0 7
15 18 1 29
15 18 28 2
15 18 29 57
15 18 30 3
15 18 31 3
15 18 32 3
15 18 33 58
15 18 34 55
16 18 -34 15
16 18 -33 2
16 18 -29 59
16 18 -28 40
16 18 -1 24
16 18 0 31
16 18 1 24
16 18 28 2
16 18 29 2
16 18 33 59
16 18 34 40
17 18 -32 59
17 18 -31 2
17 18 -30 2
17 18 30 59
17 18 31 2
17 18 32 2
27 18 -14 2
27 18 -13 2
27 18 -12 51
27 18 12 2
27 18 13 15
27 18 14 51
28 18 -16 37
28 18 -15 51
28 18 -11 2
28 18 -10 2
28 18 10 37
28 18 11 51
28 18 15 2
28 18 16 2
29 18 -16 52
29 18 -15 53
29 18 -14 1
29 18 -13 1
29 18 -12 1
29 18 -11 54
29 18 -10 2
29 18 10 52
29 18 11 53
29 18 12 1
29 18 13 1
29 18 14 1
29 18 15 54
29 18 16 2
30 18 -17 2
30 18 -15 6
30 18 -14 2
30 18 -13 2
30 18 -12 2
30 18 -11 5
30 18 -9 55
30 18 9 15
30 18 11 6
30 18 12 2
30 18 13 2
30 18 14 2
30 18 15 5
30 18 17 55
31 18 -17 56
31 18 -15 6
31 18 -14 2
31 18 -13 2
31 18 -12 2
31 18 -11 5
31 18 -9 56
31 18 9 56
31 18 11 6
31 18 12 2
31 18 13 2
31 18 14 2
31 18 15 5
31 18 17 56
32 18 -17 52
32 18 -15 6
32 18 -14 2
32 18 -13 15
32 18 -12 2
32 18 -11 5
32 18 -9 2
32 18 9 52
32 18 11 6
32 18 12 15
32 18 13 2
32 18 14 2
32 18 15 5
32 18 17 2
33 18 -16 2
33 18 -15 57
33 18 -14 3
33 18 -13 3
33 18 -12 3
33 18 -11 58
33 18 -10 55
33 18 10 2
33 18 11 57
33 18 12 3
33 18 13 3
33 18 14 3
33 18 15 58
33 18 16 55
34 18 -16 2
34 18 -15 2
34 18 -11 59
34 18 -10 40
34 18 10 15
34 18 11 15
34 18 15 59
34 18 16 40
35 18 -14 59
35 18 -13 2
35 18 -12 2
35 18 12 59
35 18 13 2
35 18 14 2
-35 19 -14 46
-35 19 -13 46
-35 19 12 46
-35 19 13 46
-34 19 -11 46
-34 19 -10 46
-34 19 15 46
-34 19 16 46
-33 19 -13 1
-33 19 -10 46
-33 19 13 1
-33 19 16 46
-32 19 -17 46
-32 19 -14 6
-32 19 -13 15
-32 19 -12 5
-32 19 9 46
-32 19 12 6
-32 19 13 15
-32 19 14 5
-31 19 -15 6
-31 19 -14 2
-31 19 -13 2
-31 19 -12 15
-31 19 -11 5
-31 19 11 6
-31 19 12 15
-31 19 13 15
-31 19 14 2
-31 19 15 5
-30 19 -14 6
-30 19 -13 15
-30 19 -12 5
-30 19 -9 46
-30 19 12 6
-30 19 13 2
-30 19 14 5
-30 19 17 46
-29 19 -16 46
-29 19 -13 3
-29 19 10 46
-29 19 13 3
-28 19 -16 46
-28 19 -15 46
-28 19 10 46
-28 19 11 46
-27 19 -13 46
-27 19 -12 46
-27 19 13 46
-27 19 14 46
-17 19 -32 46
-17 19 -31 46
-17 19 30 46
-17 19 31 46
-16 19 -29 46
-16 19 -28 46
-16 19 33 46
-16 19 34 46
-15 19 -31 1
-15 19 -28 46
-15 19 0 32
-15 19 31 1
-15 19 34 46
-14 19 -35 46
-14 19 -32 6
-14 19 -31 2
-14 19 -30 5
-14 19 27 46
-14 19 30 6
-14 19 31 2
-14 19 32 5
-13 19 -33 6
-13 19 -32 2
-13 19 -31 2
-13 19 -30 15
-13 19 -29 5
-13 19 29 6
-13 19 30 2
-13 19 31 2
-13 19 32 15
-13 19 33 5
-12 19 -32 6
-12 19 -31 2
-12 19 -30 5
-12 19 -27 46
-12 19 30 6
-12 19 31 2
-12 19 32 5
-12 19 35 46
-11 19 -34 46
-11 19 -31 3
-11 19 -11 32
-11 19 11 32
-11 19 28 46
-11 19 31 3
-10 19 -34 46
-10 19 -33 46
-10 19 28 46
-10 19 29 46
-9 19 -31 46
-9 19 -30 46
-9 19 31 46
-9 19 32 46
0 19 -15 32
0 19 15 32
9 19 -32 46
9 19 -31 46
9 19 30 46
9 19 31 46
10 19 -29 46
10 19 -28 46
10 19 33 46
10 19 34 46
11 19 -31 1
11 19 -28 46
11 19 -11 32
11 19 11 32
11 19 31 1
11 19 34 46
12 19 -35 46
12 19 -32 6
12 19 -31 15
12 19 -30 5
12 19 27 46
12 19 30 6
12 19 31 2
12 19 32 5
13 19 -33 6
13 19 -32 15
13 19 -31 2
13 19 -30 2
13 19 -29 5
13 19 29 6
13 19 30 2
13 19 31 2
13 19 32 2
13 19 33 5
14 19 -32 6
14 19 -31 15
14 19 -30 5
14 19 -27 46
14 19 30 6
14 19 31 15
14 19 32 5
14 19 35 46
15 19 -34 46
15 19 -31 3
15 19 0 32
15 19 28 46
15 19 31 3
16 19 -34 46
16 19 -33 46
16 19 28 46
16 19 29 46
17 19 -31 46
17 19 -30 46
17 19 31 46
17 19 32 46
27 19 -14 46
27 19 -13 46
27 19 12 46
27 19 13 46
28 19 -11 46
28 19 -10 46
28 19 15 46
28 19 16 46
29 19 -13 1
29 19 -10 46
29 19 13 1
29 19 16 46
30 19 -17 46
30 19 -14 6
30 19 -13 2
30 19 -12 5
30 19 9 46
30 19 12 6
30 19 13 2
30 19 14 5
31 19 -15 6
31 19 -14 15
31 19 -13 15
31 19 -12 2
31 19 -11 5
31 19 11 6
31 19 12 2
31 19 13 2
31 19 14 2
31 19 15 5
32 19 -14 6
32 19 -13 2
32 19 -12 5
32 19 -9 46
32 19 12 6
32 19 13 2
32 19 14 5
32 19 17 46
33 19 -16 46
33 19 -13 3
33 19 10 46
33 19 13 3
34 19 -16 46
34 19 -15 46
34 19 10 46
34 19 11 46
35 19 -13 46
35 19 -12 46
35 19 13 46
35 19 14 46
-32 20 -13 1
-32 20 13 1
-31 20 -14 6
-31 20 -13 2
-31 20 -12 5
-31 20 12 6
-31 20 13 2
-31 20 14 5
-30 20 -13 3
-30 20 13 3
-15 20 0 60
-14 20 -31 1
-14 20 31 1
-13 20 -32 6
-13 20 -31 15
-13 20 -30 5
-13 20 30 6
-13 20 31 2
-13 20 32 5
-12 20 -31 3
-12 20 31 3
-11 20 -11 60
-11 20 11 60
0 20 -15 60
0 20 15 60
11 20 -11 60
11 20 11 60
12 20 -31 1
12 20 31 1
13 20 -32 6
13 20 -31 2
13 20 -30 5
13 20 30 6
13 20 31 15
13 20 32 5
14 20 -31 3
14 20 31 3
15 20 0 60
30 20 -13 1
30 20 13 1
31 20 -14 6
31 20 -13 2
31 20 -12 5
31 20 12 6
31 20 13 2
31 20 14 5
32 20 -13 3
32 20 13 3
-31 21 -13 4
-31 21 13 4
-13 21 -31 4
-13 21 31 4
13 21 -31 4
13 21 31 4
31 21 -13 4
31 21 13 4
-31 22 -13 4
-31 22 13 4
-13 22 -31 4
-13 22 31 4
13 22 -31 4
13 22 31 4
31 22 -13 4
31 22 13 4
-31 23 -13 4
-31 23 13 4
-13 23 -31 4
-13 23 31 4
13 23 -31 4
13 23 31 4
31 23 -13 4
31 23 13 4
-31 24 -13 32
-31 24 13 32
-13 24 -31 32
-13 24 31 32
13 24 -31 32
13 24 31 32
31 24 -13 32
31 24 13 32
-31 25 -13 24
-31 25 13 24
-13 25 -31 24
-13 25 31 24
13 25 -31 24
13 25 31 24
31 25 -13 24
31 25 13 24
-31 26 -13 24
-31 26 13 24
-13 26 -31 24
-13 26 31 24
13 26 -31 24
13 26 31 24
31 26 -13 24
31 26 13 24
