core 0 3 0
P bloodmoon:black_rock_brick_stairs[facing=east,half=bottom,shape=straight,waterlogged=false]
P bloodmoon:polished_black_rock
P bloodmoon:black_rock_brick_stairs[facing=east,half=bottom,shape=outer_right,waterlogged=false]
P bloodmoon:black_rock_brick_stairs[facing=east,half=bottom,shape=outer_left,waterlogged=false]
P bloodmoon:black_rock_brick_stairs[facing=south,half=bottom,shape=straight,waterlogged=false]
P bloodmoon:black_rock_brick_stairs[facing=north,half=bottom,shape=straight,waterlogged=false]
P bloodmoon:black_rock_brick_stairs[facing=west,half=bottom,shape=outer_left,waterlogged=false]
P bloodmoon:black_rock_brick_stairs[facing=west,half=bottom,shape=straight,waterlogged=false]
P bloodmoon:black_rock_brick_stairs[facing=west,half=bottom,shape=outer_right,waterlogged=false]
P bloodmoon:black_rock_bricks
P bloodmoon:black_rock_brick_stairs[facing=south,half=bottom,shape=outer_left,waterlogged=false]
P bloodmoon:black_rock_brick_stairs[facing=north,half=bottom,shape=outer_right,waterlogged=false]
P bloodmoon:black_rock_brick_stairs[facing=south,half=bottom,shape=outer_right,waterlogged=false]
P bloodmoon:black_rock_brick_stairs[facing=north,half=bottom,shape=outer_left,waterlogged=false]
P minecraft:crying_obsidian
P bloodmoon:chiseled_black_rock_bricks
P bloodmoon:cracked_black_rock_bricks
P bloodmoon:black_rock_pillar[axis=y]
P minecraft:air
P bloodmoon:obelisk_core
P bloodmoon:black_rock_brick_wall[east=tall,north=tall,south=tall,up=true,waterlogged=false,west=none]
P bloodmoon:black_rock_brick_wall[east=tall,north=none,south=tall,up=true,waterlogged=false,west=none]
P bloodmoon:black_rock_brick_wall[east=tall,north=tall,south=none,up=true,waterlogged=false,west=none]
P bloodmoon:black_rock_brick_wall[east=tall,north=none,south=tall,up=true,waterlogged=false,west=tall]
P bloodmoon:black_rock_brick_wall[east=none,north=none,south=tall,up=true,waterlogged=false,west=tall]
P bloodmoon:black_rock_brick_wall[east=none,north=tall,south=none,up=true,waterlogged=false,west=tall]
P bloodmoon:black_rock_brick_wall[east=none,north=tall,south=tall,up=true,waterlogged=false,west=tall]
P bloodmoon:void_lantern
P bloodmoon:void_glass_pane[east=false,north=true,south=true,waterlogged=false,west=false]
P bloodmoon:void_glass_pane[east=true,north=false,south=false,waterlogged=false,west=true]
P bloodmoon:void_chain[axis=y,waterlogged=false]
P bloodmoon:black_rock_brick_stairs[facing=east,half=top,shape=straight,waterlogged=false]
P bloodmoon:black_rock_brick_stairs[facing=east,half=top,shape=outer_right,waterlogged=false]
P bloodmoon:black_rock_brick_stairs[facing=east,half=top,shape=outer_left,waterlogged=false]
P bloodmoon:black_rock_brick_stairs[facing=south,half=top,shape=straight,waterlogged=false]
P bloodmoon:black_rock_brick_stairs[facing=north,half=top,shape=straight,waterlogged=false]
P bloodmoon:black_rock_brick_stairs[facing=west,half=top,shape=outer_left,waterlogged=false]
P bloodmoon:black_rock_brick_stairs[facing=west,half=top,shape=straight,waterlogged=false]
P bloodmoon:black_rock_brick_stairs[facing=west,half=top,shape=outer_right,waterlogged=false]
P bloodmoon:black_rock_brick_wall[east=none,north=low,south=none,up=true,waterlogged=false,west=none]
P bloodmoon:black_rock_brick_wall[east=none,north=none,south=low,up=true,waterlogged=false,west=none]
P bloodmoon:black_rock_brick_wall[east=none,north=low,south=low,up=false,waterlogged=false,west=none]
P bloodmoon:black_rock_brick_wall[east=none,north=none,south=none,up=true,waterlogged=false,west=none]
P bloodmoon:black_rock_brick_wall[east=tall,north=tall,south=tall,up=true,waterlogged=false,west=tall]
P bloodmoon:black_rock_brick_wall[east=none,north=none,south=tall,up=true,waterlogged=false,west=none]
P bloodmoon:black_rock_brick_wall[east=none,north=none,south=none,up=true,waterlogged=false,west=tall]
P bloodmoon:black_rock_brick_wall[east=low,north=none,south=none,up=true,waterlogged=false,west=none]
P bloodmoon:black_rock_brick_wall[east=low,north=none,south=none,up=false,waterlogged=false,west=low]
P bloodmoon:black_rock_brick_wall[east=none,north=none,south=none,up=true,waterlogged=false,west=low]
P bloodmoon:black_rock_brick_wall[east=tall,north=tall,south=none,up=true,waterlogged=false,west=tall]
P bloodmoon:black_rock_brick_wall[east=tall,north=none,south=none,up=true,waterlogged=false,west=none]
P bloodmoon:black_rock_brick_wall[east=none,north=tall,south=none,up=true,waterlogged=false,west=none]
P bloodmoon:black_rock_brick_slab[type=bottom,waterlogged=false]
P bloodmoon:void_glass_pane[east=false,north=true,south=true,waterlogged=false,west=true]
P bloodmoon:void_glass_pane[east=true,north=true,south=false,waterlogged=false,west=true]
P bloodmoon:void_glass_pane[east=true,north=false,south=true,waterlogged=false,west=true]
P bloodmoon:void_glass_pane[east=true,north=true,south=true,waterlogged=false,west=false]
P bloodmoon:black_rock_brick_stairs[facing=south,half=top,shape=outer_left,waterlogged=false]
P bloodmoon:black_rock_brick_stairs[facing=north,half=top,shape=outer_right,waterlogged=false]
P bloodmoon:black_rock_brick_stairs[facing=south,half=top,shape=outer_right,waterlogged=false]
P bloodmoon:black_rock_brick_stairs[facing=north,half=top,shape=outer_left,waterlogged=false]
P bloodmoon:black_rock_brick_wall[east=low,north=none,south=low,up=true,waterlogged=false,west=none]
P bloodmoon:black_rock_brick_wall[east=low,north=low,south=none,up=true,waterlogged=false,west=none]
P bloodmoon:black_rock_brick_wall[east=none,north=low,south=none,up=true,waterlogged=false,west=low]
P bloodmoon:black_rock_brick_wall[east=none,north=none,south=low,up=true,waterlogged=false,west=low]
P bloodmoon:void_glass_pane[east=false,north=false,south=true,waterlogged=false,west=false]
P bloodmoon:void_glass_pane[east=false,north=true,south=false,waterlogged=false,west=false]
P bloodmoon:void_glass_pane[east=true,north=false,south=false,waterlogged=false,west=false]
P bloodmoon:void_glass_pane[east=false,north=false,south=false,waterlogged=false,west=true]
P bloodmoon:black_rock_brick_stairs[facing=north,half=bottom,shape=inner_left,waterlogged=false]
P bloodmoon:black_rock_brick_stairs[facing=south,half=bottom,shape=inner_right,waterlogged=false]
P bloodmoon:black_rock_brick_stairs[facing=north,half=bottom,shape=inner_right,waterlogged=false]
P bloodmoon:black_rock_brick_stairs[facing=south,half=bottom,shape=inner_left,waterlogged=false]
P bloodmoon:black_rock_brick_stairs[facing=west,half=bottom,shape=inner_right,waterlogged=false]
P bloodmoon:black_rock_brick_stairs[facing=west,half=bottom,shape=inner_left,waterlogged=false]
P bloodmoon:black_rock_brick_stairs[facing=east,half=bottom,shape=inner_left,waterlogged=false]
P bloodmoon:black_rock_brick_stairs[facing=east,half=bottom,shape=inner_right,waterlogged=false]
P minecraft:amethyst_block
-26 0 -3 0
-26 0 -2 0
-26 0 -1 0
-26 0 0 0
-26 0 1 0
-26 0 2 0
-26 0 3 0
-25 0 -7 0
-25 0 -6 0
-25 0 -5 0
-25 0 -4 0
-25 0 -3 1
-25 0 -2 1
-25 0 -1 1
-25 0 0 1
-25 0 1 1
-25 0 2 1
-25 0 3 1
-25 0 4 0
-25 0 5 0
-25 0 6 0
-25 0 7 0
-24 0 -10 0
-24 0 -9 0
-24 0 -8 0
-24 0 -7 1
-24 0 -6 1
-24 0 -5 1
-24 0 -4 1
-24 0 -3 1
-24 0 -2 1
-24 0 -1 1
-24 0 0 1
-24 0 1 1
-24 0 2 1
-24 0 3 1
-24 0 4 1
-24 0 5 1
-24 0 6 1
-24 0 7 1
-24 0 8 0
-24 0 9 0
-24 0 10 0
-23 0 -12 0
-23 0 -11 0
-23 0 -10 1
-23 0 -9 1
-23 0 -8 1
-23 0 -7 1
-23 0 -6 1
-23 0 -5 1
-23 0 -4 1
-23 0 -3 1
-23 0 -2 1
-23 0 -1 1
-23 0 0 1
-23 0 1 1
-23 0 2 1
-23 0 3 1
-23 0 4 1
-23 0 5 1
-23 0 6 1
-23 0 7 1
-23 0 8 1
-23 0 9 1
-23 0 10 1
-23 0 11 0
-23 0 12 0
-22 0 -14 0
-22 0 -13 0
-22 0 -12 1
-22 0 -11 1
-22 0 -10 1
-22 0 -9 1
-22 0 -8 1
-22 0 -7 1
-22 0 -6 1
-22 0 -5 1
-22 0 -4 1
-22 0 -3 1
-22 0 -2 1
-22 0 -1 1
-22 0 0 1
-22 0 1 1
-22 0 2 1
-22 0 3 1
-22 0 4 1
-22 0 5 1
-22 0 6 1
-22 0 7 1
-22 0 8 1
-22 0 9 1
-22 0 10 1
-22 0 11 1
-22 0 12 1
-22 0 13 0
-22 0 14 0
-21 0 -15 0
-21 0 -14 0
-21 0 -13 1
-21 0 -12 1
-21 0 -11 1
-21 0 -10 1
-21 0 -9 1
-21 0 -8 1
-21 0 -7 1
-21 0 -6 1
-21 0 -5 1
-21 0 -4 1
-21 0 -3 1
-21 0 -2 1
-21 0 -1 1
-21 0 0 1
-21 0 1 1
-21 0 2 1
-21 0 3 1
-21 0 4 1
-21 0 5 1
-21 0 6 1
-21 0 7 1
-21 0 8 1
-21 0 9 1
-21 0 10 1
-21 0 11 1
-21 0 12 1
-21 0 13 1
-21 0 14 0
-21 0 15 0
-20 0 -16 0
-20 0 -15 1
-20 0 -14 1
-20 0 -13 1
-20 0 -12 1
-20 0 -11 1
-20 0 -10 1
-20 0 -9 1
-20 0 -8 1
-20 0 -7 1
-20 0 -6 1
-20 0 -5 1
-20 0 -4 1
-20 0 -3 1
-20 0 -2 1
-20 0 -1 1
-20 0 0 1
-20 0 1 1
-20 0 2 1
-20 0 3 1
-20 0 4 1
-20 0 5 1
-20 0 6 1
-20 0 7 1
-20 0 8 1
-20 0 9 1
-20 0 10 1
-20 0 11 1
-20 0 12 1
-20 0 13 1
-20 0 14 1
-20 0 15 1
-20 0 16 0
-19 0 -18 2
-19 0 -17 0
-19 0 -16 1
-19 0 -15 1
-19 0 -14 1
-19 0 -13 1
-19 0 -12 1
-19 0 -11 1
-19 0 -10 1
-19 0 -9 1
-19 0 -8 1
-19 0 -7 1
-19 0 -6 1
-19 0 -5 1
-19 0 -4 1
-19 0 -3 1
-19 0 -2 1
-19 0 -1 1
-19 0 0 1
-19 0 1 1
-19 0 2 1
-19 0 3 1
-19 0 4 1
-19 0 5 1
-19 0 6 1
-19 0 7 1
-19 0 8 1
-19 0 9 1
-19 0 10 1
-19 0 11 1
-19 0 12 1
-19 0 13 1
-19 0 14 1
-19 0 15 1
-19 0 16 1
-19 0 17 0
-19 0 18 3
-18 0 -19 4
-18 0 -18 4
-18 0 -17 1
-18 0 -16 1
-18 0 -15 1
-18 0 -14 1
-18 0 -13 1
-18 0 -12 1
-18 0 -11 1
-18 0 -10 1
-18 0 -9 1
-18 0 -8 1
-18 0 -7 1
-18 0 -6 1
-18 0 -5 1
-18 0 -4 1
-18 0 -3 1
-18 0 -2 1
-18 0 -1 1
-18 0 0 1
-18 0 1 1
-18 0 2 1
-18 0 3 1
-18 0 4 1
-18 0 5 1
-18 0 6 1
-18 0 7 1
-18 0 8 1
-18 0 9 1
-18 0 10 1
-18 0 11 1
-18 0 12 1
-18 0 13 1
-18 0 14 1
-18 0 15 1
-18 0 16 1
-18 0 17 1
-18 0 18 5
-18 0 19 5
-17 0 -19 4
-17 0 -18 1
-17 0 -17 1
-17 0 -16 1
-17 0 -15 1
-17 0 -14 1
-17 0 -13 1
-17 0 -12 1
-17 0 -11 1
-17 0 -10 1
-17 0 -9 1
-17 0 -8 1
-17 0 -7 1
-17 0 -6 1
-17 0 -5 1
-17 0 -4 1
-17 0 -3 1
-17 0 -2 1
-17 0 -1 1
-17 0 0 1
-17 0 1 1
-17 0 2 1
-17 0 3 1
-17 0 4 1
-17 0 5 1
-17 0 6 1
-17 0 7 1
-17 0 8 1
-17 0 9 1
-17 0 10 1
-17 0 11 1
-17 0 12 1
-17 0 13 1
-17 0 14 1
-17 0 15 1
-17 0 16 1
-17 0 17 1
-17 0 18 1
-17 0 19 5
-16 0 -20 4
-16 0 -19 1
-16 0 -18 1
-16 0 -17 1
-16 0 -16 1
-16 0 -15 1
-16 0 -14 1
-16 0 -13 1
-16 0 -12 1
-16 0 -11 1
-16 0 -10 1
-16 0 -9 1
-16 0 -8 1
-16 0 -7 1
-16 0 -6 1
-16 0 -5 1
-16 0 -4 1
-16 0 -3 1
-16 0 -2 1
-16 0 -1 1
-16 0 0 1
-16 0 1 1
-16 0 2 1
-16 0 3 1
-16 0 4 1
-16 0 5 1
-16 0 6 1
-16 0 7 1
-16 0 8 1
-16 0 9 1
-16 0 10 1
-16 0 11 1
-16 0 12 1
-16 0 13 1
-16 0 14 1
-16 0 15 1
-16 0 16 1
-16 0 17 1
-16 0 18 1
-16 0 19 1
-16 0 20 5
-15 0 -21 4
-15 0 -20 1
-15 0 -19 1
-15 0 -18 1
-15 0 -17 1
-15 0 -16 1
-15 0 -15 1
-15 0 -14 1
-15 0 -13 1
-15 0 -12 1
-15 0 -11 1
-15 0 -10 1
-15 0 -9 1
-15 0 -8 1
-15 0 -7 1
-15 0 -6 1
-15 0 -5 1
-15 0 -4 1
-15 0 -3 1
-15 0 -2 1
-15 0 -1 1
-15 0 0 1
-15 0 1 1
-15 0 2 1
-15 0 3 1
-15 0 4 1
-15 0 5 1
-15 0 6 1
-15 0 7 1
-15 0 8 1
-15 0 9 1
-15 0 10 1
-15 0 11 1
-15 0 12 1
-15 0 13 1
-15 0 14 1
-15 0 15 1
-15 0 16 1
-15 0 17 1
-15 0 18 1
-15 0 19 1
-15 0 20 1
-15 0 21 5
-14 0 -22 4
-14 0 -21 4
-14 0 -20 1
-14 0 -19 1
-14 0 -18 1
-14 0 -17 1
-14 0 -16 1
-14 0 -15 1
-14 0 -14 1
-14 0 -13 1
-14 0 -12 1
-14 0 -11 1
-14 0 -10 1
-14 0 -9 1
-14 0 -8 1
-14 0 -7 1
-14 0 -6 1
-14 0 -5 1
-14 0 -4 1
-14 0 -3 1
-14 0 -2 1
-14 0 -1 1
-14 0 0 1
-14 0 1 1
-14 0 2 1
-14 0 3 1
-14 0 4 1
-14 0 5 1
-14 0 6 1
-14 0 7 1
-14 0 8 1
-14 0 9 1
-14 0 10 1
-14 0 11 1
-14 0 12 1
-14 0 13 1
-14 0 14 1
-14 0 15 1
-14 0 16 1
-14 0 17 1
-14 0 18 1
-14 0 19 1
-14 0 20 1
-14 0 21 5
-14 0 22 5
-13 0 -22 4
-13 0 -21 1
-13 0 -20 1
-13 0 -19 1
-13 0 -18 1
-13 0 -17 1
-13 0 -16 1
-13 0 -15 1
-13 0 -14 1
-13 0 -13 1
-13 0 -12 1
-13 0 -11 1
-13 0 -10 1
-13 0 -9 1
-13 0 -8 1
-13 0 -7 1
-13 0 -6 1
-13 0 -5 1
-13 0 -4 1
-13 0 -3 1
-13 0 -2 1
-13 0 -1 1
-13 0 0 1
-13 0 1 1
-13 0 2 1
-13 0 3 1
-13 0 4 1
-13 0 5 1
-13 0 6 1
-13 0 7 1
-13 0 8 1
-13 0 9 1
-13 0 10 1
-13 0 11 1
-13 0 12 1
-13 0 13 1
-13 0 14 1
-13 0 15 1
-13 0 16 1
-13 0 17 1
-13 0 18 1
-13 0 19 1
-13 0 20 1
-13 0 21 1
-13 0 22 5
-12 0 -23 4
-12 0 -22 1
-12 0 -21 1
-12 0 -20 1
-12 0 -19 1
-12 0 -18 1
-12 0 -17 1
-12 0 -16 1
-12 0 -15 1
-12 0 -14 1
-12 0 -13 1
-12 0 -12 1
-12 0 -11 1
-12 0 -10 1
-12 0 -9 1
-12 0 -8 1
-12 0 -7 1
-12 0 -6 1
-12 0 -5 1
-12 0 -4 1
-12 0 -3 1
-12 0 -2 1
-12 0 -1 1
-12 0 0 1
-12 0 1 1
-12 0 2 1
-12 0 3 1
-12 0 4 1
-12 0 5 1
-12 0 6 1
-12 0 7 1
-12 0 8 1
-12 0 9 1
-12 0 10 1
-12 0 11 1
-12 0 12 1
-12 0 13 1
-12 0 14 1
-12 0 15 1
-12 0 16 1
-12 0 17 1
-12 0 18 1
-12 0 19 1
-12 0 20 1
-12 0 21 1
-12 0 22 1
-12 0 23 5
-11 0 -23 4
-11 0 -22 1
-11 0 -21 1
-11 0 -20 1
-11 0 -19 1
-11 0 -18 1
-11 0 -17 1
-11 0 -16 1
-11 0 -15 1
-11 0 -14 1
-11 0 -13 1
-11 0 -12 1
-11 0 -11 1
-11 0 -10 1
-11 0 -9 1
-11 0 -8 1
-11 0 -7 1
-11 0 -6 1
-11 0 -5 1
-11 0 -4 1
-11 0 -3 1
-11 0 -2 1
-11 0 -1 1
-11 0 0 1
-11 0 1 1
-11 0 2 1
-11 0 3 1
-11 0 4 1
-11 0 5 1
-11 0 6 1
-11 0 7 1
-11 0 8 1
-11 0 9 1
-11 0 10 1
-11 0 11 1
-11 0 12 1
-11 0 13 1
-11 0 14 1
-11 0 15 1
-11 0 16 1
-11 0 17 1
-11 0 18 1
-11 0 19 1
-11 0 20 1
-11 0 21 1
-11 0 22 1
-11 0 23 5
-10 0 -24 4
-10 0 -23 1
-10 0 -22 1
-10 0 -21 1
-10 0 -20 1
-10 0 -19 1
-10 0 -18 1
-10 0 -17 1
-10 0 -16 1
-10 0 -15 1
-10 0 -14 1
-10 0 -13 1
-10 0 -12 1
-10 0 -11 1
-10 0 -10 1
-10 0 -9 1
-10 0 -8 1
-10 0 -7 1
-10 0 -6 1
-10 0 -5 1
-10 0 -4 1
-10 0 -3 1
-10 0 -2 1
-10 0 -1 1
-10 0 0 1
-10 0 1 1
-10 0 2 1
-10 0 3 1
-10 0 4 1
-10 0 5 1
-10 0 6 1
-10 0 7 1
-10 0 8 1
-10 0 9 1
-10 0 10 1
-10 0 11 1
-10 0 12 1
-10 0 13 1
-10 0 14 1
-10 0 15 1
-10 0 16 1
-10 0 17 1
-10 0 18 1
-10 0 19 1
-10 0 20 1
-10 0 21 1
-10 0 22 1
-10 0 23 1
-10 0 24 5
-9 0 -24 4
-9 0 -23 1
-9 0 -22 1
-9 0 -21 1
-9 0 -20 1
-9 0 -19 1
-9 0 -18 1
-9 0 -17 1
-9 0 -16 1
-9 0 -15 1
-9 0 -14 1
-9 0 -13 1
-9 0 -12 1
-9 0 -11 1
-9 0 -10 1
-9 0 -9 1
-9 0 -8 1
-9 0 -7 1
-9 0 -6 1
-9 0 -5 1
-9 0 -4 1
-9 0 -3 1
-9 0 -2 1
-9 0 -1 1
-9 0 0 1
-9 0 1 1
-9 0 2 1
-9 0 3 1
-9 0 4 1
-9 0 5 1
-9 0 6 1
-9 0 7 1
-9 0 8 1
-9 0 9 1
-9 0 10 1
-9 0 11 1
-9 0 12 1
-9 0 13 1
-9 0 14 1
-9 0 15 1
-9 0 16 1
-9 0 17 1
-9 0 18 1
-9 0 19 1
-9 0 20 1
-9 0 21 1
-9 0 22 1
-9 0 23 1
-9 0 24 5
-8 0 -24 4
-8 0 -23 1
-8 0 -22 1
-8 0 -21 1
-8 0 -20 1
-8 0 -19 1
-8 0 -18 1
-8 0 -17 1
-8 0 -16 1
-8 0 -15 1
-8 0 -14 1
-8 0 -13 1
-8 0 -12 1
-8 0 -11 1
-8 0 -10 1
-8 0 -9 1
-8 0 -8 1
-8 0 -7 1
-8 0 -6 1
-8 0 -5 1
-8 0 -4 1
-8 0 -3 1
-8 0 -2 1
-8 0 -1 1
-8 0 0 1
-8 0 1 1
-8 0 2 1
-8 0 3 1
-8 0 4 1
-8 0 5 1
-8 0 6 1
-8 0 7 1
-8 0 8 1
-8 0 9 1
-8 0 10 1
-8 0 11 1
-8 0 12 1
-8 0 13 1
-8 0 14 1
-8 0 15 1
-8 0 16 1
-8 0 17 1
-8 0 18 1
-8 0 19 1
-8 0 20 1
-8 0 21 1
-8 0 22 1
-8 0 23 1
-8 0 24 5
-7 0 -25 4
-7 0 -24 1
-7 0 -23 1
-7 0 -22 1
-7 0 -21 1
-7 0 -20 1
-7 0 -19 1
-7 0 -18 1
-7 0 -17 1
-7 0 -16 1
-7 0 -15 1
-7 0 -14 1
-7 0 -13 1
-7 0 -12 1
-7 0 -11 1
-7 0 -10 1
-7 0 -9 1
-7 0 -8 1
-7 0 -7 1
-7 0 -6 1
-7 0 -5 1
-7 0 -4 1
-7 0 -3 1
-7 0 -2 1
-7 0 -1 1
-7 0 0 1
-7 0 1 1
-7 0 2 1
-7 0 3 1
-7 0 4 1
-7 0 5 1
-7 0 6 1
-7 0 7 1
-7 0 8 1
-7 0 9 1
-7 0 10 1
-7 0 11 1
-7 0 12 1
-7 0 13 1
-7 0 14 1
-7 0 15 1
-7 0 16 1
-7 0 17 1
-7 0 18 1
-7 0 19 1
-7 0 20 1
-7 0 21 1
-7 0 22 1
-7 0 23 1
-7 0 24 1
-7 0 25 5
-6 0 -25 4
-6 0 -24 1
-6 0 -23 1
-6 0 -22 1
-6 0 -21 1
-6 0 -20 1
-6 0 -19 1
-6 0 -18 1
-6 0 -17 1
-6 0 -16 1
-6 0 -15 1
-6 0 -14 1
-6 0 -13 1
-6 0 -12 1
-6 0 -11 1
-6 0 -10 1
-6 0 -9 1
-6 0 -8 1
-6 0 -7 1
-6 0 -6 1
-6 0 -5 1
-6 0 -4 1
-6 0 -3 1
-6 0 -2 1
-6 0 -1 1
-6 0 0 1
-6 0 1 1
-6 0 2 1
-6 0 3 1
-6 0 4 1
-6 0 5 1
-6 0 6 1
-6 0 7 1
-6 0 8 1
-6 0 9 1
-6 0 10 1
-6 0 11 1
-6 0 12 1
-6 0 13 1
-6 0 14 1
-6 0 15 1
-6 0 16 1
-6 0 17 1
-6 0 18 1
-6 0 19 1
-6 0 20 1
-6 0 21 1
-6 0 22 1
-6 0 23 1
-6 0 24 1
-6 0 25 5
-5 0 -25 4
-5 0 -24 1
-5 0 -23 1
-5 0 -22 1
-5 0 -21 1
-5 0 -20 1
-5 0 -19 1
-5 0 -18 1
-5 0 -17 1
-5 0 -16 1
-5 0 -15 1
-5 0 -14 1
-5 0 -13 1
-5 0 -12 1
-5 0 -11 1
-5 0 -10 1
-5 0 -9 1
-5 0 -8 1
-5 0 -7 1
-5 0 -6 1
-5 0 -5 1
-5 0 -4 1
-5 0 -3 1
-5 0 -2 1
-5 0 -1 1
-5 0 0 1
-5 0 1 1
-5 0 2 1
-5 0 3 1
-5 0 4 1
-5 0 5 1
-5 0 6 1
-5 0 7 1
-5 0 8 1
-5 0 9 1
-5 0 10 1
-5 0 11 1
-5 0 12 1
-5 0 13 1
-5 0 14 1
-5 0 15 1
-5 0 16 1
-5 0 17 1
-5 0 18 1
-5 0 19 1
-5 0 20 1
-5 0 21 1
-5 0 22 1
-5 0 23 1
-5 0 24 1
-5 0 25 5
-4 0 -25 4
-4 0 -24 1
-4 0 -23 1
-4 0 -22 1
-4 0 -21 1
-4 0 -20 1
-4 0 -19 1
-4 0 -18 1
-4 0 -17 1
-4 0 -16 1
-4 0 -15 1
-4 0 -14 1
-4 0 -13 1
-4 0 -12 1
-4 0 -11 1
-4 0 -10 1
-4 0 -9 1
-4 0 -8 1
-4 0 -7 1
-4 0 -6 1
-4 0 -5 1
-4 0 -4 1
-4 0 -3 1
-4 0 -2 1
-4 0 -1 1
-4 0 0 1
-4 0 1 1
-4 0 2 1
-4 0 3 1
-4 0 4 1
-4 0 5 1
-4 0 6 1
-4 0 7 1
-4 0 8 1
-4 0 9 1
-4 0 10 1
-4 0 11 1
-4 0 12 1
-4 0 13 1
-4 0 14 1
-4 0 15 1
-4 0 16 1
-4 0 17 1
-4 0 18 1
-4 0 19 1
-4 0 20 1
-4 0 21 1
-4 0 22 1
-4 0 23 1
-4 0 24 1
-4 0 25 5
-3 0 -26 4
-3 0 -25 1
-3 0 -24 1
-3 0 -23 1
-3 0 -22 1
-3 0 -21 1
-3 0 -20 1
-3 0 -19 1
-3 0 -18 1
-3 0 -17 1
-3 0 -16 1
-3 0 -15 1
-3 0 -14 1
-3 0 -13 1
-3 0 -12 1
-3 0 -11 1
-3 0 -10 1
-3 0 -9 1
-3 0 -8 1
-3 0 -7 1
-3 0 -6 1
-3 0 -5 1
-3 0 -4 1
-3 0 -3 1
-3 0 -2 1
-3 0 -1 1
-3 0 0 1
-3 0 1 1
-3 0 2 1
-3 0 3 1
-3 0 4 1
-3 0 5 1
-3 0 6 1
-3 0 7 1
-3 0 8 1
-3 0 9 1
-3 0 10 1
-3 0 11 1
-3 0 12 1
-3 0 13 1
-3 0 14 1
-3 0 15 1
-3 0 16 1
-3 0 17 1
-3 0 18 1
-3 0 19 1
-3 0 20 1
-3 0 21 1
-3 0 22 1
-3 0 23 1
-3 0 24 1
-3 0 25 1
-3 0 26 5
-2 0 -26 4
-2 0 -25 1
-2 0 -24 1
-2 0 -23 1
-2 0 -22 1
-2 0 -21 1
-2 0 -20 1
-2 0 -19 1
-2 0 -18 1
-2 0 -17 1
-2 0 -16 1
-2 0 -15 1
-2 0 -14 1
-2 0 -13 1
-2 0 -12 1
-2 0 -11 1
-2 0 -10 1
-2 0 -9 1
-2 0 -8 1
-2 0 -7 1
-2 0 -6 1
-2 0 -5 1
-2 0 -4 1
-2 0 -3 1
-2 0 -2 1
-2 0 -1 1
-2 0 0 1
-2 0 1 1
-2 0 2 1
-2 0 3 1
-2 0 4 1
-2 0 5 1
-2 0 6 1
-2 0 7 1
-2 0 8 1
-2 0 9 1
-2 0 10 1
-2 0 11 1
-2 0 12 1
-2 0 13 1
-2 0 14 1
-2 0 15 1
-2 0 16 1
-2 0 17 1
-2 0 18 1
-2 0 19 1
-2 0 20 1
-2 0 21 1
-2 0 22 1
-2 0 23 1
-2 0 24 1
-2 0 25 1
-2 0 26 5
-1 0 -26 4
-1 0 -25 1
-1 0 -24 1
-1 0 -23 1
-1 0 -22 1
-1 0 -21 1
-1 0 -20 1
-1 0 -19 1
-1 0 -18 1
-1 0 -17 1
-1 0 -16 1
-1 0 -15 1
-1 0 -14 1
-1 0 -13 1
-1 0 -12 1
-1 0 -11 1
-1 0 -10 1
-1 0 -9 1
-1 0 -8 1
-1 0 -7 1
-1 0 -6 1
-1 0 -5 1
-1 0 -4 1
-1 0 -3 1
-1 0 -2 1
-1 0 -1 1
-1 0 0 1
-1 0 1 1
-1 0 2 1
-1 0 3 1
-1 0 4 1
-1 0 5 1
-1 0 6 1
-1 0 7 1
-1 0 8 1
-1 0 9 1
-1 0 10 1
-1 0 11 1
-1 0 12 1
-1 0 13 1
-1 0 14 1
-1 0 15 1
-1 0 16 1
-1 0 17 1
-1 0 18 1
-1 0 19 1
-1 0 20 1
-1 0 21 1
-1 0 22 1
-1 0 23 1
-1 0 24 1
-1 0 25 1
-1 0 26 5
0 0 -26 4
0 0 -25 1
0 0 -24 1
0 0 -23 1
0 0 -22 1
0 0 -21 1
0 0 -20 1
0 0 -19 1
0 0 -18 1
0 0 -17 1
0 0 -16 1
0 0 -15 1
0 0 -14 1
0 0 -13 1
0 0 -12 1
0 0 -11 1
0 0 -10 1
0 0 -9 1
0 0 -8 1
0 0 -7 1
0 0 -6 1
0 0 -5 1
0 0 -4 1
0 0 -3 1
0 0 -2 1
0 0 -1 1
0 0 0 1
0 0 1 1
0 0 2 1
0 0 3 1
0 0 4 1
0 0 5 1
0 0 6 1
0 0 7 1
0 0 8 1
0 0 9 1
0 0 10 1
0 0 11 1
0 0 12 1
0 0 13 1
0 0 14 1
0 0 15 1
0 0 16 1
0 0 17 1
0 0 18 1
0 0 19 1
0 0 20 1
0 0 21 1
0 0 22 1
0 0 23 1
0 0 24 1
0 0 25 1
0 0 26 5
1 0 -26 4
1 0 -25 1
1 0 -24 1
1 0 -23 1
1 0 -22 1
1 0 -21 1
1 0 -20 1
1 0 -19 1
1 0 -18 1
1 0 -17 1
1 0 -16 1
1 0 -15 1
1 0 -14 1
1 0 -13 1
1 0 -12 1
1 0 -11 1
1 0 -10 1
1 0 -9 1
1 0 -8 1
1 0 -7 1
1 0 -6 1
1 0 -5 1
1 0 -4 1
1 0 -3 1
1 0 -2 1
1 0 -1 1
1 0 0 1
1 0 1 1
1 0 2 1
1 0 3 1
1 0 4 1
1 0 5 1
1 0 6 1
1 0 7 1
1 0 8 1
1 0 9 1
1 0 10 1
1 0 11 1
1 0 12 1
1 0 13 1
1 0 14 1
1 0 15 1
1 0 16 1
1 0 17 1
1 0 18 1
1 0 19 1
1 0 20 1
1 0 21 1
1 0 22 1
1 0 23 1
1 0 24 1
1 0 25 1
1 0 26 5
2 0 -26 4
2 0 -25 1
2 0 -24 1
2 0 -23 1
2 0 -22 1
2 0 -21 1
2 0 -20 1
2 0 -19 1
2 0 -18 1
2 0 -17 1
2 0 -16 1
2 0 -15 1
2 0 -14 1
2 0 -13 1
2 0 -12 1
2 0 -11 1
2 0 -10 1
2 0 -9 1
2 0 -8 1
2 0 -7 1
2 0 -6 1
2 0 -5 1
2 0 -4 1
2 0 -3 1
2 0 -2 1
2 0 -1 1
2 0 0 1
2 0 1 1
2 0 2 1
2 0 3 1
2 0 4 1
2 0 5 1
2 0 6 1
2 0 7 1
2 0 8 1
2 0 9 1
2 0 10 1
2 0 11 1
2 0 12 1
2 0 13 1
2 0 14 1
2 0 15 1
2 0 16 1
2 0 17 1
2 0 18 1
2 0 19 1
2 0 20 1
2 0 21 1
2 0 22 1
2 0 23 1
2 0 24 1
2 0 25 1
2 0 26 5
3 0 -26 4
3 0 -25 1
3 0 -24 1
3 0 -23 1
3 0 -22 1
3 0 -21 1
3 0 -20 1
3 0 -19 1
3 0 -18 1
3 0 -17 1
3 0 -16 1
3 0 -15 1
3 0 -14 1
3 0 -13 1
3 0 -12 1
3 0 -11 1
3 0 -10 1
3 0 -9 1
3 0 -8 1
3 0 -7 1
3 0 -6 1
3 0 -5 1
3 0 -4 1
3 0 -3 1
3 0 -2 1
3 0 -1 1
3 0 0 1
3 0 1 1
3 0 2 1
3 0 3 1
3 0 4 1
3 0 5 1
3 0 6 1
3 0 7 1
3 0 8 1
3 0 9 1
3 0 10 1
3 0 11 1
3 0 12 1
3 0 13 1
3 0 14 1
3 0 15 1
3 0 16 1
3 0 17 1
3 0 18 1
3 0 19 1
3 0 20 1
3 0 21 1
3 0 22 1
3 0 23 1
3 0 24 1
3 0 25 1
3 0 26 5
4 0 -25 4
4 0 -24 1
4 0 -23 1
4 0 -22 1
4 0 -21 1
4 0 -20 1
4 0 -19 1
4 0 -18 1
4 0 -17 1
4 0 -16 1
4 0 -15 1
4 0 -14 1
4 0 -13 1
4 0 -12 1
4 0 -11 1
4 0 -10 1
4 0 -9 1
4 0 -8 1
4 0 -7 1
4 0 -6 1
4 0 -5 1
4 0 -4 1
4 0 -3 1
4 0 -2 1
4 0 -1 1
4 0 0 1
4 0 1 1
4 0 2 1
4 0 3 1
4 0 4 1
4 0 5 1
4 0 6 1
4 0 7 1
4 0 8 1
4 0 9 1
4 0 10 1
4 0 11 1
4 0 12 1
4 0 13 1
4 0 14 1
4 0 15 1
4 0 16 1
4 0 17 1
4 0 18 1
4 0 19 1
4 0 20 1
4 0 21 1
4 0 22 1
4 0 23 1
4 0 24 1
4 0 25 5
5 0 -25 4
5 0 -24 1
5 0 -23 1
5 0 -22 1
5 0 -21 1
5 0 -20 1
5 0 -19 1
5 0 -18 1
5 0 -17 1
5 0 -16 1
5 0 -15 1
5 0 -14 1
5 0 -13 1
5 0 -12 1
5 0 -11 1
5 0 -10 1
5 0 -9 1
5 0 -8 1
5 0 -7 1
5 0 -6 1
5 0 -5 1
5 0 -4 1
5 0 -3 1
5 0 -2 1
5 0 -1 1
5 0 0 1
5 0 1 1
5 0 2 1
5 0 3 1
5 0 4 1
5 0 5 1
5 0 6 1
5 0 7 1
5 0 8 1
5 0 9 1
5 0 10 1
5 0 11 1
5 0 12 1
5 0 13 1
5 0 14 1
5 0 15 1
5 0 16 1
5 0 17 1
5 0 18 1
5 0 19 1
5 0 20 1
5 0 21 1
5 0 22 1
5 0 23 1
5 0 24 1
5 0 25 5
6 0 -25 4
6 0 -24 1
6 0 -23 1
6 0 -22 1
6 0 -21 1
6 0 -20 1
6 0 -19 1
6 0 -18 1
6 0 -17 1
6 0 -16 1
6 0 -15 1
6 0 -14 1
6 0 -13 1
6 0 -12 1
6 0 -11 1
6 0 -10 1
6 0 -9 1
6 0 -8 1
6 0 -7 1
6 0 -6 1
6 0 -5 1
6 0 -4 1
6 0 -3 1
6 0 -2 1
6 0 -1 1
6 0 0 1
6 0 1 1
6 0 2 1
6 0 3 1
6 0 4 1
6 0 5 1
6 0 6 1
6 0 7 1
6 0 8 1
6 0 9 1
6 0 10 1
6 0 11 1
6 0 12 1
6 0 13 1
6 0 14 1
6 0 15 1
6 0 16 1
6 0 17 1
6 0 18 1
6 0 19 1
6 0 20 1
6 0 21 1
6 0 22 1
6 0 23 1
6 0 24 1
6 0 25 5
7 0 -25 4
7 0 -24 1
7 0 -23 1
7 0 -22 1
7 0 -21 1
7 0 -20 1
7 0 -19 1
7 0 -18 1
7 0 -17 1
7 0 -16 1
7 0 -15 1
7 0 -14 1
7 0 -13 1
7 0 -12 1
7 0 -11 1
7 0 -10 1
7 0 -9 1
7 0 -8 1
7 0 -7 1
7 0 -6 1
7 0 -5 1
7 0 -4 1
7 0 -3 1
7 0 -2 1
7 0 -1 1
7 0 0 1
7 0 1 1
7 0 2 1
7 0 3 1
7 0 4 1
7 0 5 1
7 0 6 1
7 0 7 1
7 0 8 1
7 0 9 1
7 0 10 1
7 0 11 1
7 0 12 1
7 0 13 1
7 0 14 1
7 0 15 1
7 0 16 1
7 0 17 1
7 0 18 1
7 0 19 1
7 0 20 1
7 0 21 1
7 0 22 1
7 0 23 1
7 0 24 1
7 0 25 5
8 0 -24 4
8 0 -23 1
8 0 -22 1
8 0 -21 1
8 0 -20 1
8 0 -19 1
8 0 -18 1
8 0 -17 1
8 0 -16 1
8 0 -15 1
8 0 -14 1
8 0 -13 1
8 0 -12 1
8 0 -11 1
8 0 -10 1
8 0 -9 1
8 0 -8 1
8 0 -7 1
8 0 -6 1
8 0 -5 1
8 0 -4 1
8 0 -3 1
8 0 -2 1
8 0 -1 1
8 0 0 1
8 0 1 1
8 0 2 1
8 0 3 1
8 0 4 1
8 0 5 1
8 0 6 1
8 0 7 1
8 0 8 1
8 0 9 1
8 0 10 1
8 0 11 1
8 0 12 1
8 0 13 1
8 0 14 1
8 0 15 1
8 0 16 1
8 0 17 1
8 0 18 1
8 0 19 1
8 0 20 1
8 0 21 1
8 0 22 1
8 0 23 1
8 0 24 5
9 0 -24 4
9 0 -23 1
9 0 -22 1
9 0 -21 1
9 0 -20 1
9 0 -19 1
9 0 -18 1
9 0 -17 1
9 0 -16 1
9 0 -15 1
9 0 -14 1
9 0 -13 1
9 0 -12 1
9 0 -11 1
9 0 -10 1
9 0 -9 1
9 0 -8 1
9 0 -7 1
9 0 -6 1
9 0 -5 1
9 0 -4 1
9 0 -3 1
9 0 -2 1
9 0 -1 1
9 0 0 1
9 0 1 1
9 0 2 1
9 0 3 1
9 0 4 1
9 0 5 1
9 0 6 1
9 0 7 1
9 0 8 1
9 0 9 1
9 0 10 1
9 0 11 1
9 0 12 1
9 0 13 1
9 0 14 1
9 0 15 1
9 0 16 1
9 0 17 1
9 0 18 1
9 0 19 1
9 0 20 1
9 0 21 1
9 0 22 1
9 0 23 1
9 0 24 5
10 0 -24 4
10 0 -23 1
10 0 -22 1
10 0 -21 1
10 0 -20 1
10 0 -19 1
10 0 -18 1
10 0 -17 1
10 0 -16 1
10 0 -15 1
10 0 -14 1
10 0 -13 1
10 0 -12 1
10 0 -11 1
10 0 -10 1
10 0 -9 1
10 0 -8 1
10 0 -7 1
10 0 -6 1
10 0 -5 1
10 0 -4 1
10 0 -3 1
10 0 -2 1
10 0 -1 1
10 0 0 1
10 0 1 1
10 0 2 1
10 0 3 1
10 0 4 1
10 0 5 1
10 0 6 1
10 0 7 1
10 0 8 1
10 0 9 1
10 0 10 1
10 0 11 1
10 0 12 1
10 0 13 1
10 0 14 1
10 0 15 1
10 0 16 1
10 0 17 1
10 0 18 1
10 0 19 1
10 0 20 1
10 0 21 1
10 0 22 1
10 0 23 1
10 0 24 5
11 0 -23 4
11 0 -22 1
11 0 -21 1
11 0 -20 1
11 0 -19 1
11 0 -18 1
11 0 -17 1
11 0 -16 1
11 0 -15 1
11 0 -14 1
11 0 -13 1
11 0 -12 1
11 0 -11 1
11 0 -10 1
11 0 -9 1
11 0 -8 1
11 0 -7 1
11 0 -6 1
11 0 -5 1
11 0 -4 1
11 0 -3 1
11 0 -2 1
11 0 -1 1
11 0 0 1
11 0 1 1
11 0 2 1
11 0 3 1
11 0 4 1
11 0 5 1
11 0 6 1
11 0 7 1
11 0 8 1
11 0 9 1
11 0 10 1
11 0 11 1
11 0 12 1
11 0 13 1
11 0 14 1
11 0 15 1
11 0 16 1
11 0 17 1
11 0 18 1
11 0 19 1
11 0 20 1
11 0 21 1
11 0 22 1
11 0 23 5
12 0 -23 4
12 0 -22 1
12 0 -21 1
12 0 -20 1
12 0 -19 1
12 0 -18 1
12 0 -17 1
12 0 -16 1
12 0 -15 1
12 0 -14 1
12 0 -13 1
12 0 -12 1
12 0 -11 1
12 0 -10 1
12 0 -9 1
12 0 -8 1
12 0 -7 1
12 0 -6 1
12 0 -5 1
12 0 -4 1
12 0 -3 1
12 0 -2 1
12 0 -1 1
12 0 0 1
12 0 1 1
12 0 2 1
12 0 3 1
12 0 4 1
12 0 5 1
12 0 6 1
12 0 7 1
12 0 8 1
12 0 9 1
12 0 10 1
12 0 11 1
12 0 12 1
12 0 13 1
12 0 14 1
12 0 15 1
12 0 16 1
12 0 17 1
12 0 18 1
12 0 19 1
12 0 20 1
12 0 21 1
12 0 22 1
12 0 23 5
13 0 -22 4
13 0 -21 1
13 0 -20 1
13 0 -19 1
13 0 -18 1
13 0 -17 1
13 0 -16 1
13 0 -15 1
13 0 -14 1
13 0 -13 1
13 0 -12 1
13 0 -11 1
13 0 -10 1
13 0 -9 1
13 0 -8 1
13 0 -7 1
13 0 -6 1
13 0 -5 1
13 0 -4 1
13 0 -3 1
13 0 -2 1
13 0 -1 1
13 0 0 1
13 0 1 1
13 0 2 1
13 0 3 1
13 0 4 1
13 0 5 1
13 0 6 1
13 0 7 1
13 0 8 1
13 0 9 1
13 0 10 1
13 0 11 1
13 0 12 1
13 0 13 1
13 0 14 1
13 0 15 1
13 0 16 1
13 0 17 1
13 0 18 1
13 0 19 1
13 0 20 1
13 0 21 1
13 0 22 5
14 0 -22 4
14 0 -21 4
14 0 -20 1
14 0 -19 1
14 0 -18 1
14 0 -17 1
14 0 -16 1
14 0 -15 1
14 0 -14 1
14 0 -13 1
14 0 -12 1
14 0 -11 1
14 0 -10 1
14 0 -9 1
14 0 -8 1
14 0 -7 1
14 0 -6 1
14 0 -5 1
14 0 -4 1
14 0 -3 1
14 0 -2 1
14 0 -1 1
14 0 0 1
14 0 1 1
14 0 2 1
14 0 3 1
14 0 4 1
14 0 5 1
14 0 6 1
14 0 7 1
14 0 8 1
14 0 9 1
14 0 10 1
14 0 11 1
14 0 12 1
14 0 13 1
14 0 14 1
14 0 15 1
14 0 16 1
14 0 17 1
14 0 18 1
14 0 19 1
14 0 20 1
14 0 21 5
14 0 22 5
15 0 -21 4
15 0 -20 1
15 0 -19 1
15 0 -18 1
15 0 -17 1
15 0 -16 1
15 0 -15 1
15 0 -14 1
15 0 -13 1
15 0 -12 1
15 0 -11 1
15 0 -10 1
15 0 -9 1
15 0 -8 1
15 0 -7 1
15 0 -6 1
15 0 -5 1
15 0 -4 1
15 0 -3 1
15 0 -2 1
15 0 -1 1
15 0 0 1
15 0 1 1
15 0 2 1
15 0 3 1
15 0 4 1
15 0 5 1
15 0 6 1
15 0 7 1
15 0 8 1
15 0 9 1
15 0 10 1
15 0 11 1
15 0 12 1
15 0 13 1
15 0 14 1
15 0 15 1
15 0 16 1
15 0 17 1
15 0 18 1
15 0 19 1
15 0 20 1
15 0 21 5
16 0 -20 4
16 0 -19 1
16 0 -18 1
16 0 -17 1
16 0 -16 1
16 0 -15 1
16 0 -14 1
16 0 -13 1
16 0 -12 1
16 0 -11 1
16 0 -10 1
16 0 -9 1
16 0 -8 1
16 0 -7 1
16 0 -6 1
16 0 -5 1
16 0 -4 1
16 0 -3 1
16 0 -2 1
16 0 -1 1
16 0 0 1
16 0 1 1
16 0 2 1
16 0 3 1
16 0 4 1
16 0 5 1
16 0 6 1
16 0 7 1
16 0 8 1
16 0 9 1
16 0 10 1
16 0 11 1
16 0 12 1
16 0 13 1
16 0 14 1
16 0 15 1
16 0 16 1
16 0 17 1
16 0 18 1
16 0 19 1
16 0 20 5
17 0 -19 4
17 0 -18 1
17 0 -17 1
17 0 -16 1
17 0 -15 1
17 0 -14 1
17 0 -13 1
17 0 -12 1
17 0 -11 1
17 0 -10 1
17 0 -9 1
17 0 -8 1
17 0 -7 1
17 0 -6 1
17 0 -5 1
17 0 -4 1
17 0 -3 1
17 0 -2 1
17 0 -1 1
17 0 0 1
17 0 1 1
17 0 2 1
17 0 3 1
17 0 4 1
17 0 5 1
17 0 6 1
17 0 7 1
17 0 8 1
17 0 9 1
17 0 10 1
17 0 11 1
17 0 12 1
17 0 13 1
17 0 14 1
17 0 15 1
17 0 16 1
17 0 17 1
17 0 18 1
17 0 19 5
18 0 -19 4
18 0 -18 4
18 0 -17 1
18 0 -16 1
18 0 -15 1
18 0 -14 1
18 0 -13 1
18 0 -12 1
18 0 -11 1
18 0 -10 1
18 0 -9 1
18 0 -8 1
18 0 -7 1
18 0 -6 1
18 0 -5 1
18 0 -4 1
18 0 -3 1
18 0 -2 1
18 0 -1 1
18 0 0 1
18 0 1 1
18 0 2 1
18 0 3 1
18 0 4 1
18 0 5 1
18 0 6 1
18 0 7 1
18 0 8 1
18 0 9 1
18 0 10 1
18 0 11 1
18 0 12 1
18 0 13 1
18 0 14 1
18 0 15 1
18 0 16 1
18 0 17 1
18 0 18 5
18 0 19 5
19 0 -18 6
19 0 -17 7
19 0 -16 1
19 0 -15 1
19 0 -14 1
19 0 -13 1
19 0 -12 1
19 0 -11 1
19 0 -10 1
19 0 -9 1
19 0 -8 1
19 0 -7 1
19 0 -6 1
19 0 -5 1
19 0 -4 1
19 0 -3 1
19 0 -2 1
19 0 -1 1
19 0 0 1
19 0 1 1
19 0 2 1
19 0 3 1
19 0 4 1
19 0 5 1
19 0 6 1
19 0 7 1
19 0 8 1
19 0 9 1
19 0 10 1
19 0 11 1
19 0 12 1
19 0 13 1
19 0 14 1
19 0 15 1
19 0 16 1
19 0 17 7
19 0 18 8
20 0 -16 7
20 0 -15 1
20 0 -14 1
20 0 -13 1
20 0 -12 1
20 0 -11 1
20 0 -10 1
20 0 -9 1
20 0 -8 1
20 0 -7 1
20 0 -6 1
20 0 -5 1
20 0 -4 1
20 0 -3 1
20 0 -2 1
20 0 -1 1
20 0 0 1
20 0 1 1
20 0 2 1
20 0 3 1
20 0 4 1
20 0 5 1
20 0 6 1
20 0 7 1
20 0 8 1
20 0 9 1
20 0 10 1
20 0 11 1
20 0 12 1
20 0 13 1
20 0 14 1
20 0 15 1
20 0 16 7
21 0 -15 7
21 0 -14 7
21 0 -13 1
21 0 -12 1
21 0 -11 1
21 0 -10 1
21 0 -9 1
21 0 -8 1
21 0 -7 1
21 0 -6 1
21 0 -5 1
21 0 -4 1
21 0 -3 1
21 0 -2 1
21 0 -1 1
21 0 0 1
21 0 1 1
21 0 2 1
21 0 3 1
21 0 4 1
21 0 5 1
21 0 6 1
21 0 7 1
21 0 8 1
21 0 9 1
21 0 10 1
21 0 11 1
21 0 12 1
21 0 13 1
21 0 14 7
21 0 15 7
22 0 -14 7
22 0 -13 7
22 0 -12 1
22 0 -11 1
22 0 -10 1
22 0 -9 1
22 0 -8 1
22 0 -7 1
22 0 -6 1
22 0 -5 1
22 0 -4 1
22 0 -3 1
22 0 -2 1
22 0 -1 1
22 0 0 1
22 0 1 1
22 0 2 1
22 0 3 1
22 0 4 1
22 0 5 1
22 0 6 1
22 0 7 1
22 0 8 1
22 0 9 1
22 0 10 1
22 0 11 1
22 0 12 1
22 0 13 7
22 0 14 7
23 0 -12 7
23 0 -11 7
23 0 -10 1
23 0 -9 1
23 0 -8 1
23 0 -7 1
23 0 -6 1
23 0 -5 1
23 0 -4 1
23 0 -3 1
23 0 -2 1
23 0 -1 1
23 0 0 1
23 0 1 1
23 0 2 1
23 0 3 1
23 0 4 1
23 0 5 1
23 0 6 1
23 0 7 1
23 0 8 1
23 0 9 1
23 0 10 1
23 0 11 7
23 0 12 7
24 0 -10 7
24 0 -9 7
24 0 -8 7
24 0 -7 1
24 0 -6 1
24 0 -5 1
24 0 -4 1
24 0 -3 1
24 0 -2 1
24 0 -1 1
24 0 0 1
24 0 1 1
24 0 2 1
24 0 3 1
24 0 4 1
24 0 5 1
24 0 6 1
24 0 7 1
24 0 8 7
24 0 9 7
24 0 10 7
25 0 -7 7
25 0 -6 7
25 0 -5 7
25 0 -4 7
25 0 -3 1
25 0 -2 1
25 0 -1 1
25 0 0 1
25 0 1 1
25 0 2 1
25 0 3 1
25 0 4 7
25 0 5 7
25 0 6 7
25 0 7 7
26 0 -3 7
26 0 -2 7
26 0 -1 7
26 0 0 7
26 0 1 7
26 0 2 7
26 0 3 7
-24 1 -3 0
-24 1 -2 0
-24 1 -1 0
-24 1 0 0
-24 1 1 0
-24 1 2 0
-24 1 3 0
-23 1 -7 0
-23 1 -6 0
-23 1 -5 0
-23 1 -4 0
-23 1 -3 9
-23 1 -2 9
-23 1 -1 9
-23 1 0 9
-23 1 1 9
-23 1 2 9
-23 1 3 9
-23 1 4 0
-23 1 5 0
-23 1 6 0
-23 1 7 0
-22 1 -10 0
-22 1 -9 0
-22 1 -8 0
-22 1 -7 9
-22 1 -6 9
-22 1 -5 9
-22 1 -4 9
-22 1 -3 9
-22 1 -2 9
-22 1 -1 9
-22 1 0 9
-22 1 1 9
-22 1 2 9
-22 1 3 9
-22 1 4 9
-22 1 5 9
-22 1 6 9
-22 1 7 9
-22 1 8 0
-22 1 9 0
-22 1 10 0
-21 1 -12 0
-21 1 -11 0
-21 1 -10 0
-21 1 -9 9
-21 1 -8 9
-21 1 -7 9
-21 1 -6 9
-21 1 -5 9
-21 1 -4 9
-21 1 -3 9
-21 1 -2 9
-21 1 -1 9
-21 1 0 9
-21 1 1 9
-21 1 2 9
-21 1 3 9
-21 1 4 9
-21 1 5 9
-21 1 6 9
-21 1 7 9
-21 1 8 9
-21 1 9 9
-21 1 10 0
-21 1 11 0
-21 1 12 0
-20 1 -13 0
-20 1 -12 0
-20 1 -11 9
-20 1 -10 9
-20 1 -9 9
-20 1 -8 9
-20 1 -7 9
-20 1 -6 9
-20 1 -5 9
-20 1 -4 9
-20 1 -3 9
-20 1 -2 9
-20 1 -1 9
-20 1 0 9
-20 1 1 9
-20 1 2 9
-20 1 3 9
-20 1 4 9
-20 1 5 9
-20 1 6 9
-20 1 7 9
-20 1 8 9
-20 1 9 9
-20 1 10 9
-20 1 11 9
-20 1 12 0
-20 1 13 0
-19 1 -14 0
-19 1 -13 9
-19 1 -12 9
-19 1 -11 9
-19 1 -10 9
-19 1 -9 9
-19 1 -8 9
-19 1 -7 9
-19 1 -6 9
-19 1 -5 9
-19 1 -4 9
-19 1 -3 9
-19 1 -2 9
-19 1 -1 9
-19 1 0 9
-19 1 1 9
-19 1 2 9
-19 1 3 9
-19 1 4 9
-19 1 5 9
-19 1 6 9
-19 1 7 9
-19 1 8 9
-19 1 9 9
-19 1 10 9
-19 1 11 9
-19 1 12 9
-19 1 13 9
-19 1 14 0
-18 1 -16 0
-18 1 -15 0
-18 1 -14 9
-18 1 -13 9
-18 1 -12 9
-18 1 -11 9
-18 1 -10 9
-18 1 -9 9
-18 1 -8 9
-18 1 -7 9
-18 1 -6 9
-18 1 -5 9
-18 1 -4 9
-18 1 -3 9
-18 1 -2 9
-18 1 -1 9
-18 1 0 9
-18 1 1 9
-18 1 2 9
-18 1 3 9
-18 1 4 9
-18 1 5 9
-18 1 6 9
-18 1 7 9
-18 1 8 9
-18 1 9 9
-18 1 10 9
-18 1 11 9
-18 1 12 9
-18 1 13 9
-18 1 14 9
-18 1 15 0
-18 1 16 0
-17 1 -17 10
-17 1 -16 0
-17 1 -15 9
-17 1 -14 9
-17 1 -13 9
-17 1 -12 9
-17 1 -11 9
-17 1 -10 9
-17 1 -9 9
-17 1 -8 9
-17 1 -7 9
-17 1 -6 9
-17 1 -5 9
-17 1 -4 9
-17 1 -3 9
-17 1 -2 9
-17 1 -1 9
-17 1 0 9
-17 1 1 9
-17 1 2 9
-17 1 3 9
-17 1 4 9
-17 1 5 9
-17 1 6 9
-17 1 7 9
-17 1 8 9
-17 1 9 9
-17 1 10 9
-17 1 11 9
-17 1 12 9
-17 1 13 9
-17 1 14 9
-17 1 15 9
-17 1 16 0
-17 1 17 11
-16 1 -18 4
-16 1 -17 4
-16 1 -16 9
-16 1 -15 9
-16 1 -14 9
-16 1 -13 9
-16 1 -12 9
-16 1 -11 9
-16 1 -10 9
-16 1 -9 9
-16 1 -8 9
-16 1 -7 9
-16 1 -6 9
-16 1 -5 9
-16 1 -4 9
-16 1 -3 9
-16 1 -2 9
-16 1 -1 9
-16 1 0 9
-16 1 1 9
-16 1 2 9
-16 1 3 9
-16 1 4 9
-16 1 5 9
-16 1 6 9
-16 1 7 9
-16 1 8 9
-16 1 9 9
-16 1 10 9
-16 1 11 9
-16 1 12 9
-16 1 13 9
-16 1 14 9
-16 1 15 9
-16 1 16 9
-16 1 17 5
-16 1 18 5
-15 1 -18 4
-15 1 -17 9
-15 1 -16 9
-15 1 -15 9
-15 1 -14 9
-15 1 -13 9
-15 1 -12 9
-15 1 -11 9
-15 1 -10 9
-15 1 -9 9
-15 1 -8 9
-15 1 -7 9
-15 1 -6 9
-15 1 -5 9
-15 1 -4 9
-15 1 -3 9
-15 1 -2 9
-15 1 -1 9
-15 1 0 9
-15 1 1 9
-15 1 2 9
-15 1 3 9
-15 1 4 9
-15 1 5 9
-15 1 6 9
-15 1 7 9
-15 1 8 9
-15 1 9 9
-15 1 10 9
-15 1 11 9
-15 1 12 9
-15 1 13 9
-15 1 14 9
-15 1 15 9
-15 1 16 9
-15 1 17 9
-15 1 18 5
-14 1 -19 4
-14 1 -18 9
-14 1 -17 9
-14 1 -16 9
-14 1 -15 9
-14 1 -14 9
-14 1 -13 9
-14 1 -12 9
-14 1 -11 9
-14 1 -10 9
-14 1 -9 9
-14 1 -8 9
-14 1 -7 9
-14 1 -6 9
-14 1 -5 9
-14 1 -4 9
-14 1 -3 9
-14 1 -2 9
-14 1 -1 9
-14 1 0 9
-14 1 1 9
-14 1 2 9
-14 1 3 9
-14 1 4 9
-14 1 5 9
-14 1 6 9
-14 1 7 9
-14 1 8 9
-14 1 9 9
-14 1 10 9
-14 1 11 9
-14 1 12 9
-14 1 13 9
-14 1 14 9
-14 1 15 9
-14 1 16 9
-14 1 17 9
-14 1 18 9
-14 1 19 5
-13 1 -20 4
-13 1 -19 9
-13 1 -18 9
-13 1 -17 9
-13 1 -16 9
-13 1 -15 9
-13 1 -14 9
-13 1 -13 9
-13 1 -12 9
-13 1 -11 9
-13 1 -10 9
-13 1 -9 9
-13 1 -8 9
-13 1 -7 9
-13 1 -6 9
-13 1 -5 9
-13 1 -4 9
-13 1 -3 9
-13 1 -2 9
-13 1 -1 9
-13 1 0 9
-13 1 1 9
-13 1 2 9
-13 1 3 9
-13 1 4 9
-13 1 5 9
-13 1 6 9
-13 1 7 9
-13 1 8 9
-13 1 9 9
-13 1 10 9
-13 1 11 9
-13 1 12 9
-13 1 13 9
-13 1 14 9
-13 1 15 9
-13 1 16 9
-13 1 17 9
-13 1 18 9
-13 1 19 9
-13 1 20 5
-12 1 -21 4
-12 1 -20 4
-12 1 -19 9
-12 1 -18 9
-12 1 -17 9
-12 1 -16 9
-12 1 -15 9
-12 1 -14 9
-12 1 -13 9
-12 1 -12 9
-12 1 -11 9
-12 1 -10 9
-12 1 -9 9
-12 1 -8 9
-12 1 -7 9
-12 1 -6 9
-12 1 -5 9
-12 1 -4 9
-12 1 -3 9
-12 1 -2 9
-12 1 -1 9
-12 1 0 9
-12 1 1 9
-12 1 2 9
-12 1 3 9
-12 1 4 9
-12 1 5 9
-12 1 6 9
-12 1 7 9
-12 1 8 9
-12 1 9 9
-12 1 10 9
-12 1 11 9
-12 1 12 9
-12 1 13 9
-12 1 14 9
-12 1 15 9
-12 1 16 9
-12 1 17 9
-12 1 18 9
-12 1 19 9
-12 1 20 5
-12 1 21 5
-11 1 -21 4
-11 1 -20 9
-11 1 -19 9
-11 1 -18 9
-11 1 -17 9
-11 1 -16 9
-11 1 -15 9
-11 1 -14 9
-11 1 -13 9
-11 1 -12 9
-11 1 -11 9
-11 1 -10 9
-11 1 -9 9
-11 1 -8 9
-11 1 -7 9
-11 1 -6 9
-11 1 -5 9
-11 1 -4 9
-11 1 -3 9
-11 1 -2 9
-11 1 -1 9
-11 1 0 9
-11 1 1 9
-11 1 2 9
-11 1 3 9
-11 1 4 9
-11 1 5 9
-11 1 6 9
-11 1 7 9
-11 1 8 9
-11 1 9 9
-11 1 10 9
-11 1 11 9
-11 1 12 9
-11 1 13 9
-11 1 14 9
-11 1 15 9
-11 1 16 9
-11 1 17 9
-11 1 18 9
-11 1 19 9
-11 1 20 9
-11 1 21 5
-10 1 -22 4
-10 1 -21 4
-10 1 -20 9
-10 1 -19 9
-10 1 -18 9
-10 1 -17 9
-10 1 -16 9
-10 1 -15 9
-10 1 -14 9
-10 1 -13 9
-10 1 -12 9
-10 1 -11 9
-10 1 -10 9
-10 1 -9 9
-10 1 -8 9
-10 1 -7 9
-10 1 -6 9
-10 1 -5 9
-10 1 -4 9
-10 1 -3 9
-10 1 -2 9
-10 1 -1 9
-10 1 0 9
-10 1 1 9
-10 1 2 9
-10 1 3 9
-10 1 4 9
-10 1 5 9
-10 1 6 9
-10 1 7 9
-10 1 8 9
-10 1 9 9
-10 1 10 9
-10 1 11 9
-10 1 12 9
-10 1 13 9
-10 1 14 9
-10 1 15 9
-10 1 16 9
-10 1 17 9
-10 1 18 9
-10 1 19 9
-10 1 20 9
-10 1 21 5
-10 1 22 5
-9 1 -22 4
-9 1 -21 9
-9 1 -20 9
-9 1 -19 9
-9 1 -18 9
-9 1 -17 9
-9 1 -16 9
-9 1 -15 9
-9 1 -14 9
-9 1 -13 9
-9 1 -12 9
-9 1 -11 9
-9 1 -10 9
-9 1 -9 9
-9 1 -8 9
-9 1 -7 9
-9 1 -6 9
-9 1 -5 9
-9 1 -4 9
-9 1 -3 9
-9 1 -2 9
-9 1 -1 9
-9 1 0 9
-9 1 1 9
-9 1 2 9
-9 1 3 9
-9 1 4 9
-9 1 5 9
-9 1 6 9
-9 1 7 9
-9 1 8 9
-9 1 9 9
-9 1 10 9
-9 1 11 9
-9 1 12 9
-9 1 13 9
-9 1 14 9
-9 1 15 9
-9 1 16 9
-9 1 17 9
-9 1 18 9
-9 1 19 9
-9 1 20 9
-9 1 21 9
-9 1 22 5
-8 1 -22 4
-8 1 -21 9
-8 1 -20 9
-8 1 -19 9
-8 1 -18 9
-8 1 -17 9
-8 1 -16 9
-8 1 -15 9
-8 1 -14 9
-8 1 -13 9
-8 1 -12 9
-8 1 -11 9
-8 1 -10 9
-8 1 -9 9
-8 1 -8 9
-8 1 -7 9
-8 1 -6 9
-8 1 -5 9
-8 1 -4 9
-8 1 -3 9
-8 1 -2 9
-8 1 -1 9
-8 1 0 9
-8 1 1 9
-8 1 2 9
-8 1 3 9
-8 1 4 9
-8 1 5 9
-8 1 6 9
-8 1 7 9
-8 1 8 9
-8 1 9 9
-8 1 10 9
-8 1 11 9
-8 1 12 9
-8 1 13 9
-8 1 14 9
-8 1 15 9
-8 1 16 9
-8 1 17 9
-8 1 18 9
-8 1 19 9
-8 1 20 9
-8 1 21 9
-8 1 22 5
-7 1 -23 4
-7 1 -22 9
-7 1 -21 9
-7 1 -20 9
-7 1 -19 9
-7 1 -18 9
-7 1 -17 9
-7 1 -16 9
-7 1 -15 9
-7 1 -14 9
-7 1 -13 9
-7 1 -12 9
-7 1 -11 9
-7 1 -10 9
-7 1 -9 9
-7 1 -8 9
-7 1 -7 9
-7 1 -6 9
-7 1 -5 9
-7 1 -4 9
-7 1 -3 9
-7 1 -2 9
-7 1 -1 9
-7 1 0 9
-7 1 1 9
-7 1 2 9
-7 1 3 9
-7 1 4 9
-7 1 5 9
-7 1 6 9
-7 1 7 9
-7 1 8 9
-7 1 9 9
-7 1 10 9
-7 1 11 9
-7 1 12 9
-7 1 13 9
-7 1 14 9
-7 1 15 9
-7 1 16 9
-7 1 17 9
-7 1 18 9
-7 1 19 9
-7 1 20 9
-7 1 21 9
-7 1 22 9
-7 1 23 5
-6 1 -23 4
-6 1 -22 9
-6 1 -21 9
-6 1 -20 9
-6 1 -19 9
-6 1 -18 9
-6 1 -17 9
-6 1 -16 9
-6 1 -15 9
-6 1 -14 9
-6 1 -13 9
-6 1 -12 9
-6 1 -11 9
-6 1 -10 9
-6 1 -9 9
-6 1 -8 9
-6 1 -7 9
-6 1 -6 9
-6 1 -5 9
-6 1 -4 9
-6 1 -3 9
-6 1 -2 9
-6 1 -1 9
-6 1 0 9
-6 1 1 9
-6 1 2 9
-6 1 3 9
-6 1 4 9
-6 1 5 9
-6 1 6 9
-6 1 7 9
-6 1 8 9
-6 1 9 9
-6 1 10 9
-6 1 11 9
-6 1 12 9
-6 1 13 9
-6 1 14 9
-6 1 15 9
-6 1 16 9
-6 1 17 9
-6 1 18 9
-6 1 19 9
-6 1 20 9
-6 1 21 9
-6 1 22 9
-6 1 23 5
-5 1 -23 4
-5 1 -22 9
-5 1 -21 9
-5 1 -20 9
-5 1 -19 9
-5 1 -18 9
-5 1 -17 9
-5 1 -16 9
-5 1 -15 9
-5 1 -14 9
-5 1 -13 9
-5 1 -12 9
-5 1 -11 9
-5 1 -10 9
-5 1 -9 9
-5 1 -8 9
-5 1 -7 9
-5 1 -6 9
-5 1 -5 9
-5 1 -4 9
-5 1 -3 9
-5 1 -2 9
-5 1 -1 9
-5 1 0 9
-5 1 1 9
-5 1 2 9
-5 1 3 9
-5 1 4 9
-5 1 5 9
-5 1 6 9
-5 1 7 9
-5 1 8 9
-5 1 9 9
-5 1 10 9
-5 1 11 9
-5 1 12 9
-5 1 13 9
-5 1 14 9
-5 1 15 9
-5 1 16 9
-5 1 17 9
-5 1 18 9
-5 1 19 9
-5 1 20 9
-5 1 21 9
-5 1 22 9
-5 1 23 5
-4 1 -23 4
-4 1 -22 9
-4 1 -21 9
-4 1 -20 9
-4 1 -19 9
-4 1 -18 9
-4 1 -17 9
-4 1 -16 9
-4 1 -15 9
-4 1 -14 9
-4 1 -13 9
-4 1 -12 9
-4 1 -11 9
-4 1 -10 9
-4 1 -9 9
-4 1 -8 9
-4 1 -7 9
-4 1 -6 9
-4 1 -5 9
-4 1 -4 9
-4 1 -3 9
-4 1 -2 9
-4 1 -1 9
-4 1 0 9
-4 1 1 9
-4 1 2 9
-4 1 3 9
-4 1 4 9
-4 1 5 9
-4 1 6 9
-4 1 7 9
-4 1 8 9
-4 1 9 9
-4 1 10 9
-4 1 11 9
-4 1 12 9
-4 1 13 9
-4 1 14 9
-4 1 15 9
-4 1 16 9
-4 1 17 9
-4 1 18 9
-4 1 19 9
-4 1 20 9
-4 1 21 9
-4 1 22 9
-4 1 23 5
-3 1 -24 4
-3 1 -23 9
-3 1 -22 9
-3 1 -21 9
-3 1 -20 9
-3 1 -19 9
-3 1 -18 9
-3 1 -17 9
-3 1 -16 9
-3 1 -15 9
-3 1 -14 9
-3 1 -13 9
-3 1 -12 9
-3 1 -11 9
-3 1 -10 9
-3 1 -9 9
-3 1 -8 9
-3 1 -7 9
-3 1 -6 9
-3 1 -5 9
-3 1 -4 9
-3 1 -3 9
-3 1 -2 9
-3 1 -1 9
-3 1 0 9
-3 1 1 9
-3 1 2 9
-3 1 3 9
-3 1 4 9
-3 1 5 9
-3 1 6 9
-3 1 7 9
-3 1 8 9
-3 1 9 9
-3 1 10 9
-3 1 11 9
-3 1 12 9
-3 1 13 9
-3 1 14 9
-3 1 15 9
-3 1 16 9
-3 1 17 9
-3 1 18 9
-3 1 19 9
-3 1 20 9
-3 1 21 9
-3 1 22 9
-3 1 23 9
-3 1 24 5
-2 1 -24 4
-2 1 -23 9
-2 1 -22 9
-2 1 -21 9
-2 1 -20 9
-2 1 -19 9
-2 1 -18 9
-2 1 -17 9
-2 1 -16 9
-2 1 -15 9
-2 1 -14 9
-2 1 -13 9
-2 1 -12 9
-2 1 -11 9
-2 1 -10 9
-2 1 -9 9
-2 1 -8 9
-2 1 -7 9
-2 1 -6 9
-2 1 -5 9
-2 1 -4 9
-2 1 -3 9
-2 1 -2 9
-2 1 -1 9
-2 1 0 9
-2 1 1 9
-2 1 2 9
-2 1 3 9
-2 1 4 9
-2 1 5 9
-2 1 6 9
-2 1 7 9
-2 1 8 9
-2 1 9 9
-2 1 10 9
-2 1 11 9
-2 1 12 9
-2 1 13 9
-2 1 14 9
-2 1 15 9
-2 1 16 9
-2 1 17 9
-2 1 18 9
-2 1 19 9
-2 1 20 9
-2 1 21 9
-2 1 22 9
-2 1 23 9
-2 1 24 5
-1 1 -24 4
-1 1 -23 9
-1 1 -22 9
-1 1 -21 9
-1 1 -20 9
-1 1 -19 9
-1 1 -18 9
-1 1 -17 9
-1 1 -16 9
-1 1 -15 9
-1 1 -14 9
-1 1 -13 9
-1 1 -12 9
-1 1 -11 9
-1 1 -10 9
-1 1 -9 9
-1 1 -8 9
-1 1 -7 9
-1 1 -6 9
-1 1 -5 9
-1 1 -4 9
-1 1 -3 9
-1 1 -2 9
-1 1 -1 9
-1 1 0 9
-1 1 1 9
-1 1 2 9
-1 1 3 9
-1 1 4 9
-1 1 5 9
-1 1 6 9
-1 1 7 9
-1 1 8 9
-1 1 9 9
-1 1 10 9
-1 1 11 9
-1 1 12 9
-1 1 13 9
-1 1 14 9
-1 1 15 9
-1 1 16 9
-1 1 17 9
-1 1 18 9
-1 1 19 9
-1 1 20 9
-1 1 21 9
-1 1 22 9
-1 1 23 9
-1 1 24 5
0 1 -24 4
0 1 -23 9
0 1 -22 9
0 1 -21 9
0 1 -20 9
0 1 -19 9
0 1 -18 9
0 1 -17 9
0 1 -16 9
0 1 -15 9
0 1 -14 9
0 1 -13 9
0 1 -12 9
0 1 -11 9
0 1 -10 9
0 1 -9 9
0 1 -8 9
0 1 -7 9
0 1 -6 9
0 1 -5 9
0 1 -4 9
0 1 -3 9
0 1 -2 9
0 1 -1 9
0 1 0 9
0 1 1 9
0 1 2 9
0 1 3 9
0 1 4 9
0 1 5 9
0 1 6 9
0 1 7 9
0 1 8 9
0 1 9 9
0 1 10 9
0 1 11 9
0 1 12 9
0 1 13 9
0 1 14 9
0 1 15 9
0 1 16 9
0 1 17 9
0 1 18 9
0 1 19 9
0 1 20 9
0 1 21 9
0 1 22 9
0 1 23 9
0 1 24 5
1 1 -24 4
1 1 -23 9
1 1 -22 9
1 1 -21 9
1 1 -20 9
1 1 -19 9
1 1 -18 9
1 1 -17 9
1 1 -16 9
1 1 -15 9
1 1 -14 9
1 1 -13 9
1 1 -12 9
1 1 -11 9
1 1 -10 9
1 1 -9 9
1 1 -8 9
1 1 -7 9
1 1 -6 9
1 1 -5 9
1 1 -4 9
1 1 -3 9
1 1 -2 9
1 1 -1 9
1 1 0 9
1 1 1 9
1 1 2 9
1 1 3 9
1 1 4 9
1 1 5 9
1 1 6 9
1 1 7 9
1 1 8 9
1 1 9 9
1 1 10 9
1 1 11 9
1 1 12 9
1 1 13 9
1 1 14 9
1 1 15 9
1 1 16 9
1 1 17 9
1 1 18 9
1 1 19 9
1 1 20 9
1 1 21 9
1 1 22 9
1 1 23 9
1 1 24 5
2 1 -24 4
2 1 -23 9
2 1 -22 9
2 1 -21 9
2 1 -20 9
2 1 -19 9
2 1 -18 9
2 1 -17 9
2 1 -16 9
2 1 -15 9
2 1 -14 9
2 1 -13 9
2 1 -12 9
2 1 -11 9
2 1 -10 9
2 1 -9 9
2 1 -8 9
2 1 -7 9
2 1 -6 9
2 1 -5 9
2 1 -4 9
2 1 -3 9
2 1 -2 9
2 1 -1 9
2 1 0 9
2 1 1 9
2 1 2 9
2 1 3 9
2 1 4 9
2 1 5 9
2 1 6 9
2 1 7 9
2 1 8 9
2 1 9 9
2 1 10 9
2 1 11 9
2 1 12 9
2 1 13 9
2 1 14 9
2 1 15 9
2 1 16 9
2 1 17 9
2 1 18 9
2 1 19 9
2 1 20 9
2 1 21 9
2 1 22 9
2 1 23 9
2 1 24 5
3 1 -24 4
3 1 -23 9
3 1 -22 9
3 1 -21 9
3 1 -20 9
3 1 -19 9
3 1 -18 9
3 1 -17 9
3 1 -16 9
3 1 -15 9
3 1 -14 9
3 1 -13 9
3 1 -12 9
3 1 -11 9
3 1 -10 9
3 1 -9 9
3 1 -8 9
3 1 -7 9
3 1 -6 9
3 1 -5 9
3 1 -4 9
3 1 -3 9
3 1 -2 9
3 1 -1 9
3 1 0 9
3 1 1 9
3 1 2 9
3 1 3 9
3 1 4 9
3 1 5 9
3 1 6 9
3 1 7 9
3 1 8 9
3 1 9 9
3 1 10 9
3 1 11 9
3 1 12 9
3 1 13 9
3 1 14 9
3 1 15 9
3 1 16 9
3 1 17 9
3 1 18 9
3 1 19 9
3 1 20 9
3 1 21 9
3 1 22 9
3 1 23 9
3 1 24 5
4 1 -23 4
4 1 -22 9
4 1 -21 9
4 1 -20 9
4 1 -19 9
4 1 -18 9
4 1 -17 9
4 1 -16 9
4 1 -15 9
4 1 -14 9
4 1 -13 9
4 1 -12 9
4 1 -11 9
4 1 -10 9
4 1 -9 9
4 1 -8 9
4 1 -7 9
4 1 -6 9
4 1 -5 9
4 1 -4 9
4 1 -3 9
4 1 -2 9
4 1 -1 9
4 1 0 9
4 1 1 9
4 1 2 9
4 1 3 9
4 1 4 9
4 1 5 9
4 1 6 9
4 1 7 9
4 1 8 9
4 1 9 9
4 1 10 9
4 1 11 9
4 1 12 9
4 1 13 9
4 1 14 9
4 1 15 9
4 1 16 9
4 1 17 9
4 1 18 9
4 1 19 9
4 1 20 9
4 1 21 9
4 1 22 9
4 1 23 5
5 1 -23 4
5 1 -22 9
5 1 -21 9
5 1 -20 9
5 1 -19 9
5 1 -18 9
5 1 -17 9
5 1 -16 9
5 1 -15 9
5 1 -14 9
5 1 -13 9
5 1 -12 9
5 1 -11 9
5 1 -10 9
5 1 -9 9
5 1 -8 9
5 1 -7 9
5 1 -6 9
5 1 -5 9
5 1 -4 9
5 1 -3 9
5 1 -2 9
5 1 -1 9
5 1 0 9
5 1 1 9
5 1 2 9
5 1 3 9
5 1 4 9
5 1 5 9
5 1 6 9
5 1 7 9
5 1 8 9
5 1 9 9
5 1 10 9
5 1 11 9
5 1 12 9
5 1 13 9
5 1 14 9
5 1 15 9
5 1 16 9
5 1 17 9
5 1 18 9
5 1 19 9
5 1 20 9
5 1 21 9
5 1 22 9
5 1 23 5
6 1 -23 4
6 1 -22 9
6 1 -21 9
6 1 -20 9
6 1 -19 9
6 1 -18 9
6 1 -17 9
6 1 -16 9
6 1 -15 9
6 1 -14 9
6 1 -13 9
6 1 -12 9
6 1 -11 9
6 1 -10 9
6 1 -9 9
6 1 -8 9
6 1 -7 9
6 1 -6 9
6 1 -5 9
6 1 -4 9
6 1 -3 9
6 1 -2 9
6 1 -1 9
6 1 0 9
6 1 1 9
6 1 2 9
6 1 3 9
6 1 4 9
6 1 5 9
6 1 6 9
6 1 7 9
6 1 8 9
6 1 9 9
6 1 10 9
6 1 11 9
6 1 12 9
6 1 13 9
6 1 14 9
6 1 15 9
6 1 16 9
6 1 17 9
6 1 18 9
6 1 19 9
6 1 20 9
6 1 21 9
6 1 22 9
6 1 23 5
7 1 -23 4
7 1 -22 9
7 1 -21 9
7 1 -20 9
7 1 -19 9
7 1 -18 9
7 1 -17 9
7 1 -16 9
7 1 -15 9
7 1 -14 9
7 1 -13 9
7 1 -12 9
7 1 -11 9
7 1 -10 9
7 1 -9 9
7 1 -8 9
7 1 -7 9
7 1 -6 9
7 1 -5 9
7 1 -4 9
7 1 -3 9
7 1 -2 9
7 1 -1 9
7 1 0 9
7 1 1 9
7 1 2 9
7 1 3 9
7 1 4 9
7 1 5 9
7 1 6 9
7 1 7 9
7 1 8 9
7 1 9 9
7 1 10 9
7 1 11 9
7 1 12 9
7 1 13 9
7 1 14 9
7 1 15 9
7 1 16 9
7 1 17 9
7 1 18 9
7 1 19 9
7 1 20 9
7 1 21 9
7 1 22 9
7 1 23 5
8 1 -22 4
8 1 -21 9
8 1 -20 9
8 1 -19 9
8 1 -18 9
8 1 -17 9
8 1 -16 9
8 1 -15 9
8 1 -14 9
8 1 -13 9
8 1 -12 9
8 1 -11 9
8 1 -10 9
8 1 -9 9
8 1 -8 9
8 1 -7 9
8 1 -6 9
8 1 -5 9
8 1 -4 9
8 1 -3 9
8 1 -2 9
8 1 -1 9
8 1 0 9
8 1 1 9
8 1 2 9
8 1 3 9
8 1 4 9
8 1 5 9
8 1 6 9
8 1 7 9
8 1 8 9
8 1 9 9
8 1 10 9
8 1 11 9
8 1 12 9
8 1 13 9
8 1 14 9
8 1 15 9
8 1 16 9
8 1 17 9
8 1 18 9
8 1 19 9
8 1 20 9
8 1 21 9
8 1 22 5
9 1 -22 4
9 1 -21 9
9 1 -20 9
9 1 -19 9
9 1 -18 9
9 1 -17 9
9 1 -16 9
9 1 -15 9
9 1 -14 9
9 1 -13 9
9 1 -12 9
9 1 -11 9
9 1 -10 9
9 1 -9 9
9 1 -8 9
9 1 -7 9
9 1 -6 9
9 1 -5 9
9 1 -4 9
9 1 -3 9
9 1 -2 9
9 1 -1 9
9 1 0 9
9 1 1 9
9 1 2 9
9 1 3 9
9 1 4 9
9 1 5 9
9 1 6 9
9 1 7 9
9 1 8 9
9 1 9 9
9 1 10 9
9 1 11 9
9 1 12 9
9 1 13 9
9 1 14 9
9 1 15 9
9 1 16 9
9 1 17 9
9 1 18 9
9 1 19 9
9 1 20 9
9 1 21 9
9 1 22 5
10 1 -22 4
10 1 -21 4
10 1 -20 9
10 1 -19 9
10 1 -18 9
10 1 -17 9
10 1 -16 9
10 1 -15 9
10 1 -14 9
10 1 -13 9
10 1 -12 9
10 1 -11 9
10 1 -10 9
10 1 -9 9
10 1 -8 9
10 1 -7 9
10 1 -6 9
10 1 -5 9
10 1 -4 9
10 1 -3 9
10 1 -2 9
10 1 -1 9
10 1 0 9
10 1 1 9
10 1 2 9
10 1 3 9
10 1 4 9
10 1 5 9
10 1 6 9
10 1 7 9
10 1 8 9
10 1 9 9
10 1 10 9
10 1 11 9
10 1 12 9
10 1 13 9
10 1 14 9
10 1 15 9
10 1 16 9
10 1 17 9
10 1 18 9
10 1 19 9
10 1 20 9
10 1 21 5
10 1 22 5
11 1 -21 4
11 1 -20 9
11 1 -19 9
11 1 -18 9
11 1 -17 9
11 1 -16 9
11 1 -15 9
11 1 -14 9
11 1 -13 9
11 1 -12 9
11 1 -11 9
11 1 -10 9
11 1 -9 9
11 1 -8 9
11 1 -7 9
11 1 -6 9
11 1 -5 9
11 1 -4 9
11 1 -3 9
11 1 -2 9
11 1 -1 9
11 1 0 9
11 1 1 9
11 1 2 9
11 1 3 9
11 1 4 9
11 1 5 9
11 1 6 9
11 1 7 9
11 1 8 9
11 1 9 9
11 1 10 9
11 1 11 9
11 1 12 9
11 1 13 9
11 1 14 9
11 1 15 9
11 1 16 9
11 1 17 9
11 1 18 9
11 1 19 9
11 1 20 9
11 1 21 5
12 1 -21 4
12 1 -20 4
12 1 -19 9
12 1 -18 9
12 1 -17 9
12 1 -16 9
12 1 -15 9
12 1 -14 9
12 1 -13 9
12 1 -12 9
12 1 -11 9
12 1 -10 9
12 1 -9 9
12 1 -8 9
12 1 -7 9
12 1 -6 9
12 1 -5 9
12 1 -4 9
12 1 -3 9
12 1 -2 9
12 1 -1 9
12 1 0 9
12 1 1 9
12 1 2 9
12 1 3 9
12 1 4 9
12 1 5 9
12 1 6 9
12 1 7 9
12 1 8 9
12 1 9 9
12 1 10 9
12 1 11 9
12 1 12 9
12 1 13 9
12 1 14 9
12 1 15 9
12 1 16 9
12 1 17 9
12 1 18 9
12 1 19 9
12 1 20 5
12 1 21 5
13 1 -20 4
13 1 -19 9
13 1 -18 9
13 1 -17 9
13 1 -16 9
13 1 -15 9
13 1 -14 9
13 1 -13 9
13 1 -12 9
13 1 -11 9
13 1 -10 9
13 1 -9 9
13 1 -8 9
13 1 -7 9
13 1 -6 9
13 1 -5 9
13 1 -4 9
13 1 -3 9
13 1 -2 9
13 1 -1 9
13 1 0 9
13 1 1 9
13 1 2 9
13 1 3 9
13 1 4 9
13 1 5 9
13 1 6 9
13 1 7 9
13 1 8 9
13 1 9 9
13 1 10 9
13 1 11 9
13 1 12 9
13 1 13 9
13 1 14 9
13 1 15 9
13 1 16 9
13 1 17 9
13 1 18 9
13 1 19 9
13 1 20 5
14 1 -19 4
14 1 -18 9
14 1 -17 9
14 1 -16 9
14 1 -15 9
14 1 -14 9
14 1 -13 9
14 1 -12 9
14 1 -11 9
14 1 -10 9
14 1 -9 9
14 1 -8 9
14 1 -7 9
14 1 -6 9
14 1 -5 9
14 1 -4 9
14 1 -3 9
14 1 -2 9
14 1 -1 9
14 1 0 9
14 1 1 9
14 1 2 9
14 1 3 9
14 1 4 9
14 1 5 9
14 1 6 9
14 1 7 9
14 1 8 9
14 1 9 9
14 1 10 9
14 1 11 9
14 1 12 9
14 1 13 9
14 1 14 9
14 1 15 9
14 1 16 9
14 1 17 9
14 1 18 9
14 1 19 5
15 1 -18 4
15 1 -17 9
15 1 -16 9
15 1 -15 9
15 1 -14 9
15 1 -13 9
15 1 -12 9
15 1 -11 9
15 1 -10 9
15 1 -9 9
15 1 -8 9
15 1 -7 9
15 1 -6 9
15 1 -5 9
15 1 -4 9
15 1 -3 9
15 1 -2 9
15 1 -1 9
15 1 0 9
15 1 1 9
15 1 2 9
15 1 3 9
15 1 4 9
15 1 5 9
15 1 6 9
15 1 7 9
15 1 8 9
15 1 9 9
15 1 10 9
15 1 11 9
15 1 12 9
15 1 13 9
15 1 14 9
15 1 15 9
15 1 16 9
15 1 17 9
15 1 18 5
16 1 -18 4
16 1 -17 4
16 1 -16 9
16 1 -15 9
16 1 -14 9
16 1 -13 9
16 1 -12 9
16 1 -11 9
16 1 -10 9
16 1 -9 9
16 1 -8 9
16 1 -7 9
16 1 -6 9
16 1 -5 9
16 1 -4 9
16 1 -3 9
16 1 -2 9
16 1 -1 9
16 1 0 9
16 1 1 9
16 1 2 9
16 1 3 9
16 1 4 9
16 1 5 9
16 1 6 9
16 1 7 9
16 1 8 9
16 1 9 9
16 1 10 9
16 1 11 9
16 1 12 9
16 1 13 9
16 1 14 9
16 1 15 9
16 1 16 9
16 1 17 5
16 1 18 5
17 1 -17 12
17 1 -16 7
17 1 -15 9
17 1 -14 9
17 1 -13 9
17 1 -12 9
17 1 -11 9
17 1 -10 9
17 1 -9 9
17 1 -8 9
17 1 -7 9
17 1 -6 9
17 1 -5 9
17 1 -4 9
17 1 -3 9
17 1 -2 9
17 1 -1 9
17 1 0 9
17 1 1 9
17 1 2 9
17 1 3 9
17 1 4 9
17 1 5 9
17 1 6 9
17 1 7 9
17 1 8 9
17 1 9 9
17 1 10 9
17 1 11 9
17 1 12 9
17 1 13 9
17 1 14 9
17 1 15 9
17 1 16 7
17 1 17 13
18 1 -16 7
18 1 -15 7
18 1 -14 9
18 1 -13 9
18 1 -12 9
18 1 -11 9
18 1 -10 9
18 1 -9 9
18 1 -8 9
18 1 -7 9
18 1 -6 9
18 1 -5 9
18 1 -4 9
18 1 -3 9
18 1 -2 9
18 1 -1 9
18 1 0 9
18 1 1 9
18 1 2 9
18 1 3 9
18 1 4 9
18 1 5 9
18 1 6 9
18 1 7 9
18 1 8 9
18 1 9 9
18 1 10 9
18 1 11 9
18 1 12 9
18 1 13 9
18 1 14 9
18 1 15 7
18 1 16 7
19 1 -14 7
19 1 -13 9
19 1 -12 9
19 1 -11 9
19 1 -10 9
19 1 -9 9
19 1 -8 9
19 1 -7 9
19 1 -6 9
19 1 -5 9
19 1 -4 9
19 1 -3 9
19 1 -2 9
19 1 -1 9
19 1 0 9
19 1 1 9
19 1 2 9
19 1 3 9
19 1 4 9
19 1 5 9
19 1 6 9
19 1 7 9
19 1 8 9
19 1 9 9
19 1 10 9
19 1 11 9
19 1 12 9
19 1 13 9
19 1 14 7
20 1 -13 7
20 1 -12 7
20 1 -11 9
20 1 -10 9
20 1 -9 9
20 1 -8 9
20 1 -7 9
20 1 -6 9
20 1 -5 9
20 1 -4 9
20 1 -3 9
20 1 -2 9
20 1 -1 9
20 1 0 9
20 1 1 9
20 1 2 9
20 1 3 9
20 1 4 9
20 1 5 9
20 1 6 9
20 1 7 9
20 1 8 9
20 1 9 9
20 1 10 9
20 1 11 9
20 1 12 7
20 1 13 7
21 1 -12 7
21 1 -11 7
21 1 -10 7
21 1 -9 9
21 1 -8 9
21 1 -7 9
21 1 -6 9
21 1 -5 9
21 1 -4 9
21 1 -3 9
21 1 -2 9
21 1 -1 9
21 1 0 9
21 1 1 9
21 1 2 9
21 1 3 9
21 1 4 9
21 1 5 9
21 1 6 9
21 1 7 9
21 1 8 9
21 1 9 9
21 1 10 7
21 1 11 7
21 1 12 7
22 1 -10 7
22 1 -9 7
22 1 -8 7
22 1 -7 9
22 1 -6 9
22 1 -5 9
22 1 -4 9
22 1 -3 9
22 1 -2 9
22 1 -1 9
22 1 0 9
22 1 1 9
22 1 2 9
22 1 3 9
22 1 4 9
22 1 5 9
22 1 6 9
22 1 7 9
22 1 8 7
22 1 9 7
22 1 10 7
23 1 -7 7
23 1 -6 7
23 1 -5 7
23 1 -4 7
23 1 -3 9
23 1 -2 9
23 1 -1 9
23 1 0 9
23 1 1 9
23 1 2 9
23 1 3 9
23 1 4 7
23 1 5 7
23 1 6 7
23 1 7 7
24 1 -3 7
24 1 -2 7
24 1 -1 7
24 1 0 7
24 1 1 7
24 1 2 7
24 1 3 7
-23 2 -3 1
-23 2 -2 1
-23 2 -1 1
-23 2 0 1
-23 2 1 9
-23 2 2 9
-23 2 3 9
-22 2 -7 9
-22 2 -6 9
-22 2 -5 9
-22 2 -4 1
-22 2 -3 1
-22 2 -2 1
-22 2 -1 1
-22 2 0 1
-22 2 1 9
-22 2 2 9
-22 2 3 9
-22 2 4 9
-22 2 5 1
-22 2 6 1
-22 2 7 1
-21 2 -9 1
-21 2 -8 9
-21 2 -7 9
-21 2 -6 9
-21 2 -5 9
-21 2 -4 1
-21 2 -3 1
-21 2 -2 1
-21 2 -1 1
-21 2 0 1
-21 2 1 9
-21 2 2 9
-21 2 3 9
-21 2 4 9
-21 2 5 1
-21 2 6 1
-21 2 7 1
-21 2 8 1
-21 2 9 9
-20 2 -11 1
-20 2 -10 1
-20 2 -9 1
-20 2 -8 9
-20 2 -7 9
-20 2 -6 9
-20 2 -5 9
-20 2 -4 9
-20 2 -3 1
-20 2 -2 1
-20 2 -1 1
-20 2 0 1
-20 2 1 9
-20 2 2 9
-20 2 3 9
-20 2 4 1
-20 2 5 1
-20 2 6 1
-20 2 7 1
-20 2 8 1
-20 2 9 9
-20 2 10 9
-20 2 11 9
-19 2 -13 9
-19 2 -12 1
-19 2 -11 1
-19 2 -10 1
-19 2 -9 1
-19 2 -8 1
-19 2 -7 9
-19 2 -6 9
-19 2 -5 9
-19 2 -4 9
-19 2 -3 1
-19 2 -2 1
-19 2 -1 1
-19 2 0 1
-19 2 1 9
-19 2 2 9
-19 2 3 9
-19 2 4 1
-19 2 5 1
-19 2 6 1
-19 2 7 1
-19 2 8 9
-19 2 9 9
-19 2 10 9
-19 2 11 9
-19 2 12 9
-19 2 13 1
-18 2 -14 9
-18 2 -13 9
-18 2 -12 1
-18 2 -11 1
-18 2 -10 1
-18 2 -9 1
-18 2 -8 1
-18 2 -7 9
-18 2 -6 9
-18 2 -5 9
-18 2 -4 9
-18 2 -3 1
-18 2 -2 1
-18 2 -1 1
-18 2 0 1
-18 2 1 9
-18 2 2 9
-18 2 3 9
-18 2 4 1
-18 2 5 1
-18 2 6 1
-18 2 7 1
-18 2 8 9
-18 2 9 9
-18 2 10 9
-18 2 11 9
-18 2 12 9
-18 2 13 1
-18 2 14 1
-17 2 -15 9
-17 2 -14 9
-17 2 -13 9
-17 2 -12 9
-17 2 -11 1
-17 2 -10 1
-17 2 -9 1
-17 2 -8 1
-17 2 -7 9
-17 2 -6 9
-17 2 -5 9
-17 2 -4 9
-17 2 -3 1
-17 2 -2 1
-17 2 -1 1
-17 2 0 1
-17 2 1 9
-17 2 2 9
-17 2 3 9
-17 2 4 1
-17 2 5 1
-17 2 6 1
-17 2 7 1
-17 2 8 9
-17 2 9 9
-17 2 10 9
-17 2 11 9
-17 2 12 1
-17 2 13 1
-17 2 14 1
-17 2 15 1
-16 2 -16 1
-16 2 -15 9
-16 2 -14 9
-16 2 -13 9
-16 2 -12 9
-16 2 -11 9
-16 2 -10 1
-16 2 -9 1
-16 2 -8 1
-16 2 -7 1
-16 2 -6 9
-16 2 -5 9
-16 2 -4 9
-16 2 -3 1
-16 2 -2 1
-16 2 -1 1
-16 2 0 1
-16 2 1 9
-16 2 2 9
-16 2 3 9
-16 2 4 1
-16 2 5 1
-16 2 6 1
-16 2 7 9
-16 2 8 9
-16 2 9 9
-16 2 10 9
-16 2 11 1
-16 2 12 1
-16 2 13 1
-16 2 14 1
-16 2 15 1
-16 2 16 1
-15 2 -17 1
-15 2 -16 1
-15 2 -15 1
-15 2 -14 9
-15 2 -13 9
-15 2 -12 9
-15 2 -11 9
-15 2 -10 1
-15 2 -9 1
-15 2 -8 1
-15 2 -7 1
-15 2 -6 9
-15 2 -5 9
-15 2 -4 9
-15 2 -3 9
-15 2 -2 1
-15 2 -1 1
-15 2 0 1
-15 2 1 9
-15 2 2 9
-15 2 3 1
-15 2 4 1
-15 2 5 1
-15 2 6 1
-15 2 7 9
-15 2 8 9
-15 2 9 9
-15 2 10 9
-15 2 11 1
-15 2 12 1
-15 2 13 1
-15 2 14 1
-15 2 15 1
-15 2 16 9
-15 2 17 9
-14 2 -18 1
-14 2 -17 1
-14 2 -16 1
-14 2 -15 1
-14 2 -14 1
-14 2 -13 9
-14 2 -12 9
-14 2 -11 9
-14 2 -10 9
-14 2 -9 1
-14 2 -8 1
-14 2 -7 1
-14 2 -6 1
-14 2 -5 9
-14 2 -4 9
-14 2 -3 9
-14 2 -2 1
-14 2 -1 1
-14 2 0 1
-14 2 1 9
-14 2 2 9
-14 2 3 1
-14 2 4 1
-14 2 5 1
-14 2 6 9
-14 2 7 9
-14 2 8 9
-14 2 9 9
-14 2 10 1
-14 2 11 1
-14 2 12 1
-14 2 13 1
-14 2 14 1
-14 2 15 9
-14 2 16 9
-14 2 17 9
-14 2 18 9
-13 2 -19 1
-13 2 -18 1
-13 2 -17 1
-13 2 -16 1
-13 2 -15 1
-13 2 -14 1
-13 2 -13 1
-13 2 -12 9
-13 2 -11 9
-13 2 -10 9
-13 2 -9 9
-13 2 -8 1
-13 2 -7 1
-13 2 -6 1
-13 2 -5 9
-13 2 -4 9
-13 2 -3 9
-13 2 -2 1
-13 2 -1 1
-13 2 0 1
-13 2 1 9
-13 2 2 9
-13 2 3 1
-13 2 4 1
-13 2 5 1
-13 2 6 9
-13 2 7 9
-13 2 8 9
-13 2 9 1
-13 2 10 1
-13 2 11 1
-13 2 12 1
-13 2 13 1
-13 2 14 9
-13 2 15 9
-13 2 16 9
-13 2 17 9
-13 2 18 9
-13 2 19 9
-12 2 -19 9
-12 2 -18 9
-12 2 -17 1
-12 2 -16 1
-12 2 -15 1
-12 2 -14 1
-12 2 -13 1
-12 2 -12 1
-12 2 -11 9
-12 2 -10 9
-12 2 -9 9
-12 2 -8 1
-12 2 -7 1
-12 2 -6 1
-12 2 -5 1
-12 2 -4 9
-12 2 -3 9
-12 2 -2 1
-12 2 -1 1
-12 2 0 1
-12 2 1 9
-12 2 2 9
-12 2 3 1
-12 2 4 1
-12 2 5 9
-12 2 6 9
-12 2 7 9
-12 2 8 9
-12 2 9 1
-12 2 10 1
-12 2 11 1
-12 2 12 1
-12 2 13 9
-12 2 14 9
-12 2 15 9
-12 2 16 9
-12 2 17 9
-12 2 18 1
-12 2 19 1
-11 2 -20 9
-11 2 -19 9
-11 2 -18 9
-11 2 -17 9
-11 2 -16 1
-11 2 -15 1
-11 2 -14 1
-11 2 -13 1
-11 2 -12 1
-11 2 -11 1
-11 2 -10 9
-11 2 -9 9
-11 2 -8 9
-11 2 -7 1
-11 2 -6 1
-11 2 -5 1
-11 2 -4 1
-11 2 -3 1
-11 2 -2 1
-11 2 -1 1
-11 2 0 1
-11 2 1 1
-11 2 2 1
-11 2 3 1
-11 2 4 1
-11 2 5 9
-11 2 6 9
-11 2 7 9
-11 2 8 1
-11 2 9 1
-11 2 10 1
-11 2 11 1
-11 2 12 9
-11 2 13 9
-11 2 14 9
-11 2 15 9
-11 2 16 9
-11 2 17 1
-11 2 18 1
-11 2 19 1
-11 2 20 1
-10 2 -20 9
-10 2 -19 9
-10 2 -18 9
-10 2 -17 9
-10 2 -16 9
-10 2 -15 9
-10 2 -14 1
-10 2 -13 1
-10 2 -12 1
-10 2 -11 1
-10 2 -10 1
-10 2 -9 9
-10 2 -8 9
-10 2 -7 9
-10 2 -6 1
-10 2 -5 1
-10 2 -4 1
-10 2 -3 1
-10 2 -2 1
-10 2 -1 1
-10 2 0 1
-10 2 1 1
-10 2 2 1
-10 2 3 1
-10 2 4 1
-10 2 5 1
-10 2 6 1
-10 2 7 1
-10 2 8 1
-10 2 9 1
-10 2 10 1
-10 2 11 9
-10 2 12 9
-10 2 13 9
-10 2 14 9
-10 2 15 1
-10 2 16 1
-10 2 17 1
-10 2 18 1
-10 2 19 1
-10 2 20 1
-9 2 -21 9
-9 2 -20 9
-9 2 -19 9
-9 2 -18 9
-9 2 -17 9
-9 2 -16 9
-9 2 -15 9
-9 2 -14 9
-9 2 -13 1
-9 2 -12 1
-9 2 -11 1
-9 2 -10 1
-9 2 -9 1
-9 2 -8 9
-9 2 -7 1
-9 2 -6 1
-9 2 -5 1
-9 2 -4 1
-9 2 -3 1
-9 2 -2 1
-9 2 -1 1
-9 2 0 1
-9 2 1 1
-9 2 2 1
-9 2 3 1
-9 2 4 1
-9 2 5 1
-9 2 6 1
-9 2 7 1
-9 2 8 1
-9 2 9 1
-9 2 10 9
-9 2 11 9
-9 2 12 9
-9 2 13 9
-9 2 14 1
-9 2 15 1
-9 2 16 1
-9 2 17 1
-9 2 18 1
-9 2 19 1
-9 2 20 1
-9 2 21 1
-8 2 -21 1
-8 2 -20 1
-8 2 -19 9
-8 2 -18 9
-8 2 -17 9
-8 2 -16 9
-8 2 -15 9
-8 2 -14 9
-8 2 -13 9
-8 2 -12 9
-8 2 -11 1
-8 2 -10 1
-8 2 -9 1
-8 2 -8 1
-8 2 -7 1
-8 2 -6 1
-8 2 -5 1
-8 2 -4 1
-8 2 -3 1
-8 2 -2 1
-8 2 -1 1
-8 2 0 1
-8 2 1 1
-8 2 2 1
-8 2 3 1
-8 2 4 1
-8 2 5 1
-8 2 6 1
-8 2 7 1
-8 2 8 1
-8 2 9 9
-8 2 10 9
-8 2 11 9
-8 2 12 1
-8 2 13 1
-8 2 14 1
-8 2 15 1
-8 2 16 1
-8 2 17 1
-8 2 18 1
-8 2 19 1
-8 2 20 9
-8 2 21 9
-7 2 -22 1
-7 2 -21 1
-7 2 -20 1
-7 2 -19 1
-7 2 -18 1
-7 2 -17 1
-7 2 -16 9
-7 2 -15 9
-7 2 -14 9
-7 2 -13 9
-7 2 -12 9
-7 2 -11 9
-7 2 -10 1
-7 2 -9 1
-7 2 -8 1
-7 2 -7 1
-7 2 -6 1
-7 2 -5 1
-7 2 -4 1
-7 2 -3 1
-7 2 -2 1
-7 2 -1 1
-7 2 0 1
-7 2 1 1
-7 2 2 1
-7 2 3 1
-7 2 4 1
-7 2 5 1
-7 2 6 1
-7 2 7 1
-7 2 8 1
-7 2 9 1
-7 2 10 9
-7 2 11 1
-7 2 12 1
-7 2 13 1
-7 2 14 1
-7 2 15 1
-7 2 16 1
-7 2 17 9
-7 2 18 9
-7 2 19 9
-7 2 20 9
-7 2 21 9
-7 2 22 9
-6 2 -22 1
-6 2 -21 1
-6 2 -20 1
-6 2 -19 1
-6 2 -18 1
-6 2 -17 1
-6 2 -16 1
-6 2 -15 1
-6 2 -14 9
-6 2 -13 9
-6 2 -12 9
-6 2 -11 9
-6 2 -10 1
-6 2 -9 1
-6 2 -8 1
-6 2 -7 1
-6 2 -6 1
-6 2 -5 1
-6 2 -4 1
-6 2 -3 1
-6 2 -2 1
-6 2 -1 1
-6 2 0 1
-6 2 1 1
-6 2 2 1
-6 2 3 1
-6 2 4 1
-6 2 5 1
-6 2 6 1
-6 2 7 1
-6 2 8 1
-6 2 9 1
-6 2 10 1
-6 2 11 1
-6 2 12 1
-6 2 13 1
-6 2 14 1
-6 2 15 9
-6 2 16 9
-6 2 17 9
-6 2 18 9
-6 2 19 9
-6 2 20 9
-6 2 21 9
-6 2 22 9
-5 2 -22 1
-5 2 -21 1
-5 2 -20 1
-5 2 -19 1
-5 2 -18 1
-5 2 -17 1
-5 2 -16 1
-5 2 -15 1
-5 2 -14 1
-5 2 -13 1
-5 2 -12 9
-5 2 -11 9
-5 2 -10 1
-5 2 -9 1
-5 2 -8 1
-5 2 -7 1
-5 2 -6 1
-5 2 -5 1
-5 2 -4 1
-5 2 -3 1
-5 2 -2 1
-5 2 -1 1
-5 2 0 1
-5 2 1 1
-5 2 2 1
-5 2 3 1
-5 2 4 1
-5 2 5 1
-5 2 6 1
-5 2 7 1
-5 2 8 1
-5 2 9 1
-5 2 10 1
-5 2 11 1
-5 2 12 1
-5 2 13 9
-5 2 14 9
-5 2 15 9
-5 2 16 9
-5 2 17 9
-5 2 18 9
-5 2 19 9
-5 2 20 9
-5 2 21 9
-5 2 22 9
-4 2 -22 9
-4 2 -21 9
-4 2 -20 1
-4 2 -19 1
-4 2 -18 1
-4 2 -17 1
-4 2 -16 1
-4 2 -15 1
-4 2 -14 1
-4 2 -13 1
-4 2 -12 1
-4 2 -11 1
-4 2 -10 1
-4 2 -9 1
-4 2 -8 1
-4 2 -7 1
-4 2 -6 1
-4 2 -5 1
-4 2 -4 1
-4 2 -3 1
-4 2 -2 1
-4 2 -1 1
-4 2 0 1
-4 2 1 1
-4 2 2 1
-4 2 3 1
-4 2 4 1
-4 2 5 1
-4 2 6 1
-4 2 7 1
-4 2 8 1
-4 2 9 1
-4 2 10 1
-4 2 11 1
-4 2 12 9
-4 2 13 9
-4 2 14 9
-4 2 15 9
-4 2 16 9
-4 2 17 9
-4 2 18 9
-4 2 19 9
-4 2 20 9
-4 2 21 1
-4 2 22 1
-3 2 -23 9
-3 2 -22 9
-3 2 -21 9
-3 2 -20 9
-3 2 -19 9
-3 2 -18 9
-3 2 -17 9
-3 2 -16 9
-3 2 -15 1
-3 2 -14 1
-3 2 -13 1
-3 2 -12 1
-3 2 -11 1
-3 2 -10 1
-3 2 -9 1
-3 2 -8 1
-3 2 -7 1
-3 2 -6 1
-3 2 -5 1
-3 2 -4 1
-3 2 -3 1
-3 2 -2 1
-3 2 -1 1
-3 2 0 1
-3 2 1 1
-3 2 2 1
-3 2 3 1
-3 2 4 1
-3 2 5 1
-3 2 6 1
-3 2 7 1
-3 2 8 1
-3 2 9 1
-3 2 10 1
-3 2 11 1
-3 2 12 9
-3 2 13 9
-3 2 14 9
-3 2 15 9
-3 2 16 1
-3 2 17 1
-3 2 18 1
-3 2 19 1
-3 2 20 1
-3 2 21 1
-3 2 22 1
-3 2 23 1
-2 2 -23 9
-2 2 -22 9
-2 2 -21 9
-2 2 -20 9
-2 2 -19 9
-2 2 -18 9
-2 2 -17 9
-2 2 -16 9
-2 2 -15 9
-2 2 -14 9
-2 2 -13 9
-2 2 -12 9
-2 2 -11 1
-2 2 -10 1
-2 2 -9 1
-2 2 -8 1
-2 2 -7 1
-2 2 -6 1
-2 2 -5 1
-2 2 -4 1
-2 2 -3 1
-2 2 -2 1
-2 2 -1 1
-2 2 0 1
-2 2 1 1
-2 2 2 1
-2 2 3 1
-2 2 4 1
-2 2 5 1
-2 2 6 1
-2 2 7 1
-2 2 8 1
-2 2 9 1
-2 2 10 1
-2 2 11 1
-2 2 12 1
-2 2 13 1
-2 2 14 1
-2 2 15 1
-2 2 16 1
-2 2 17 1
-2 2 18 1
-2 2 19 1
-2 2 20 1
-2 2 21 1
-2 2 22 1
-2 2 23 1
-1 2 -23 9
-1 2 -22 9
-1 2 -21 9
-1 2 -20 9
-1 2 -19 9
-1 2 -18 9
-1 2 -17 9
-1 2 -16 9
-1 2 -15 9
-1 2 -14 9
-1 2 -13 9
-1 2 -12 9
-1 2 -11 1
-1 2 -10 1
-1 2 -9 1
-1 2 -8 1
-1 2 -7 1
-1 2 -6 1
-1 2 -5 1
-1 2 -4 1
-1 2 -3 1
-1 2 -2 1
-1 2 -1 1
-1 2 0 1
-1 2 1 1
-1 2 2 1
-1 2 3 1
-1 2 4 1
-1 2 5 1
-1 2 6 1
-1 2 7 1
-1 2 8 1
-1 2 9 1
-1 2 10 1
-1 2 11 1
-1 2 12 1
-1 2 13 1
-1 2 14 1
-1 2 15 1
-1 2 16 1
-1 2 17 1
-1 2 18 1
-1 2 19 1
-1 2 20 1
-1 2 21 1
-1 2 22 1
-1 2 23 1
0 2 -23 1
0 2 -22 1
0 2 -21 1
0 2 -20 1
0 2 -19 1
0 2 -18 1
0 2 -17 1
0 2 -16 1
0 2 -15 1
0 2 -14 1
0 2 -13 1
0 2 -12 1
0 2 -11 1
0 2 -10 1
0 2 -9 1
0 2 -8 1
0 2 -7 1
0 2 -6 1
0 2 -5 1
0 2 -4 1
0 2 -3 1
0 2 -2 1
0 2 -1 1
0 2 0 14
0 2 1 1
0 2 2 1
0 2 3 1
0 2 4 1
0 2 5 1
0 2 6 1
0 2 7 1
0 2 8 1
0 2 9 1
0 2 10 1
0 2 11 1
0 2 12 1
0 2 13 1
0 2 14 1
0 2 15 1
0 2 16 1
0 2 17 1
0 2 18 1
0 2 19 1
0 2 20 1
0 2 21 1
0 2 22 1
0 2 23 1
1 2 -23 1
1 2 -22 1
1 2 -21 1
1 2 -20 1
1 2 -19 1
1 2 -18 1
1 2 -17 1
1 2 -16 1
1 2 -15 1
1 2 -14 1
1 2 -13 1
1 2 -12 1
1 2 -11 1
1 2 -10 1
1 2 -9 1
1 2 -8 1
1 2 -7 1
1 2 -6 1
1 2 -5 1
1 2 -4 1
1 2 -3 1
1 2 -2 1
1 2 -1 1
1 2 0 1
1 2 1 1
1 2 2 1
1 2 3 1
1 2 4 1
1 2 5 1
1 2 6 1
1 2 7 1
1 2 8 1
1 2 9 1
1 2 10 1
1 2 11 1
1 2 12 1
1 2 13 9
1 2 14 9
1 2 15 9
1 2 16 9
1 2 17 9
1 2 18 9
1 2 19 9
1 2 20 9
1 2 21 9
1 2 22 9
1 2 23 9
2 2 -23 1
2 2 -22 1
2 2 -21 1
2 2 -20 1
2 2 -19 1
2 2 -18 1
2 2 -17 1
2 2 -16 1
2 2 -15 1
2 2 -14 1
2 2 -13 1
2 2 -12 1
2 2 -11 1
2 2 -10 1
2 2 -9 1
2 2 -8 1
2 2 -7 1
2 2 -6 1
2 2 -5 1
2 2 -4 1
2 2 -3 1
2 2 -2 1
2 2 -1 1
2 2 0 1
2 2 1 1
2 2 2 1
2 2 3 1
2 2 4 1
2 2 5 1
2 2 6 1
2 2 7 1
2 2 8 1
2 2 9 1
2 2 10 1
2 2 11 1
2 2 12 9
2 2 13 9
2 2 14 9
2 2 15 9
2 2 16 9
2 2 17 9
2 2 18 9
2 2 19 9
2 2 20 9
2 2 21 9
2 2 22 9
2 2 23 9
3 2 -23 1
3 2 -22 1
3 2 -21 1
3 2 -20 1
3 2 -19 1
3 2 -18 1
3 2 -17 1
3 2 -16 1
3 2 -15 9
3 2 -14 9
3 2 -13 9
3 2 -12 9
3 2 -11 1
3 2 -10 1
3 2 -9 1
3 2 -8 1
3 2 -7 1
3 2 -6 1
3 2 -5 1
3 2 -4 1
3 2 -3 1
3 2 -2 1
3 2 -1 1
3 2 0 1
3 2 1 1
3 2 2 1
3 2 3 1
3 2 4 1
3 2 5 1
3 2 6 1
3 2 7 1
3 2 8 1
3 2 9 1
3 2 10 1
3 2 11 1
3 2 12 1
3 2 13 1
3 2 14 1
3 2 15 1
3 2 16 9
3 2 17 9
3 2 18 9
3 2 19 9
3 2 20 9
3 2 21 9
3 2 22 9
3 2 23 9
4 2 -22 1
4 2 -21 1
4 2 -20 9
4 2 -19 9
4 2 -18 9
4 2 -17 9
4 2 -16 9
4 2 -15 9
4 2 -14 9
4 2 -13 9
4 2 -12 9
4 2 -11 1
4 2 -10 1
4 2 -9 1
4 2 -8 1
4 2 -7 1
4 2 -6 1
4 2 -5 1
4 2 -4 1
4 2 -3 1
4 2 -2 1
4 2 -1 1
4 2 0 1
4 2 1 1
4 2 2 1
4 2 3 1
4 2 4 1
4 2 5 1
4 2 6 1
4 2 7 1
4 2 8 1
4 2 9 1
4 2 10 1
4 2 11 1
4 2 12 1
4 2 13 1
4 2 14 1
4 2 15 1
4 2 16 1
4 2 17 1
4 2 18 1
4 2 19 1
4 2 20 1
4 2 21 9
4 2 22 9
5 2 -22 9
5 2 -21 9
5 2 -20 9
5 2 -19 9
5 2 -18 9
5 2 -17 9
5 2 -16 9
5 2 -15 9
5 2 -14 9
5 2 -13 9
5 2 -12 1
5 2 -11 1
5 2 -10 1
5 2 -9 1
5 2 -8 1
5 2 -7 1
5 2 -6 1
5 2 -5 1
5 2 -4 1
5 2 -3 1
5 2 -2 1
5 2 -1 1
5 2 0 1
5 2 1 1
5 2 2 1
5 2 3 1
5 2 4 1
5 2 5 1
5 2 6 1
5 2 7 1
5 2 8 1
5 2 9 1
5 2 10 1
5 2 11 9
5 2 12 9
5 2 13 1
5 2 14 1
5 2 15 1
5 2 16 1
5 2 17 1
5 2 18 1
5 2 19 1
5 2 20 1
5 2 21 1
5 2 22 1
6 2 -22 9
6 2 -21 9
6 2 -20 9
6 2 -19 9
6 2 -18 9
6 2 -17 9
6 2 -16 9
6 2 -15 9
6 2 -14 1
6 2 -13 1
6 2 -12 1
6 2 -11 1
6 2 -10 1
6 2 -9 1
6 2 -8 1
6 2 -7 1
6 2 -6 1
6 2 -5 1
6 2 -4 1
6 2 -3 1
6 2 -2 1
6 2 -1 1
6 2 0 1
6 2 1 1
6 2 2 1
6 2 3 1
6 2 4 1
6 2 5 1
6 2 6 1
6 2 7 1
6 2 8 1
6 2 9 1
6 2 10 1
6 2 11 9
6 2 12 9
6 2 13 9
6 2 14 9
6 2 15 1
6 2 16 1
6 2 17 1
6 2 18 1
6 2 19 1
6 2 20 1
6 2 21 1
6 2 22 1
7 2 -22 9
7 2 -21 9
7 2 -20 9
7 2 -19 9
7 2 -18 9
7 2 -17 9
7 2 -16 1
7 2 -15 1
7 2 -14 1
7 2 -13 1
7 2 -12 1
7 2 -11 1
7 2 -10 9
7 2 -9 1
7 2 -8 1
7 2 -7 1
7 2 -6 1
7 2 -5 1
7 2 -4 1
7 2 -3 1
7 2 -2 1
7 2 -1 1
7 2 0 1
7 2 1 1
7 2 2 1
7 2 3 1
7 2 4 1
7 2 5 1
7 2 6 1
7 2 7 1
7 2 8 1
7 2 9 1
7 2 10 1
7 2 11 9
7 2 12 9
7 2 13 9
7 2 14 9
7 2 15 9
7 2 16 9
7 2 17 1
7 2 18 1
7 2 19 1
7 2 20 1
7 2 21 1
7 2 22 1
8 2 -21 9
8 2 -20 9
8 2 -19 1
8 2 -18 1
8 2 -17 1
8 2 -16 1
8 2 -15 1
8 2 -14 1
8 2 -13 1
8 2 -12 1
8 2 -11 9
8 2 -10 9
8 2 -9 9
8 2 -8 1
8 2 -7 1
8 2 -6 1
8 2 -5 1
8 2 -4 1
8 2 -3 1
8 2 -2 1
8 2 -1 1
8 2 0 1
8 2 1 1
8 2 2 1
8 2 3 1
8 2 4 1
8 2 5 1
8 2 6 1
8 2 7 1
8 2 8 1
8 2 9 1
8 2 10 1
8 2 11 1
8 2 12 9
8 2 13 9
8 2 14 9
8 2 15 9
8 2 16 9
8 2 17 9
8 2 18 9
8 2 19 9
8 2 20 1
8 2 21 1
9 2 -21 1
9 2 -20 1
9 2 -19 1
9 2 -18 1
9 2 -17 1
9 2 -16 1
9 2 -15 1
9 2 -14 1
9 2 -13 9
9 2 -12 9
9 2 -11 9
9 2 -10 9
9 2 -9 1
9 2 -8 1
9 2 -7 1
9 2 -6 1
9 2 -5 1
9 2 -4 1
9 2 -3 1
9 2 -2 1
9 2 -1 1
9 2 0 1
9 2 1 1
9 2 2 1
9 2 3 1
9 2 4 1
9 2 5 1
9 2 6 1
9 2 7 1
9 2 8 9
9 2 9 1
9 2 10 1
9 2 11 1
9 2 12 1
9 2 13 1
9 2 14 9
9 2 15 9
9 2 16 9
9 2 17 9
9 2 18 9
9 2 19 9
9 2 20 9
9 2 21 9
10 2 -20 1
10 2 -19 1
10 2 -18 1
10 2 -17 1
10 2 -16 1
10 2 -15 1
10 2 -14 9
10 2 -13 9
10 2 -12 9
10 2 -11 9
10 2 -10 1
10 2 -9 1
10 2 -8 1
10 2 -7 1
10 2 -6 1
10 2 -5 1
10 2 -4 1
10 2 -3 1
10 2 -2 1
10 2 -1 1
10 2 0 1
10 2 1 1
10 2 2 1
10 2 3 1
10 2 4 1
10 2 5 1
10 2 6 1
10 2 7 9
10 2 8 9
10 2 9 9
10 2 10 1
10 2 11 1
10 2 12 1
10 2 13 1
10 2 14 1
10 2 15 9
10 2 16 9
10 2 17 9
10 2 18 9
10 2 19 9
10 2 20 9
11 2 -20 1
11 2 -19 1
11 2 -18 1
11 2 -17 1
11 2 -16 9
11 2 -15 9
11 2 -14 9
11 2 -13 9
11 2 -12 9
11 2 -11 1
11 2 -10 1
11 2 -9 1
11 2 -8 1
11 2 -7 9
11 2 -6 9
11 2 -5 9
11 2 -4 1
11 2 -3 1
11 2 -2 1
11 2 -1 1
11 2 0 1
11 2 1 1
11 2 2 1
11 2 3 1
11 2 4 1
11 2 5 1
11 2 6 1
11 2 7 1
11 2 8 9
11 2 9 9
11 2 10 9
11 2 11 1
11 2 12 1
11 2 13 1
11 2 14 1
11 2 15 1
11 2 16 1
11 2 17 9
11 2 18 9
11 2 19 9
11 2 20 9
12 2 -19 1
12 2 -18 1
12 2 -17 9
12 2 -16 9
12 2 -15 9
12 2 -14 9
12 2 -13 9
12 2 -12 1
12 2 -11 1
12 2 -10 1
12 2 -9 1
12 2 -8 9
12 2 -7 9
12 2 -6 9
12 2 -5 9
12 2 -4 1
12 2 -3 1
12 2 -2 9
12 2 -1 9
12 2 0 1
12 2 1 1
12 2 2 1
12 2 3 9
12 2 4 9
12 2 5 1
12 2 6 1
12 2 7 1
12 2 8 1
12 2 9 9
12 2 10 9
12 2 11 9
12 2 12 1
12 2 13 1
12 2 14 1
12 2 15 1
12 2 16 1
12 2 17 1
12 2 18 9
12 2 19 9
13 2 -19 9
13 2 -18 9
13 2 -17 9
13 2 -16 9
13 2 -15 9
13 2 -14 9
13 2 -13 1
13 2 -12 1
13 2 -11 1
13 2 -10 1
13 2 -9 1
13 2 -8 9
13 2 -7 9
13 2 -6 9
13 2 -5 1
13 2 -4 1
13 2 -3 1
13 2 -2 9
13 2 -1 9
13 2 0 1
13 2 1 1
13 2 2 1
13 2 3 9
13 2 4 9
13 2 5 9
13 2 6 1
13 2 7 1
13 2 8 1
13 2 9 9
13 2 10 9
13 2 11 9
13 2 12 9
13 2 13 1
13 2 14 1
13 2 15 1
13 2 16 1
13 2 17 1
13 2 18 1
13 2 19 1
14 2 -18 9
14 2 -17 9
14 2 -16 9
14 2 -15 9
14 2 -14 1
14 2 -13 1
14 2 -12 1
14 2 -11 1
14 2 -10 1
14 2 -9 9
14 2 -8 9
14 2 -7 9
14 2 -6 9
14 2 -5 1
14 2 -4 1
14 2 -3 1
14 2 -2 9
14 2 -1 9
14 2 0 1
14 2 1 1
14 2 2 1
14 2 3 9
14 2 4 9
14 2 5 9
14 2 6 1
14 2 7 1
14 2 8 1
14 2 9 1
14 2 10 9
14 2 11 9
14 2 12 9
14 2 13 9
14 2 14 1
14 2 15 1
14 2 16 1
14 2 17 1
14 2 18 1
15 2 -17 9
15 2 -16 9
15 2 -15 1
15 2 -14 1
15 2 -13 1
15 2 -12 1
15 2 -11 1
15 2 -10 9
15 2 -9 9
15 2 -8 9
15 2 -7 9
15 2 -6 1
15 2 -5 1
15 2 -4 1
15 2 -3 1
15 2 -2 9
15 2 -1 9
15 2 0 1
15 2 1 1
15 2 2 1
15 2 3 9
15 2 4 9
15 2 5 9
15 2 6 9
15 2 7 1
15 2 8 1
15 2 9 1
15 2 10 1
15 2 11 9
15 2 12 9
15 2 13 9
15 2 14 9
15 2 15 1
15 2 16 1
15 2 17 1
16 2 -16 1
16 2 -15 1
16 2 -14 1
16 2 -13 1
16 2 -12 1
16 2 -11 1
16 2 -10 9
16 2 -9 9
16 2 -8 9
16 2 -7 9
16 2 -6 1
16 2 -5 1
16 2 -4 1
16 2 -3 9
16 2 -2 9
16 2 -1 9
16 2 0 1
16 2 1 1
16 2 2 1
16 2 3 1
16 2 4 9
16 2 5 9
16 2 6 9
16 2 7 1
16 2 8 1
16 2 9 1
16 2 10 1
16 2 11 9
16 2 12 9
16 2 13 9
16 2 14 9
16 2 15 9
16 2 16 1
17 2 -15 1
17 2 -14 1
17 2 -13 1
17 2 -12 1
17 2 -11 9
17 2 -10 9
17 2 -9 9
17 2 -8 9
17 2 -7 1
17 2 -6 1
17 2 -5 1
17 2 -4 1
17 2 -3 9
17 2 -2 9
17 2 -1 9
17 2 0 1
17 2 1 1
17 2 2 1
17 2 3 1
17 2 4 9
17 2 5 9
17 2 6 9
17 2 7 9
17 2 8 1
17 2 9 1
17 2 10 1
17 2 11 1
17 2 12 9
17 2 13 9
17 2 14 9
17 2 15 9
18 2 -14 1
18 2 -13 1
18 2 -12 9
18 2 -11 9
18 2 -10 9
18 2 -9 9
18 2 -8 9
18 2 -7 1
18 2 -6 1
18 2 -5 1
18 2 -4 1
18 2 -3 9
18 2 -2 9
18 2 -1 9
18 2 0 1
18 2 1 1
18 2 2 1
18 2 3 1
18 2 4 9
18 2 5 9
18 2 6 9
18 2 7 9
18 2 8 1
18 2 9 1
18 2 10 1
18 2 11 1
18 2 12 1
18 2 13 9
18 2 14 9
19 2 -13 1
19 2 -12 9
19 2 -11 9
19 2 -10 9
19 2 -9 9
19 2 -8 9
19 2 -7 1
19 2 -6 1
19 2 -5 1
19 2 -4 1
19 2 -3 9
19 2 -2 9
19 2 -1 9
19 2 0 1
19 2 1 1
19 2 2 1
19 2 3 1
19 2 4 9
19 2 5 9
19 2 6 9
19 2 7 9
19 2 8 1
19 2 9 1
19 2 10 1
19 2 11 1
19 2 12 1
19 2 13 9
20 2 -11 9
20 2 -10 9
20 2 -9 9
20 2 -8 1
20 2 -7 1
20 2 -6 1
20 2 -5 1
20 2 -4 1
20 2 -3 9
20 2 -2 9
20 2 -1 9
20 2 0 1
20 2 1 1
20 2 2 1
20 2 3 1
20 2 4 9
20 2 5 9
20 2 6 9
20 2 7 9
20 2 8 9
20 2 9 1
20 2 10 1
20 2 11 1
21 2 -9 9
21 2 -8 1
21 2 -7 1
21 2 -6 1
21 2 -5 1
21 2 -4 9
21 2 -3 9
21 2 -2 9
21 2 -1 9
21 2 0 1
21 2 1 1
21 2 2 1
21 2 3 1
21 2 4 1
21 2 5 9
21 2 6 9
21 2 7 9
21 2 8 9
21 2 9 1
22 2 -7 1
22 2 -6 1
22 2 -5 1
22 2 -4 9
22 2 -3 9
22 2 -2 9
22 2 -1 9
22 2 0 1
22 2 1 1
22 2 2 1
22 2 3 1
22 2 4 1
22 2 5 9
22 2 6 9
22 2 7 9
23 2 -3 9
23 2 -2 9
23 2 -1 9
23 2 0 1
23 2 1 1
23 2 2 1
23 2 3 1
-24 3 -1 9
-24 3 0 15
-24 3 1 9
-23 3 -1 16
-23 3 0 9
-23 3 1 16
-22 3 -1 9
-22 3 0 9
-22 3 1 9
-21 3 -1 9
-21 3 0 9
-21 3 1 9
-20 3 -1 9
-20 3 0 9
-20 3 1 9
-19 3 -1 9
-19 3 0 9
-19 3 1 9
-18 3 -1 9
-18 3 0 9
-18 3 1 16
-17 3 -17 15
-17 3 -16 9
-17 3 -15 9
-17 3 -1 16
-17 3 0 9
-17 3 1 9
-17 3 15 9
-17 3 16 9
-17 3 17 15
-16 3 -17 9
-16 3 -16 9
-16 3 -15 9
-16 3 -14 9
-16 3 -1 9
-16 3 0 9
-16 3 1 9
-16 3 14 16
-16 3 15 9
-16 3 16 9
-16 3 17 9
-15 3 -17 9
-15 3 -16 16
-15 3 -15 9
-15 3 -14 9
-15 3 -13 16
-15 3 -1 9
-15 3 0 9
-15 3 1 9
-15 3 13 16
-15 3 14 9
-15 3 15 16
-15 3 16 9
-15 3 17 9
-14 3 -16 9
-14 3 -15 9
-14 3 -14 9
-14 3 -13 9
-14 3 -12 9
-14 3 -1 16
-14 3 0 16
-14 3 1 9
-14 3 12 9
-14 3 13 9
-14 3 14 9
-14 3 15 9
-14 3 16 9
-13 3 -15 16
-13 3 -14 9
-13 3 -13 16
-13 3 -12 9
-13 3 -11 9
-13 3 -1 9
-13 3 0 16
-13 3 1 9
-13 3 11 9
-13 3 12 16
-13 3 13 9
-13 3 14 9
-13 3 15 16
-12 3 -14 9
-12 3 -13 16
-12 3 -12 9
-12 3 -11 9
-12 3 -10 9
-12 3 -1 9
-12 3 0 9
-12 3 1 9
-12 3 10 9
-12 3 11 9
-12 3 12 9
-12 3 13 9
-12 3 14 9
-11 3 -13 9
-11 3 -12 9
-11 3 -11 9
-11 3 -10 9
-11 3 -9 9
-11 3 -3 16
-11 3 -2 9
-11 3 -1 9
-11 3 0 17
-11 3 1 16
-11 3 2 9
-11 3 3 9
-11 3 9 9
-11 3 10 9
-11 3 11 9
-11 3 12 9
-11 3 13 9
-10 3 -12 9
-10 3 -11 9
-10 3 -10 16
-10 3 -9 9
-10 3 -8 9
-10 3 -5 16
-10 3 -4 16
-10 3 -3 9
-10 3 -2 9
-10 3 -1 9
-10 3 0 9
-10 3 1 9
-10 3 2 9
-10 3 3 9
-10 3 4 9
-10 3 5 16
-10 3 8 16
-10 3 9 9
-10 3 10 9
-10 3 11 9
-10 3 12 16
-9 3 -11 9
-9 3 -10 16
-9 3 -9 9
-9 3 -8 9
-9 3 -7 16
-9 3 -6 9
-9 3 -5 9
-9 3 -4 16
-9 3 -3 9
-9 3 -2 18
-9 3 -1 18
-9 3 0 18
-9 3 1 18
-9 3 2 18
-9 3 3 16
-9 3 4 9
-9 3 5 9
-9 3 6 9
-9 3 7 9
-9 3 8 9
-9 3 9 9
-9 3 10 9
-9 3 11 9
-8 3 -10 9
-8 3 -9 9
-8 3 -8 17
-8 3 -7 17
-8 3 -6 9
-8 3 -5 16
-8 3 -4 18
-8 3 -3 18
-8 3 -2 18
-8 3 -1 18
-8 3 0 18
-8 3 1 18
-8 3 2 18
-8 3 3 18
-8 3 4 18
-8 3 5 9
-8 3 6 9
-8 3 7 17
-8 3 8 17
-8 3 9 9
-8 3 10 9
-7 3 -9 9
-7 3 -8 17
-7 3 -7 9
-7 3 -6 18
-7 3 -5 18
-7 3 -4 18
-7 3 -3 18
-7 3 -2 18
-7 3 -1 18
-7 3 0 18
-7 3 1 18
-7 3 2 18
-7 3 3 18
-7 3 4 18
-7 3 5 18
-7 3 6 18
-7 3 7 9
-7 3 8 17
-7 3 9 9
-6 3 -9 9
-6 3 -8 16
-6 3 -7 18
-6 3 -6 18
-6 3 -5 18
-6 3 -4 18
-6 3 -3 18
-6 3 -2 18
-6 3 -1 18
-6 3 0 18
-6 3 1 18
-6 3 2 18
-6 3 3 18
-6 3 4 18
-6 3 5 18
-6 3 6 18
-6 3 7 18
-6 3 8 9
-6 3 9 9
-5 3 -10 16
-5 3 -9 16
-5 3 -8 9
-5 3 -7 18
-5 3 -6 18
-5 3 -5 18
-5 3 -4 18
-5 3 -3 18
-5 3 -2 18
-5 3 -1 18
-5 3 0 18
-5 3 1 18
-5 3 2 18
-5 3 3 18
-5 3 4 18
-5 3 5 18
-5 3 6 18
-5 3 7 18
-5 3 8 9
-5 3 9 16
-5 3 10 9
-4 3 -10 9
-4 3 -9 9
-4 3 -8 18
-4 3 -7 18
-4 3 -6 18
-4 3 -5 18
-4 3 -4 18
-4 3 -3 18
-4 3 -2 18
-4 3 -1 18
-4 3 0 18
-4 3 1 18
-4 3 2 18
-4 3 3 18
-4 3 4 18
-4 3 5 18
-4 3 6 18
-4 3 7 18
-4 3 8 18
-4 3 9 9
-4 3 10 16
-3 3 -11 9
-3 3 -10 9
-3 3 -9 9
-3 3 -8 18
-3 3 -7 18
-3 3 -6 18
-3 3 -5 18
-3 3 -4 18
-3 3 -3 18
-3 3 -2 18
-3 3 -1 18
-3 3 0 18
-3 3 1 18
-3 3 2 18
-3 3 3 18
-3 3 4 18
-3 3 5 18
-3 3 6 18
-3 3 7 18
-3 3 8 18
-3 3 9 9
-3 3 10 16
-3 3 11 16
-3 3 14 17
-2 3 -11 9
-2 3 -10 9
-2 3 -9 18
-2 3 -8 18
-2 3 -7 18
-2 3 -6 18
-2 3 -5 18
-2 3 -4 18
-2 3 -3 18
-2 3 -2 18
-2 3 -1 18
-2 3 0 18
-2 3 1 18
-2 3 2 18
-2 3 3 18
-2 3 4 18
-2 3 5 18
-2 3 6 18
-2 3 7 18
-2 3 8 18
-2 3 9 18
-2 3 10 9
-2 3 11 9
-1 3 -24 9
-1 3 -23 9
-1 3 -22 9
-1 3 -21 16
-1 3 -20 9
-1 3 -19 9
-1 3 -18 9
-1 3 -17 9
-1 3 -16 9
-1 3 -15 9
-1 3 -14 9
-1 3 -13 9
-1 3 -12 9
-1 3 -11 16
-1 3 -10 16
-1 3 -9 18
-1 3 -8 18
-1 3 -7 18
-1 3 -6 18
-1 3 -5 18
-1 3 -4 18
-1 3 -3 18
-1 3 -2 18
-1 3 -1 18
-1 3 0 18
-1 3 1 18
-1 3 2 18
-1 3 3 18
-1 3 4 18
-1 3 5 18
-1 3 6 18
-1 3 7 18
-1 3 8 18
-1 3 9 18
-1 3 10 18
-1 3 11 18
-1 3 12 18
0 3 -24 15
0 3 -23 9
0 3 -22 16
0 3 -21 16
0 3 -20 9
0 3 -19 16
0 3 -18 9
0 3 -17 9
0 3 -16 9
0 3 -15 9
0 3 -14 16
0 3 -13 9
0 3 -12 9
0 3 -11 17
0 3 -10 9
0 3 -9 18
0 3 -8 18
0 3 -7 18
0 3 -6 18
0 3 -5 18
0 3 -4 18
0 3 -3 18
0 3 -2 18
0 3 -1 18
0 3 0 19
0 3 1 0
0 3 2 0
0 3 3 18
0 3 4 18
0 3 5 18
0 3 6 18
0 3 7 18
0 3 8 18
0 3 9 18
0 3 10 18
0 3 11 18
0 3 12 18
1 3 -24 9
1 3 -23 9
1 3 -22 9
1 3 -21 9
1 3 -20 9
1 3 -19 16
1 3 -18 9
1 3 -17 9
1 3 -16 9
1 3 -15 9
1 3 -14 9
1 3 -13 9
1 3 -12 16
1 3 -11 9
1 3 -10 9
1 3 -9 18
1 3 -8 18
1 3 -7 18
1 3 -6 18
1 3 -5 18
1 3 -4 18
1 3 -3 18
1 3 -2 18
1 3 -1 18
1 3 0 18
1 3 1 1
1 3 2 1
1 3 3 18
1 3 4 18
1 3 5 18
1 3 6 18
1 3 7 18
1 3 8 18
1 3 9 18
1 3 10 18
1 3 11 18
1 3 12 18
2 3 -11 9
2 3 -10 9
2 3 -9 18
2 3 -8 18
2 3 -7 18
2 3 -6 18
2 3 -5 18
2 3 -4 18
2 3 -3 18
2 3 -2 18
2 3 -1 18
2 3 0 18
2 3 1 1
2 3 2 1
2 3 3 18
2 3 4 18
2 3 5 18
2 3 6 18
2 3 7 18
2 3 8 18
2 3 9 18
2 3 10 9
2 3 11 16
3 3 -11 16
3 3 -10 9
3 3 -9 9
3 3 -8 18
3 3 -7 18
3 3 -6 18
3 3 -5 18
3 3 -4 18
3 3 -3 18
3 3 -2 18
3 3 -1 18
3 3 0 18
3 3 1 18
3 3 2 18
3 3 3 18
3 3 4 18
3 3 5 18
3 3 6 18
3 3 7 18
3 3 8 18
3 3 9 9
3 3 10 9
3 3 11 9
3 3 14 17
4 3 -10 9
4 3 -9 16
4 3 -8 18
4 3 -7 18
4 3 -6 18
4 3 -5 18
4 3 -4 18
4 3 -3 18
4 3 -2 18
4 3 -1 18
4 3 0 18
4 3 1 18
4 3 2 18
4 3 3 18
4 3 4 18
4 3 5 18
4 3 6 18
4 3 7 18
4 3 8 18
4 3 9 9
4 3 10 9
5 3 -10 9
5 3 -9 16
5 3 -8 9
5 3 -7 18
5 3 -6 18
5 3 -5 18
5 3 -4 18
5 3 -3 18
5 3 -2 18
5 3 -1 18
5 3 0 18
5 3 1 18
5 3 2 18
5 3 3 18
5 3 4 18
5 3 5 18
5 3 6 18
5 3 7 18
5 3 8 9
5 3 9 16
5 3 10 9
6 3 -9 9
6 3 -8 9
6 3 -7 18
6 3 -6 18
6 3 -5 18
6 3 -4 18
6 3 -3 18
6 3 -2 18
6 3 -1 18
6 3 0 18
6 3 1 18
6 3 2 18
6 3 3 18
6 3 4 18
6 3 5 18
6 3 6 18
6 3 7 18
6 3 8 16
6 3 9 9
7 3 -9 9
7 3 -8 17
7 3 -7 9
7 3 -6 18
7 3 -5 18
7 3 -4 18
7 3 -3 18
7 3 -2 18
7 3 -1 18
7 3 0 18
7 3 1 18
7 3 2 18
7 3 3 18
7 3 4 18
7 3 5 18
7 3 6 18
7 3 7 9
7 3 8 17
7 3 9 9
8 3 -10 9
8 3 -9 9
8 3 -8 17
8 3 -7 17
8 3 -6 9
8 3 -5 9
8 3 -4 18
8 3 -3 18
8 3 -2 18
8 3 -1 18
8 3 0 18
8 3 1 18
8 3 2 18
8 3 3 18
8 3 4 18
8 3 5 9
8 3 6 16
8 3 7 17
8 3 8 17
8 3 9 16
8 3 10 16
9 3 -11 9
9 3 -10 9
9 3 -9 9
9 3 -8 9
9 3 -7 9
9 3 -6 9
9 3 -5 9
9 3 -4 9
9 3 -3 16
9 3 -2 18
9 3 -1 18
9 3 0 18
9 3 1 18
9 3 2 18
9 3 3 9
9 3 4 9
9 3 5 9
9 3 6 9
9 3 7 16
9 3 8 9
9 3 9 9
9 3 10 9
9 3 11 9
10 3 -12 9
10 3 -11 9
10 3 -10 9
10 3 -9 9
10 3 -8 9
10 3 -5 9
10 3 -4 9
10 3 -3 9
10 3 -2 9
10 3 -1 9
10 3 0 9
10 3 1 9
10 3 2 9
10 3 3 9
10 3 4 9
10 3 5 9
10 3 8 9
10 3 9 9
10 3 10 16
10 3 11 9
10 3 12 9
11 3 -13 9
11 3 -12 16
11 3 -11 9
11 3 -10 9
11 3 -9 9
11 3 -3 9
11 3 -2 16
11 3 -1 16
11 3 0 17
11 3 1 9
11 3 2 9
11 3 3 16
11 3 9 9
11 3 10 9
11 3 11 9
11 3 12 16
11 3 13 9
12 3 -14 16
12 3 -13 16
12 3 -12 9
12 3 -11 9
12 3 -10 9
12 3 -1 9
12 3 0 9
12 3 1 9
12 3 10 16
12 3 11 9
12 3 12 9
12 3 13 9
12 3 14 9
13 3 -15 16
13 3 -14 9
13 3 -13 9
13 3 -12 9
13 3 -11 9
13 3 -1 9
13 3 0 9
13 3 1 9
13 3 11 9
13 3 12 16
13 3 13 16
13 3 14 16
13 3 15 16
14 3 -16 9
14 3 -15 9
14 3 -14 9
14 3 -13 16
14 3 -12 16
14 3 -1 9
14 3 0 9
14 3 1 9
14 3 12 9
14 3 13 16
14 3 14 9
14 3 15 9
14 3 16 16
15 3 -17 9
15 3 -16 9
15 3 -15 16
15 3 -14 16
15 3 -13 16
15 3 -1 9
15 3 0 9
15 3 1 9
15 3 13 16
15 3 14 9
15 3 15 9
15 3 16 9
15 3 17 9
16 3 -17 9
16 3 -16 9
16 3 -15 9
16 3 -14 16
16 3 -1 9
16 3 0 9
16 3 1 9
16 3 14 9
16 3 15 9
16 3 16 9
16 3 17 9
17 3 -17 15
17 3 -16 9
17 3 -15 9
17 3 -1 9
17 3 0 9
17 3 1 16
17 3 15 9
17 3 16 9
17 3 17 15
18 3 -1 9
18 3 0 9
18 3 1 16
19 3 -1 9
19 3 0 9
19 3 1 9
20 3 -1 9
20 3 0 9
20 3 1 9
21 3 -1 9
21 3 0 9
21 3 1 9
22 3 -1 9
22 3 0 9
22 3 1 9
23 3 -1 16
23 3 0 9
23 3 1 16
24 3 -1 9
24 3 0 15
24 3 1 9
-24 4 -1 9
-24 4 0 20
-24 4 1 9
-23 4 -1 16
-23 4 0 9
-23 4 1 9
-22 4 -1 9
-22 4 0 16
-22 4 1 9
-21 4 -1 9
-21 4 0 9
-21 4 1 9
-20 4 -1 9
-20 4 0 16
-20 4 1 9
-19 4 -1 9
-19 4 0 16
-19 4 1 9
-18 4 -1 9
-18 4 0 9
-18 4 1 9
-17 4 -17 21
-17 4 -16 16
-17 4 -15 9
-17 4 -1 9
-17 4 0 9
-17 4 1 9
-17 4 15 9
-17 4 16 9
-17 4 17 22
-16 4 -17 9
-16 4 -16 9
-16 4 -15 9
-16 4 -14 9
-16 4 -1 9
-16 4 0 9
-16 4 1 9
-16 4 14 9
-16 4 15 9
-16 4 16 9
-16 4 17 9
-15 4 -17 16
-15 4 -16 9
-15 4 -15 9
-15 4 -14 9
-15 4 -13 16
-15 4 -1 9
-15 4 0 9
-15 4 1 16
-15 4 13 9
-15 4 14 9
-15 4 15 9
-15 4 16 9
-15 4 17 9
-14 4 -16 16
-14 4 -15 9
-14 4 -14 16
-14 4 -13 16
-14 4 -12 16
-14 4 -1 16
-14 4 0 9
-14 4 1 9
-14 4 12 9
-14 4 13 9
-14 4 14 16
-14 4 15 9
-14 4 16 9
-13 4 -15 9
-13 4 -14 9
-13 4 -13 9
-13 4 -12 9
-13 4 -11 9
-13 4 -1 16
-13 4 0 9
-13 4 1 9
-13 4 11 9
-13 4 12 9
-13 4 13 9
-13 4 14 9
-13 4 15 9
-12 4 -14 9
-12 4 -13 9
-12 4 -12 9
-12 4 -11 9
-12 4 -10 16
-12 4 -1 9
-12 4 0 9
-12 4 1 9
-12 4 10 9
-12 4 11 16
-12 4 12 9
-12 4 13 9
-12 4 14 9
-11 4 -13 9
-11 4 -12 9
-11 4 -11 9
-11 4 -10 16
-11 4 -9 9
-11 4 -3 9
-11 4 -2 9
-11 4 -1 9
-11 4 0 17
-11 4 1 9
-11 4 2 9
-11 4 3 16
-11 4 9 9
-11 4 10 16
-11 4 11 16
-11 4 12 16
-11 4 13 9
-10 4 -12 9
-10 4 -11 16
-10 4 -10 9
-10 4 -9 9
-10 4 -8 9
-10 4 -5 9
-10 4 -4 9
-10 4 -3 16
-10 4 -2 9
-10 4 -1 9
-10 4 0 9
-10 4 1 9
-10 4 2 16
-10 4 3 16
-10 4 4 16
-10 4 5 9
-10 4 8 9
-10 4 9 9
-10 4 10 9
-10 4 11 9
-10 4 12 16
-9 4 -11 16
-9 4 -10 9
-9 4 -9 9
-9 4 -8 9
-9 4 -7 9
-9 4 -6 9
-9 4 -5 9
-9 4 -4 16
-9 4 -3 9
-9 4 -2 18
-9 4 -1 18
-9 4 0 18
-9 4 1 18
-9 4 2 18
-9 4 3 9
-9 4 4 9
-9 4 5 9
-9 4 6 9
-9 4 7 9
-9 4 8 9
-9 4 9 9
-9 4 10 16
-9 4 11 9
-8 4 -10 9
-8 4 -9 9
-8 4 -8 17
-8 4 -7 17
-8 4 -6 16
-8 4 -5 9
-8 4 -4 18
-8 4 -3 18
-8 4 -2 18
-8 4 -1 18
-8 4 0 18
-8 4 1 18
-8 4 2 18
-8 4 3 18
-8 4 4 18
-8 4 5 9
-8 4 6 16
-8 4 7 17
-8 4 8 17
-8 4 9 9
-8 4 10 9
-7 4 -9 9
-7 4 -8 17
-7 4 -7 9
-7 4 -6 18
-7 4 -5 18
-7 4 -4 18
-7 4 -3 18
-7 4 -2 18
-7 4 -1 18
-7 4 0 18
-7 4 1 18
-7 4 2 18
-7 4 3 18
-7 4 4 18
-7 4 5 18
-7 4 6 18
-7 4 7 16
-7 4 8 17
-7 4 9 16
-6 4 -9 9
-6 4 -8 9
-6 4 -7 18
-6 4 -6 18
-6 4 -5 18
-6 4 -4 18
-6 4 -3 18
-6 4 -2 18
-6 4 -1 18
-6 4 0 18
-6 4 1 18
-6 4 2 18
-6 4 3 18
-6 4 4 18
-6 4 5 18
-6 4 6 18
-6 4 7 18
-6 4 8 9
-6 4 9 9
-5 4 -10 16
-5 4 -9 9
-5 4 -8 9
-5 4 -7 18
-5 4 -6 18
-5 4 -5 18
-5 4 -4 18
-5 4 -3 18
-5 4 -2 18
-5 4 -1 18
-5 4 0 18
-5 4 1 18
-5 4 2 18
-5 4 3 18
-5 4 4 18
-5 4 5 18
-5 4 6 18
-5 4 7 18
-5 4 8 9
-5 4 9 9
-5 4 10 16
-4 4 -10 9
-4 4 -9 9
-4 4 -8 18
-4 4 -7 18
-4 4 -6 18
-4 4 -5 18
-4 4 -4 18
-4 4 -3 18
-4 4 -2 18
-4 4 -1 18
-4 4 0 18
-4 4 1 18
-4 4 2 18
-4 4 3 18
-4 4 4 18
-4 4 5 18
-4 4 6 18
-4 4 7 18
-4 4 8 18
-4 4 9 9
-4 4 10 16
-3 4 -11 9
-3 4 -10 9
-3 4 -9 9
-3 4 -8 18
-3 4 -7 18
-3 4 -6 18
-3 4 -5 18
-3 4 -4 18
-3 4 -3 18
-3 4 -2 18
-3 4 -1 18
-3 4 0 18
-3 4 1 18
-3 4 2 18
-3 4 3 18
-3 4 4 18
-3 4 5 18
-3 4 6 18
-3 4 7 18
-3 4 8 18
-3 4 9 9
-3 4 10 9
-3 4 11 9
-3 4 14 17
-2 4 -11 9
-2 4 -10 9
-2 4 -9 18
-2 4 -8 18
-2 4 -7 18
-2 4 -6 18
-2 4 -5 18
-2 4 -4 18
-2 4 -3 18
-2 4 -2 18
-2 4 -1 18
-2 4 0 18
-2 4 1 18
-2 4 2 18
-2 4 3 18
-2 4 4 18
-2 4 5 18
-2 4 6 18
-2 4 7 18
-2 4 8 18
-2 4 9 18
-2 4 10 9
-2 4 11 16
-1 4 -24 9
-1 4 -23 9
-1 4 -22 16
-1 4 -21 9
-1 4 -20 9
-1 4 -19 9
-1 4 -18 9
-1 4 -17 9
-1 4 -16 9
-1 4 -15 9
-1 4 -14 9
-1 4 -13 16
-1 4 -12 9
-1 4 -11 9
-1 4 -10 9
-1 4 -9 18
-1 4 -8 18
-1 4 -7 18
-1 4 -6 18
-1 4 -5 18
-1 4 -4 18
-1 4 -3 18
-1 4 -2 18
-1 4 -1 18
-1 4 0 18
-1 4 1 18
-1 4 2 18
-1 4 3 18
-1 4 4 18
-1 4 5 18
-1 4 6 18
-1 4 7 18
-1 4 8 18
-1 4 9 18
-1 4 10 18
-1 4 11 18
-1 4 12 18
0 4 -24 23
0 4 -23 9
0 4 -22 9
0 4 -21 9
0 4 -20 16
0 4 -19 9
0 4 -18 16
0 4 -17 16
0 4 -16 9
0 4 -15 9
0 4 -14 9
0 4 -13 9
0 4 -12 9
0 4 -11 17
0 4 -10 16
0 4 -9 18
0 4 -8 18
0 4 -7 18
0 4 -6 18
0 4 -5 18
0 4 -4 18
0 4 -3 18
0 4 -2 18
0 4 -1 18
0 4 0 17
0 4 1 18
0 4 2 18
0 4 3 18
0 4 4 18
0 4 5 18
0 4 6 18
0 4 7 18
0 4 8 18
0 4 9 18
0 4 10 18
0 4 11 18
0 4 12 18
1 4 -24 16
1 4 -23 9
1 4 -22 9
1 4 -21 9
1 4 -20 9
1 4 -19 9
1 4 -18 9
1 4 -17 16
1 4 -16 9
1 4 -15 16
1 4 -14 9
1 4 -13 9
1 4 -12 9
1 4 -11 9
1 4 -10 9
1 4 -9 18
1 4 -8 18
1 4 -7 18
1 4 -6 18
1 4 -5 18
1 4 -4 18
1 4 -3 18
1 4 -2 1
1 4 -1 1
1 4 0 5
1 4 1 18
1 4 2 18
1 4 3 18
1 4 4 18
1 4 5 18
1 4 6 18
1 4 7 18
1 4 8 18
1 4 9 18
1 4 10 18
1 4 11 18
1 4 12 18
2 4 -11 9
2 4 -10 9
2 4 -9 18
2 4 -8 18
2 4 -7 18
2 4 -6 18
2 4 -5 18
2 4 -4 18
2 4 -3 18
2 4 -2 1
2 4 -1 1
2 4 0 5
2 4 1 18
2 4 2 18
2 4 3 18
2 4 4 18
2 4 5 18
2 4 6 18
2 4 7 18
2 4 8 18
2 4 9 18
2 4 10 9
2 4 11 9
3 4 -11 9
3 4 -10 16
3 4 -9 9
3 4 -8 18
3 4 -7 18
3 4 -6 18
3 4 -5 18
3 4 -4 18
3 4 -3 18
3 4 -2 18
3 4 -1 18
3 4 0 18
3 4 1 18
3 4 2 18
3 4 3 18
3 4 4 18
3 4 5 18
3 4 6 18
3 4 7 18
3 4 8 18
3 4 9 9
3 4 10 16
3 4 11 9
3 4 14 17
4 4 -10 16
4 4 -9 16
4 4 -8 18
4 4 -7 18
4 4 -6 18
4 4 -5 18
4 4 -4 18
4 4 -3 18
4 4 -2 18
4 4 -1 18
4 4 0 18
4 4 1 18
4 4 2 18
4 4 3 18
4 4 4 18
4 4 5 18
4 4 6 18
4 4 7 18
4 4 8 18
4 4 9 9
4 4 10 9
5 4 -10 9
5 4 -9 9
5 4 -8 9
5 4 -7 18
5 4 -6 18
5 4 -5 18
5 4 -4 18
5 4 -3 18
5 4 -2 18
5 4 -1 18
5 4 0 18
5 4 1 18
5 4 2 18
5 4 3 18
5 4 4 18
5 4 5 18
5 4 6 18
5 4 7 18
5 4 8 16
5 4 9 9
5 4 10 9
6 4 -9 9
6 4 -8 9
6 4 -7 18
6 4 -6 18
6 4 -5 18
6 4 -4 18
6 4 -3 18
6 4 -2 18
6 4 -1 18
6 4 0 18
6 4 1 18
6 4 2 18
6 4 3 18
6 4 4 18
6 4 5 18
6 4 6 18
6 4 7 18
6 4 8 9
6 4 9 16
7 4 -9 16
7 4 -8 17
7 4 -7 16
7 4 -6 18
7 4 -5 18
7 4 -4 18
7 4 -3 18
7 4 -2 18
7 4 -1 18
7 4 0 18
7 4 1 18
7 4 2 18
7 4 3 18
7 4 4 18
7 4 5 18
7 4 6 18
7 4 7 9
7 4 8 17
7 4 9 9
8 4 -10 9
8 4 -9 9
8 4 -8 17
8 4 -7 17
8 4 -6 9
8 4 -5 16
8 4 -4 18
8 4 -3 18
8 4 -2 18
8 4 -1 18
8 4 0 18
8 4 1 18
8 4 2 18
8 4 3 18
8 4 4 18
8 4 5 9
8 4 6 9
8 4 7 17
8 4 8 17
8 4 9 9
8 4 10 9
9 4 -11 9
9 4 -10 9
9 4 -9 9
9 4 -8 9
9 4 -7 9
9 4 -6 9
9 4 -5 9
9 4 -4 16
9 4 -3 9
9 4 -2 18
9 4 -1 18
9 4 0 18
9 4 1 18
9 4 2 18
9 4 3 9
9 4 4 9
9 4 5 9
9 4 6 16
9 4 7 9
9 4 8 9
9 4 9 9
9 4 10 9
9 4 11 16
10 4 -12 9
10 4 -11 16
10 4 -10 9
10 4 -9 16
10 4 -8 9
10 4 -5 9
10 4 -4 16
10 4 -3 9
10 4 -2 16
10 4 -1 9
10 4 0 9
10 4 1 9
10 4 2 9
10 4 3 9
10 4 4 16
10 4 5 9
10 4 8 9
10 4 9 9
10 4 10 9
10 4 11 9
10 4 12 16
11 4 -13 9
11 4 -12 9
11 4 -11 16
11 4 -10 9
11 4 -9 9
11 4 -3 16
11 4 -2 9
11 4 -1 9
11 4 0 17
11 4 1 9
11 4 2 16
11 4 3 9
11 4 9 9
11 4 10 9
11 4 11 9
11 4 12 9
11 4 13 9
12 4 -14 16
12 4 -13 9
12 4 -12 9
12 4 -11 16
12 4 -10 9
12 4 -1 16
12 4 0 16
12 4 1 9
12 4 10 9
12 4 11 9
12 4 12 9
12 4 13 9
12 4 14 9
13 4 -15 9
13 4 -14 9
13 4 -13 9
13 4 -12 16
13 4 -11 9
13 4 -1 9
13 4 0 9
13 4 1 16
13 4 11 9
13 4 12 9
13 4 13 9
13 4 14 9
13 4 15 9
14 4 -16 9
14 4 -15 16
14 4 -14 16
14 4 -13 9
14 4 -12 9
14 4 -1 9
14 4 0 9
14 4 1 9
14 4 12 9
14 4 13 9
14 4 14 16
14 4 15 9
14 4 16 9
15 4 -17 9
15 4 -16 9
15 4 -15 9
15 4 -14 9
15 4 -13 9
15 4 -1 16
15 4 0 9
15 4 1 9
15 4 13 16
15 4 14 16
15 4 15 9
15 4 16 9
15 4 17 16
16 4 -17 9
16 4 -16 9
16 4 -15 9
16 4 -14 9
16 4 -1 9
16 4 0 9
16 4 1 16
16 4 14 9
16 4 15 9
16 4 16 9
16 4 17 16
17 4 -17 24
17 4 -16 16
17 4 -15 9
17 4 -1 9
17 4 0 9
17 4 1 9
17 4 15 9
17 4 16 9
17 4 17 25
18 4 -1 9
18 4 0 9
18 4 1 16
19 4 -1 9
19 4 0 9
19 4 1 9
20 4 -1 9
20 4 0 9
20 4 1 9
21 4 -1 9
21 4 0 9
21 4 1 9
22 4 -1 9
22 4 0 9
22 4 1 9
23 4 -1 9
23 4 0 16
23 4 1 16
24 4 -1 9
24 4 0 26
24 4 1 9
-24 5 -1 16
-24 5 0 20
-24 5 1 9
-23 5 -1 9
-23 5 0 9
-23 5 1 9
-22 5 -1 9
-22 5 0 9
-22 5 1 9
-21 5 -1 9
-21 5 0 9
-21 5 1 9
-20 5 -1 9
-20 5 0 9
-20 5 1 9
-19 5 -1 9
-19 5 0 9
-19 5 1 9
-18 5 -1 9
-18 5 0 9
-18 5 1 16
-17 5 -17 21
-17 5 -16 16
-17 5 -15 9
-17 5 -1 16
-17 5 0 9
-17 5 1 16
-17 5 15 9
-17 5 16 9
-17 5 17 22
-16 5 -17 9
-16 5 -16 9
-16 5 -15 9
-16 5 -14 9
-16 5 -1 16
-16 5 0 16
-16 5 1 9
-16 5 14 9
-16 5 15 9
-16 5 16 9
-16 5 17 9
-15 5 -17 9
-15 5 -16 9
-15 5 -15 9
-15 5 -14 9
-15 5 -13 9
-15 5 -1 9
-15 5 0 9
-15 5 1 9
-15 5 13 9
-15 5 14 16
-15 5 15 16
-15 5 16 9
-15 5 17 9
-14 5 -16 9
-14 5 -15 9
-14 5 -14 16
-14 5 -13 9
-14 5 -12 9
-14 5 -1 16
-14 5 0 9
-14 5 1 9
-14 5 12 16
-14 5 13 9
-14 5 14 9
-14 5 15 16
-14 5 16 9
-13 5 -15 16
-13 5 -14 16
-13 5 -13 9
-13 5 -12 9
-13 5 -11 9
-13 5 -1 16
-13 5 0 9
-13 5 1 9
-13 5 11 9
-13 5 12 9
-13 5 13 9
-13 5 14 9
-13 5 15 16
-12 5 -14 9
-12 5 -13 16
-12 5 -12 9
-12 5 -11 9
-12 5 -10 9
-12 5 -1 16
-12 5 0 9
-12 5 1 16
-12 5 10 9
-12 5 11 9
-12 5 12 16
-12 5 13 9
-12 5 14 9
-11 5 -13 9
-11 5 -12 9
-11 5 -11 16
-11 5 -10 9
-11 5 -9 9
-11 5 -3 9
-11 5 -2 9
-11 5 -1 9
-11 5 0 17
-11 5 1 9
-11 5 2 9
-11 5 3 9
-11 5 9 9
-11 5 10 9
-11 5 11 9
-11 5 12 9
-11 5 13 9
-10 5 -12 9
-10 5 -11 16
-10 5 -10 16
-10 5 -9 16
-10 5 -8 9
-10 5 -5 9
-10 5 -4 9
-10 5 -3 9
-10 5 -2 9
-10 5 -1 9
-10 5 0 16
-10 5 1 9
-10 5 2 9
-10 5 3 9
-10 5 4 9
-10 5 5 16
-10 5 8 16
-10 5 9 9
-10 5 10 9
-10 5 11 9
-10 5 12 9
-9 5 -11 16
-9 5 -10 16
-9 5 -9 9
-9 5 -8 9
-9 5 -7 9
-9 5 -6 9
-9 5 -5 9
-9 5 -4 9
-9 5 -3 16
-9 5 -2 18
-9 5 -1 18
-9 5 0 18
-9 5 1 18
-9 5 2 18
-9 5 3 9
-9 5 4 16
-9 5 5 9
-9 5 6 9
-9 5 7 16
-9 5 8 16
-9 5 9 9
-9 5 10 16
-9 5 11 16
-8 5 -10 9
-8 5 -9 16
-8 5 -8 17
-8 5 -7 17
-8 5 -6 9
-8 5 -5 16
-8 5 -4 18
-8 5 -3 18
-8 5 -2 18
-8 5 -1 18
-8 5 0 18
-8 5 1 18
-8 5 2 18
-8 5 3 18
-8 5 4 18
-8 5 5 9
-8 5 6 16
-8 5 7 17
-8 5 8 17
-8 5 9 9
-8 5 10 16
-7 5 -9 16
-7 5 -8 17
-7 5 -7 9
-7 5 -6 18
-7 5 -5 18
-7 5 -4 18
-7 5 -3 18
-7 5 -2 18
-7 5 -1 18
-7 5 0 18
-7 5 1 18
-7 5 2 18
-7 5 3 18
-7 5 4 18
-7 5 5 18
-7 5 6 18
-7 5 7 9
-7 5 8 17
-7 5 9 9
-6 5 -9 9
-6 5 -8 16
-6 5 -7 18
-6 5 -6 18
-6 5 -5 18
-6 5 -4 18
-6 5 -3 18
-6 5 -2 18
-6 5 -1 18
-6 5 0 18
-6 5 1 18
-6 5 2 18
-6 5 3 18
-6 5 4 18
-6 5 5 18
-6 5 6 18
-6 5 7 18
-6 5 8 9
-6 5 9 9
-5 5 -10 9
-5 5 -9 9
-5 5 -8 16
-5 5 -7 18
-5 5 -6 18
-5 5 -5 18
-5 5 -4 18
-5 5 -3 18
-5 5 -2 18
-5 5 -1 18
-5 5 0 18
-5 5 1 18
-5 5 2 18
-5 5 3 18
-5 5 4 18
-5 5 5 18
-5 5 6 18
-5 5 7 18
-5 5 8 16
-5 5 9 9
-5 5 10 9
-4 5 -10 9
-4 5 -9 9
-4 5 -8 18
-4 5 -7 18
-4 5 -6 18
-4 5 -5 18
-4 5 -4 18
-4 5 -3 18
-4 5 -2 18
-4 5 -1 18
-4 5 0 18
-4 5 1 18
-4 5 2 18
-4 5 3 18
-4 5 4 18
-4 5 5 18
-4 5 6 18
-4 5 7 18
-4 5 8 18
-4 5 9 16
-4 5 10 9
-3 5 -11 9
-3 5 -10 9
-3 5 -9 9
-3 5 -8 18
-3 5 -7 18
-3 5 -6 18
-3 5 -5 18
-3 5 -4 18
-3 5 -3 18
-3 5 -2 18
-3 5 -1 18
-3 5 0 18
-3 5 1 18
-3 5 2 18
-3 5 3 18
-3 5 4 18
-3 5 5 18
-3 5 6 18
-3 5 7 18
-3 5 8 18
-3 5 9 9
-3 5 10 9
-3 5 11 16
-3 5 14 17
-2 5 -11 16
-2 5 -10 9
-2 5 -9 18
-2 5 -8 18
-2 5 -7 18
-2 5 -6 18
-2 5 -5 18
-2 5 -4 18
-2 5 -3 18
-2 5 -2 1
-2 5 -1 1
-2 5 0 18
-2 5 1 18
-2 5 2 18
-2 5 3 18
-2 5 4 18
-2 5 5 18
-2 5 6 18
-2 5 7 18
-2 5 8 18
-2 5 9 18
-2 5 10 9
-2 5 11 9
-1 5 -24 9
-1 5 -23 9
-1 5 -22 9
-1 5 -21 9
-1 5 -20 9
-1 5 -19 9
-1 5 -18 9
-1 5 -17 9
-1 5 -16 9
-1 5 -15 9
-1 5 -14 9
-1 5 -13 16
-1 5 -12 9
-1 5 -11 16
-1 5 -10 9
-1 5 -9 18
-1 5 -8 18
-1 5 -7 18
-1 5 -6 18
-1 5 -5 18
-1 5 -4 18
-1 5 -3 18
-1 5 -2 1
-1 5 -1 1
-1 5 0 18
-1 5 1 18
-1 5 2 18
-1 5 3 18
-1 5 4 18
-1 5 5 18
-1 5 6 18
-1 5 7 18
-1 5 8 18
-1 5 9 18
-1 5 10 18
-1 5 11 18
-1 5 12 18
0 5 -24 23
0 5 -23 9
0 5 -22 16
0 5 -21 9
0 5 -20 9
0 5 -19 9
0 5 -18 9
0 5 -17 9
0 5 -16 16
0 5 -15 16
0 5 -14 16
0 5 -13 9
0 5 -12 9
0 5 -11 17
0 5 -10 16
0 5 -9 18
0 5 -8 18
0 5 -7 18
0 5 -6 18
0 5 -5 18
0 5 -4 18
0 5 -3 18
0 5 -2 7
0 5 -1 7
0 5 0 17
0 5 1 18
0 5 2 18
0 5 3 18
0 5 4 18
0 5 5 18
0 5 6 18
0 5 7 18
0 5 8 18
0 5 9 18
0 5 10 18
0 5 11 18
0 5 12 18
1 5 -24 9
1 5 -23 16
1 5 -22 9
1 5 -21 9
1 5 -20 9
1 5 -19 9
1 5 -18 9
1 5 -17 9
1 5 -16 9
1 5 -15 9
1 5 -14 9
1 5 -13 16
1 5 -12 9
1 5 -11 9
1 5 -10 9
1 5 -9 18
1 5 -8 18
1 5 -7 18
1 5 -6 18
1 5 -5 18
1 5 -4 18
1 5 -3 18
1 5 -2 18
1 5 -1 18
1 5 0 18
1 5 1 18
1 5 2 18
1 5 3 18
1 5 4 18
1 5 5 18
1 5 6 18
1 5 7 18
1 5 8 18
1 5 9 18
1 5 10 18
1 5 11 18
1 5 12 18
2 5 -11 9
2 5 -10 9
2 5 -9 18
2 5 -8 18
2 5 -7 18
2 5 -6 18
2 5 -5 18
2 5 -4 18
2 5 -3 18
2 5 -2 18
2 5 -1 18
2 5 0 18
2 5 1 18
2 5 2 18
2 5 3 18
2 5 4 18
2 5 5 18
2 5 6 18
2 5 7 18
2 5 8 18
2 5 9 18
2 5 10 9
2 5 11 9
3 5 -11 16
3 5 -10 9
3 5 -9 9
3 5 -8 18
3 5 -7 18
3 5 -6 18
3 5 -5 18
3 5 -4 18
3 5 -3 18
3 5 -2 18
3 5 -1 18
3 5 0 18
3 5 1 18
3 5 2 18
3 5 3 18
3 5 4 18
3 5 5 18
3 5 6 18
3 5 7 18
3 5 8 18
3 5 9 9
3 5 10 16
3 5 11 9
3 5 14 17
4 5 -10 16
4 5 -9 9
4 5 -8 18
4 5 -7 18
4 5 -6 18
4 5 -5 18
4 5 -4 18
4 5 -3 18
4 5 -2 18
4 5 -1 18
4 5 0 18
4 5 1 18
4 5 2 18
4 5 3 18
4 5 4 18
4 5 5 18
4 5 6 18
4 5 7 18
4 5 8 18
4 5 9 9
4 5 10 9
5 5 -10 16
5 5 -9 9
5 5 -8 9
5 5 -7 18
5 5 -6 18
5 5 -5 18
5 5 -4 18
5 5 -3 18
5 5 -2 18
5 5 -1 18
5 5 0 18
5 5 1 18
5 5 2 18
5 5 3 18
5 5 4 18
5 5 5 18
5 5 6 18
5 5 7 18
5 5 8 9
5 5 9 9
5 5 10 9
6 5 -9 16
6 5 -8 9
6 5 -7 18
6 5 -6 18
6 5 -5 18
6 5 -4 18
6 5 -3 18
6 5 -2 18
6 5 -1 18
6 5 0 18
6 5 1 18
6 5 2 18
6 5 3 18
6 5 4 18
6 5 5 18
6 5 6 18
6 5 7 18
6 5 8 9
6 5 9 16
7 5 -9 9
7 5 -8 17
7 5 -7 9
7 5 -6 18
7 5 -5 18
7 5 -4 18
7 5 -3 18
7 5 -2 18
7 5 -1 18
7 5 0 18
7 5 1 18
7 5 2 18
7 5 3 18
7 5 4 18
7 5 5 18
7 5 6 18
7 5 7 9
7 5 8 17
7 5 9 16
8 5 -10 9
8 5 -9 9
8 5 -8 17
8 5 -7 17
8 5 -6 9
8 5 -5 9
8 5 -4 18
8 5 -3 18
8 5 -2 18
8 5 -1 18
8 5 0 18
8 5 1 18
8 5 2 18
8 5 3 18
8 5 4 18
8 5 5 9
8 5 6 9
8 5 7 17
8 5 8 17
8 5 9 9
8 5 10 9
9 5 -11 16
9 5 -10 9
9 5 -9 9
9 5 -8 9
9 5 -7 16
9 5 -6 16
9 5 -5 9
9 5 -4 9
9 5 -3 9
9 5 -2 18
9 5 -1 18
9 5 0 18
9 5 1 18
9 5 2 18
9 5 3 16
9 5 4 9
9 5 5 9
9 5 6 9
9 5 7 9
9 5 8 9
9 5 9 9
9 5 10 9
9 5 11 16
10 5 -12 9
10 5 -11 16
10 5 -10 9
10 5 -9 9
10 5 -8 9
10 5 -5 9
10 5 -4 9
10 5 -3 9
10 5 -2 9
10 5 -1 9
10 5 0 9
10 5 1 9
10 5 2 9
10 5 3 16
10 5 4 9
10 5 5 16
10 5 8 16
10 5 9 9
10 5 10 16
10 5 11 9
10 5 12 9
11 5 -13 9
11 5 -12 9
11 5 -11 9
11 5 -10 9
11 5 -9 9
11 5 -3 9
11 5 -2 9
11 5 -1 9
11 5 0 17
11 5 1 9
11 5 2 9
11 5 3 9
11 5 9 9
11 5 10 9
11 5 11 16
11 5 12 9
11 5 13 9
12 5 -14 9
12 5 -13 9
12 5 -12 16
12 5 -11 9
12 5 -10 9
12 5 -1 9
12 5 0 9
12 5 1 9
12 5 10 9
12 5 11 9
12 5 12 9
12 5 13 9
12 5 14 9
13 5 -15 16
13 5 -14 9
13 5 -13 9
13 5 -12 9
13 5 -11 9
13 5 -1 9
13 5 0 16
13 5 1 16
13 5 11 9
13 5 12 9
13 5 13 9
13 5 14 9
13 5 15 16
14 5 -16 16
14 5 -15 9
14 5 -14 9
14 5 -13 9
14 5 -12 9
14 5 -1 9
14 5 0 9
14 5 1 9
14 5 12 9
14 5 13 9
14 5 14 16
14 5 15 9
14 5 16 16
15 5 -17 9
15 5 -16 9
15 5 -15 16
15 5 -14 9
15 5 -13 9
15 5 -1 9
15 5 0 9
15 5 1 9
15 5 13 9
15 5 14 9
15 5 15 9
15 5 16 9
15 5 17 9
16 5 -17 9
16 5 -16 9
16 5 -15 16
16 5 -14 16
16 5 -1 9
16 5 0 9
16 5 1 9
16 5 14 9
16 5 15 9
16 5 16 9
16 5 17 16
17 5 -17 24
17 5 -16 9
17 5 -15 9
17 5 -1 16
17 5 0 16
17 5 1 16
17 5 15 9
17 5 16 9
17 5 17 25
18 5 -1 9
18 5 0 9
18 5 1 9
19 5 -1 9
19 5 0 9
19 5 1 9
20 5 -1 9
20 5 0 9
20 5 1 16
21 5 -1 9
21 5 0 9
21 5 1 9
22 5 -1 9
22 5 0 9
22 5 1 9
23 5 -1 9
23 5 0 16
23 5 1 9
24 5 -1 9
24 5 0 26
24 5 1 16
-24 6 -1 16
-24 6 0 27
-24 6 1 9
-23 6 -1 9
-23 6 0 9
-23 6 1 9
-22 6 -1 9
-22 6 0 9
-22 6 1 9
-21 6 -1 9
-21 6 0 9
-21 6 1 16
-20 6 -1 16
-20 6 0 9
-20 6 1 9
-19 6 -1 9
-19 6 0 9
-19 6 1 16
-18 6 -1 9
-18 6 0 9
-18 6 1 9
-17 6 -17 27
-17 6 -16 9
-17 6 -15 16
-17 6 -1 9
-17 6 0 16
-17 6 1 9
-17 6 15 9
-17 6 16 9
-17 6 17 27
-16 6 -17 16
-16 6 -16 9
-16 6 -15 16
-16 6 -14 9
-16 6 -1 9
-16 6 0 9
-16 6 1 9
-16 6 14 9
-16 6 15 16
-16 6 16 9
-16 6 17 16
-15 6 -17 9
-15 6 -16 9
-15 6 -15 9
-15 6 -14 16
-15 6 -13 9
-15 6 -1 9
-15 6 0 9
-15 6 1 9
-15 6 13 9
-15 6 14 9
-15 6 15 16
-15 6 16 9
-15 6 17 16
-14 6 -16 9
-14 6 -15 9
-14 6 -14 9
-14 6 -13 9
-14 6 -12 9
-14 6 -1 16
-14 6 0 9
-14 6 1 16
-14 6 12 9
-14 6 13 9
-14 6 14 16
-14 6 15 16
-14 6 16 9
-13 6 -15 9
-13 6 -14 16
-13 6 -13 16
-13 6 -12 9
-13 6 -11 9
-13 6 -1 9
-13 6 0 9
-13 6 1 9
-13 6 11 9
-13 6 12 9
-13 6 13 9
-13 6 14 16
-13 6 15 9
-12 6 -14 9
-12 6 -13 9
-12 6 -12 9
-12 6 -11 16
-12 6 -10 9
-12 6 -1 9
-12 6 0 9
-12 6 1 9
-12 6 10 9
-12 6 11 16
-12 6 12 9
-12 6 13 9
-12 6 14 9
-11 6 -13 9
-11 6 -12 16
-11 6 -11 9
-11 6 -10 9
-11 6 -9 9
-11 6 -3 16
-11 6 -2 9
-11 6 -1 16
-11 6 0 17
-11 6 1 9
-11 6 2 9
-11 6 3 9
-11 6 9 9
-11 6 10 9
-11 6 11 9
-11 6 12 9
-11 6 13 9
-10 6 -12 9
-10 6 -11 9
-10 6 -10 9
-10 6 -9 16
-10 6 -8 9
-10 6 -5 9
-10 6 -4 9
-10 6 -3 9
-10 6 -2 9
-10 6 -1 16
-10 6 0 9
-10 6 1 9
-10 6 2 16
-10 6 3 9
-10 6 4 9
-10 6 5 9
-10 6 8 9
-10 6 9 9
-10 6 10 9
-10 6 11 16
-10 6 12 9
-9 6 -11 16
-9 6 -10 16
-9 6 -9 9
-9 6 -8 9
-9 6 -7 9
-9 6 -6 9
-9 6 -5 9
-9 6 -4 9
-9 6 -3 16
-9 6 -2 18
-9 6 -1 18
-9 6 0 18
-9 6 1 18
-9 6 2 18
-9 6 3 9
-9 6 4 16
-9 6 5 9
-9 6 6 9
-9 6 7 9
-9 6 8 9
-9 6 9 9
-9 6 10 9
-9 6 11 16
-8 6 -10 9
-8 6 -9 9
-8 6 -8 17
-8 6 -7 17
-8 6 -6 9
-8 6 -5 16
-8 6 -4 18
-8 6 -3 18
-8 6 -2 18
-8 6 -1 18
-8 6 0 18
-8 6 1 18
-8 6 2 18
-8 6 3 18
-8 6 4 18
-8 6 5 9
-8 6 6 16
-8 6 7 17
-8 6 8 17
-8 6 9 16
-8 6 10 9
-7 6 -9 16
-7 6 -8 17
-7 6 -7 9
-7 6 -6 18
-7 6 -5 18
-7 6 -4 18
-7 6 -3 18
-7 6 -2 18
-7 6 -1 18
-7 6 0 18
-7 6 1 18
-7 6 2 18
-7 6 3 18
-7 6 4 18
-7 6 5 18
-7 6 6 18
-7 6 7 9
-7 6 8 17
-7 6 9 16
-6 6 -9 9
-6 6 -8 16
-6 6 -7 18
-6 6 -6 18
-6 6 -5 18
-6 6 -4 18
-6 6 -3 18
-6 6 -2 18
-6 6 -1 18
-6 6 0 18
-6 6 1 18
-6 6 2 18
-6 6 3 18
-6 6 4 18
-6 6 5 18
-6 6 6 18
-6 6 7 18
-6 6 8 9
-6 6 9 9
-5 6 -10 16
-5 6 -9 16
-5 6 -8 9
-5 6 -7 18
-5 6 -6 18
-5 6 -5 18
-5 6 -4 18
-5 6 -3 18
-5 6 -2 18
-5 6 -1 18
-5 6 0 18
-5 6 1 18
-5 6 2 18
-5 6 3 18
-5 6 4 18
-5 6 5 18
-5 6 6 18
-5 6 7 18
-5 6 8 9
-5 6 9 9
-5 6 10 16
-4 6 -10 16
-4 6 -9 9
-4 6 -8 18
-4 6 -7 18
-4 6 -6 18
-4 6 -5 18
-4 6 -4 18
-4 6 -3 18
-4 6 -2 18
-4 6 -1 18
-4 6 0 18
-4 6 1 18
-4 6 2 18
-4 6 3 18
-4 6 4 18
-4 6 5 18
-4 6 6 18
-4 6 7 18
-4 6 8 18
-4 6 9 9
-4 6 10 9
-3 6 -11 9
-3 6 -10 9
-3 6 -9 16
-3 6 -8 18
-3 6 -7 18
-3 6 -6 18
-3 6 -5 18
-3 6 -4 18
-3 6 -3 18
-3 6 -2 18
-3 6 -1 18
-3 6 0 18
-3 6 1 18
-3 6 2 18
-3 6 3 18
-3 6 4 18
-3 6 5 18
-3 6 6 18
-3 6 7 18
-3 6 8 18
-3 6 9 9
-3 6 10 9
-3 6 11 9
-3 6 14 17
-2 6 -11 9
-2 6 -10 9
-2 6 -9 18
-2 6 -8 18
-2 6 -7 18
-2 6 -6 18
-2 6 -5 18
-2 6 -4 18
-2 6 -3 18
-2 6 -2 18
-2 6 -1 18
-2 6 0 4
-2 6 1 1
-2 6 2 1
-2 6 3 18
-2 6 4 18
-2 6 5 18
-2 6 6 18
-2 6 7 18
-2 6 8 18
-2 6 9 18
-2 6 10 9
-2 6 11 16
-1 6 -24 9
-1 6 -23 9
-1 6 -22 9
-1 6 -21 9
-1 6 -20 9
-1 6 -19 9
-1 6 -18 9
-1 6 -17 9
-1 6 -16 9
-1 6 -15 9
-1 6 -14 9
-1 6 -13 9
-1 6 -12 9
-1 6 -11 9
-1 6 -10 9
-1 6 -9 18
-1 6 -8 18
-1 6 -7 18
-1 6 -6 18
-1 6 -5 18
-1 6 -4 18
-1 6 -3 18
-1 6 -2 18
-1 6 -1 18
-1 6 0 4
-1 6 1 1
-1 6 2 1
-1 6 3 18
-1 6 4 18
-1 6 5 18
-1 6 6 18
-1 6 7 18
-1 6 8 18
-1 6 9 18
-1 6 10 18
-1 6 11 18
-1 6 12 18
0 6 -24 27
0 6 -23 16
0 6 -22 9
0 6 -21 9
0 6 -20 9
0 6 -19 9
0 6 -18 16
0 6 -17 9
0 6 -16 16
0 6 -15 9
0 6 -14 9
0 6 -13 9
0 6 -12 16
0 6 -11 17
0 6 -10 9
0 6 -9 18
0 6 -8 18
0 6 -7 18
0 6 -6 18
0 6 -5 18
0 6 -4 18
0 6 -3 18
0 6 -2 18
0 6 -1 18
0 6 0 17
0 6 1 18
0 6 2 18
0 6 3 18
0 6 4 18
0 6 5 18
0 6 6 18
0 6 7 18
0 6 8 18
0 6 9 18
0 6 10 18
0 6 11 18
0 6 12 18
1 6 -24 9
1 6 -23 9
1 6 -22 9
1 6 -21 9
1 6 -20 16
1 6 -19 16
1 6 -18 9
1 6 -17 9
1 6 -16 9
1 6 -15 9
1 6 -14 16
1 6 -13 16
1 6 -12 16
1 6 -11 9
1 6 -10 9
1 6 -9 18
1 6 -8 18
1 6 -7 18
1 6 -6 18
1 6 -5 18
1 6 -4 18
1 6 -3 18
1 6 -2 18
1 6 -1 18
1 6 0 18
1 6 1 18
1 6 2 18
1 6 3 18
1 6 4 18
1 6 5 18
1 6 6 18
1 6 7 18
1 6 8 18
1 6 9 18
1 6 10 18
1 6 11 18
1 6 12 18
2 6 -11 9
2 6 -10 9
2 6 -9 18
2 6 -8 18
2 6 -7 18
2 6 -6 18
2 6 -5 18
2 6 -4 18
2 6 -3 18
2 6 -2 18
2 6 -1 18
2 6 0 18
2 6 1 18
2 6 2 18
2 6 3 18
2 6 4 18
2 6 5 18
2 6 6 18
2 6 7 18
2 6 8 18
2 6 9 18
2 6 10 9
2 6 11 16
3 6 -11 9
3 6 -10 9
3 6 -9 9
3 6 -8 18
3 6 -7 18
3 6 -6 18
3 6 -5 18
3 6 -4 18
3 6 -3 18
3 6 -2 18
3 6 -1 18
3 6 0 18
3 6 1 18
3 6 2 18
3 6 3 18
3 6 4 18
3 6 5 18
3 6 6 18
3 6 7 18
3 6 8 18
3 6 9 16
3 6 10 9
3 6 11 9
3 6 14 17
4 6 -10 9
4 6 -9 9
4 6 -8 18
4 6 -7 18
4 6 -6 18
4 6 -5 18
4 6 -4 18
4 6 -3 18
4 6 -2 18
4 6 -1 18
4 6 0 18
4 6 1 18
4 6 2 18
4 6 3 18
4 6 4 18
4 6 5 18
4 6 6 18
4 6 7 18
4 6 8 18
4 6 9 16
4 6 10 9
5 6 -10 9
5 6 -9 9
5 6 -8 9
5 6 -7 18
5 6 -6 18
5 6 -5 18
5 6 -4 18
5 6 -3 18
5 6 -2 18
5 6 -1 18
5 6 0 18
5 6 1 18
5 6 2 18
5 6 3 18
5 6 4 18
5 6 5 18
5 6 6 18
5 6 7 18
5 6 8 9
5 6 9 16
5 6 10 9
6 6 -9 9
6 6 -8 9
6 6 -7 18
6 6 -6 18
6 6 -5 18
6 6 -4 18
6 6 -3 18
6 6 -2 18
6 6 -1 18
6 6 0 18
6 6 1 18
6 6 2 18
6 6 3 18
6 6 4 18
6 6 5 18
6 6 6 18
6 6 7 18
6 6 8 9
6 6 9 9
7 6 -9 16
7 6 -8 17
7 6 -7 9
7 6 -6 18
7 6 -5 18
7 6 -4 18
7 6 -3 18
7 6 -2 18
7 6 -1 18
7 6 0 18
7 6 1 18
7 6 2 18
7 6 3 18
7 6 4 18
7 6 5 18
7 6 6 18
7 6 7 9
7 6 8 17
7 6 9 16
8 6 -10 9
8 6 -9 16
8 6 -8 17
8 6 -7 17
8 6 -6 9
8 6 -5 9
8 6 -4 18
8 6 -3 18
8 6 -2 18
8 6 -1 18
8 6 0 18
8 6 1 18
8 6 2 18
8 6 3 18
8 6 4 18
8 6 5 9
8 6 6 9
8 6 7 17
8 6 8 17
8 6 9 9
8 6 10 16
9 6 -11 16
9 6 -10 9
9 6 -9 9
9 6 -8 9
9 6 -7 9
9 6 -6 16
9 6 -5 9
9 6 -4 9
9 6 -3 9
9 6 -2 18
9 6 -1 18
9 6 0 18
9 6 1 18
9 6 2 18
9 6 3 16
9 6 4 9
9 6 5 9
9 6 6 9
9 6 7 9
9 6 8 16
9 6 9 9
9 6 10 9
9 6 11 16
10 6 -12 16
10 6 -11 9
10 6 -10 9
10 6 -9 9
10 6 -8 9
10 6 -5 9
10 6 -4 9
10 6 -3 9
10 6 -2 16
10 6 -1 16
10 6 0 9
10 6 1 9
10 6 2 9
10 6 3 9
10 6 4 9
10 6 5 16
10 6 8 9
10 6 9 9
10 6 10 9
10 6 11 9
10 6 12 9
11 6 -13 9
11 6 -12 16
11 6 -11 9
11 6 -10 9
11 6 -9 9
11 6 -3 9
11 6 -2 9
11 6 -1 9
11 6 0 17
11 6 1 16
11 6 2 9
11 6 3 16
11 6 9 9
11 6 10 9
11 6 11 9
11 6 12 16
11 6 13 9
12 6 -14 16
12 6 -13 9
12 6 -12 9
12 6 -11 9
12 6 -10 9
12 6 -1 16
12 6 0 9
12 6 1 9
12 6 10 16
12 6 11 9
12 6 12 9
12 6 13 9
12 6 14 9
13 6 -15 9
13 6 -14 9
13 6 -13 9
13 6 -12 9
13 6 -11 9
13 6 -1 9
13 6 0 16
13 6 1 9
13 6 11 9
13 6 12 9
13 6 13 16
13 6 14 9
13 6 15 9
14 6 -16 9
14 6 -15 9
14 6 -14 16
14 6 -13 9
14 6 -12 9
14 6 -1 9
14 6 0 16
14 6 1 9
14 6 12 9
14 6 13 9
14 6 14 9
14 6 15 16
14 6 16 9
15 6 -17 16
15 6 -16 9
15 6 -15 16
15 6 -14 9
15 6 -13 9
15 6 -1 9
15 6 0 16
15 6 1 9
15 6 13 9
15 6 14 9
15 6 15 9
15 6 16 9
15 6 17 9
16 6 -17 9
16 6 -16 9
16 6 -15 9
16 6 -14 16
16 6 -1 9
16 6 0 9
16 6 1 9
16 6 14 9
16 6 15 9
16 6 16 9
16 6 17 9
17 6 -17 27
17 6 -16 9
17 6 -15 9
17 6 -1 9
17 6 0 16
17 6 1 9
17 6 15 16
17 6 16 9
17 6 17 27
18 6 -1 16
18 6 0 9
18 6 1 9
19 6 -1 16
19 6 0 9
19 6 1 9
20 6 -1 9
20 6 0 9
20 6 1 9
21 6 -1 16
21 6 0 16
21 6 1 9
22 6 -1 9
22 6 0 9
22 6 1 16
23 6 -1 9
23 6 0 9
23 6 1 9
24 6 -1 16
24 6 0 27
24 6 1 16
-24 7 -1 9
-24 7 0 9
-24 7 1 16
-23 7 -1 9
-23 7 0 9
-23 7 1 9
-22 7 -1 9
-22 7 0 9
-22 7 1 9
-21 7 -1 9
-21 7 0 9
-21 7 1 9
-20 7 -1 9
-20 7 0 9
-20 7 1 16
-19 7 -1 9
-19 7 0 9
-19 7 1 9
-18 7 -1 9
-18 7 0 16
-18 7 1 9
-17 7 -17 9
-17 7 -16 9
-17 7 -15 16
-17 7 -1 16
-17 7 0 9
-17 7 1 16
-17 7 15 9
-17 7 16 9
-17 7 17 9
-16 7 -17 9
-16 7 -16 9
-16 7 -15 9
-16 7 -14 9
-16 7 -1 9
-16 7 0 9
-16 7 1 9
-16 7 14 9
-16 7 15 9
-16 7 16 16
-16 7 17 9
-15 7 -17 9
-15 7 -16 9
-15 7 -15 9
-15 7 -14 9
-15 7 -13 9
-15 7 -1 16
-15 7 0 16
-15 7 1 16
-15 7 13 9
-15 7 14 9
-15 7 15 16
-15 7 16 16
-15 7 17 9
-14 7 -16 9
-14 7 -15 9
-14 7 -14 9
-14 7 -13 9
-14 7 -12 9
-14 7 -1 9
-14 7 0 9
-14 7 1 9
-14 7 12 9
-14 7 13 16
-14 7 14 9
-14 7 15 9
-14 7 16 16
-13 7 -15 9
-13 7 -14 16
-13 7 -13 9
-13 7 -12 9
-13 7 -11 9
-13 7 -1 9
-13 7 0 9
-13 7 1 16
-13 7 11 9
-13 7 12 9
-13 7 13 9
-13 7 14 9
-13 7 15 9
-12 7 -14 9
-12 7 -13 16
-12 7 -12 9
-12 7 -11 16
-12 7 -10 9
-12 7 -1 9
-12 7 0 9
-12 7 1 16
-12 7 10 9
-12 7 11 16
-12 7 12 9
-12 7 13 9
-12 7 14 9
-11 7 -13 16
-11 7 -12 9
-11 7 -11 16
-11 7 -10 9
-11 7 -9 9
-11 7 -3 9
-11 7 -2 16
-11 7 -1 9
-11 7 0 17
-11 7 1 16
-11 7 2 9
-11 7 3 9
-11 7 9 9
-11 7 10 16
-11 7 11 9
-11 7 12 9
-11 7 13 9
-10 7 -12 16
-10 7 -11 9
-10 7 -10 9
-10 7 -9 9
-10 7 -8 9
-10 7 -5 16
-10 7 -4 9
-10 7 -3 9
-10 7 -2 9
-10 7 -1 9
-10 7 0 9
-10 7 1 16
-10 7 2 9
-10 7 3 9
-10 7 4 9
-10 7 5 9
-10 7 8 9
-10 7 9 9
-10 7 10 9
-10 7 11 9
-10 7 12 9
-9 7 -11 9
-9 7 -10 9
-9 7 -9 9
-9 7 -8 9
-9 7 -7 9
-9 7 -6 9
-9 7 -5 9
-9 7 -4 9
-9 7 -3 9
-9 7 -2 18
-9 7 -1 18
-9 7 0 18
-9 7 1 18
-9 7 2 18
-9 7 3 9
-9 7 4 9
-9 7 5 16
-9 7 6 9
-9 7 7 9
-9 7 8 9
-9 7 9 9
-9 7 10 9
-9 7 11 9
-8 7 -10 9
-8 7 -9 9
-8 7 -8 17
-8 7 -7 17
-8 7 -6 9
-8 7 -5 9
-8 7 -4 18
-8 7 -3 18
-8 7 -2 18
-8 7 -1 18
-8 7 0 18
-8 7 1 18
-8 7 2 18
-8 7 3 18
-8 7 4 18
-8 7 5 9
-8 7 6 9
-8 7 7 17
-8 7 8 17
-8 7 9 9
-8 7 10 9
-7 7 -9 16
-7 7 -8 17
-7 7 -7 16
-7 7 -6 18
-7 7 -5 18
-7 7 -4 18
-7 7 -3 18
-7 7 -2 18
-7 7 -1 18
-7 7 0 18
-7 7 1 18
-7 7 2 18
-7 7 3 18
-7 7 4 18
-7 7 5 18
-7 7 6 18
-7 7 7 9
-7 7 8 17
-7 7 9 9
-6 7 -9 16
-6 7 -8 9
-6 7 -7 18
-6 7 -6 18
-6 7 -5 18
-6 7 -4 18
-6 7 -3 18
-6 7 -2 18
-6 7 -1 18
-6 7 0 18
-6 7 1 18
-6 7 2 18
-6 7 3 18
-6 7 4 18
-6 7 5 18
-6 7 6 18
-6 7 7 18
-6 7 8 16
-6 7 9 9
-5 7 -10 9
-5 7 -9 9
-5 7 -8 9
-5 7 -7 18
-5 7 -6 18
-5 7 -5 18
-5 7 -4 18
-5 7 -3 18
-5 7 -2 18
-5 7 -1 18
-5 7 0 18
-5 7 1 18
-5 7 2 18
-5 7 3 18
-5 7 4 18
-5 7 5 18
-5 7 6 18
-5 7 7 18
-5 7 8 9
-5 7 9 9
-5 7 10 16
-4 7 -10 9
-4 7 -9 16
-4 7 -8 18
-4 7 -7 18
-4 7 -6 18
-4 7 -5 18
-4 7 -4 18
-4 7 -3 18
-4 7 -2 18
-4 7 -1 18
-4 7 0 18
-4 7 1 18
-4 7 2 18
-4 7 3 18
-4 7 4 18
-4 7 5 18
-4 7 6 18
-4 7 7 18
-4 7 8 18
-4 7 9 9
-4 7 10 16
-3 7 -11 9
-3 7 -10 16
-3 7 -9 9
-3 7 -8 18
-3 7 -7 18
-3 7 -6 18
-3 7 -5 18
-3 7 -4 18
-3 7 -3 18
-3 7 -2 18
-3 7 -1 18
-3 7 0 18
-3 7 1 18
-3 7 2 18
-3 7 3 18
-3 7 4 18
-3 7 5 18
-3 7 6 18
-3 7 7 18
-3 7 8 18
-3 7 9 9
-3 7 10 9
-3 7 11 9
-3 7 14 17
-2 7 -11 9
-2 7 -10 9
-2 7 -9 18
-2 7 -8 18
-2 7 -7 18
-2 7 -6 18
-2 7 -5 18
-2 7 -4 18
-2 7 -3 18
-2 7 -2 18
-2 7 -1 18
-2 7 0 18
-2 7 1 18
-2 7 2 18
-2 7 3 18
-2 7 4 18
-2 7 5 18
-2 7 6 18
-2 7 7 18
-2 7 8 18
-2 7 9 18
-2 7 10 9
-2 7 11 9
-1 7 -24 9
-1 7 -23 9
-1 7 -22 16
-1 7 -21 16
-1 7 -20 16
-1 7 -19 9
-1 7 -18 9
-1 7 -17 9
-1 7 -16 9
-1 7 -15 9
-1 7 -14 16
-1 7 -13 9
-1 7 -12 9
-1 7 -11 9
-1 7 -10 9
-1 7 -9 18
-1 7 -8 18
-1 7 -7 18
-1 7 -6 18
-1 7 -5 18
-1 7 -4 18
-1 7 -3 18
-1 7 -2 18
-1 7 -1 18
-1 7 0 18
-1 7 1 18
-1 7 2 18
-1 7 3 18
-1 7 4 18
-1 7 5 18
-1 7 6 18
-1 7 7 18
-1 7 8 18
-1 7 9 18
-1 7 10 18
-1 7 11 18
-1 7 12 18
0 7 -24 9
0 7 -23 9
0 7 -22 16
0 7 -21 9
0 7 -20 9
0 7 -19 9
0 7 -18 9
0 7 -17 9
0 7 -16 16
0 7 -15 9
0 7 -14 16
0 7 -13 9
0 7 -12 9
0 7 -11 17
0 7 -10 16
0 7 -9 18
0 7 -8 18
0 7 -7 18
0 7 -6 18
0 7 -5 18
0 7 -4 18
0 7 -3 18
0 7 -2 18
0 7 -1 18
0 7 0 17
0 7 1 0
0 7 2 0
0 7 3 18
0 7 4 18
0 7 5 18
0 7 6 18
0 7 7 18
0 7 8 18
0 7 9 18
0 7 10 18
0 7 11 18
0 7 12 18
1 7 -24 9
1 7 -23 16
1 7 -22 9
1 7 -21 16
1 7 -20 9
1 7 -19 16
1 7 -18 9
1 7 -17 9
1 7 -16 16
1 7 -15 9
1 7 -14 16
1 7 -13 9
1 7 -12 9
1 7 -11 9
1 7 -10 16
1 7 -9 18
1 7 -8 18
1 7 -7 18
1 7 -6 18
1 7 -5 18
1 7 -4 18
1 7 -3 18
1 7 -2 18
1 7 -1 18
1 7 0 18
1 7 1 1
1 7 2 1
1 7 3 18
1 7 4 18
1 7 5 18
1 7 6 18
1 7 7 18
1 7 8 18
1 7 9 18
1 7 10 18
1 7 11 18
1 7 12 18
2 7 -11 9
2 7 -10 9
2 7 -9 18
2 7 -8 18
2 7 -7 18
2 7 -6 18
2 7 -5 18
2 7 -4 18
2 7 -3 18
2 7 -2 18
2 7 -1 18
2 7 0 18
2 7 1 1
2 7 2 1
2 7 3 18
2 7 4 18
2 7 5 18
2 7 6 18
2 7 7 18
2 7 8 18
2 7 9 18
2 7 10 9
2 7 11 9
3 7 -11 9
3 7 -10 16
3 7 -9 9
3 7 -8 18
3 7 -7 18
3 7 -6 18
3 7 -5 18
3 7 -4 18
3 7 -3 18
3 7 -2 18
3 7 -1 18
3 7 0 18
3 7 1 18
3 7 2 18
3 7 3 18
3 7 4 18
3 7 5 18
3 7 6 18
3 7 7 18
3 7 8 18
3 7 9 9
3 7 10 9
3 7 11 9
3 7 14 17
4 7 -10 9
4 7 -9 9
4 7 -8 18
4 7 -7 18
4 7 -6 18
4 7 -5 18
4 7 -4 18
4 7 -3 18
4 7 -2 18
4 7 -1 18
4 7 0 18
4 7 1 18
4 7 2 18
4 7 3 18
4 7 4 18
4 7 5 18
4 7 6 18
4 7 7 18
4 7 8 18
4 7 9 9
4 7 10 9
5 7 -10 9
5 7 -9 9
5 7 -8 9
5 7 -7 18
5 7 -6 18
5 7 -5 18
5 7 -4 18
5 7 -3 18
5 7 -2 18
5 7 -1 18
5 7 0 18
5 7 1 18
5 7 2 18
5 7 3 18
5 7 4 18
5 7 5 18
5 7 6 18
5 7 7 18
5 7 8 16
5 7 9 9
5 7 10 16
6 7 -9 9
6 7 -8 9
6 7 -7 18
6 7 -6 18
6 7 -5 18
6 7 -4 18
6 7 -3 18
6 7 -2 18
6 7 -1 18
6 7 0 18
6 7 1 18
6 7 2 18
6 7 3 18
6 7 4 18
6 7 5 18
6 7 6 18
6 7 7 18
6 7 8 9
6 7 9 9
7 7 -9 9
7 7 -8 17
7 7 -7 9
7 7 -6 18
7 7 -5 18
7 7 -4 18
7 7 -3 18
7 7 -2 18
7 7 -1 18
7 7 0 18
7 7 1 18
7 7 2 18
7 7 3 18
7 7 4 18
7 7 5 18
7 7 6 18
7 7 7 16
7 7 8 17
7 7 9 16
8 7 -10 9
8 7 -9 9
8 7 -8 17
8 7 -7 17
8 7 -6 16
8 7 -5 9
8 7 -4 18
8 7 -3 18
8 7 -2 18
8 7 -1 18
8 7 0 18
8 7 1 18
8 7 2 18
8 7 3 18
8 7 4 18
8 7 5 9
8 7 6 16
8 7 7 17
8 7 8 17
8 7 9 16
8 7 10 9
9 7 -11 9
9 7 -10 16
9 7 -9 9
9 7 -8 16
9 7 -7 9
9 7 -6 9
9 7 -5 16
9 7 -4 16
9 7 -3 9
9 7 -2 18
9 7 -1 18
9 7 0 18
9 7 1 18
9 7 2 18
9 7 3 9
9 7 4 9
9 7 5 9
9 7 6 16
9 7 7 9
9 7 8 9
9 7 9 9
9 7 10 9
9 7 11 9
10 7 -12 9
10 7 -11 9
10 7 -10 9
10 7 -9 9
10 7 -8 16
10 7 -5 9
10 7 -4 9
10 7 -3 9
10 7 -2 9
10 7 -1 9
10 7 0 9
10 7 1 9
10 7 2 9
10 7 3 9
10 7 4 16
10 7 5 9
10 7 8 9
10 7 9 9
10 7 10 9
10 7 11 9
10 7 12 16
11 7 -13 9
11 7 -12 9
11 7 -11 9
11 7 -10 9
11 7 -9 9
11 7 -3 9
11 7 -2 9
11 7 -1 16
11 7 0 17
11 7 1 9
11 7 2 9
11 7 3 9
11 7 9 9
11 7 10 9
11 7 11 16
11 7 12 16
11 7 13 16
12 7 -14 9
12 7 -13 9
12 7 -12 9
12 7 -11 9
12 7 -10 9
12 7 -1 16
12 7 0 9
12 7 1 9
12 7 10 9
12 7 11 9
12 7 12 9
12 7 13 9
12 7 14 9
13 7 -15 9
13 7 -14 9
13 7 -13 9
13 7 -12 9
13 7 -11 9
13 7 -1 16
13 7 0 9
13 7 1 9
13 7 11 9
13 7 12 9
13 7 13 9
13 7 14 9
13 7 15 9
14 7 -16 9
14 7 -15 9
14 7 -14 9
14 7 -13 9
14 7 -12 16
14 7 -1 16
14 7 0 9
14 7 1 9
14 7 12 9
14 7 13 9
14 7 14 9
14 7 15 9
14 7 16 9
15 7 -17 9
15 7 -16 9
15 7 -15 16
15 7 -14 9
15 7 -13 9
15 7 -1 16
15 7 0 9
15 7 1 16
15 7 13 9
15 7 14 9
15 7 15 9
15 7 16 9
15 7 17 9
16 7 -17 9
16 7 -16 16
16 7 -15 9
16 7 -14 9
16 7 -1 9
16 7 0 9
16 7 1 9
16 7 14 9
16 7 15 9
16 7 16 9
16 7 17 9
17 7 -17 9
17 7 -16 9
17 7 -15 9
17 7 -1 16
17 7 0 9
17 7 1 16
17 7 15 16
17 7 16 9
17 7 17 9
18 7 -1 9
18 7 0 9
18 7 1 16
19 7 -1 9
19 7 0 16
19 7 1 9
20 7 -1 9
20 7 0 16
20 7 1 9
21 7 -1 9
21 7 0 9
21 7 1 9
22 7 -1 9
22 7 0 9
22 7 1 9
23 7 -1 9
23 7 0 9
23 7 1 9
24 7 -1 9
24 7 0 9
24 7 1 9
-24 8 -1 0
-24 8 0 9
-24 8 1 0
-23 8 -1 16
-23 8 0 9
-23 8 1 16
-22 8 -1 9
-22 8 0 9
-22 8 1 9
-21 8 -1 9
-21 8 0 9
-21 8 1 16
-20 8 -1 16
-20 8 0 16
-20 8 1 9
-19 8 -1 9
-19 8 0 16
-19 8 1 16
-18 8 -1 9
-18 8 0 9
-18 8 1 9
-17 8 -17 9
-17 8 -16 9
-17 8 -15 9
-17 8 -1 9
-17 8 0 9
-17 8 1 9
-17 8 15 9
-17 8 16 9
-17 8 17 9
-16 8 -17 9
-16 8 -16 16
-16 8 -15 9
-16 8 -14 9
-16 8 -1 9
-16 8 0 16
-16 8 1 16
-16 8 14 9
-16 8 15 16
-16 8 16 9
-16 8 17 9
-15 8 -17 16
-15 8 -16 16
-15 8 -15 16
-15 8 -14 9
-15 8 -13 16
-15 8 -1 9
-15 8 0 9
-15 8 1 16
-15 8 13 9
-15 8 14 9
-15 8 15 16
-15 8 16 9
-15 8 17 16
-14 8 -16 9
-14 8 -15 9
-14 8 -14 9
-14 8 -13 16
-14 8 -12 9
-14 8 -1 9
-14 8 0 16
-14 8 1 9
-14 8 12 9
-14 8 13 16
-14 8 14 9
-14 8 15 9
-14 8 16 9
-13 8 -15 9
-13 8 -14 9
-13 8 -13 9
-13 8 -12 16
-13 8 -11 9
-13 8 -1 9
-13 8 0 16
-13 8 1 9
-13 8 11 9
-13 8 12 9
-13 8 13 9
-13 8 14 9
-13 8 15 9
-12 8 -14 9
-12 8 -13 9
-12 8 -12 9
-12 8 -11 9
-12 8 -10 9
-12 8 -1 9
-12 8 0 16
-12 8 1 9
-12 8 10 16
-12 8 11 9
-12 8 12 9
-12 8 13 16
-12 8 14 16
-11 8 -13 9
-11 8 -12 9
-11 8 -11 9
-11 8 -10 9
-11 8 -9 9
-11 8 -3 9
-11 8 -2 9
-11 8 -1 16
-11 8 0 17
-11 8 1 16
-11 8 2 9
-11 8 3 9
-11 8 9 9
-11 8 10 9
-11 8 11 16
-11 8 12 9
-11 8 13 16
-10 8 -12 9
-10 8 -11 16
-10 8 -10 9
-10 8 -9 9
-10 8 -8 16
-10 8 -5 9
-10 8 -4 9
-10 8 -3 9
-10 8 -2 9
-10 8 -1 16
-10 8 0 9
-10 8 1 9
-10 8 2 9
-10 8 3 9
-10 8 4 9
-10 8 5 16
-10 8 8 9
-10 8 9 9
-10 8 10 9
-10 8 11 9
-10 8 12 9
-9 8 -11 9
-9 8 -10 16
-9 8 -9 9
-9 8 -8 9
-9 8 -7 9
-9 8 -6 16
-9 8 -5 9
-9 8 -4 9
-9 8 -3 9
-9 8 -2 18
-9 8 -1 18
-9 8 0 18
-9 8 1 18
-9 8 2 18
-9 8 3 9
-9 8 4 16
-9 8 5 9
-9 8 6 9
-9 8 7 9
-9 8 8 9
-9 8 9 9
-9 8 10 16
-9 8 11 9
-8 8 -10 16
-8 8 -9 9
-8 8 -8 17
-8 8 -7 17
-8 8 -6 9
-8 8 -5 16
-8 8 -4 18
-8 8 -3 18
-8 8 -2 18
-8 8 -1 18
-8 8 0 18
-8 8 1 18
-8 8 2 18
-8 8 3 18
-8 8 4 18
-8 8 5 9
-8 8 6 9
-8 8 7 17
-8 8 8 17
-8 8 9 9
-8 8 10 16
-7 8 -9 9
-7 8 -8 17
-7 8 -7 16
-7 8 -6 18
-7 8 -5 18
-7 8 -4 18
-7 8 -3 18
-7 8 -2 18
-7 8 -1 18
-7 8 0 18
-7 8 1 18
-7 8 2 18
-7 8 3 18
-7 8 4 18
-7 8 5 18
-7 8 6 18
-7 8 7 9
-7 8 8 17
-7 8 9 9
-6 8 -9 9
-6 8 -8 9
-6 8 -7 18
-6 8 -6 18
-6 8 -5 18
-6 8 -4 18
-6 8 -3 18
-6 8 -2 18
-6 8 -1 18
-6 8 0 18
-6 8 1 18
-6 8 2 18
-6 8 3 18
-6 8 4 18
-6 8 5 18
-6 8 6 18
-6 8 7 18
-6 8 8 9
-6 8 9 9
-5 8 -10 9
-5 8 -9 9
-5 8 -8 9
-5 8 -7 18
-5 8 -6 18
-5 8 -5 18
-5 8 -4 18
-5 8 -3 18
-5 8 -2 18
-5 8 -1 18
-5 8 0 18
-5 8 1 18
-5 8 2 18
-5 8 3 18
-5 8 4 18
-5 8 5 18
-5 8 6 18
-5 8 7 18
-5 8 8 9
-5 8 9 9
-5 8 10 9
-4 8 -10 16
-4 8 -9 16
-4 8 -8 18
-4 8 -7 18
-4 8 -6 18
-4 8 -5 18
-4 8 -4 18
-4 8 -3 18
-4 8 -2 18
-4 8 -1 18
-4 8 0 18
-4 8 1 18
-4 8 2 18
-4 8 3 18
-4 8 4 18
-4 8 5 18
-4 8 6 18
-4 8 7 18
-4 8 8 18
-4 8 9 9
-4 8 10 16
-3 8 -11 16
-3 8 -10 9
-3 8 -9 9
-3 8 -8 18
-3 8 -7 18
-3 8 -6 18
-3 8 -5 18
-3 8 -4 18
-3 8 -3 18
-3 8 -2 18
-3 8 -1 18
-3 8 0 18
-3 8 1 18
-3 8 2 18
-3 8 3 18
-3 8 4 18
-3 8 5 18
-3 8 6 18
-3 8 7 18
-3 8 8 18
-3 8 9 9
-3 8 10 9
-3 8 11 9
-3 8 14 17
-2 8 -11 9
-2 8 -10 9
-2 8 -9 18
-2 8 -8 18
-2 8 -7 18
-2 8 -6 18
-2 8 -5 18
-2 8 -4 18
-2 8 -3 18
-2 8 -2 18
-2 8 -1 18
-2 8 0 18
-2 8 1 18
-2 8 2 18
-2 8 3 18
-2 8 4 18
-2 8 5 18
-2 8 6 18
-2 8 7 18
-2 8 8 18
-2 8 9 18
-2 8 10 9
-2 8 11 9
-1 8 -24 4
-1 8 -23 9
-1 8 -22 9
-1 8 -21 9
-1 8 -20 9
-1 8 -19 9
-1 8 -18 9
-1 8 -17 16
-1 8 -16 9
-1 8 -15 9
-1 8 -14 9
-1 8 -13 9
-1 8 -12 16
-1 8 -11 9
-1 8 -10 16
-1 8 -9 18
-1 8 -8 18
-1 8 -7 18
-1 8 -6 18
-1 8 -5 18
-1 8 -4 18
-1 8 -3 18
-1 8 -2 18
-1 8 -1 18
-1 8 0 18
-1 8 1 18
-1 8 2 18
-1 8 3 18
-1 8 4 18
-1 8 5 18
-1 8 6 18
-1 8 7 18
-1 8 8 18
-1 8 9 18
-1 8 10 9
-1 8 11 9
0 8 -24 9
0 8 -23 9
0 8 -22 9
0 8 -21 9
0 8 -20 9
0 8 -19 9
0 8 -18 9
0 8 -17 9
0 8 -16 9
0 8 -15 16
0 8 -14 9
0 8 -13 9
0 8 -12 9
0 8 -11 17
0 8 -10 9
0 8 -9 18
0 8 -8 18
0 8 -7 18
0 8 -6 18
0 8 -5 18
0 8 -4 18
0 8 -3 18
0 8 -2 18
0 8 -1 18
0 8 0 17
0 8 1 18
0 8 2 18
0 8 3 18
0 8 4 18
0 8 5 18
0 8 6 18
0 8 7 18
0 8 8 18
0 8 9 18
0 8 10 16
0 8 11 17
1 8 -24 4
1 8 -23 9
1 8 -22 9
1 8 -21 9
1 8 -20 16
1 8 -19 9
1 8 -18 9
1 8 -17 9
1 8 -16 9
1 8 -15 16
1 8 -14 9
1 8 -13 9
1 8 -12 9
1 8 -11 9
1 8 -10 9
1 8 -9 18
1 8 -8 18
1 8 -7 18
1 8 -6 18
1 8 -5 18
1 8 -4 18
1 8 -3 18
1 8 -2 1
1 8 -1 1
1 8 0 5
1 8 1 18
1 8 2 18
1 8 3 18
1 8 4 18
1 8 5 18
1 8 6 18
1 8 7 18
1 8 8 18
1 8 9 18
1 8 10 9
1 8 11 9
2 8 -11 9
2 8 -10 9
2 8 -9 18
2 8 -8 18
2 8 -7 18
2 8 -6 18
2 8 -5 18
2 8 -4 18
2 8 -3 18
2 8 -2 1
2 8 -1 1
2 8 0 5
2 8 1 18
2 8 2 18
2 8 3 18
2 8 4 18
2 8 5 18
2 8 6 18
2 8 7 18
2 8 8 18
2 8 9 18
2 8 10 9
2 8 11 9
3 8 -11 9
3 8 -10 9
3 8 -9 9
3 8 -8 18
3 8 -7 18
3 8 -6 18
3 8 -5 18
3 8 -4 18
3 8 -3 18
3 8 -2 18
3 8 -1 18
3 8 0 18
3 8 1 18
3 8 2 18
3 8 3 18
3 8 4 18
3 8 5 18
3 8 6 18
3 8 7 18
3 8 8 18
3 8 9 9
3 8 10 9
3 8 11 16
3 8 14 17
4 8 -10 9
4 8 -9 9
4 8 -8 18
4 8 -7 18
4 8 -6 18
4 8 -5 18
4 8 -4 18
4 8 -3 18
4 8 -2 18
4 8 -1 18
4 8 0 18
4 8 1 18
4 8 2 18
4 8 3 18
4 8 4 18
4 8 5 18
4 8 6 18
4 8 7 18
4 8 8 18
4 8 9 9
4 8 10 9
5 8 -10 9
5 8 -9 9
5 8 -8 9
5 8 -7 18
5 8 -6 18
5 8 -5 18
5 8 -4 18
5 8 -3 18
5 8 -2 18
5 8 -1 18
5 8 0 18
5 8 1 18
5 8 2 18
5 8 3 18
5 8 4 18
5 8 5 18
5 8 6 18
5 8 7 18
5 8 8 9
5 8 9 9
5 8 10 9
6 8 -9 9
6 8 -8 9
6 8 -7 18
6 8 -6 18
6 8 -5 18
6 8 -4 18
6 8 -3 18
6 8 -2 18
6 8 -1 18
6 8 0 18
6 8 1 18
6 8 2 18
6 8 3 18
6 8 4 18
6 8 5 18
6 8 6 18
6 8 7 18
6 8 8 9
6 8 9 9
7 8 -9 9
7 8 -8 17
7 8 -7 9
7 8 -6 18
7 8 -5 18
7 8 -4 18
7 8 -3 18
7 8 -2 18
7 8 -1 18
7 8 0 18
7 8 1 18
7 8 2 18
7 8 3 18
7 8 4 18
7 8 5 18
7 8 6 18
7 8 7 16
7 8 8 17
7 8 9 9
8 8 -10 9
8 8 -9 9
8 8 -8 17
8 8 -7 17
8 8 -6 16
8 8 -5 9
8 8 -4 18
8 8 -3 18
8 8 -2 18
8 8 -1 18
8 8 0 18
8 8 1 18
8 8 2 18
8 8 3 18
8 8 4 18
8 8 5 9
8 8 6 9
8 8 7 17
8 8 8 17
8 8 9 9
8 8 10 9
9 8 -11 9
9 8 -10 9
9 8 -9 9
9 8 -8 16
9 8 -7 9
9 8 -6 9
9 8 -5 9
9 8 -4 9
9 8 -3 9
9 8 -2 18
9 8 -1 18
9 8 0 18
9 8 1 18
9 8 2 18
9 8 3 9
9 8 4 9
9 8 5 9
9 8 6 9
9 8 7 9
9 8 8 9
9 8 9 9
9 8 10 9
9 8 11 9
10 8 -12 9
10 8 -11 16
10 8 -10 9
10 8 -9 9
10 8 -8 9
10 8 -5 9
10 8 -4 9
10 8 -3 9
10 8 -2 9
10 8 -1 16
10 8 0 9
10 8 1 9
10 8 2 9
10 8 3 9
10 8 4 9
10 8 5 16
10 8 8 9
10 8 9 9
10 8 10 9
10 8 11 9
10 8 12 9
11 8 -13 16
11 8 -12 9
11 8 -11 16
11 8 -10 16
11 8 -9 9
11 8 -3 9
11 8 -2 9
11 8 -1 16
11 8 0 17
11 8 1 16
11 8 2 9
11 8 3 9
11 8 9 9
11 8 10 16
11 8 11 9
11 8 12 9
11 8 13 9
12 8 -14 9
12 8 -13 9
12 8 -12 9
12 8 -11 9
12 8 -10 9
12 8 -1 9
12 8 0 16
12 8 1 9
12 8 10 9
12 8 11 9
12 8 12 9
12 8 13 16
12 8 14 16
13 8 -15 9
13 8 -14 9
13 8 -13 9
13 8 -12 9
13 8 -11 9
13 8 -1 9
13 8 0 9
13 8 1 9
13 8 11 9
13 8 12 9
13 8 13 9
13 8 14 9
13 8 15 9
14 8 -16 16
14 8 -15 9
14 8 -14 9
14 8 -13 9
14 8 -12 9
14 8 -1 9
14 8 0 9
14 8 1 9
14 8 12 9
14 8 13 9
14 8 14 9
14 8 15 9
14 8 16 9
15 8 -17 16
15 8 -16 9
15 8 -15 16
15 8 -14 9
15 8 -13 9
15 8 -1 16
15 8 0 9
15 8 1 9
15 8 13 16
15 8 14 16
15 8 15 16
15 8 16 16
15 8 17 16
16 8 -17 9
16 8 -16 9
16 8 -15 9
16 8 -14 9
16 8 -1 9
16 8 0 9
16 8 1 9
16 8 14 9
16 8 15 9
16 8 16 16
16 8 17 9
17 8 -17 9
17 8 -16 9
17 8 -15 9
17 8 -1 9
17 8 0 9
17 8 1 9
17 8 15 9
17 8 16 16
17 8 17 9
18 8 -1 9
18 8 0 9
18 8 1 16
19 8 -1 16
19 8 0 16
19 8 1 9
20 8 -1 16
20 8 0 16
20 8 1 9
21 8 -1 16
21 8 0 9
21 8 1 9
22 8 -1 9
22 8 0 9
22 8 1 9
23 8 -1 16
23 8 0 9
23 8 1 16
24 8 -1 7
24 8 0 9
24 8 1 7
-24 9 0 0
-23 9 -1 9
-23 9 0 9
-23 9 1 9
-22 9 -1 9
-22 9 0 9
-22 9 1 9
-21 9 -1 9
-21 9 0 9
-21 9 1 9
-20 9 -1 9
-20 9 0 9
-20 9 1 9
-19 9 -1 9
-19 9 0 9
-19 9 1 9
-18 9 -1 9
-18 9 0 16
-18 9 1 9
-17 9 -17 4
-17 9 -16 16
-17 9 -15 9
-17 9 -1 9
-17 9 0 9
-17 9 1 16
-17 9 15 9
-17 9 16 9
-17 9 17 5
-16 9 -17 9
-16 9 -16 9
-16 9 -15 9
-16 9 -14 9
-16 9 -1 9
-16 9 0 9
-16 9 1 9
-16 9 14 9
-16 9 15 16
-16 9 16 9
-16 9 17 9
-15 9 -17 9
-15 9 -16 9
-15 9 -15 9
-15 9 -14 9
-15 9 -13 9
-15 9 -1 9
-15 9 0 9
-15 9 1 9
-15 9 13 9
-15 9 14 9
-15 9 15 9
-15 9 16 9
-15 9 17 9
-14 9 -16 9
-14 9 -15 16
-14 9 -14 9
-14 9 -13 9
-14 9 -12 16
-14 9 -1 9
-14 9 0 9
-14 9 1 9
-14 9 12 9
-14 9 13 16
-14 9 14 9
-14 9 15 9
-14 9 16 9
-13 9 -15 16
-13 9 -14 16
-13 9 -13 9
-13 9 -12 9
-13 9 -11 9
-13 9 -1 16
-13 9 0 9
-13 9 1 9
-13 9 11 9
-13 9 12 9
-13 9 13 9
-13 9 14 16
-13 9 15 9
-12 9 -14 9
-12 9 -13 9
-12 9 -12 9
-12 9 -11 9
-12 9 -10 9
-12 9 -1 9
-12 9 0 9
-12 9 1 9
-12 9 10 9
-12 9 11 9
-12 9 12 16
-12 9 13 9
-12 9 14 9
-11 9 -13 9
-11 9 -12 9
-11 9 -11 9
-11 9 -10 9
-11 9 -9 9
-11 9 -3 9
-11 9 -2 9
-11 9 -1 9
-11 9 0 17
-11 9 1 9
-11 9 2 9
-11 9 3 16
-11 9 9 16
-11 9 10 9
-11 9 11 16
-11 9 12 9
-11 9 13 9
-10 9 -12 9
-10 9 -11 9
-10 9 -10 9
-10 9 -9 9
-10 9 -8 9
-10 9 -5 16
-10 9 -4 9
-10 9 -3 9
-10 9 -2 9
-10 9 -1 16
-10 9 0 9
-10 9 1 9
-10 9 2 9
-10 9 3 16
-10 9 4 9
-10 9 5 16
-10 9 8 9
-10 9 9 16
-10 9 10 9
-10 9 11 9
-10 9 12 9
-9 9 -11 9
-9 9 -10 9
-9 9 -9 9
-9 9 -8 9
-9 9 -7 9
-9 9 -6 9
-9 9 -5 9
-9 9 -4 9
-9 9 -3 9
-9 9 -2 18
-9 9 -1 18
-9 9 0 18
-9 9 1 18
-9 9 2 18
-9 9 3 9
-9 9 4 9
-9 9 5 9
-9 9 6 9
-9 9 7 9
-9 9 8 9
-9 9 9 9
-9 9 10 16
-9 9 11 9
-8 9 -10 9
-8 9 -9 9
-8 9 -8 17
-8 9 -7 17
-8 9 -6 9
-8 9 -5 16
-8 9 -4 18
-8 9 -3 18
-8 9 -2 18
-8 9 -1 18
-8 9 0 18
-8 9 1 18
-8 9 2 18
-8 9 3 18
-8 9 4 18
-8 9 5 16
-8 9 6 16
-8 9 7 17
-8 9 8 17
-8 9 9 16
-8 9 10 9
-7 9 -9 9
-7 9 -8 17
-7 9 -7 9
-7 9 -6 18
-7 9 -5 18
-7 9 -4 18
-7 9 -3 18
-7 9 -2 18
-7 9 -1 18
-7 9 0 18
-7 9 1 18
-7 9 2 18
-7 9 3 18
-7 9 4 18
-7 9 5 18
-7 9 6 18
-7 9 7 9
-7 9 8 17
-7 9 9 9
-6 9 -9 9
-6 9 -8 9
-6 9 -7 18
-6 9 -6 18
-6 9 -5 18
-6 9 -4 18
-6 9 -3 18
-6 9 -2 18
-6 9 -1 18
-6 9 0 18
-6 9 1 18
-6 9 2 18
-6 9 3 18
-6 9 4 18
-6 9 5 18
-6 9 6 18
-6 9 7 18
-6 9 8 9
-6 9 9 9
-5 9 -10 9
-5 9 -9 9
-5 9 -8 9
-5 9 -7 18
-5 9 -6 18
-5 9 -5 18
-5 9 -4 18
-5 9 -3 18
-5 9 -2 18
-5 9 -1 18
-5 9 0 18
-5 9 1 18
-5 9 2 18
-5 9 3 18
-5 9 4 18
-5 9 5 18
-5 9 6 18
-5 9 7 18
-5 9 8 9
-5 9 9 9
-5 9 10 9
-4 9 -10 9
-4 9 -9 16
-4 9 -8 18
-4 9 -7 18
-4 9 -6 18
-4 9 -5 18
-4 9 -4 18
-4 9 -3 18
-4 9 -2 18
-4 9 -1 18
-4 9 0 18
-4 9 1 18
-4 9 2 18
-4 9 3 18
-4 9 4 18
-4 9 5 18
-4 9 6 18
-4 9 7 18
-4 9 8 18
-4 9 9 9
-4 9 10 9
-3 9 -11 16
-3 9 -10 16
-3 9 -9 9
-3 9 -8 18
-3 9 -7 18
-3 9 -6 18
-3 9 -5 18
-3 9 -4 18
-3 9 -3 18
-3 9 -2 18
-3 9 -1 18
-3 9 0 18
-3 9 1 18
-3 9 2 18
-3 9 3 18
-3 9 4 18
-3 9 5 18
-3 9 6 18
-3 9 7 18
-3 9 8 18
-3 9 9 9
-3 9 10 9
-3 9 11 9
-3 9 14 17
-2 9 -11 9
-2 9 -10 9
-2 9 -9 18
-2 9 -8 18
-2 9 -7 18
-2 9 -6 18
-2 9 -5 18
-2 9 -4 18
-2 9 -3 18
-2 9 -2 1
-2 9 -1 1
-2 9 0 18
-2 9 1 18
-2 9 2 18
-2 9 3 18
-2 9 4 18
-2 9 5 18
-2 9 6 18
-2 9 7 18
-2 9 8 18
-2 9 9 18
-2 9 10 9
-2 9 11 16
-1 9 -23 9
-1 9 -22 9
-1 9 -21 16
-1 9 -20 9
-1 9 -19 9
-1 9 -18 9
-1 9 -17 9
-1 9 -16 9
-1 9 -15 9
-1 9 -14 16
-1 9 -13 9
-1 9 -12 16
-1 9 -11 16
-1 9 -10 9
-1 9 -9 18
-1 9 -8 18
-1 9 -7 18
-1 9 -6 18
-1 9 -5 18
-1 9 -4 18
-1 9 -3 18
-1 9 -2 1
-1 9 -1 1
-1 9 0 18
-1 9 1 18
-1 9 2 18
-1 9 3 18
-1 9 4 18
-1 9 5 18
-1 9 6 18
-1 9 7 18
-1 9 8 18
-1 9 9 18
-1 9 10 9
-1 9 11 9
0 9 -24 4
0 9 -23 9
0 9 -22 9
0 9 -21 9
0 9 -20 16
0 9 -19 9
0 9 -18 9
0 9 -17 9
0 9 -16 9
0 9 -15 9
0 9 -14 16
0 9 -13 16
0 9 -12 9
0 9 -11 17
0 9 -10 9
0 9 -9 18
0 9 -8 18
0 9 -7 18
0 9 -6 18
0 9 -5 18
0 9 -4 18
0 9 -3 18
0 9 -2 7
0 9 -1 7
0 9 0 17
0 9 1 18
0 9 2 18
0 9 3 18
0 9 4 18
0 9 5 18
0 9 6 18
0 9 7 18
0 9 8 18
0 9 9 18
0 9 10 16
0 9 11 17
1 9 -23 9
1 9 -22 9
1 9 -21 9
1 9 -20 9
1 9 -19 9
1 9 -18 9
1 9 -17 9
1 9 -16 16
1 9 -15 16
1 9 -14 9
1 9 -13 9
1 9 -12 9
1 9 -11 9
1 9 -10 9
1 9 -9 18
1 9 -8 18
1 9 -7 18
1 9 -6 18
1 9 -5 18
1 9 -4 18
1 9 -3 18
1 9 -2 18
1 9 -1 18
1 9 0 18
1 9 1 18
1 9 2 18
1 9 3 18
1 9 4 18
1 9 5 18
1 9 6 18
1 9 7 18
1 9 8 18
1 9 9 18
1 9 10 16
1 9 11 16
2 9 -11 9
2 9 -10 9
2 9 -9 18
2 9 -8 18
2 9 -7 18
2 9 -6 18
2 9 -5 18
2 9 -4 18
2 9 -3 18
2 9 -2 18
2 9 -1 18
2 9 0 18
2 9 1 18
2 9 2 18
2 9 3 18
2 9 4 18
2 9 5 18
2 9 6 18
2 9 7 18
2 9 8 18
2 9 9 18
2 9 10 9
2 9 11 9
3 9 -11 9
3 9 -10 9
3 9 -9 9
3 9 -8 18
3 9 -7 18
3 9 -6 18
3 9 -5 18
3 9 -4 18
3 9 -3 18
3 9 -2 18
3 9 -1 18
3 9 0 18
3 9 1 18
3 9 2 18
3 9 3 18
3 9 4 18
3 9 5 18
3 9 6 18
3 9 7 18
3 9 8 18
3 9 9 9
3 9 10 9
3 9 11 16
3 9 14 17
4 9 -10 16
4 9 -9 9
4 9 -8 18
4 9 -7 18
4 9 -6 18
4 9 -5 18
4 9 -4 18
4 9 -3 18
4 9 -2 18
4 9 -1 18
4 9 0 18
4 9 1 18
4 9 2 18
4 9 3 18
4 9 4 18
4 9 5 18
4 9 6 18
4 9 7 18
4 9 8 18
4 9 9 9
4 9 10 9
5 9 -10 16
5 9 -9 9
5 9 -8 16
5 9 -7 18
5 9 -6 18
5 9 -5 18
5 9 -4 18
5 9 -3 18
5 9 -2 18
5 9 -1 18
5 9 0 18
5 9 1 18
5 9 2 18
5 9 3 18
5 9 4 18
5 9 5 18
5 9 6 18
5 9 7 18
5 9 8 16
5 9 9 9
5 9 10 9
6 9 -9 16
6 9 -8 9
6 9 -7 18
6 9 -6 18
6 9 -5 18
6 9 -4 18
6 9 -3 18
6 9 -2 18
6 9 -1 18
6 9 0 18
6 9 1 18
6 9 2 18
6 9 3 18
6 9 4 18
6 9 5 18
6 9 6 18
6 9 7 18
6 9 8 9
6 9 9 16
7 9 -9 9
7 9 -8 17
7 9 -7 9
7 9 -6 18
7 9 -5 18
7 9 -4 18
7 9 -3 18
7 9 -2 18
7 9 -1 18
7 9 0 18
7 9 1 18
7 9 2 18
7 9 3 18
7 9 4 18
7 9 5 18
7 9 6 18
7 9 7 9
7 9 8 17
7 9 9 9
8 9 -10 9
8 9 -9 9
8 9 -8 17
8 9 -7 17
8 9 -6 9
8 9 -5 9
8 9 -4 18
8 9 -3 18
8 9 -2 18
8 9 -1 18
8 9 0 18
8 9 1 18
8 9 2 18
8 9 3 18
8 9 4 18
8 9 5 9
8 9 6 9
8 9 7 17
8 9 8 17
8 9 9 9
8 9 10 9
9 9 -11 9
9 9 -10 9
9 9 -9 9
9 9 -8 16
9 9 -7 9
9 9 -6 16
9 9 -5 9
9 9 -4 16
9 9 -3 9
9 9 -2 18
9 9 -1 18
9 9 0 18
9 9 1 18
9 9 2 18
9 9 3 9
9 9 4 9
9 9 5 9
9 9 6 9
9 9 7 9
9 9 8 9
9 9 9 9
9 9 10 9
9 9 11 9
10 9 -12 16
10 9 -11 9
10 9 -10 9
10 9 -9 9
10 9 -8 16
10 9 -5 9
10 9 -4 9
10 9 -3 9
10 9 -2 9
10 9 -1 16
10 9 0 9
10 9 1 9
10 9 2 9
10 9 3 16
10 9 4 16
10 9 5 9
10 9 8 9
10 9 9 9
10 9 10 9
10 9 11 9
10 9 12 9
11 9 -13 9
11 9 -12 9
11 9 -11 16
11 9 -10 16
11 9 -9 16
11 9 -3 16
11 9 -2 9
11 9 -1 9
11 9 0 17
11 9 1 9
11 9 2 16
11 9 3 9
11 9 9 9
11 9 10 9
11 9 11 9
11 9 12 9
11 9 13 9
12 9 -14 9
12 9 -13 9
12 9 -12 16
12 9 -11 16
12 9 -10 9
12 9 -1 16
12 9 0 9
12 9 1 9
12 9 10 16
12 9 11 9
12 9 12 9
12 9 13 9
12 9 14 9
13 9 -15 9
13 9 -14 9
13 9 -13 9
13 9 -12 9
13 9 -11 9
13 9 -1 9
13 9 0 16
13 9 1 16
13 9 11 9
13 9 12 9
13 9 13 9
13 9 14 9
13 9 15 16
14 9 -16 16
14 9 -15 16
14 9 -14 9
14 9 -13 9
14 9 -12 9
14 9 -1 9
14 9 0 9
14 9 1 9
14 9 12 9
14 9 13 9
14 9 14 9
14 9 15 9
14 9 16 9
15 9 -17 9
15 9 -16 9
15 9 -15 9
15 9 -14 16
15 9 -13 9
15 9 -1 9
15 9 0 9
15 9 1 9
15 9 13 9
15 9 14 16
15 9 15 9
15 9 16 9
15 9 17 9
16 9 -17 9
16 9 -16 9
16 9 -15 16
16 9 -14 9
16 9 -1 16
16 9 0 9
16 9 1 9
16 9 14 9
16 9 15 9
16 9 16 9
16 9 17 9
17 9 -17 4
17 9 -16 9
17 9 -15 9
17 9 -1 16
17 9 0 9
17 9 1 9
17 9 15 9
17 9 16 9
17 9 17 5
18 9 -1 9
18 9 0 9
18 9 1 16
19 9 -1 9
19 9 0 9
19 9 1 9
20 9 -1 9
20 9 0 9
20 9 1 9
21 9 -1 9
21 9 0 9
21 9 1 9
22 9 -1 9
22 9 0 9
22 9 1 9
23 9 -1 9
23 9 0 9
23 9 1 9
24 9 0 7
-23 10 -1 9
-23 10 0 16
-23 10 1 9
-22 10 -1 9
-22 10 0 9
-22 10 1 9
-21 10 -1 9
-21 10 0 9
-21 10 1 9
-20 10 -1 9
-20 10 0 9
-20 10 1 9
-19 10 -1 9
-19 10 0 9
-19 10 1 9
-18 10 -1 9
-18 10 0 9
-18 10 1 9
-17 10 -16 9
-17 10 -15 9
-17 10 -1 9
-17 10 0 9
-17 10 1 9
-17 10 15 9
-17 10 16 9
-16 10 -17 9
-16 10 -16 9
-16 10 -15 9
-16 10 -14 9
-16 10 -1 9
-16 10 0 9
-16 10 1 9
-16 10 14 16
-16 10 15 9
-16 10 16 9
-16 10 17 16
-15 10 -17 9
-15 10 -16 9
-15 10 -15 9
-15 10 -14 9
-15 10 -13 9
-15 10 -1 9
-15 10 0 9
-15 10 1 9
-15 10 13 9
-15 10 14 9
-15 10 15 9
-15 10 16 16
-15 10 17 9
-14 10 -16 9
-14 10 -15 9
-14 10 -14 9
-14 10 -13 16
-14 10 -12 9
-14 10 -1 16
-14 10 0 9
-14 10 1 9
-14 10 12 9
-14 10 13 9
-14 10 14 9
-14 10 15 9
-14 10 16 9
-13 10 -15 9
-13 10 -14 16
-13 10 -13 9
-13 10 -12 9
-13 10 -11 9
-13 10 -1 9
-13 10 0 9
-13 10 1 9
-13 10 11 9
-13 10 12 9
-13 10 13 16
-13 10 14 9
-13 10 15 9
-12 10 -14 9
-12 10 -13 9
-12 10 -12 9
-12 10 -11 9
-12 10 -10 9
-12 10 -1 9
-12 10 0 9
-12 10 1 9
-12 10 10 9
-12 10 11 16
-12 10 12 9
-12 10 13 16
-12 10 14 9
-11 10 -13 9
-11 10 -12 16
-11 10 -11 16
-11 10 -10 16
-11 10 -9 9
-11 10 -3 15
-11 10 -2 15
-11 10 -1 15
-11 10 0 15
-11 10 1 1
-11 10 2 1
-11 10 3 1
-11 10 9 9
-11 10 10 9
-11 10 11 9
-11 10 12 16
-11 10 13 9
-10 10 -12 9
-10 10 -11 9
-10 10 -10 9
-10 10 -9 9
-10 10 -8 9
-10 10 -5 1
-10 10 -4 15
-10 10 -3 9
-10 10 -2 9
-10 10 -1 9
-10 10 0 9
-10 10 1 9
-10 10 2 9
-10 10 3 9
-10 10 4 1
-10 10 5 15
-10 10 8 9
-10 10 9 9
-10 10 10 9
-10 10 11 9
-10 10 12 16
-9 10 -11 9
-9 10 -10 9
-9 10 -9 9
-9 10 -8 9
-9 10 -7 1
-9 10 -6 1
-9 10 -5 9
-9 10 -4 16
-9 10 -3 9
-9 10 -2 18
-9 10 -1 18
-9 10 0 18
-9 10 1 18
-9 10 2 18
-9 10 3 9
-9 10 4 9
-9 10 5 9
-9 10 6 15
-9 10 7 15
-9 10 8 9
-9 10 9 9
-9 10 10 9
-9 10 11 9
-8 10 -10 16
-8 10 -9 9
-8 10 -8 15
-8 10 -7 1
-8 10 -6 9
-8 10 -5 9
-8 10 -4 18
-8 10 -3 18
-8 10 -2 18
-8 10 -1 18
-8 10 0 18
-8 10 1 18
-8 10 2 18
-8 10 3 18
-8 10 4 18
-8 10 5 9
-8 10 6 9
-8 10 7 15
-8 10 8 15
-8 10 9 9
-8 10 10 9
-7 10 -9 15
-7 10 -8 15
-7 10 -7 9
-7 10 -6 18
-7 10 -5 18
-7 10 -4 18
-7 10 -3 18
-7 10 -2 18
-7 10 -1 18
-7 10 0 18
-7 10 1 18
-7 10 2 18
-7 10 3 18
-7 10 4 18
-7 10 5 18
-7 10 6 18
-7 10 7 9
-7 10 8 1
-7 10 9 1
-6 10 -9 15
-6 10 -8 9
-6 10 -7 18
-6 10 -6 18
-6 10 -5 18
-6 10 -4 18
-6 10 -3 18
-6 10 -2 18
-6 10 -1 18
-6 10 0 18
-6 10 1 18
-6 10 2 18
-6 10 3 18
-6 10 4 18
-6 10 5 18
-6 10 6 18
-6 10 7 18
-6 10 8 9
-6 10 9 1
-5 10 -10 15
-5 10 -9 9
-5 10 -8 9
-5 10 -7 18
-5 10 -6 18
-5 10 -5 18
-5 10 -4 18
-5 10 -3 18
-5 10 -2 18
-5 10 -1 18
-5 10 0 18
-5 10 1 18
-5 10 2 18
-5 10 3 18
-5 10 4 18
-5 10 5 18
-5 10 6 18
-5 10 7 18
-5 10 8 9
-5 10 9 9
-5 10 10 1
-4 10 -10 1
-4 10 -9 9
-4 10 -8 18
-4 10 -7 18
-4 10 -6 18
-4 10 -5 18
-4 10 -4 18
-4 10 -3 18
-4 10 -2 18
-4 10 -1 18
-4 10 0 18
-4 10 1 18
-4 10 2 18
-4 10 3 18
-4 10 4 18
-4 10 5 18
-4 10 6 18
-4 10 7 18
-4 10 8 18
-4 10 9 9
-4 10 10 15
-3 10 -11 1
-3 10 -10 9
-3 10 -9 9
-3 10 -8 18
-3 10 -7 18
-3 10 -6 18
-3 10 -5 18
-3 10 -4 18
-3 10 -3 18
-3 10 -2 18
-3 10 -1 18
-3 10 0 18
-3 10 1 18
-3 10 2 18
-3 10 3 18
-3 10 4 18
-3 10 5 18
-3 10 6 18
-3 10 7 18
-3 10 8 18
-3 10 9 9
-3 10 10 16
-3 10 11 15
-3 10 14 17
-2 10 -11 1
-2 10 -10 9
-2 10 -9 18
-2 10 -8 18
-2 10 -7 18
-2 10 -6 18
-2 10 -5 18
-2 10 -4 18
-2 10 -3 18
-2 10 -2 18
-2 10 -1 18
-2 10 0 4
-2 10 1 1
-2 10 2 1
-2 10 3 18
-2 10 4 18
-2 10 5 18
-2 10 6 18
-2 10 7 18
-2 10 8 18
-2 10 9 18
-2 10 10 16
-2 10 11 15
-1 10 -23 9
-1 10 -22 9
-1 10 -21 9
-1 10 -20 9
-1 10 -19 9
-1 10 -18 9
-1 10 -17 9
-1 10 -16 9
-1 10 -15 9
-1 10 -14 9
-1 10 -13 9
-1 10 -12 9
-1 10 -11 1
-1 10 -10 9
-1 10 -9 18
-1 10 -8 18
-1 10 -7 18
-1 10 -6 18
-1 10 -5 18
-1 10 -4 18
-1 10 -3 18
-1 10 -2 18
-1 10 -1 18
-1 10 0 4
-1 10 1 1
-1 10 2 1
-1 10 3 18
-1 10 4 18
-1 10 5 18
-1 10 6 18
-1 10 7 18
-1 10 8 18
-1 10 9 18
-1 10 10 9
-1 10 11 15
0 10 -23 9
0 10 -22 16
0 10 -21 9
0 10 -20 9
0 10 -19 9
0 10 -18 9
0 10 -17 9
0 10 -16 9
0 10 -15 9
0 10 -14 16
0 10 -13 9
0 10 -12 9
0 10 -11 15
0 10 -10 9
0 10 -9 18
0 10 -8 18
0 10 -7 18
0 10 -6 18
0 10 -5 18
0 10 -4 18
0 10 -3 18
0 10 -2 18
0 10 -1 18
0 10 0 17
0 10 1 18
0 10 2 18
0 10 3 18
0 10 4 18
0 10 5 18
0 10 6 18
0 10 7 18
0 10 8 18
0 10 9 18
0 10 10 9
0 10 11 15
1 10 -23 9
1 10 -22 16
1 10 -21 9
1 10 -20 16
1 10 -19 9
1 10 -18 16
1 10 -17 16
1 10 -16 9
1 10 -15 16
1 10 -14 9
1 10 -13 16
1 10 -12 9
1 10 -11 15
1 10 -10 9
1 10 -9 18
1 10 -8 18
1 10 -7 18
1 10 -6 18
1 10 -5 18
1 10 -4 18
1 10 -3 18
1 10 -2 18
1 10 -1 18
1 10 0 18
1 10 1 18
1 10 2 18
1 10 3 18
1 10 4 18
1 10 5 18
1 10 6 18
1 10 7 18
1 10 8 18
1 10 9 18
1 10 10 9
1 10 11 1
2 10 -11 15
2 10 -10 16
2 10 -9 18
2 10 -8 18
2 10 -7 18
2 10 -6 18
2 10 -5 18
2 10 -4 18
2 10 -3 18
2 10 -2 18
2 10 -1 18
2 10 0 18
2 10 1 18
2 10 2 18
2 10 3 18
2 10 4 18
2 10 5 18
2 10 6 18
2 10 7 18
2 10 8 18
2 10 9 18
2 10 10 9
2 10 11 1
3 10 -11 15
3 10 -10 9
3 10 -9 9
3 10 -8 18
3 10 -7 18
3 10 -6 18
3 10 -5 18
3 10 -4 18
3 10 -3 18
3 10 -2 18
3 10 -1 18
3 10 0 18
3 10 1 18
3 10 2 18
3 10 3 18
3 10 4 18
3 10 5 18
3 10 6 18
3 10 7 18
3 10 8 18
3 10 9 9
3 10 10 16
3 10 11 1
3 10 14 17
4 10 -10 15
4 10 -9 16
4 10 -8 18
4 10 -7 18
4 10 -6 18
4 10 -5 18
4 10 -4 18
4 10 -3 18
4 10 -2 18
4 10 -1 18
4 10 0 18
4 10 1 18
4 10 2 18
4 10 3 18
4 10 4 18
4 10 5 18
4 10 6 18
4 10 7 18
4 10 8 18
4 10 9 9
4 10 10 1
5 10 -10 1
5 10 -9 9
5 10 -8 9
5 10 -7 18
5 10 -6 18
5 10 -5 18
5 10 -4 18
5 10 -3 18
5 10 -2 18
5 10 -1 18
5 10 0 18
5 10 1 18
5 10 2 18
5 10 3 18
5 10 4 18
5 10 5 18
5 10 6 18
5 10 7 18
5 10 8 9
5 10 9 9
5 10 10 15
6 10 -9 1
6 10 -8 9
6 10 -7 18
6 10 -6 18
6 10 -5 18
6 10 -4 18
6 10 -3 18
6 10 -2 18
6 10 -1 18
6 10 0 18
6 10 1 18
6 10 2 18
6 10 3 18
6 10 4 18
6 10 5 18
6 10 6 18
6 10 7 18
6 10 8 9
6 10 9 15
7 10 -9 1
7 10 -8 1
7 10 -7 9
7 10 -6 18
7 10 -5 18
7 10 -4 18
7 10 -3 18
7 10 -2 18
7 10 -1 18
7 10 0 18
7 10 1 18
7 10 2 18
7 10 3 18
7 10 4 18
7 10 5 18
7 10 6 18
7 10 7 9
7 10 8 15
7 10 9 15
8 10 -10 16
8 10 -9 9
8 10 -8 15
8 10 -7 15
8 10 -6 9
8 10 -5 9
8 10 -4 18
8 10 -3 18
8 10 -2 18
8 10 -1 18
8 10 0 18
8 10 1 18
8 10 2 18
8 10 3 18
8 10 4 18
8 10 5 9
8 10 6 16
8 10 7 1
8 10 8 15
8 10 9 16
8 10 10 9
9 10 -11 9
9 10 -10 9
9 10 -9 9
9 10 -8 9
9 10 -7 15
9 10 -6 15
9 10 -5 9
9 10 -4 9
9 10 -3 9
9 10 -2 18
9 10 -1 18
9 10 0 18
9 10 1 18
9 10 2 18
9 10 3 9
9 10 4 9
9 10 5 9
9 10 6 1
9 10 7 1
9 10 8 9
9 10 9 9
9 10 10 9
9 10 11 9
10 10 -12 9
10 10 -11 9
10 10 -10 9
10 10 -9 9
10 10 -8 16
10 10 -5 15
10 10 -4 1
10 10 -3 9
10 10 -2 9
10 10 -1 16
10 10 0 9
10 10 1 16
10 10 2 9
10 10 3 16
10 10 4 15
10 10 5 1
10 10 8 16
10 10 9 16
10 10 10 9
10 10 11 9
10 10 12 9
11 10 -13 9
11 10 -12 9
11 10 -11 9
11 10 -10 9
11 10 -9 9
11 10 -3 1
11 10 -2 1
11 10 -1 1
11 10 0 15
11 10 1 15
11 10 2 15
11 10 3 15
11 10 9 9
11 10 10 9
11 10 11 16
11 10 12 9
11 10 13 9
12 10 -14 9
12 10 -13 9
12 10 -12 9
12 10 -11 9
12 10 -10 16
12 10 -1 9
12 10 0 9
12 10 1 9
12 10 10 9
12 10 11 9
12 10 12 9
12 10 13 16
12 10 14 9
13 10 -15 9
13 10 -14 9
13 10 -13 16
13 10 -12 16
13 10 -11 9
13 10 -1 9
13 10 0 9
13 10 1 9
13 10 11 9
13 10 12 16
13 10 13 9
13 10 14 9
13 10 15 9
14 10 -16 9
14 10 -15 9
14 10 -14 9
14 10 -13 9
14 10 -12 9
14 10 -1 9
14 10 0 9
14 10 1 9
14 10 12 9
14 10 13 9
14 10 14 9
14 10 15 9
14 10 16 16
15 10 -17 9
15 10 -16 9
15 10 -15 9
15 10 -14 9
15 10 -13 9
15 10 -1 9
15 10 0 16
15 10 1 9
15 10 13 9
15 10 14 16
15 10 15 9
15 10 16 9
15 10 17 9
16 10 -17 9
16 10 -16 9
16 10 -15 16
16 10 -14 16
16 10 -1 9
16 10 0 9
16 10 1 9
16 10 14 9
16 10 15 9
16 10 16 9
16 10 17 9
17 10 -16 16
17 10 -15 9
17 10 -1 9
17 10 0 9
17 10 1 9
17 10 15 9
17 10 16 9
18 10 -1 16
18 10 0 16
18 10 1 9
19 10 -1 9
19 10 0 16
19 10 1 9
20 10 -1 16
20 10 0 9
20 10 1 9
21 10 -1 9
21 10 0 9
21 10 1 9
22 10 -1 9
22 10 0 9
22 10 1 9
23 10 -1 9
23 10 0 9
23 10 1 9
-23 11 -1 0
-23 11 0 9
-23 11 1 0
-22 11 -1 9
-22 11 0 9
-22 11 1 9
-21 11 -1 9
-21 11 0 16
-21 11 1 9
-20 11 -1 9
-20 11 0 16
-20 11 1 9
-19 11 -1 9
-19 11 0 9
-19 11 1 16
-18 11 -1 16
-18 11 0 9
-18 11 1 9
-17 11 -16 0
-17 11 -15 9
-17 11 -1 16
-17 11 0 9
-17 11 1 9
-17 11 15 16
-17 11 16 0
-16 11 -17 4
-16 11 -16 9
-16 11 -15 9
-16 11 -14 9
-16 11 -1 16
-16 11 0 16
-16 11 1 9
-16 11 14 16
-16 11 15 16
-16 11 16 9
-16 11 17 5
-15 11 -17 16
-15 11 -16 16
-15 11 -15 9
-15 11 -14 9
-15 11 -13 9
-15 11 -1 9
-15 11 0 9
-15 11 1 16
-15 11 13 16
-15 11 14 9
-15 11 15 9
-15 11 16 16
-15 11 17 9
-14 11 -16 9
-14 11 -15 9
-14 11 -14 9
-14 11 -13 16
-14 11 -12 9
-14 11 -1 9
-14 11 0 9
-14 11 1 9
-14 11 12 9
-14 11 13 16
-14 11 14 16
-14 11 15 9
-14 11 16 9
-13 11 -15 16
-13 11 -14 9
-13 11 -13 16
-13 11 -12 9
-13 11 -11 9
-13 11 -1 9
-13 11 0 9
-13 11 1 9
-13 11 11 9
-13 11 12 9
-13 11 13 9
-13 11 14 9
-13 11 15 9
-12 11 -14 9
-12 11 -13 9
-12 11 -12 9
-12 11 -11 9
-12 11 -10 9
-12 11 -1 16
-12 11 0 16
-12 11 1 9
-12 11 10 9
-12 11 11 9
-12 11 12 9
-12 11 13 9
-12 11 14 9
-11 11 -13 9
-11 11 -12 16
-11 11 -11 9
-11 11 -10 9
-11 11 -9 9
-11 11 -3 16
-11 11 -2 9
-11 11 -1 9
-11 11 0 17
-11 11 1 9
-11 11 2 16
-11 11 3 9
-11 11 9 16
-11 11 10 9
-11 11 11 9
-11 11 12 9
-11 11 13 9
-10 11 -12 9
-10 11 -11 9
-10 11 -10 9
-10 11 -9 9
-10 11 -8 16
-10 11 -5 9
-10 11 -4 9
-10 11 -3 9
-10 11 -2 9
-10 11 -1 9
-10 11 0 9
-10 11 1 16
-10 11 2 9
-10 11 3 16
-10 11 4 9
-10 11 5 9
-10 11 8 9
-10 11 9 9
-10 11 10 16
-10 11 11 9
-10 11 12 16
-9 11 -11 9
-9 11 -10 9
-9 11 -9 16
-9 11 -8 9
-9 11 -7 9
-9 11 -6 9
-9 11 -5 9
-9 11 -4 9
-9 11 -3 9
-9 11 -2 18
-9 11 -1 18
-9 11 0 18
-9 11 1 18
-9 11 2 18
-9 11 3 16
-9 11 4 9
-9 11 5 9
-9 11 6 9
-9 11 7 16
-9 11 8 9
-9 11 9 9
-9 11 10 9
-9 11 11 9
-8 11 -10 9
-8 11 -9 9
-8 11 -8 17
-8 11 -7 17
-8 11 -6 16
-8 11 -5 16
-8 11 -4 18
-8 11 -3 18
-8 11 -2 18
-8 11 -1 18
-8 11 0 18
-8 11 1 18
-8 11 2 18
-8 11 3 18
-8 11 4 18
-8 11 5 16
-8 11 6 16
-8 11 7 17
-8 11 8 17
-8 11 9 9
-8 11 10 9
-7 11 -9 9
-7 11 -8 17
-7 11 -7 9
-7 11 -6 18
-7 11 -5 18
-7 11 -4 18
-7 11 -3 18
-7 11 -2 18
-7 11 -1 18
-7 11 0 18
-7 11 1 18
-7 11 2 18
-7 11 3 18
-7 11 4 18
-7 11 5 18
-7 11 6 18
-7 11 7 9
-7 11 8 17
-7 11 9 9
-6 11 -9 9
-6 11 -8 9
-6 11 -7 18
-6 11 -6 18
-6 11 -5 18
-6 11 -4 18
-6 11 -3 18
-6 11 -2 18
-6 11 -1 18
-6 11 0 18
-6 11 1 18
-6 11 2 18
-6 11 3 18
-6 11 4 18
-6 11 5 18
-6 11 6 18
-6 11 7 18
-6 11 8 16
-6 11 9 16
-5 11 -10 9
-5 11 -9 9
-5 11 -8 9
-5 11 -7 18
-5 11 -6 18
-5 11 -5 18
-5 11 -4 18
-5 11 -3 18
-5 11 -2 18
-5 11 -1 18
-5 11 0 18
-5 11 1 18
-5 11 2 18
-5 11 3 18
-5 11 4 18
-5 11 5 18
-5 11 6 18
-5 11 7 18
-5 11 8 9
-5 11 9 9
-5 11 10 9
-4 11 -10 9
-4 11 -9 9
-4 11 -8 18
-4 11 -7 18
-4 11 -6 18
-4 11 -5 18
-4 11 -4 18
-4 11 -3 18
-4 11 -2 18
-4 11 -1 18
-4 11 0 18
-4 11 1 18
-4 11 2 18
-4 11 3 18
-4 11 4 18
-4 11 5 18
-4 11 6 18
-4 11 7 18
-4 11 8 18
-4 11 9 9
-4 11 10 16
-3 11 -11 9
-3 11 -10 9
-3 11 -9 9
-3 11 -8 18
-3 11 -7 18
-3 11 -6 18
-3 11 -5 18
-3 11 -4 18
-3 11 -3 18
-3 11 -2 18
-3 11 -1 18
-3 11 0 18
-3 11 1 18
-3 11 2 18
-3 11 3 18
-3 11 4 18
-3 11 5 18
-3 11 6 18
-3 11 7 18
-3 11 8 18
-3 11 9 9
-3 11 10 16
-3 11 11 9
-3 11 14 17
-2 11 -11 9
-2 11 -10 16
-2 11 -9 18
-2 11 -8 18
-2 11 -7 18
-2 11 -6 18
-2 11 -5 18
-2 11 -4 18
-2 11 -3 18
-2 11 -2 18
-2 11 -1 18
-2 11 0 18
-2 11 1 18
-2 11 2 18
-2 11 3 18
-2 11 4 18
-2 11 5 18
-2 11 6 18
-2 11 7 18
-2 11 8 18
-2 11 9 18
-2 11 10 9
-2 11 11 9
-1 11 -23 4
-1 11 -22 9
-1 11 -21 9
-1 11 -20 9
-1 11 -19 9
-1 11 -18 9
-1 11 -17 9
-1 11 -16 9
-1 11 -15 9
-1 11 -14 9
-1 11 -13 9
-1 11 -12 16
-1 11 -11 16
-1 11 -10 16
-1 11 -9 18
-1 11 -8 18
-1 11 -7 18
-1 11 -6 18
-1 11 -5 18
-1 11 -4 18
-1 11 -3 18
-1 11 -2 18
-1 11 -1 18
-1 11 0 18
-1 11 1 18
-1 11 2 18
-1 11 3 18
-1 11 4 18
-1 11 5 18
-1 11 6 18
-1 11 7 18
-1 11 8 18
-1 11 9 18
-1 11 10 9
-1 11 11 9
0 11 -23 9
0 11 -22 9
0 11 -21 9
0 11 -20 9
0 11 -19 16
0 11 -18 9
0 11 -17 9
0 11 -16 16
0 11 -15 9
0 11 -14 9
0 11 -13 16
0 11 -12 9
0 11 -11 17
0 11 -10 9
0 11 -9 18
0 11 -8 18
0 11 -7 18
0 11 -6 18
0 11 -5 18
0 11 -4 18
0 11 -3 18
0 11 -2 18
0 11 -1 18
0 11 0 17
0 11 1 0
0 11 2 0
0 11 3 18
0 11 4 18
0 11 5 18
0 11 6 18
0 11 7 18
0 11 8 18
0 11 9 18
0 11 10 9
0 11 11 17
0 11 13 15
1 11 -23 4
1 11 -22 9
1 11 -21 9
1 11 -20 9
1 11 -19 9
1 11 -18 9
1 11 -17 9
1 11 -16 9
1 11 -15 9
1 11 -14 16
1 11 -13 9
1 11 -12 9
1 11 -11 9
1 11 -10 9
1 11 -9 18
1 11 -8 18
1 11 -7 18
1 11 -6 18
1 11 -5 18
1 11 -4 18
1 11 -3 18
1 11 -2 18
1 11 -1 18
1 11 0 18
1 11 1 1
1 11 2 1
1 11 3 18
1 11 4 18
1 11 5 18
1 11 6 18
1 11 7 18
1 11 8 18
1 11 9 18
1 11 10 9
1 11 11 16
2 11 -11 9
2 11 -10 9
2 11 -9 18
2 11 -8 18
2 11 -7 18
2 11 -6 18
2 11 -5 18
2 11 -4 18
2 11 -3 18
2 11 -2 18
2 11 -1 18
2 11 0 18
2 11 1 1
2 11 2 1
2 11 3 18
2 11 4 18
2 11 5 18
2 11 6 18
2 11 7 18
2 11 8 18
2 11 9 18
2 11 10 16
2 11 11 9
3 11 -11 9
3 11 -10 9
3 11 -9 9
3 11 -8 18
3 11 -7 18
3 11 -6 18
3 11 -5 18
3 11 -4 18
3 11 -3 18
3 11 -2 18
3 11 -1 18
3 11 0 18
3 11 1 18
3 11 2 18
3 11 3 18
3 11 4 18
3 11 5 18
3 11 6 18
3 11 7 18
3 11 8 18
3 11 9 9
3 11 10 9
3 11 11 9
3 11 14 17
4 11 -10 9
4 11 -9 9
4 11 -8 18
4 11 -7 18
4 11 -6 18
4 11 -5 18
4 11 -4 18
4 11 -3 18
4 11 -2 18
4 11 -1 18
4 11 0 18
4 11 1 18
4 11 2 18
4 11 3 18
4 11 4 18
4 11 5 18
4 11 6 18
4 11 7 18
4 11 8 18
4 11 9 9
4 11 10 9
5 11 -10 16
5 11 -9 9
5 11 -8 16
5 11 -7 18
5 11 -6 18
5 11 -5 18
5 11 -4 18
5 11 -3 18
5 11 -2 18
5 11 -1 18
5 11 0 18
5 11 1 18
5 11 2 18
5 11 3 18
5 11 4 18
5 11 5 18
5 11 6 18
5 11 7 18
5 11 8 9
5 11 9 9
5 11 10 9
6 11 -9 9
6 11 -8 9
6 11 -7 18
6 11 -6 18
6 11 -5 18
6 11 -4 18
6 11 -3 18
6 11 -2 18
6 11 -1 18
6 11 0 18
6 11 1 18
6 11 2 18
6 11 3 18
6 11 4 18
6 11 5 18
6 11 6 18
6 11 7 18
6 11 8 9
6 11 9 9
7 11 -9 9
7 11 -8 17
7 11 -7 9
7 11 -6 18
7 11 -5 18
7 11 -4 18
7 11 -3 18
7 11 -2 18
7 11 -1 18
7 11 0 18
7 11 1 18
7 11 2 18
7 11 3 18
7 11 4 18
7 11 5 18
7 11 6 18
7 11 7 9
7 11 8 17
7 11 9 9
8 11 -10 9
8 11 -9 9
8 11 -8 17
8 11 -7 17
8 11 -6 9
8 11 -5 16
8 11 -4 18
8 11 -3 18
8 11 -2 18
8 11 -1 18
8 11 0 18
8 11 1 18
8 11 2 18
8 11 3 18
8 11 4 18
8 11 5 9
8 11 6 9
8 11 7 17
8 11 8 17
8 11 9 9
8 11 10 9
9 11 -11 9
9 11 -10 9
9 11 -9 9
9 11 -8 9
9 11 -7 16
9 11 -6 9
9 11 -5 9
9 11 -4 16
9 11 -3 16
9 11 -2 18
9 11 -1 18
9 11 0 18
9 11 1 18
9 11 2 18
9 11 3 9
9 11 4 16
9 11 5 9
9 11 6 9
9 11 7 9
9 11 8 16
9 11 9 16
9 11 10 16
9 11 11 9
10 11 -12 9
10 11 -11 9
10 11 -10 16
10 11 -9 9
10 11 -8 16
10 11 -5 9
10 11 -4 9
10 11 -3 9
10 11 -2 9
10 11 -1 9
10 11 0 9
10 11 1 9
10 11 2 9
10 11 3 9
10 11 4 9
10 11 5 9
10 11 8 9
10 11 9 9
10 11 10 9
10 11 11 16
10 11 12 9
11 11 -13 9
11 11 -12 9
11 11 -11 9
11 11 -10 9
11 11 -9 16
11 11 -3 9
11 11 -2 9
11 11 -1 9
11 11 0 17
11 11 1 9
11 11 2 9
11 11 3 16
11 11 9 9
11 11 10 16
11 11 11 9
11 11 12 9
11 11 13 9
12 11 -14 9
12 11 -13 9
12 11 -12 9
12 11 -11 9
12 11 -10 9
12 11 -1 9
12 11 0 9
12 11 1 9
12 11 10 9
12 11 11 9
12 11 12 9
12 11 13 9
12 11 14 9
13 11 -15 9
13 11 -14 9
13 11 -13 9
13 11 -12 9
13 11 -11 9
13 11 -1 9
13 11 0 9
13 11 1 9
13 11 11 9
13 11 12 9
13 11 13 16
13 11 14 9
13 11 15 16
14 11 -16 9
14 11 -15 9
14 11 -14 16
14 11 -13 9
14 11 -12 9
14 11 -1 9
14 11 0 9
14 11 1 16
14 11 12 9
14 11 13 9
14 11 14 9
14 11 15 9
14 11 16 9
15 11 -17 9
15 11 -16 16
15 11 -15 9
15 11 -14 16
15 11 -13 16
15 11 -1 16
15 11 0 9
15 11 1 9
15 11 13 9
15 11 14 9
15 11 15 9
15 11 16 9
15 11 17 16
16 11 -17 4
16 11 -16 9
16 11 -15 9
16 11 -14 9
16 11 -1 9
16 11 0 9
16 11 1 9
16 11 14 16
16 11 15 16
16 11 16 9
16 11 17 5
17 11 -16 7
17 11 -15 16
17 11 -1 9
17 11 0 9
17 11 1 16
17 11 15 9
17 11 16 7
18 11 -1 9
18 11 0 9
18 11 1 9
19 11 -1 16
19 11 0 9
19 11 1 9
20 11 -1 9
20 11 0 9
20 11 1 9
21 11 -1 9
21 11 0 9
21 11 1 9
22 11 -1 16
22 11 0 16
22 11 1 9
23 11 -1 7
23 11 0 9
23 11 1 7
-23 12 0 0
-22 12 -1 9
-22 12 0 9
-22 12 1 9
-21 12 -1 9
-21 12 0 9
-21 12 1 9
-20 12 -1 9
-20 12 0 9
-20 12 1 9
-19 12 -1 9
-19 12 0 9
-19 12 1 9
-18 12 -1 9
-18 12 0 9
-18 12 1 9
-17 12 -15 9
-17 12 -1 9
-17 12 0 9
-17 12 1 9
-17 12 15 9
-16 12 -16 16
-16 12 -15 9
-16 12 -14 9
-16 12 -1 9
-16 12 0 9
-16 12 1 9
-16 12 14 9
-16 12 15 9
-16 12 16 16
-15 12 -17 16
-15 12 -16 16
-15 12 -15 9
-15 12 -14 9
-15 12 -13 9
-15 12 -1 9
-15 12 0 9
-15 12 1 9
-15 12 13 9
-15 12 14 9
-15 12 15 9
-15 12 16 9
-15 12 17 16
-14 12 -16 9
-14 12 -15 9
-14 12 -14 9
-14 12 -13 9
-14 12 -12 9
-14 12 -1 9
-14 12 0 9
-14 12 1 9
-14 12 12 16
-14 12 13 9
-14 12 14 9
-14 12 15 9
-14 12 16 9
-13 12 -15 16
-13 12 -14 9
-13 12 -13 9
-13 12 -12 9
-13 12 -11 16
-13 12 -1 9
-13 12 0 9
-13 12 1 9
-13 12 11 9
-13 12 12 9
-13 12 13 16
-13 12 14 16
-13 12 15 16
-12 12 -14 9
-12 12 -13 9
-12 12 -12 9
-12 12 -11 9
-12 12 -10 9
-12 12 -1 9
-12 12 0 9
-12 12 1 9
-12 12 10 9
-12 12 11 9
-12 12 12 9
-12 12 13 9
-12 12 14 16
-11 12 -13 9
-11 12 -12 9
-11 12 -11 9
-11 12 -10 9
-11 12 -9 9
-11 12 -3 9
-11 12 -2 16
-11 12 -1 9
-11 12 0 17
-11 12 1 9
-11 12 2 9
-11 12 3 9
-11 12 9 9
-11 12 10 9
-11 12 11 9
-11 12 12 9
-11 12 13 9
-10 12 -12 9
-10 12 -11 16
-10 12 -10 9
-10 12 -9 9
-10 12 -8 16
-10 12 -5 9
-10 12 -4 16
-10 12 -3 9
-10 12 -2 16
-10 12 -1 16
-10 12 0 9
-10 12 1 16
-10 12 2 16
-10 12 3 9
-10 12 4 9
-10 12 5 16
-10 12 8 9
-10 12 9 9
-10 12 10 9
-10 12 11 16
-10 12 12 9
-9 12 -11 9
-9 12 -10 9
-9 12 -9 9
-9 12 -8 9
-9 12 -7 9
-9 12 -6 9
-9 12 -5 9
-9 12 -4 9
-9 12 -3 9
-9 12 -2 18
-9 12 -1 18
-9 12 0 18
-9 12 1 18
-9 12 2 18
-9 12 3 9
-9 12 4 9
-9 12 5 9
-9 12 6 9
-9 12 7 9
-9 12 8 9
-9 12 9 9
-9 12 10 9
-9 12 11 16
-8 12 -10 9
-8 12 -9 9
-8 12 -8 17
-8 12 -7 17
-8 12 -6 9
-8 12 -5 9
-8 12 -4 18
-8 12 -3 18
-8 12 -2 18
-8 12 -1 18
-8 12 0 18
-8 12 1 18
-8 12 2 18
-8 12 3 18
-8 12 4 18
-8 12 5 9
-8 12 6 9
-8 12 7 17
-8 12 8 17
-8 12 9 9
-8 12 10 9
-7 12 -9 9
-7 12 -8 17
-7 12 -7 9
-7 12 -6 18
-7 12 -5 18
-7 12 -4 18
-7 12 -3 18
-7 12 -2 18
-7 12 -1 18
-7 12 0 18
-7 12 1 18
-7 12 2 18
-7 12 3 18
-7 12 4 18
-7 12 5 18
-7 12 6 18
-7 12 7 9
-7 12 8 17
-7 12 9 9
-6 12 -9 9
-6 12 -8 9
-6 12 -7 18
-6 12 -6 18
-6 12 -5 18
-6 12 -4 18
-6 12 -3 18
-6 12 -2 18
-6 12 -1 18
-6 12 0 18
-6 12 1 18
-6 12 2 18
-6 12 3 18
-6 12 4 18
-6 12 5 18
-6 12 6 18
-6 12 7 18
-6 12 8 9
-6 12 9 16
-5 12 -10 16
-5 12 -9 9
-5 12 -8 16
-5 12 -7 18
-5 12 -6 18
-5 12 -5 18
-5 12 -4 18
-5 12 -3 18
-5 12 -2 18
-5 12 -1 18
-5 12 0 18
-5 12 1 18
-5 12 2 18
-5 12 3 18
-5 12 4 18
-5 12 5 18
-5 12 6 18
-5 12 7 18
-5 12 8 16
-5 12 9 9
-5 12 10 9
-4 12 -10 9
-4 12 -9 9
-4 12 -8 18
-4 12 -7 18
-4 12 -6 18
-4 12 -5 18
-4 12 -4 18
-4 12 -3 18
-4 12 -2 18
-4 12 -1 18
-4 12 0 18
-4 12 1 18
-4 12 2 18
-4 12 3 18
-4 12 4 18
-4 12 5 18
-4 12 6 18
-4 12 7 18
-4 12 8 18
-4 12 9 9
-4 12 10 9
-3 12 -11 9
-3 12 -10 9
-3 12 -9 9
-3 12 -8 18
-3 12 -7 18
-3 12 -6 18
-3 12 -5 18
-3 12 -4 18
-3 12 -3 18
-3 12 -2 18
-3 12 -1 18
-3 12 0 18
-3 12 1 18
-3 12 2 18
-3 12 3 18
-3 12 4 18
-3 12 5 18
-3 12 6 18
-3 12 7 18
-3 12 8 18
-3 12 9 9
-3 12 10 9
-3 12 11 16
-3 12 14 17
-2 12 -11 9
-2 12 -10 16
-2 12 -9 18
-2 12 -8 18
-2 12 -7 18
-2 12 -6 18
-2 12 -5 18
-2 12 -4 18
-2 12 -3 18
-2 12 -2 18
-2 12 -1 18
-2 12 0 18
-2 12 1 18
-2 12 2 18
-2 12 3 18
-2 12 4 18
-2 12 5 18
-2 12 6 18
-2 12 7 18
-2 12 8 18
-2 12 9 18
-2 12 10 9
-2 12 11 9
-1 12 -22 9
-1 12 -21 9
-1 12 -20 9
-1 12 -19 9
-1 12 -18 9
-1 12 -17 9
-1 12 -16 9
-1 12 -15 9
-1 12 -14 16
-1 12 -13 9
-1 12 -12 16
-1 12 -11 9
-1 12 -10 9
-1 12 -9 18
-1 12 -8 18
-1 12 -7 18
-1 12 -6 18
-1 12 -5 18
-1 12 -4 18
-1 12 -3 18
-1 12 -2 18
-1 12 -1 18
-1 12 0 18
-1 12 1 18
-1 12 2 18
-1 12 3 18
-1 12 4 18
-1 12 5 18
-1 12 6 18
-1 12 7 18
-1 12 8 18
-1 12 9 18
-1 12 10 9
-1 12 11 9
0 12 -23 4
0 12 -22 9
0 12 -21 9
0 12 -20 9
0 12 -19 9
0 12 -18 9
0 12 -17 9
0 12 -16 9
0 12 -15 16
0 12 -14 9
0 12 -13 9
0 12 -12 9
0 12 -11 17
0 12 -10 16
0 12 -9 18
0 12 -8 18
0 12 -7 18
0 12 -6 18
0 12 -5 18
0 12 -4 18
0 12 -3 18
0 12 -2 18
0 12 -1 18
0 12 0 17
0 12 1 18
0 12 2 18
0 12 3 18
0 12 4 18
0 12 5 18
0 12 6 18
0 12 7 18
0 12 8 18
0 12 9 18
0 12 10 16
0 12 11 17
0 12 14 15
1 12 -22 9
1 12 -21 16
1 12 -20 9
1 12 -19 9
1 12 -18 9
1 12 -17 9
1 12 -16 16
1 12 -15 9
1 12 -14 9
1 12 -13 16
1 12 -12 9
1 12 -11 9
1 12 -10 9
1 12 -9 18
1 12 -8 18
1 12 -7 18
1 12 -6 18
1 12 -5 18
1 12 -4 18
1 12 -3 18
1 12 -2 1
1 12 -1 1
1 12 0 5
1 12 1 18
1 12 2 18
1 12 3 18
1 12 4 18
1 12 5 18
1 12 6 18
1 12 7 18
1 12 8 18
1 12 9 18
1 12 10 16
1 12 11 9
2 12 -11 9
2 12 -10 9
2 12 -9 18
2 12 -8 18
2 12 -7 18
2 12 -6 18
2 12 -5 18
2 12 -4 18
2 12 -3 18
2 12 -2 1
2 12 -1 1
2 12 0 5
2 12 1 18
2 12 2 18
2 12 3 18
2 12 4 18
2 12 5 18
2 12 6 18
2 12 7 18
2 12 8 18
2 12 9 18
2 12 10 16
2 12 11 9
3 12 -11 16
3 12 -10 16
3 12 -9 9
3 12 -8 18
3 12 -7 18
3 12 -6 18
3 12 -5 18
3 12 -4 18
3 12 -3 18
3 12 -2 18
3 12 -1 18
3 12 0 18
3 12 1 18
3 12 2 18
3 12 3 18
3 12 4 18
3 12 5 18
3 12 6 18
3 12 7 18
3 12 8 18
3 12 9 9
3 12 10 16
3 12 11 9
3 12 14 17
4 12 -10 9
4 12 -9 9
4 12 -8 18
4 12 -7 18
4 12 -6 18
4 12 -5 18
4 12 -4 18
4 12 -3 18
4 12 -2 18
4 12 -1 18
4 12 0 18
4 12 1 18
4 12 2 18
4 12 3 18
4 12 4 18
4 12 5 18
4 12 6 18
4 12 7 18
4 12 8 18
4 12 9 9
4 12 10 16
5 12 -10 16
5 12 -9 9
5 12 -8 9
5 12 -7 18
5 12 -6 18
5 12 -5 18
5 12 -4 18
5 12 -3 18
5 12 -2 18
5 12 -1 18
5 12 0 18
5 12 1 18
5 12 2 18
5 12 3 18
5 12 4 18
5 12 5 18
5 12 6 18
5 12 7 18
5 12 8 9
5 12 9 9
5 12 10 9
6 12 -9 9
6 12 -8 9
6 12 -7 18
6 12 -6 18
6 12 -5 18
6 12 -4 18
6 12 -3 18
6 12 -2 18
6 12 -1 18
6 12 0 18
6 12 1 18
6 12 2 18
6 12 3 18
6 12 4 18
6 12 5 18
6 12 6 18
6 12 7 18
6 12 8 9
6 12 9 9
7 12 -9 9
7 12 -8 17
7 12 -7 9
7 12 -6 18
7 12 -5 18
7 12 -4 18
7 12 -3 18
7 12 -2 18
7 12 -1 18
7 12 0 18
7 12 1 18
7 12 2 18
7 12 3 18
7 12 4 18
7 12 5 18
7 12 6 18
7 12 7 9
7 12 8 17
7 12 9 9
8 12 -10 16
8 12 -9 9
8 12 -8 17
8 12 -7 17
8 12 -6 9
8 12 -5 9
8 12 -4 18
8 12 -3 18
8 12 -2 18
8 12 -1 18
8 12 0 18
8 12 1 18
8 12 2 18
8 12 3 18
8 12 4 18
8 12 5 9
8 12 6 16
8 12 7 17
8 12 8 17
8 12 9 9
8 12 10 9
9 12 -11 16
9 12 -10 9
9 12 -9 9
9 12 -8 9
9 12 -7 9
9 12 -6 9
9 12 -5 9
9 12 -4 16
9 12 -3 9
9 12 -2 18
9 12 -1 18
9 12 0 18
9 12 1 18
9 12 2 18
9 12 3 9
9 12 4 9
9 12 5 9
9 12 6 9
9 12 7 9
9 12 8 9
9 12 9 9
9 12 10 9
9 12 11 9
10 12 -12 9
10 12 -11 9
10 12 -10 9
10 12 -9 16
10 12 -8 9
10 12 -5 9
10 12 -4 9
10 12 -3 9
10 12 -2 16
10 12 -1 9
10 12 0 16
10 12 1 9
10 12 2 16
10 12 3 9
10 12 4 9
10 12 5 9
10 12 8 9
10 12 9 9
10 12 10 9
10 12 11 9
10 12 12 9
11 12 -13 9
11 12 -12 9
11 12 -11 9
11 12 -10 9
11 12 -9 9
11 12 -3 9
11 12 -2 9
11 12 -1 9
11 12 0 17
11 12 1 9
11 12 2 9
11 12 3 9
11 12 9 9
11 12 10 9
11 12 11 9
11 12 12 9
11 12 13 9
12 12 -14 9
12 12 -13 16
12 12 -12 9
12 12 -11 9
12 12 -10 9
12 12 -1 9
12 12 0 9
12 12 1 16
12 12 10 9
12 12 11 16
12 12 12 9
12 12 13 9
12 12 14 9
13 12 -15 16
13 12 -14 9
13 12 -13 16
13 12 -12 9
13 12 -11 9
13 12 -1 9
13 12 0 9
13 12 1 9
13 12 11 16
13 12 12 9
13 12 13 9
13 12 14 16
13 12 15 16
14 12 -16 9
14 12 -15 9
14 12 -14 9
14 12 -13 9
14 12 -12 9
14 12 -1 9
14 12 0 16
14 12 1 16
14 12 12 9
14 12 13 16
14 12 14 9
14 12 15 9
14 12 16 9
15 12 -17 16
15 12 -16 9
15 12 -15 9
15 12 -14 9
15 12 -13 9
15 12 -1 9
15 12 0 9
15 12 1 9
15 12 13 9
15 12 14 9
15 12 15 9
15 12 16 9
15 12 17 16
16 12 -16 16
16 12 -15 9
16 12 -14 9
16 12 -1 9
16 12 0 9
16 12 1 16
16 12 14 9
16 12 15 9
16 12 16 16
17 12 -15 9
17 12 -1 9
17 12 0 9
17 12 1 9
17 12 15 9
18 12 -1 16
18 12 0 9
18 12 1 9
19 12 -1 9
19 12 0 9
19 12 1 9
20 12 -1 9
20 12 0 9
20 12 1 9
21 12 -1 9
21 12 0 9
21 12 1 9
22 12 -1 9
22 12 0 9
22 12 1 16
23 12 0 7
-22 13 -1 16
-22 13 0 9
-22 13 1 9
-21 13 -1 9
-21 13 0 9
-21 13 1 9
-20 13 -1 9
-20 13 0 9
-20 13 1 9
-19 13 -1 9
-19 13 0 9
-19 13 1 9
-18 13 -1 9
-18 13 0 9
-18 13 1 9
-17 13 -15 0
-17 13 -1 9
-17 13 0 9
-17 13 1 16
-17 13 15 0
-16 13 -16 9
-16 13 -15 9
-16 13 -14 9
-16 13 -1 9
-16 13 0 9
-16 13 1 9
-16 13 14 9
-16 13 15 9
-16 13 16 9
-15 13 -17 4
-15 13 -16 16
-15 13 -15 16
-15 13 -14 9
-15 13 -13 9
-15 13 -1 9
-15 13 0 9
-15 13 1 9
-15 13 13 9
-15 13 14 9
-15 13 15 16
-15 13 16 16
-15 13 17 5
-14 13 -16 16
-14 13 -15 9
-14 13 -14 9
-14 13 -13 9
-14 13 -12 9
-14 13 -1 9
-14 13 0 9
-14 13 1 16
-14 13 12 9
-14 13 13 9
-14 13 14 9
-14 13 15 9
-14 13 16 9
-13 13 -15 9
-13 13 -14 16
-13 13 -13 9
-13 13 -12 9
-13 13 -11 9
-13 13 -1 9
-13 13 0 9
-13 13 1 16
-13 13 11 9
-13 13 12 16
-13 13 13 9
-13 13 14 9
-13 13 15 9
-12 13 -14 9
-12 13 -13 16
-12 13 -12 9
-12 13 -11 9
-12 13 -10 16
-12 13 -1 9
-12 13 0 9
-12 13 1 9
-12 13 10 9
-12 13 11 9
-12 13 12 9
-12 13 13 9
-12 13 14 9
-11 13 -13 9
-11 13 -12 9
-11 13 -11 9
-11 13 -10 9
-11 13 -9 16
-11 13 -3 9
-11 13 -2 9
-11 13 -1 9
-11 13 0 17
-11 13 1 9
-11 13 2 9
-11 13 3 9
-11 13 9 9
-11 13 10 9
-11 13 11 9
-11 13 12 9
-11 13 13 9
-10 13 -12 9
-10 13 -11 9
-10 13 -10 9
-10 13 -9 9
-10 13 -8 16
-10 13 -5 9
-10 13 -4 16
-10 13 -3 16
-10 13 -2 9
-10 13 -1 9
-10 13 0 9
-10 13 1 9
-10 13 2 9
-10 13 3 9
-10 13 4 9
-10 13 5 9
-10 13 8 9
-10 13 9 9
-10 13 10 16
-10 13 11 16
-10 13 12 9
-9 13 -11 16
-9 13 -10 9
-9 13 -9 9
-9 13 -8 16
-9 13 -7 9
-9 13 -6 9
-9 13 -5 9
-9 13 -4 16
-9 13 -3 9
-9 13 -2 18
-9 13 -1 18
-9 13 0 18
-9 13 1 18
-9 13 2 18
-9 13 3 9
-9 13 4 9
-9 13 5 16
-9 13 6 9
-9 13 7 16
-9 13 8 16
-9 13 9 9
-9 13 10 16
-9 13 11 9
-8 13 -10 16
-8 13 -9 9
-8 13 -8 17
-8 13 -7 17
-8 13 -6 9
-8 13 -5 16
-8 13 -4 18
-8 13 -3 18
-8 13 -2 18
-8 13 -1 18
-8 13 0 18
-8 13 1 18
-8 13 2 18
-8 13 3 18
-8 13 4 18
-8 13 5 9
-8 13 6 9
-8 13 7 17
-8 13 8 17
-8 13 9 9
-8 13 10 9
-7 13 -9 9
-7 13 -8 17
-7 13 -7 16
-7 13 -6 18
-7 13 -5 18
-7 13 -4 18
-7 13 -3 18
-7 13 -2 18
-7 13 -1 18
-7 13 0 18
-7 13 1 18
-7 13 2 18
-7 13 3 18
-7 13 4 18
-7 13 5 18
-7 13 6 18
-7 13 7 16
-7 13 8 17
-7 13 9 9
-6 13 -9 9
-6 13 -8 16
-6 13 -7 18
-6 13 -6 18
-6 13 -5 18
-6 13 -4 18
-6 13 -3 18
-6 13 -2 18
-6 13 -1 18
-6 13 0 18
-6 13 1 18
-6 13 2 18
-6 13 3 18
-6 13 4 18
-6 13 5 18
-6 13 6 18
-6 13 7 18
-6 13 8 9
-6 13 9 16
-5 13 -10 9
-5 13 -9 9
-5 13 -8 9
-5 13 -7 18
-5 13 -6 18
-5 13 -5 18
-5 13 -4 18
-5 13 -3 18
-5 13 -2 18
-5 13 -1 18
-5 13 0 18
-5 13 1 18
-5 13 2 18
-5 13 3 18
-5 13 4 18
-5 13 5 18
-5 13 6 18
-5 13 7 18
-5 13 8 9
-5 13 9 9
-5 13 10 9
-4 13 -10 9
-4 13 -9 9
-4 13 -8 18
-4 13 -7 18
-4 13 -6 18
-4 13 -5 18
-4 13 -4 18
-4 13 -3 18
-4 13 -2 18
-4 13 -1 18
-4 13 0 18
-4 13 1 18
-4 13 2 18
-4 13 3 18
-4 13 4 18
-4 13 5 18
-4 13 6 18
-4 13 7 18
-4 13 8 18
-4 13 9 16
-4 13 10 9
-3 13 -11 16
-3 13 -10 9
-3 13 -9 9
-3 13 -8 18
-3 13 -7 18
-3 13 -6 18
-3 13 -5 18
-3 13 -4 18
-3 13 -3 18
-3 13 -2 18
-3 13 -1 18
-3 13 0 18
-3 13 1 18
-3 13 2 18
-3 13 3 18
-3 13 4 18
-3 13 5 18
-3 13 6 18
-3 13 7 18
-3 13 8 18
-3 13 9 9
-3 13 10 9
-3 13 11 9
-3 13 14 17
-2 13 -11 9
-2 13 -10 9
-2 13 -9 18
-2 13 -8 18
-2 13 -7 18
-2 13 -6 18
-2 13 -5 18
-2 13 -4 18
-2 13 -3 18
-2 13 -2 1
-2 13 -1 1
-2 13 0 18
-2 13 1 18
-2 13 2 18
-2 13 3 18
-2 13 4 18
-2 13 5 18
-2 13 6 18
-2 13 7 18
-2 13 8 18
-2 13 9 18
-2 13 10 9
-2 13 11 9
-2 13 14 9
-1 13 -22 9
-1 13 -21 9
-1 13 -20 9
-1 13 -19 16
-1 13 -18 16
-1 13 -17 9
-1 13 -16 9
-1 13 -15 16
-1 13 -14 9
-1 13 -13 9
-1 13 -12 9
-1 13 -11 9
-1 13 -10 9
-1 13 -9 18
-1 13 -8 18
-1 13 -7 18
-1 13 -6 18
-1 13 -5 18
-1 13 -4 18
-1 13 -3 18
-1 13 -2 1
-1 13 -1 1
-1 13 0 18
-1 13 1 18
-1 13 2 18
-1 13 3 18
-1 13 4 18
-1 13 5 18
-1 13 6 18
-1 13 7 18
-1 13 8 18
-1 13 9 18
-1 13 10 9
-1 13 11 9
-1 13 14 9
0 13 -22 9
0 13 -21 9
0 13 -20 9
0 13 -19 9
0 13 -18 9
0 13 -17 9
0 13 -16 9
0 13 -15 9
0 13 -14 9
0 13 -13 9
0 13 -12 16
0 13 -11 17
0 13 -10 9
0 13 -9 18
0 13 -8 18
0 13 -7 18
0 13 -6 18
0 13 -5 18
0 13 -4 18
0 13 -3 18
0 13 -2 7
0 13 -1 7
0 13 0 17
0 13 1 18
0 13 2 18
0 13 3 18
0 13 4 18
0 13 5 18
0 13 6 18
0 13 7 18
0 13 8 18
0 13 9 18
0 13 10 9
0 13 11 17
0 13 14 16
1 13 -22 9
1 13 -21 16
1 13 -20 9
1 13 -19 9
1 13 -18 9
1 13 -17 16
1 13 -16 9
1 13 -15 16
1 13 -14 9
1 13 -13 9
1 13 -12 9
1 13 -11 9
1 13 -10 9
1 13 -9 18
1 13 -8 18
1 13 -7 18
1 13 -6 18
1 13 -5 18
1 13 -4 18
1 13 -3 18
1 13 -2 18
1 13 -1 18
1 13 0 18
1 13 1 18
1 13 2 18
1 13 3 18
1 13 4 18
1 13 5 18
1 13 6 18
1 13 7 18
1 13 8 18
1 13 9 18
1 13 10 9
1 13 11 9
1 13 14 16
2 13 -11 9
2 13 -10 9
2 13 -9 18
2 13 -8 18
2 13 -7 18
2 13 -6 18
2 13 -5 18
2 13 -4 18
2 13 -3 18
2 13 -2 18
2 13 -1 18
2 13 0 18
2 13 1 18
2 13 2 18
2 13 3 18
2 13 4 18
2 13 5 18
2 13 6 18
2 13 7 18
2 13 8 18
2 13 9 18
2 13 10 9
2 13 11 9
2 13 14 9
3 13 -11 9
3 13 -10 9
3 13 -9 9
3 13 -8 18
3 13 -7 18
3 13 -6 18
3 13 -5 18
3 13 -4 18
3 13 -3 18
3 13 -2 18
3 13 -1 18
3 13 0 18
3 13 1 18
3 13 2 18
3 13 3 18
3 13 4 18
3 13 5 18
3 13 6 18
3 13 7 18
3 13 8 18
3 13 9 9
3 13 10 9
3 13 11 16
3 13 14 17
4 13 -10 9
4 13 -9 9
4 13 -8 18
4 13 -7 18
4 13 -6 18
4 13 -5 18
4 13 -4 18
4 13 -3 18
4 13 -2 18
4 13 -1 18
4 13 0 18
4 13 1 18
4 13 2 18
4 13 3 18
4 13 4 18
4 13 5 18
4 13 6 18
4 13 7 18
4 13 8 18
4 13 9 9
4 13 10 16
5 13 -10 9
5 13 -9 9
5 13 -8 9
5 13 -7 18
5 13 -6 18
5 13 -5 18
5 13 -4 18
5 13 -3 18
5 13 -2 18
5 13 -1 18
5 13 0 18
5 13 1 18
5 13 2 18
5 13 3 18
5 13 4 18
5 13 5 18
5 13 6 18
5 13 7 18
5 13 8 9
5 13 9 9
5 13 10 9
6 13 -9 9
6 13 -8 9
6 13 -7 18
6 13 -6 18
6 13 -5 18
6 13 -4 18
6 13 -3 18
6 13 -2 18
6 13 -1 18
6 13 0 18
6 13 1 18
6 13 2 18
6 13 3 18
6 13 4 18
6 13 5 18
6 13 6 18
6 13 7 18
6 13 8 16
6 13 9 9
7 13 -9 9
7 13 -8 17
7 13 -7 16
7 13 -6 18
7 13 -5 18
7 13 -4 18
7 13 -3 18
7 13 -2 18
7 13 -1 18
7 13 0 18
7 13 1 18
7 13 2 18
7 13 3 18
7 13 4 18
7 13 5 18
7 13 6 18
7 13 7 16
7 13 8 17
7 13 9 9
8 13 -10 9
8 13 -9 16
8 13 -8 17
8 13 -7 17
8 13 -6 9
8 13 -5 9
8 13 -4 18
8 13 -3 18
8 13 -2 18
8 13 -1 18
8 13 0 18
8 13 1 18
8 13 2 18
8 13 3 18
8 13 4 18
8 13 5 9
8 13 6 9
8 13 7 17
8 13 8 17
8 13 9 9
8 13 10 9
9 13 -11 9
9 13 -10 9
9 13 -9 9
9 13 -8 9
9 13 -7 16
9 13 -6 9
9 13 -5 16
9 13 -4 9
9 13 -3 9
9 13 -2 18
9 13 -1 18
9 13 0 18
9 13 1 18
9 13 2 18
9 13 3 9
9 13 4 9
9 13 5 9
9 13 6 16
9 13 7 9
9 13 8 9
9 13 9 9
9 13 10 9
9 13 11 16
10 13 -12 9
10 13 -11 9
10 13 -10 16
10 13 -9 9
10 13 -8 16
10 13 -5 9
10 13 -4 16
10 13 -3 16
10 13 -2 9
10 13 -1 16
10 13 0 9
10 13 1 16
10 13 2 9
10 13 3 9
10 13 4 16
10 13 5 9
10 13 8 9
10 13 9 9
10 13 10 9
10 13 11 16
10 13 12 9
11 13 -13 9
11 13 -12 9
11 13 -11 9
11 13 -10 9
11 13 -9 9
11 13 -3 9
11 13 -2 16
11 13 -1 9
11 13 0 17
11 13 1 9
11 13 2 9
11 13 3 9
11 13 9 16
11 13 10 9
11 13 11 9
11 13 12 9
11 13 13 9
12 13 -14 9
12 13 -13 9
12 13 -12 9
12 13 -11 16
12 13 -10 9
12 13 -1 9
12 13 0 16
12 13 1 9
12 13 10 9
12 13 11 9
12 13 12 9
12 13 13 9
12 13 14 16
13 13 -15 9
13 13 -14 9
13 13 -13 9
13 13 -12 16
13 13 -11 9
13 13 -1 16
13 13 0 9
13 13 1 9
13 13 11 9
13 13 12 9
13 13 13 9
13 13 14 9
13 13 15 9
14 13 -16 9
14 13 -15 16
14 13 -14 9
14 13 -13 9
14 13 -12 16
14 13 -1 9
14 13 0 9
14 13 1 16
14 13 12 16
14 13 13 9
14 13 14 9
14 13 15 9
14 13 16 9
15 13 -17 4
15 13 -16 9
15 13 -15 16
15 13 -14 9
15 13 -13 9
15 13 -1 9
15 13 0 9
15 13 1 9
15 13 13 9
15 13 14 9
15 13 15 16
15 13 16 16
15 13 17 5
16 13 -16 9
16 13 -15 9
16 13 -14 9
16 13 -1 9
16 13 0 9
16 13 1 9
16 13 14 9
16 13 15 9
16 13 16 9
17 13 -15 7
17 13 -1 16
17 13 0 9
17 13 1 9
17 13 15 7
18 13 -1 9
18 13 0 9
18 13 1 9
19 13 -1 9
19 13 0 9
19 13 1 9
20 13 -1 9
20 13 0 16
20 13 1 9
21 13 -1 9
21 13 0 9
21 13 1 9
22 13 -1 9
22 13 0 9
22 13 1 9
-22 14 -1 16
-22 14 0 9
-22 14 1 9
-21 14 -1 9
-21 14 0 9
-21 14 1 16
-20 14 -1 9
-20 14 0 9
-20 14 1 9
-19 14 -1 9
-19 14 0 9
-19 14 1 9
-18 14 -1 9
-18 14 0 9
-18 14 1 9
-17 14 -1 16
-17 14 0 9
-17 14 1 9
-16 14 -16 9
-16 14 -15 9
-16 14 -14 9
-16 14 -1 16
-16 14 0 16
-16 14 1 9
-16 14 14 9
-16 14 15 9
-16 14 16 9
-15 14 -16 9
-15 14 -15 9
-15 14 -14 9
-15 14 -13 16
-15 14 -1 9
-15 14 0 16
-15 14 1 9
-15 14 13 16
-15 14 14 9
-15 14 15 9
-15 14 16 9
-14 14 -16 16
-14 14 -15 16
-14 14 -14 9
-14 14 -13 9
-14 14 -12 9
-14 14 -1 9
-14 14 0 16
-14 14 1 16
-14 14 12 9
-14 14 13 9
-14 14 14 9
-14 14 15 9
-14 14 16 9
-13 14 -15 16
-13 14 -14 9
-13 14 -13 9
-13 14 -12 9
-13 14 -11 16
-13 14 -1 9
-13 14 0 9
-13 14 1 16
-13 14 11 9
-13 14 12 9
-13 14 13 9
-13 14 14 9
-13 14 15 9
-12 14 -14 16
-12 14 -13 9
-12 14 -12 9
-12 14 -11 16
-12 14 -10 9
-12 14 -1 9
-12 14 0 9
-12 14 1 9
-12 14 10 16
-12 14 11 9
-12 14 12 16
-12 14 13 9
-12 14 14 9
-11 14 -13 16
-11 14 -12 16
-11 14 -11 9
-11 14 -10 9
-11 14 -9 9
-11 14 -3 9
-11 14 -2 16
-11 14 -1 9
-11 14 0 17
-11 14 1 9
-11 14 2 9
-11 14 3 16
-11 14 9 9
-11 14 10 9
-11 14 11 9
-11 14 12 9
-11 14 13 9
-10 14 -12 9
-10 14 -11 9
-10 14 -10 9
-10 14 -9 16
-10 14 -8 9
-10 14 -5 9
-10 14 -4 9
-10 14 -3 9
-10 14 -2 9
-10 14 -1 9
-10 14 0 9
-10 14 1 9
-10 14 2 9
-10 14 3 9
-10 14 4 9
-10 14 5 16
-10 14 8 16
-10 14 9 9
-10 14 10 9
-10 14 11 9
-10 14 12 9
-9 14 -11 9
-9 14 -10 9
-9 14 -9 9
-9 14 -8 16
-9 14 -7 9
-9 14 -6 9
-9 14 -5 9
-9 14 -4 9
-9 14 -3 9
-9 14 -2 18
-9 14 -1 18
-9 14 0 18
-9 14 1 18
-9 14 2 18
-9 14 3 9
-9 14 4 9
-9 14 5 9
-9 14 6 16
-9 14 7 9
-9 14 8 9
-9 14 9 16
-9 14 10 16
-9 14 11 9
-8 14 -10 9
-8 14 -9 9
-8 14 -8 17
-8 14 -7 17
-8 14 -6 16
-8 14 -5 9
-8 14 -4 18
-8 14 -3 18
-8 14 -2 18
-8 14 -1 18
-8 14 0 18
-8 14 1 18
-8 14 2 18
-8 14 3 18
-8 14 4 18
-8 14 5 16
-8 14 6 9
-8 14 7 17
-8 14 8 17
-8 14 9 9
-8 14 10 9
-7 14 -9 9
-7 14 -8 17
-7 14 -7 9
-7 14 -6 18
-7 14 -5 18
-7 14 -4 18
-7 14 -3 18
-7 14 -2 18
-7 14 -1 18
-7 14 0 18
-7 14 1 18
-7 14 2 18
-7 14 3 18
-7 14 4 18
-7 14 5 18
-7 14 6 18
-7 14 7 16
-7 14 8 17
-7 14 9 9
-6 14 -9 9
-6 14 -8 9
-6 14 -7 18
-6 14 -6 18
-6 14 -5 18
-6 14 -4 18
-6 14 -3 18
-6 14 -2 18
-6 14 -1 18
-6 14 0 18
-6 14 1 18
-6 14 2 18
-6 14 3 18
-6 14 4 18
-6 14 5 18
-6 14 6 18
-6 14 7 18
-6 14 8 9
-6 14 9 9
-5 14 -10 9
-5 14 -9 9
-5 14 -8 9
-5 14 -7 18
-5 14 -6 18
-5 14 -5 18
-5 14 -4 18
-5 14 -3 18
-5 14 -2 18
-5 14 -1 18
-5 14 0 18
-5 14 1 18
-5 14 2 18
-5 14 3 18
-5 14 4 18
-5 14 5 18
-5 14 6 18
-5 14 7 18
-5 14 8 9
-5 14 9 16
-5 14 10 9
-4 14 -10 9
-4 14 -9 9
-4 14 -8 18
-4 14 -7 18
-4 14 -6 18
-4 14 -5 18
-4 14 -4 18
-4 14 -3 18
-4 14 -2 18
-4 14 -1 18
-4 14 0 18
-4 14 1 18
-4 14 2 18
-4 14 3 18
-4 14 4 18
-4 14 5 18
-4 14 6 18
-4 14 7 18
-4 14 8 18
-4 14 9 9
-4 14 10 16
-3 14 -11 9
-3 14 -10 9
-3 14 -9 9
-3 14 -8 18
-3 14 -7 18
-3 14 -6 18
-3 14 -5 18
-3 14 -4 18
-3 14 -3 18
-3 14 -2 18
-3 14 -1 18
-3 14 0 18
-3 14 1 18
-3 14 2 18
-3 14 3 18
-3 14 4 18
-3 14 5 18
-3 14 6 18
-3 14 7 18
-3 14 8 18
-3 14 9 9
-3 14 10 9
-3 14 11 9
-3 14 14 27
-2 14 -11 9
-2 14 -10 9
-2 14 -9 18
-2 14 -8 18
-2 14 -7 18
-2 14 -6 18
-2 14 -5 18
-2 14 -4 18
-2 14 -3 18
-2 14 -2 18
-2 14 -1 18
-2 14 0 4
-2 14 1 1
-2 14 2 1
-2 14 3 18
-2 14 4 18
-2 14 5 18
-2 14 6 18
-2 14 7 18
-2 14 8 18
-2 14 9 18
-2 14 10 9
-2 14 11 16
-2 14 14 5
-1 14 -22 9
-1 14 -21 9
-1 14 -20 9
-1 14 -19 9
-1 14 -18 9
-1 14 -17 9
-1 14 -16 9
-1 14 -15 9
-1 14 -14 9
-1 14 -13 9
-1 14 -12 9
-1 14 -11 16
-1 14 -10 9
-1 14 -9 18
-1 14 -8 18
-1 14 -7 18
-1 14 -6 18
-1 14 -5 18
-1 14 -4 18
-1 14 -3 18
-1 14 -2 18
-1 14 -1 18
-1 14 0 4
-1 14 1 1
-1 14 2 1
-1 14 3 18
-1 14 4 18
-1 14 5 18
-1 14 6 18
-1 14 7 18
-1 14 8 18
-1 14 9 18
-1 14 10 9
-1 14 11 16
-1 14 14 5
0 14 -22 9
0 14 -21 9
0 14 -20 9
0 14 -19 9
0 14 -18 9
0 14 -17 9
0 14 -16 9
0 14 -15 9
0 14 -14 9
0 14 -13 9
0 14 -12 9
0 14 -11 17
0 14 -10 16
0 14 -9 18
0 14 -8 18
0 14 -7 18
0 14 -6 18
0 14 -5 18
0 14 -4 18
0 14 -3 18
0 14 -2 18
0 14 -1 18
0 14 0 17
0 14 1 18
0 14 2 18
0 14 3 18
0 14 4 18
0 14 5 18
0 14 6 18
0 14 7 18
0 14 8 18
0 14 9 18
0 14 10 9
0 14 11 17
0 14 14 5
1 14 -22 9
1 14 -21 9
1 14 -20 9
1 14 -19 9
1 14 -18 9
1 14 -17 9
1 14 -16 9
1 14 -15 9
1 14 -14 16
1 14 -13 9
1 14 -12 9
1 14 -11 16
1 14 -10 9
1 14 -9 18
1 14 -8 18
1 14 -7 18
1 14 -6 18
1 14 -5 18
1 14 -4 18
1 14 -3 18
1 14 -2 18
1 14 -1 18
1 14 0 18
1 14 1 18
1 14 2 18
1 14 3 18
1 14 4 18
1 14 5 18
1 14 6 18
1 14 7 18
1 14 8 18
1 14 9 18
1 14 10 9
1 14 11 16
1 14 14 5
2 14 -11 9
2 14 -10 9
2 14 -9 18
2 14 -8 18
2 14 -7 18
2 14 -6 18
2 14 -5 18
2 14 -4 18
2 14 -3 18
2 14 -2 18
2 14 -1 18
2 14 0 18
2 14 1 18
2 14 2 18
2 14 3 18
2 14 4 18
2 14 5 18
2 14 6 18
2 14 7 18
2 14 8 18
2 14 9 18
2 14 10 9
2 14 11 16
2 14 14 5
3 14 -11 9
3 14 -10 9
3 14 -9 9
3 14 -8 18
3 14 -7 18
3 14 -6 18
3 14 -5 18
3 14 -4 18
3 14 -3 18
3 14 -2 18
3 14 -1 18
3 14 0 18
3 14 1 18
3 14 2 18
3 14 3 18
3 14 4 18
3 14 5 18
3 14 6 18
3 14 7 18
3 14 8 18
3 14 9 9
3 14 10 16
3 14 11 9
3 14 14 27
4 14 -10 9
4 14 -9 9
4 14 -8 18
4 14 -7 18
4 14 -6 18
4 14 -5 18
4 14 -4 18
4 14 -3 18
4 14 -2 18
4 14 -1 18
4 14 0 18
4 14 1 18
4 14 2 18
4 14 3 18
4 14 4 18
4 14 5 18
4 14 6 18
4 14 7 18
4 14 8 18
4 14 9 9
4 14 10 9
5 14 -10 9
5 14 -9 16
5 14 -8 9
5 14 -7 18
5 14 -6 18
5 14 -5 18
5 14 -4 18
5 14 -3 18
5 14 -2 18
5 14 -1 18
5 14 0 18
5 14 1 18
5 14 2 18
5 14 3 18
5 14 4 18
5 14 5 18
5 14 6 18
5 14 7 18
5 14 8 9
5 14 9 9
5 14 10 16
6 14 -9 9
6 14 -8 9
6 14 -7 18
6 14 -6 18
6 14 -5 18
6 14 -4 18
6 14 -3 18
6 14 -2 18
6 14 -1 18
6 14 0 18
6 14 1 18
6 14 2 18
6 14 3 18
6 14 4 18
6 14 5 18
6 14 6 18
6 14 7 18
6 14 8 9
6 14 9 9
7 14 -9 9
7 14 -8 17
7 14 -7 16
7 14 -6 18
7 14 -5 18
7 14 -4 18
7 14 -3 18
7 14 -2 18
7 14 -1 18
7 14 0 18
7 14 1 18
7 14 2 18
7 14 3 18
7 14 4 18
7 14 5 18
7 14 6 18
7 14 7 9
7 14 8 17
7 14 9 9
8 14 -10 9
8 14 -9 9
8 14 -8 17
8 14 -7 17
8 14 -6 9
8 14 -5 9
8 14 -4 18
8 14 -3 18
8 14 -2 18
8 14 -1 18
8 14 0 18
8 14 1 18
8 14 2 18
8 14 3 18
8 14 4 18
8 14 5 9
8 14 6 9
8 14 7 17
8 14 8 17
8 14 9 9
8 14 10 9
9 14 -11 9
9 14 -10 9
9 14 -9 16
9 14 -8 9
9 14 -7 9
9 14 -6 9
9 14 -5 9
9 14 -4 9
9 14 -3 9
9 14 -2 18
9 14 -1 18
9 14 0 18
9 14 1 18
9 14 2 18
9 14 3 9
9 14 4 16
9 14 5 9
9 14 6 9
9 14 7 9
9 14 8 9
9 14 9 9
9 14 10 9
9 14 11 9
10 14 -12 16
10 14 -11 9
10 14 -10 9
10 14 -9 9
10 14 -8 9
10 14 -5 9
10 14 -4 9
10 14 -3 16
10 14 -2 9
10 14 -1 9
10 14 0 16
10 14 1 9
10 14 2 9
10 14 3 16
10 14 4 9
10 14 5 9
10 14 8 9
10 14 9 9
10 14 10 9
10 14 11 9
10 14 12 9
11 14 -13 9
11 14 -12 9
11 14 -11 9
11 14 -10 16
11 14 -9 9
11 14 -3 16
11 14 -2 9
11 14 -1 9
11 14 0 17
11 14 1 9
11 14 2 9
11 14 3 9
11 14 9 9
11 14 10 9
11 14 11 9
11 14 12 9
11 14 13 16
12 14 -14 9
12 14 -13 16
12 14 -12 16
12 14 -11 9
12 14 -10 16
12 14 -1 9
12 14 0 16
12 14 1 9
12 14 10 9
12 14 11 9
12 14 12 9
12 14 13 9
12 14 14 9
13 14 -15 9
13 14 -14 16
13 14 -13 9
13 14 -12 9
13 14 -11 9
13 14 -1 16
13 14 0 9
13 14 1 9
13 14 11 16
13 14 12 16
13 14 13 9
13 14 14 9
13 14 15 16
14 14 -16 9
14 14 -15 16
14 14 -14 9
14 14 -13 9
14 14 -12 9
14 14 -1 9
14 14 0 9
14 14 1 9
14 14 12 9
14 14 13 9
14 14 14 9
14 14 15 9
14 14 16 16
15 14 -16 16
15 14 -15 9
15 14 -14 9
15 14 -13 16
15 14 -1 9
15 14 0 9
15 14 1 9
15 14 13 16
15 14 14 16
15 14 15 9
15 14 16 9
16 14 -16 9
16 14 -15 9
16 14 -14 9
16 14 -1 9
16 14 0 9
16 14 1 9
16 14 14 9
16 14 15 9
16 14 16 9
17 14 -1 9
17 14 0 9
17 14 1 16
18 14 -1 9
18 14 0 16
18 14 1 16
19 14 -1 9
19 14 0 9
19 14 1 9
20 14 -1 9
20 14 0 9
20 14 1 9
21 14 -1 16
21 14 0 9
21 14 1 9
22 14 -1 16
22 14 0 9
22 14 1 9
-22 15 -1 9
-22 15 0 16
-22 15 1 9
-21 15 -1 9
-21 15 0 9
-21 15 1 16
-20 15 -1 9
-20 15 0 9
-20 15 1 9
-19 15 -1 9
-19 15 0 9
-19 15 1 9
-18 15 -1 9
-18 15 0 9
-18 15 1 9
-17 15 -1 9
-17 15 0 9
-17 15 1 9
-16 15 -16 9
-16 15 -15 0
-16 15 -14 9
-16 15 -1 9
-16 15 0 9
-16 15 1 9
-16 15 14 16
-16 15 15 0
-16 15 16 9
-15 15 -16 4
-15 15 -15 9
-15 15 -14 9
-15 15 -13 9
-15 15 -1 9
-15 15 0 9
-15 15 1 9
-15 15 13 9
-15 15 14 16
-15 15 15 16
-15 15 16 5
-14 15 -16 9
-14 15 -15 9
-14 15 -14 9
-14 15 -13 9
-14 15 -12 9
-14 15 -1 9
-14 15 0 9
-14 15 1 9
-14 15 12 9
-14 15 13 9
-14 15 14 9
-14 15 15 9
-14 15 16 9
-13 15 -15 9
-13 15 -14 9
-13 15 -13 9
-13 15 -12 9
-13 15 -11 9
-13 15 -1 9
-13 15 0 9
-13 15 1 9
-13 15 11 9
-13 15 12 9
-13 15 13 9
-13 15 14 9
-13 15 15 9
-12 15 -14 9
-12 15 -13 9
-12 15 -12 9
-12 15 -11 9
-12 15 -10 9
-12 15 -1 9
-12 15 0 16
-12 15 1 16
-12 15 10 9
-12 15 11 9
-12 15 12 9
-12 15 13 16
-12 15 14 9
-11 15 -13 9
-11 15 -12 16
-11 15 -11 9
-11 15 -10 9
-11 15 -9 9
-11 15 -3 9
-11 15 -2 9
-11 15 -1 9
-11 15 0 17
-11 15 1 9
-11 15 2 16
-11 15 3 9
-11 15 9 16
-11 15 10 9
-11 15 11 16
-11 15 12 9
-11 15 13 16
-10 15 -12 9
-10 15 -11 9
-10 15 -10 9
-10 15 -9 16
-10 15 -8 9
-10 15 -5 9
-10 15 -4 16
-10 15 -3 9
-10 15 -2 9
-10 15 -1 9
-10 15 0 9
-10 15 1 9
-10 15 2 9
-10 15 3 9
-10 15 4 9
-10 15 5 9
-10 15 8 9
-10 15 9 16
-10 15 10 9
-10 15 11 9
-10 15 12 9
-9 15 -11 9
-9 15 -10 9
-9 15 -9 9
-9 15 -8 9
-9 15 -7 9
-9 15 -6 9
-9 15 -5 9
-9 15 -4 9
-9 15 -3 16
-9 15 -2 18
-9 15 -1 18
-9 15 0 18
-9 15 1 18
-9 15 2 18
-9 15 3 9
-9 15 4 9
-9 15 5 9
-9 15 6 9
-9 15 7 16
-9 15 8 16
-9 15 9 9
-9 15 10 9
-9 15 11 9
-8 15 -10 9
-8 15 -9 9
-8 15 -8 17
-8 15 -7 17
-8 15 -6 16
-8 15 -5 9
-8 15 -4 18
-8 15 -3 18
-8 15 -2 18
-8 15 -1 18
-8 15 0 18
-8 15 1 18
-8 15 2 18
-8 15 3 18
-8 15 4 18
-8 15 5 9
-8 15 6 9
-8 15 7 17
-8 15 8 17
-8 15 9 9
-8 15 10 9
-7 15 -9 9
-7 15 -8 17
-7 15 -7 9
-7 15 -6 18
-7 15 -5 18
-7 15 -4 18
-7 15 -3 18
-7 15 -2 18
-7 15 -1 18
-7 15 0 18
-7 15 1 18
-7 15 2 18
-7 15 3 18
-7 15 4 18
-7 15 5 18
-7 15 6 18
-7 15 7 9
-7 15 8 17
-7 15 9 9
-6 15 -9 9
-6 15 -8 9
-6 15 -7 18
-6 15 -6 18
-6 15 -5 18
-6 15 -4 18
-6 15 -3 18
-6 15 -2 18
-6 15 -1 18
-6 15 0 18
-6 15 1 18
-6 15 2 18
-6 15 3 18
-6 15 4 18
-6 15 5 18
-6 15 6 18
-6 15 7 18
-6 15 8 9
-6 15 9 9
-5 15 -10 9
-5 15 -9 9
-5 15 -8 16
-5 15 -7 18
-5 15 -6 18
-5 15 -5 18
-5 15 -4 18
-5 15 -3 18
-5 15 -2 18
-5 15 -1 18
-5 15 0 18
-5 15 1 18
-5 15 2 18
-5 15 3 18
-5 15 4 18
-5 15 5 18
-5 15 6 18
-5 15 7 18
-5 15 8 9
-5 15 9 9
-5 15 10 9
-4 15 -10 9
-4 15 -9 16
-4 15 -8 18
-4 15 -7 18
-4 15 -6 18
-4 15 -5 18
-4 15 -4 18
-4 15 -3 18
-4 15 -2 18
-4 15 -1 18
-4 15 0 18
-4 15 1 18
-4 15 2 18
-4 15 3 18
-4 15 4 18
-4 15 5 18
-4 15 6 18
-4 15 7 18
-4 15 8 18
-4 15 9 9
-4 15 10 9
-3 15 -11 9
-3 15 -10 9
-3 15 -9 9
-3 15 -8 18
-3 15 -7 18
-3 15 -6 18
-3 15 -5 18
-3 15 -4 18
-3 15 -3 18
-3 15 -2 18
-3 15 -1 18
-3 15 0 18
-3 15 1 18
-3 15 2 18
-3 15 3 18
-3 15 4 18
-3 15 5 18
-3 15 6 18
-3 15 7 18
-3 15 8 18
-3 15 9 9
-3 15 10 9
-3 15 11 9
-2 15 -11 9
-2 15 -10 9
-2 15 -9 18
-2 15 -8 18
-2 15 -7 18
-2 15 -6 18
-2 15 -5 18
-2 15 -4 18
-2 15 -3 18
-2 15 -2 18
-2 15 -1 18
-2 15 0 18
-2 15 1 18
-2 15 2 18
-2 15 3 18
-2 15 4 18
-2 15 5 18
-2 15 6 18
-2 15 7 18
-2 15 8 18
-2 15 9 18
-2 15 10 9
-2 15 11 16
-1 15 -22 9
-1 15 -21 9
-1 15 -20 9
-1 15 -19 9
-1 15 -18 9
-1 15 -17 16
-1 15 -16 16
-1 15 -15 9
-1 15 -14 9
-1 15 -13 9
-1 15 -12 9
-1 15 -11 9
-1 15 -10 9
-1 15 -9 18
-1 15 -8 18
-1 15 -7 18
-1 15 -6 18
-1 15 -5 18
-1 15 -4 18
-1 15 -3 18
-1 15 -2 18
-1 15 -1 18
-1 15 0 18
-1 15 1 18
-1 15 2 18
-1 15 3 18
-1 15 4 18
-1 15 5 18
-1 15 6 18
-1 15 7 18
-1 15 8 18
-1 15 9 18
-1 15 10 9
-1 15 11 9
0 15 -22 16
0 15 -21 16
0 15 -20 9
0 15 -19 9
0 15 -18 9
0 15 -17 9
0 15 -16 16
0 15 -15 9
0 15 -14 9
0 15 -13 9
0 15 -12 16
0 15 -11 17
0 15 -10 9
0 15 -9 18
0 15 -8 18
0 15 -7 18
0 15 -6 18
0 15 -5 18
0 15 -4 18
0 15 -3 18
0 15 -2 18
0 15 -1 18
0 15 0 17
0 15 1 0
0 15 2 0
0 15 3 18
0 15 4 18
0 15 5 18
0 15 6 18
0 15 7 18
0 15 8 18
0 15 9 18
0 15 10 9
0 15 11 17
1 15 -22 9
1 15 -21 9
1 15 -20 16
1 15 -19 9
1 15 -18 16
1 15 -17 16
1 15 -16 9
1 15 -15 9
1 15 -14 9
1 15 -13 9
1 15 -12 9
1 15 -11 9
1 15 -10 9
1 15 -9 18
1 15 -8 18
1 15 -7 18
1 15 -6 18
1 15 -5 18
1 15 -4 18
1 15 -3 18
1 15 -2 18
1 15 -1 18
1 15 0 18
1 15 1 1
1 15 2 1
1 15 3 18
1 15 4 18
1 15 5 18
1 15 6 18
1 15 7 18
1 15 8 18
1 15 9 18
1 15 10 9
1 15 11 9
2 15 -11 9
2 15 -10 9
2 15 -9 18
2 15 -8 18
2 15 -7 18
2 15 -6 18
2 15 -5 18
2 15 -4 18
2 15 -3 18
2 15 -2 18
2 15 -1 18
2 15 0 18
2 15 1 1
2 15 2 1
2 15 3 18
2 15 4 18
2 15 5 18
2 15 6 18
2 15 7 18
2 15 8 18
2 15 9 18
2 15 10 9
2 15 11 16
3 15 -11 9
3 15 -10 9
3 15 -9 9
3 15 -8 18
3 15 -7 18
3 15 -6 18
3 15 -5 18
3 15 -4 18
3 15 -3 18
3 15 -2 18
3 15 -1 18
3 15 0 18
3 15 1 18
3 15 2 18
3 15 3 18
3 15 4 18
3 15 5 18
3 15 6 18
3 15 7 18
3 15 8 18
3 15 9 9
3 15 10 9
3 15 11 9
4 15 -10 16
4 15 -9 9
4 15 -8 18
4 15 -7 18
4 15 -6 18
4 15 -5 18
4 15 -4 18
4 15 -3 18
4 15 -2 18
4 15 -1 18
4 15 0 18
4 15 1 18
4 15 2 18
4 15 3 18
4 15 4 18
4 15 5 18
4 15 6 18
4 15 7 18
4 15 8 18
4 15 9 9
4 15 10 9
5 15 -10 9
5 15 -9 9
5 15 -8 16
5 15 -7 18
5 15 -6 18
5 15 -5 18
5 15 -4 18
5 15 -3 18
5 15 -2 18
5 15 -1 18
5 15 0 18
5 15 1 18
5 15 2 18
5 15 3 18
5 15 4 18
5 15 5 18
5 15 6 18
5 15 7 18
5 15 8 9
5 15 9 9
5 15 10 16
6 15 -9 16
6 15 -8 9
6 15 -7 18
6 15 -6 18
6 15 -5 18
6 15 -4 18
6 15 -3 18
6 15 -2 18
6 15 -1 18
6 15 0 18
6 15 1 18
6 15 2 18
6 15 3 18
6 15 4 18
6 15 5 18
6 15 6 18
6 15 7 18
6 15 8 16
6 15 9 9
7 15 -9 9
7 15 -8 17
7 15 -7 9
7 15 -6 18
7 15 -5 18
7 15 -4 18
7 15 -3 18
7 15 -2 18
7 15 -1 18
7 15 0 18
7 15 1 18
7 15 2 18
7 15 3 18
7 15 4 18
7 15 5 18
7 15 6 18
7 15 7 9
7 15 8 17
7 15 9 9
8 15 -10 16
8 15 -9 9
8 15 -8 17
8 15 -7 17
8 15 -6 9
8 15 -5 16
8 15 -4 18
8 15 -3 18
8 15 -2 18
8 15 -1 18
8 15 0 18
8 15 1 18
8 15 2 18
8 15 3 18
8 15 4 18
8 15 5 9
8 15 6 9
8 15 7 17
8 15 8 17
8 15 9 9
8 15 10 9
9 15 -11 9
9 15 -10 16
9 15 -9 9
9 15 -8 9
9 15 -7 16
9 15 -6 16
9 15 -5 9
9 15 -4 16
9 15 -3 9
9 15 -2 18
9 15 -1 18
9 15 0 18
9 15 1 18
9 15 2 18
9 15 3 16
9 15 4 9
9 15 5 9
9 15 6 9
9 15 7 9
9 15 8 9
9 15 9 9
9 15 10 16
9 15 11 9
10 15 -12 9
10 15 -11 16
10 15 -10 9
10 15 -9 9
10 15 -8 9
10 15 -5 16
10 15 -4 9
10 15 -3 16
10 15 -2 9
10 15 -1 9
10 15 0 16
10 15 1 16
10 15 2 9
10 15 3 16
10 15 4 16
10 15 5 9
10 15 8 9
10 15 9 9
10 15 10 9
10 15 11 16
10 15 12 16
11 15 -13 16
11 15 -12 16
11 15 -11 16
11 15 -10 16
11 15 -9 16
11 15 -3 9
11 15 -2 9
11 15 -1 9
11 15 0 17
11 15 1 9
11 15 2 16
11 15 3 9
11 15 9 9
11 15 10 9
11 15 11 9
11 15 12 16
11 15 13 9
12 15 -14 9
12 15 -13 9
12 15 -12 9
12 15 -11 16
12 15 -10 9
12 15 -1 9
12 15 0 9
12 15 1 16
12 15 10 16
12 15 11 16
12 15 12 9
12 15 13 9
12 15 14 16
13 15 -15 9
13 15 -14 9
13 15 -13 9
13 15 -12 16
13 15 -11 9
13 15 -1 9
13 15 0 9
13 15 1 9
13 15 11 9
13 15 12 9
13 15 13 9
13 15 14 16
13 15 15 9
14 15 -16 9
14 15 -15 9
14 15 -14 9
14 15 -13 16
14 15 -12 9
14 15 -1 9
14 15 0 9
14 15 1 16
14 15 12 9
14 15 13 16
14 15 14 9
14 15 15 16
14 15 16 9
15 15 -16 4
15 15 -15 16
15 15 -14 9
15 15 -13 9
15 15 -1 9
15 15 0 9
15 15 1 9
15 15 13 9
15 15 14 9
15 15 15 9
15 15 16 5
16 15 -16 9
16 15 -15 7
16 15 -14 9
16 15 -1 16
16 15 0 16
16 15 1 9
16 15 14 16
16 15 15 7
16 15 16 9
17 15 -1 9
17 15 0 9
17 15 1 9
18 15 -1 16
18 15 0 16
18 15 1 9
19 15 -1 9
19 15 0 9
19 15 1 9
20 15 -1 9
20 15 0 16
20 15 1 16
21 15 -1 16
21 15 0 9
21 15 1 9
22 15 -1 9
22 15 0 16
22 15 1 9
-22 16 -1 9
-22 16 0 16
-22 16 1 9
-21 16 -1 9
-21 16 0 9
-21 16 1 16
-20 16 -1 9
-20 16 0 9
-20 16 1 16
-19 16 -1 16
-19 16 0 9
-19 16 1 9
-18 16 -1 9
-18 16 0 9
-18 16 1 9
-17 16 -1 16
-17 16 0 9
-17 16 1 9
-16 16 -16 4
-16 16 -14 16
-16 16 -1 9
-16 16 0 9
-16 16 1 9
-16 16 14 16
-16 16 16 5
-15 16 -15 16
-15 16 -14 9
-15 16 -13 9
-15 16 -1 9
-15 16 0 9
-15 16 1 9
-15 16 13 9
-15 16 14 16
-15 16 15 9
-14 16 -16 9
-14 16 -15 16
-14 16 -14 9
-14 16 -13 9
-14 16 -12 9
-14 16 -1 9
-14 16 0 9
-14 16 1 9
-14 16 12 9
-14 16 13 16
-14 16 14 16
-14 16 15 9
-14 16 16 9
-13 16 -15 9
-13 16 -14 9
-13 16 -13 9
-13 16 -12 9
-13 16 -11 9
-13 16 -1 16
-13 16 0 9
-13 16 1 9
-13 16 11 16
-13 16 12 9
-13 16 13 16
-13 16 14 16
-13 16 15 16
-12 16 -14 9
-12 16 -13 9
-12 16 -12 9
-12 16 -11 9
-12 16 -10 9
-12 16 -1 9
-12 16 0 9
-12 16 1 9
-12 16 10 16
-12 16 11 16
-12 16 12 9
-12 16 13 9
-12 16 14 9
-11 16 -13 16
-11 16 -12 9
-11 16 -11 9
-11 16 -10 9
-11 16 -9 9
-11 16 -3 16
-11 16 -2 9
-11 16 -1 9
-11 16 0 17
-11 16 1 9
-11 16 2 9
-11 16 3 16
-11 16 9 9
-11 16 10 9
-11 16 11 9
-11 16 12 9
-11 16 13 9
-10 16 -12 9
-10 16 -11 9
-10 16 -10 9
-10 16 -9 16
-10 16 -8 16
-10 16 -5 9
-10 16 -4 9
-10 16 -3 9
-10 16 -2 9
-10 16 -1 9
-10 16 0 9
-10 16 1 9
-10 16 2 16
-10 16 3 9
-10 16 4 9
-10 16 5 9
-10 16 8 9
-10 16 9 9
-10 16 10 16
-10 16 11 16
-10 16 12 9
-9 16 -11 16
-9 16 -10 9
-9 16 -9 9
-9 16 -8 9
-9 16 -7 16
-9 16 -6 16
-9 16 -5 9
-9 16 -4 16
-9 16 -3 16
-9 16 -2 18
-9 16 -1 18
-9 16 0 18
-9 16 1 18
-9 16 2 18
-9 16 3 9
-9 16 4 9
-9 16 5 9
-9 16 6 9
-9 16 7 9
-9 16 8 9
-9 16 9 9
-9 16 10 16
-9 16 11 9
-8 16 -10 9
-8 16 -9 16
-8 16 -8 17
-8 16 -7 17
-8 16 -6 9
-8 16 -5 9
-8 16 -4 18
-8 16 -3 18
-8 16 -2 18
-8 16 -1 18
-8 16 0 18
-8 16 1 18
-8 16 2 18
-8 16 3 18
-8 16 4 18
-8 16 5 9
-8 16 6 9
-8 16 7 17
-8 16 8 17
-8 16 9 9
-8 16 10 9
-7 16 -9 9
-7 16 -8 17
-7 16 -7 9
-7 16 -6 18
-7 16 -5 18
-7 16 -4 18
-7 16 -3 18
-7 16 -2 18
-7 16 -1 18
-7 16 0 18
-7 16 1 18
-7 16 2 18
-7 16 3 18
-7 16 4 18
-7 16 5 18
-7 16 6 18
-7 16 7 9
-7 16 8 17
-7 16 9 16
-6 16 -9 9
-6 16 -8 9
-6 16 -7 18
-6 16 -6 18
-6 16 -5 18
-6 16 -4 18
-6 16 -3 18
-6 16 -2 18
-6 16 -1 18
-6 16 0 18
-6 16 1 18
-6 16 2 18
-6 16 3 18
-6 16 4 18
-6 16 5 18
-6 16 6 18
-6 16 7 18
-6 16 8 16
-6 16 9 16
-5 16 -10 9
-5 16 -9 9
-5 16 -8 9
-5 16 -7 18
-5 16 -6 18
-5 16 -5 18
-5 16 -4 18
-5 16 -3 18
-5 16 -2 18
-5 16 -1 18
-5 16 0 18
-5 16 1 18
-5 16 2 18
-5 16 3 18
-5 16 4 18
-5 16 5 18
-5 16 6 18
-5 16 7 18
-5 16 8 9
-5 16 9 9
-5 16 10 9
-4 16 -10 16
-4 16 -9 9
-4 16 -8 18
-4 16 -7 18
-4 16 -6 18
-4 16 -5 18
-4 16 -4 18
-4 16 -3 18
-4 16 -2 18
-4 16 -1 18
-4 16 0 18
-4 16 1 18
-4 16 2 18
-4 16 3 18
-4 16 4 18
-4 16 5 18
-4 16 6 18
-4 16 7 18
-4 16 8 18
-4 16 9 9
-4 16 10 9
-3 16 -11 9
-3 16 -10 9
-3 16 -9 9
-3 16 -8 18
-3 16 -7 18
-3 16 -6 18
-3 16 -5 18
-3 16 -4 18
-3 16 -3 18
-3 16 -2 18
-3 16 -1 18
-3 16 0 18
-3 16 1 18
-3 16 2 18
-3 16 3 18
-3 16 4 18
-3 16 5 18
-3 16 6 18
-3 16 7 18
-3 16 8 18
-3 16 9 9
-3 16 10 9
-3 16 11 9
-2 16 -11 9
-2 16 -10 16
-2 16 -9 18
-2 16 -8 18
-2 16 -7 18
-2 16 -6 18
-2 16 -5 18
-2 16 -4 18
-2 16 -3 18
-2 16 -2 18
-2 16 -1 18
-2 16 0 18
-2 16 1 18
-2 16 2 18
-2 16 3 18
-2 16 4 18
-2 16 5 18
-2 16 6 18
-2 16 7 18
-2 16 8 18
-2 16 9 18
-2 16 10 9
-2 16 11 9
-1 16 -22 9
-1 16 -21 16
-1 16 -20 9
-1 16 -19 9
-1 16 -18 9
-1 16 -17 9
-1 16 -16 9
-1 16 -15 16
-1 16 -14 9
-1 16 -13 9
-1 16 -12 9
-1 16 -11 9
-1 16 -10 9
-1 16 -9 18
-1 16 -8 18
-1 16 -7 18
-1 16 -6 18
-1 16 -5 18
-1 16 -4 18
-1 16 -3 18
-1 16 -2 18
-1 16 -1 18
-1 16 0 18
-1 16 1 18
-1 16 2 18
-1 16 3 18
-1 16 4 18
-1 16 5 18
-1 16 6 18
-1 16 7 18
-1 16 8 18
-1 16 9 18
-1 16 10 9
-1 16 11 16
0 16 -22 9
0 16 -21 9
0 16 -20 16
0 16 -19 16
0 16 -18 9
0 16 -17 9
0 16 -16 9
0 16 -15 16
0 16 -14 9
0 16 -13 16
0 16 -12 9
0 16 -11 17
0 16 -10 9
0 16 -9 18
0 16 -8 18
0 16 -7 18
0 16 -6 18
0 16 -5 18
0 16 -4 18
0 16 -3 18
0 16 -2 18
0 16 -1 18
0 16 0 17
0 16 1 18
0 16 2 18
0 16 3 18
0 16 4 18
0 16 5 18
0 16 6 18
0 16 7 18
0 16 8 18
0 16 9 18
0 16 10 16
0 16 11 17
1 16 -22 9
1 16 -21 9
1 16 -20 9
1 16 -19 9
1 16 -18 16
1 16 -17 9
1 16 -16 16
1 16 -15 9
1 16 -14 16
1 16 -13 16
1 16 -12 9
1 16 -11 16
1 16 -10 16
1 16 -9 18
1 16 -8 18
1 16 -7 18
1 16 -6 18
1 16 -5 18
1 16 -4 18
1 16 -3 18
1 16 -2 1
1 16 -1 1
1 16 0 5
1 16 1 18
1 16 2 18
1 16 3 18
1 16 4 18
1 16 5 18
1 16 6 18
1 16 7 18
1 16 8 18
1 16 9 18
1 16 10 16
1 16 11 9
2 16 -11 16
2 16 -10 9
2 16 -9 18
2 16 -8 18
2 16 -7 18
2 16 -6 18
2 16 -5 18
2 16 -4 18
2 16 -3 18
2 16 -2 1
2 16 -1 1
2 16 0 5
2 16 1 18
2 16 2 18
2 16 3 18
2 16 4 18
2 16 5 18
2 16 6 18
2 16 7 18
2 16 8 18
2 16 9 18
2 16 10 16
2 16 11 16
3 16 -11 9
3 16 -10 9
3 16 -9 9
3 16 -8 18
3 16 -7 18
3 16 -6 18
3 16 -5 18
3 16 -4 18
3 16 -3 18
3 16 -2 18
3 16 -1 18
3 16 0 18
3 16 1 18
3 16 2 18
3 16 3 18
3 16 4 18
3 16 5 18
3 16 6 18
3 16 7 18
3 16 8 18
3 16 9 9
3 16 10 16
3 16 11 9
4 16 -10 9
4 16 -9 9
4 16 -8 18
4 16 -7 18
4 16 -6 18
4 16 -5 18
4 16 -4 18
4 16 -3 18
4 16 -2 18
4 16 -1 18
4 16 0 18
4 16 1 18
4 16 2 18
4 16 3 18
4 16 4 18
4 16 5 18
4 16 6 18
4 16 7 18
4 16 8 18
4 16 9 9
4 16 10 9
5 16 -10 9
5 16 -9 9
5 16 -8 9
5 16 -7 18
5 16 -6 18
5 16 -5 18
5 16 -4 18
5 16 -3 18
5 16 -2 18
5 16 -1 18
5 16 0 18
5 16 1 18
5 16 2 18
5 16 3 18
5 16 4 18
5 16 5 18
5 16 6 18
5 16 7 18
5 16 8 9
5 16 9 9
5 16 10 9
6 16 -9 9
6 16 -8 9
6 16 -7 18
6 16 -6 18
6 16 -5 18
6 16 -4 18
6 16 -3 18
6 16 -2 18
6 16 -1 18
6 16 0 18
6 16 1 18
6 16 2 18
6 16 3 18
6 16 4 18
6 16 5 18
6 16 6 18
6 16 7 18
6 16 8 16
6 16 9 16
7 16 -9 16
7 16 -8 17
7 16 -7 9
7 16 -6 18
7 16 -5 18
7 16 -4 18
7 16 -3 18
7 16 -2 18
7 16 -1 18
7 16 0 18
7 16 1 18
7 16 2 18
7 16 3 18
7 16 4 18
7 16 5 18
7 16 6 18
7 16 7 9
7 16 8 17
7 16 9 9
8 16 -10 9
8 16 -9 9
8 16 -8 17
8 16 -7 17
8 16 -6 9
8 16 -5 9
8 16 -4 18
8 16 -3 18
8 16 -2 18
8 16 -1 18
8 16 0 18
8 16 1 18
8 16 2 18
8 16 3 18
8 16 4 18
8 16 5 9
8 16 6 9
8 16 7 17
8 16 8 17
8 16 9 16
8 16 10 9
9 16 -11 9
9 16 -10 9
9 16 -9 9
9 16 -8 16
9 16 -7 9
9 16 -6 9
9 16 -5 9
9 16 -4 9
9 16 -3 9
9 16 -2 18
9 16 -1 18
9 16 0 18
9 16 1 18
9 16 2 18
9 16 3 16
9 16 4 9
9 16 5 9
9 16 6 9
9 16 7 16
9 16 8 16
9 16 9 9
9 16 10 9
9 16 11 16
10 16 -12 9
10 16 -11 9
10 16 -10 16
10 16 -9 9
10 16 -8 9
10 16 -5 9
10 16 -4 9
10 16 -3 9
10 16 -2 16
10 16 -1 9
10 16 0 9
10 16 1 16
10 16 2 9
10 16 3 16
10 16 4 16
10 16 5 9
10 16 8 9
10 16 9 9
10 16 10 9
10 16 11 9
10 16 12 16
11 16 -13 9
11 16 -12 16
11 16 -11 9
11 16 -10 9
11 16 -9 9
11 16 -3 16
11 16 -2 16
11 16 -1 9
11 16 0 17
11 16 1 9
11 16 2 9
11 16 3 16
11 16 9 9
11 16 10 16
11 16 11 9
11 16 12 9
11 16 13 16
12 16 -14 16
12 16 -13 9
12 16 -12 9
12 16 -11 9
12 16 -10 9
12 16 -1 16
12 16 0 16
12 16 1 9
12 16 10 9
12 16 11 16
12 16 12 9
12 16 13 16
12 16 14 16
13 16 -15 16
13 16 -14 9
13 16 -13 16
13 16 -12 9
13 16 -11 16
13 16 -1 9
13 16 0 9
13 16 1 16
13 16 11 9
13 16 12 9
13 16 13 9
13 16 14 9
13 16 15 9
14 16 -16 9
14 16 -15 9
14 16 -14 16
14 16 -13 9
14 16 -12 9
14 16 -1 9
14 16 0 16
14 16 1 16
14 16 12 9
14 16 13 16
14 16 14 9
14 16 15 9
14 16 16 16
15 16 -15 9
15 16 -14 9
15 16 -13 9
15 16 -1 9
15 16 0 16
15 16 1 9
15 16 13 9
15 16 14 9
15 16 15 16
16 16 -16 4
16 16 -14 9
16 16 -1 16
16 16 0 9
16 16 1 9
16 16 14 16
16 16 16 5
17 16 -1 9
17 16 0 9
17 16 1 16
18 16 -1 9
18 16 0 9
18 16 1 16
19 16 -1 9
19 16 0 9
19 16 1 16
20 16 -1 9
20 16 0 16
20 16 1 9
21 16 -1 16
21 16 0 9
21 16 1 9
22 16 -1 9
22 16 0 9
22 16 1 9
-22 17 -1 16
-22 17 0 9
-22 17 1 9
-21 17 -1 16
-21 17 0 9
-21 17 1 9
-20 17 -1 9
-20 17 0 9
-20 17 1 16
-19 17 -1 9
-19 17 0 9
-19 17 1 9
-18 17 -1 9
-18 17 0 9
-18 17 1 9
-17 17 -1 9
-17 17 0 16
-17 17 1 9
-16 17 -14 9
-16 17 -1 9
-16 17 0 16
-16 17 1 9
-16 17 14 9
-15 17 -15 9
-15 17 -14 16
-15 17 -13 16
-15 17 -1 9
-15 17 0 16
-15 17 1 9
-15 17 13 16
-15 17 14 16
-15 17 15 9
-14 17 -16 9
-14 17 -15 9
-14 17 -14 9
-14 17 -13 9
-14 17 -12 9
-14 17 -1 16
-14 17 0 9
-14 17 1 16
-14 17 12 9
-14 17 13 9
-14 17 14 16
-14 17 15 9
-14 17 16 9
-13 17 -15 16
-13 17 -14 9
-13 17 -13 9
-13 17 -12 9
-13 17 -11 9
-13 17 -1 9
-13 17 0 9
-13 17 1 9
-13 17 11 9
-13 17 12 9
-13 17 13 9
-13 17 14 9
-13 17 15 9
-12 17 -14 9
-12 17 -13 9
-12 17 -12 16
-12 17 -11 9
-12 17 -10 16
-12 17 -1 9
-12 17 0 9
-12 17 1 16
-12 17 10 9
-12 17 11 9
-12 17 12 16
-12 17 13 9
-12 17 14 16
-11 17 -13 16
-11 17 -12 9
-11 17 -11 9
-11 17 -10 9
-11 17 -9 9
-11 17 -3 9
-11 17 -2 9
-11 17 -1 9
-11 17 0 17
-11 17 1 9
-11 17 2 9
-11 17 3 9
-11 17 9 9
-11 17 10 9
-11 17 11 9
-11 17 12 16
-11 17 13 9
-10 17 -12 9
-10 17 -11 9
-10 17 -10 9
-10 17 -9 9
-10 17 -8 9
-10 17 -5 16
-10 17 -4 9
-10 17 -3 16
-10 17 -2 16
-10 17 -1 9
-10 17 0 9
-10 17 1 9
-10 17 2 9
-10 17 3 9
-10 17 4 16
-10 17 5 16
-10 17 8 16
-10 17 9 9
-10 17 10 9
-10 17 11 16
-10 17 12 9
-9 17 -11 9
-9 17 -10 9
-9 17 -9 9
-9 17 -8 9
-9 17 -7 9
-9 17 -6 9
-9 17 -5 9
-9 17 -4 9
-9 17 -3 16
-9 17 -2 1
-9 17 -1 1
-9 17 0 1
-9 17 1 1
-9 17 2 1
-9 17 3 9
-9 17 4 16
-9 17 5 16
-9 17 6 9
-9 17 7 9
-9 17 8 9
-9 17 9 9
-9 17 10 16
-9 17 11 9
-8 17 -10 16
-8 17 -9 9
-8 17 -8 17
-8 17 -7 17
-8 17 -6 16
-8 17 -5 9
-8 17 -4 1
-8 17 -3 1
-8 17 -2 1
-8 17 -1 1
-8 17 0 1
-8 17 1 1
-8 17 2 1
-8 17 3 1
-8 17 4 1
-8 17 5 9
-8 17 6 9
-8 17 7 17
-8 17 8 17
-8 17 9 9
-8 17 10 9
-7 17 -9 9
-7 17 -8 17
-7 17 -7 16
-7 17 -6 1
-7 17 -5 1
-7 17 -4 1
-7 17 -3 1
-7 17 -2 1
-7 17 -1 1
-7 17 0 1
-7 17 1 1
-7 17 2 1
-7 17 3 1
-7 17 4 1
-7 17 5 1
-7 17 6 1
-7 17 7 9
-7 17 8 17
-7 17 9 9
-6 17 -9 9
-6 17 -8 9
-6 17 -7 1
-6 17 -6 1
-6 17 -5 1
-6 17 -4 1
-6 17 -3 1
-6 17 -2 1
-6 17 -1 1
-6 17 0 1
-6 17 1 1
-6 17 2 1
-6 17 3 1
-6 17 4 1
-6 17 5 1
-6 17 6 1
-6 17 7 1
-6 17 8 16
-6 17 9 9
-5 17 -10 9
-5 17 -9 16
-5 17 -8 9
-5 17 -7 1
-5 17 -6 1
-5 17 -5 1
-5 17 -4 1
-5 17 -3 1
-5 17 -2 1
-5 17 -1 1
-5 17 0 1
-5 17 1 1
-5 17 2 1
-5 17 3 1
-5 17 4 1
-5 17 5 1
-5 17 6 1
-5 17 7 1
-5 17 8 9
-5 17 9 16
-5 17 10 9
-4 17 -10 16
-4 17 -9 16
-4 17 -8 1
-4 17 -7 1
-4 17 -6 1
-4 17 -5 1
-4 17 -4 1
-4 17 -3 1
-4 17 -2 1
-4 17 -1 1
-4 17 0 1
-4 17 1 1
-4 17 2 1
-4 17 3 1
-4 17 4 1
-4 17 5 1
-4 17 6 1
-4 17 7 1
-4 17 8 1
-4 17 9 9
-4 17 10 16
-3 17 -11 16
-3 17 -10 16
-3 17 -9 9
-3 17 -8 1
-3 17 -7 1
-3 17 -6 1
-3 17 -5 1
-3 17 -4 1
-3 17 -3 1
-3 17 -2 1
-3 17 -1 1
-3 17 0 1
-3 17 1 1
-3 17 2 1
-3 17 3 1
-3 17 4 1
-3 17 5 1
-3 17 6 1
-3 17 7 1
-3 17 8 1
-3 17 9 9
-3 17 10 16
-3 17 11 9
-2 17 -11 16
-2 17 -10 9
-2 17 -9 1
-2 17 -8 1
-2 17 -7 1
-2 17 -6 1
-2 17 -5 1
-2 17 -4 1
-2 17 -3 1
-2 17 -2 1
-2 17 -1 1
-2 17 0 18
-2 17 1 18
-2 17 2 18
-2 17 3 1
-2 17 4 1
-2 17 5 1
-2 17 6 1
-2 17 7 1
-2 17 8 1
-2 17 9 1
-2 17 10 9
-2 17 11 9
-1 17 -22 16
-1 17 -21 9
-1 17 -20 9
-1 17 -19 9
-1 17 -18 16
-1 17 -17 9
-1 17 -16 9
-1 17 -15 9
-1 17 -14 16
-1 17 -13 16
-1 17 -12 9
-1 17 -11 9
-1 17 -10 16
-1 17 -9 1
-1 17 -8 1
-1 17 -7 1
-1 17 -6 1
-1 17 -5 1
-1 17 -4 1
-1 17 -3 1
-1 17 -2 1
-1 17 -1 1
-1 17 0 18
-1 17 1 18
-1 17 2 18
-1 17 3 1
-1 17 4 1
-1 17 5 1
-1 17 6 1
-1 17 7 1
-1 17 8 1
-1 17 9 1
-1 17 10 16
-1 17 11 9
0 17 -22 9
0 17 -21 9
0 17 -20 9
0 17 -19 9
0 17 -18 9
0 17 -17 16
0 17 -16 9
0 17 -15 16
0 17 -14 9
0 17 -13 9
0 17 -12 9
0 17 -11 17
0 17 -10 16
0 17 -9 1
0 17 -8 1
0 17 -7 1
0 17 -6 1
0 17 -5 1
0 17 -4 1
0 17 -3 1
0 17 -2 7
0 17 -1 7
0 17 0 17
0 17 1 18
0 17 2 18
0 17 3 1
0 17 4 1
0 17 5 1
0 17 6 1
0 17 7 1
0 17 8 1
0 17 9 1
0 17 10 9
0 17 11 17
1 17 -22 16
1 17 -21 9
1 17 -20 16
1 17 -19 9
1 17 -18 9
1 17 -17 16
1 17 -16 9
1 17 -15 9
1 17 -14 9
1 17 -13 9
1 17 -12 9
1 17 -11 9
1 17 -10 9
1 17 -9 1
1 17 -8 1
1 17 -7 1
1 17 -6 1
1 17 -5 1
1 17 -4 1
1 17 -3 1
1 17 -2 18
1 17 -1 18
1 17 0 18
1 17 1 18
1 17 2 18
1 17 3 1
1 17 4 1
1 17 5 1
1 17 6 1
1 17 7 1
1 17 8 1
1 17 9 1
1 17 10 9
1 17 11 9
2 17 -11 9
2 17 -10 9
2 17 -9 1
2 17 -8 1
2 17 -7 1
2 17 -6 1
2 17 -5 1
2 17 -4 1
2 17 -3 1
2 17 -2 18
2 17 -1 18
2 17 0 18
2 17 1 18
2 17 2 18
2 17 3 1
2 17 4 1
2 17 5 1
2 17 6 1
2 17 7 1
2 17 8 1
2 17 9 1
2 17 10 9
2 17 11 9
3 17 -11 9
3 17 -10 9
3 17 -9 9
3 17 -8 1
3 17 -7 1
3 17 -6 1
3 17 -5 1
3 17 -4 1
3 17 -3 1
3 17 -2 1
3 17 -1 1
3 17 0 1
3 17 1 1
3 17 2 1
3 17 3 1
3 17 4 1
3 17 5 1
3 17 6 1
3 17 7 1
3 17 8 1
3 17 9 9
3 17 10 9
3 17 11 16
4 17 -10 9
4 17 -9 9
4 17 -8 1
4 17 -7 1
4 17 -6 1
4 17 -5 1
4 17 -4 1
4 17 -3 1
4 17 -2 1
4 17 -1 1
4 17 0 1
4 17 1 1
4 17 2 1
4 17 3 1
4 17 4 1
4 17 5 1
4 17 6 1
4 17 7 1
4 17 8 1
4 17 9 9
4 17 10 16
5 17 -10 9
5 17 -9 16
5 17 -8 9
5 17 -7 1
5 17 -6 1
5 17 -5 1
5 17 -4 1
5 17 -3 1
5 17 -2 1
5 17 -1 1
5 17 0 1
5 17 1 1
5 17 2 1
5 17 3 1
5 17 4 1
5 17 5 1
5 17 6 1
5 17 7 1
5 17 8 9
5 17 9 16
5 17 10 9
6 17 -9 9
6 17 -8 9
6 17 -7 1
6 17 -6 1
6 17 -5 1
6 17 -4 1
6 17 -3 1
6 17 -2 1
6 17 -1 1
6 17 0 1
6 17 1 1
6 17 2 1
6 17 3 1
6 17 4 1
6 17 5 1
6 17 6 1
6 17 7 1
6 17 8 9
6 17 9 9
7 17 -9 9
7 17 -8 17
7 17 -7 9
7 17 -6 1
7 17 -5 1
7 17 -4 1
7 17 -3 1
7 17 -2 1
7 17 -1 1
7 17 0 1
7 17 1 1
7 17 2 1
7 17 3 1
7 17 4 1
7 17 5 1
7 17 6 1
7 17 7 16
7 17 8 17
7 17 9 9
8 17 -10 9
8 17 -9 9
8 17 -8 17
8 17 -7 17
8 17 -6 9
8 17 -5 16
8 17 -4 1
8 17 -3 1
8 17 -2 1
8 17 -1 1
8 17 0 1
8 17 1 1
8 17 2 1
8 17 3 1
8 17 4 1
8 17 5 9
8 17 6 16
8 17 7 17
8 17 8 17
8 17 9 16
8 17 10 9
9 17 -11 9
9 17 -10 9
9 17 -9 9
9 17 -8 9
9 17 -7 9
9 17 -6 9
9 17 -5 16
9 17 -4 9
9 17 -3 9
9 17 -2 1
9 17 -1 1
9 17 0 1
9 17 1 1
9 17 2 1
9 17 3 16
9 17 4 9
9 17 5 9
9 17 6 9
9 17 7 9
9 17 8 9
9 17 9 9
9 17 10 9
9 17 11 9
10 17 -12 16
10 17 -11 9
10 17 -10 9
10 17 -9 16
10 17 -8 9
10 17 -5 9
10 17 -4 9
10 17 -3 9
10 17 -2 9
10 17 -1 16
10 17 0 9
10 17 1 9
10 17 2 16
10 17 3 9
10 17 4 9
10 17 5 9
10 17 8 16
10 17 9 9
10 17 10 9
10 17 11 9
10 17 12 9
11 17 -13 9
11 17 -12 9
11 17 -11 9
11 17 -10 9
11 17 -9 9
11 17 -3 9
11 17 -2 9
11 17 -1 9
11 17 0 17
11 17 1 9
11 17 2 16
11 17 3 9
11 17 9 9
11 17 10 9
11 17 11 9
11 17 12 9
11 17 13 16
12 17 -14 16
12 17 -13 9
12 17 -12 16
12 17 -11 9
12 17 -10 9
12 17 -1 9
12 17 0 9
12 17 1 16
12 17 10 9
12 17 11 16
12 17 12 16
12 17 13 16
12 17 14 9
13 17 -15 9
13 17 -14 16
13 17 -13 9
13 17 -12 9
13 17 -11 9
13 17 -1 9
13 17 0 9
13 17 1 9
13 17 11 9
13 17 12 16
13 17 13 9
13 17 14 16
13 17 15 16
14 17 -16 9
14 17 -15 9
14 17 -14 16
14 17 -13 16
14 17 -12 9
14 17 -1 9
14 17 0 16
14 17 1 9
14 17 12 9
14 17 13 16
14 17 14 9
14 17 15 9
14 17 16 9
15 17 -15 9
15 17 -14 9
15 17 -13 16
15 17 -1 9
15 17 0 9
15 17 1 9
15 17 13 16
15 17 14 9
15 17 15 9
16 17 -14 9
16 17 -1 16
16 17 0 9
16 17 1 9
16 17 14 16
17 17 -1 9
17 17 0 9
17 17 1 9
18 17 -1 9
18 17 0 9
18 17 1 9
19 17 -1 9
19 17 0 9
19 17 1 9
20 17 -1 9
20 17 0 9
20 17 1 9
21 17 -1 9
21 17 0 9
21 17 1 16
22 17 -1 9
22 17 0 9
22 17 1 9
-22 18 -1 0
-22 18 0 9
-22 18 1 0
-21 18 -1 9
-21 18 0 9
-21 18 1 9
-20 18 -1 9
-20 18 0 9
-20 18 1 9
-19 18 -1 16
-19 18 0 16
-19 18 1 9
-18 18 -1 9
-18 18 0 9
-18 18 1 9
-17 18 -1 9
-17 18 0 16
-17 18 1 9
-16 18 -14 9
-16 18 -1 9
-16 18 0 9
-16 18 1 9
-16 18 14 9
-15 18 -15 9
-15 18 -14 9
-15 18 -13 9
-15 18 -1 9
-15 18 0 9
-15 18 1 9
-15 18 13 9
-15 18 14 16
-15 18 15 9
-14 18 -16 9
-14 18 -15 16
-14 18 -14 9
-14 18 -13 9
-14 18 -12 16
-14 18 -1 9
-14 18 0 16
-14 18 1 9
-14 18 12 9
-14 18 13 9
-14 18 14 9
-14 18 15 9
-14 18 16 9
-13 18 -15 9
-13 18 -14 9
-13 18 -13 9
-13 18 -12 9
-13 18 -11 9
-13 18 -1 9
-13 18 0 9
-13 18 1 9
-13 18 11 9
-13 18 12 9
-13 18 13 9
-13 18 14 9
-13 18 15 16
-12 18 -14 16
-12 18 -13 9
-12 18 -12 9
-12 18 -11 9
-12 18 -10 9
-12 18 -1 9
-12 18 0 9
-12 18 1 9
-12 18 10 9
-12 18 11 16
-12 18 12 16
-12 18 13 9
-12 18 14 9
-11 18 -13 9
-11 18 -12 9
-11 18 -11 9
-11 18 -10 16
-11 18 -9 9
-11 18 -3 9
-11 18 -2 9
-11 18 -1 9
-11 18 0 17
-11 18 1 9
-11 18 2 9
-11 18 3 9
-11 18 9 9
-11 18 10 9
-11 18 11 9
-11 18 12 16
-11 18 13 9
-10 18 -12 16
-10 18 -11 9
-10 18 -10 9
-10 18 -9 16
-10 18 -8 16
-10 18 -5 16
-10 18 -4 9
-10 18 -3 9
-10 18 -2 9
-10 18 -1 9
-10 18 0 9
-10 18 1 9
-10 18 2 16
-10 18 3 9
-10 18 4 16
-10 18 5 16
-10 18 8 9
-10 18 9 9
-10 18 10 16
-10 18 11 16
-10 18 12 9
-9 18 -11 9
-9 18 -10 9
-9 18 -9 9
-9 18 -8 9
-9 18 -7 9
-9 18 -6 9
-9 18 -5 9
-9 18 -4 9
-9 18 -3 9
-9 18 -2 18
-9 18 -1 18
-9 18 0 18
-9 18 1 18
-9 18 2 18
-9 18 3 9
-9 18 4 9
-9 18 5 9
-9 18 6 9
-9 18 7 9
-9 18 8 9
-9 18 9 9
-9 18 10 9
-9 18 11 9
-8 18 -10 9
-8 18 -9 16
-8 18 -8 17
-8 18 -7 17
-8 18 -6 9
-8 18 -5 16
-8 18 -4 18
-8 18 -3 18
-8 18 -2 18
-8 18 -1 18
-8 18 0 18
-8 18 1 18
-8 18 2 18
-8 18 3 18
-8 18 4 18
-8 18 5 9
-8 18 6 9
-8 18 7 17
-8 18 8 17
-8 18 9 9
-8 18 10 9
-7 18 -9 9
-7 18 -8 17
-7 18 -7 16
-7 18 -6 18
-7 18 -5 18
-7 18 -4 18
-7 18 -3 18
-7 18 -2 18
-7 18 -1 18
-7 18 0 18
-7 18 1 18
-7 18 2 18
-7 18 3 18
-7 18 4 18
-7 18 5 18
-7 18 6 18
-7 18 7 9
-7 18 8 17
-7 18 9 9
-6 18 -9 16
-6 18 -8 9
-6 18 -7 18
-6 18 -6 18
-6 18 -5 18
-6 18 -4 18
-6 18 -3 18
-6 18 -2 18
-6 18 -1 18
-6 18 0 18
-6 18 1 18
-6 18 2 18
-6 18 3 18
-6 18 4 18
-6 18 5 18
-6 18 6 18
-6 18 7 18
-6 18 8 9
-6 18 9 9
-5 18 -10 16
-5 18 -9 9
-5 18 -8 9
-5 18 -7 18
-5 18 -6 18
-5 18 -5 18
-5 18 -4 18
-5 18 -3 18
-5 18 -2 18
-5 18 -1 18
-5 18 0 18
-5 18 1 18
-5 18 2 18
-5 18 3 18
-5 18 4 18
-5 18 5 18
-5 18 6 18
-5 18 7 18
-5 18 8 9
-5 18 9 9
-5 18 10 9
-4 18 -10 9
-4 18 -9 9
-4 18 -8 18
-4 18 -7 18
-4 18 -6 18
-4 18 -5 18
-4 18 -4 18
-4 18 -3 18
-4 18 -2 18
-4 18 -1 18
-4 18 0 18
-4 18 1 18
-4 18 2 18
-4 18 3 18
-4 18 4 18
-4 18 5 18
-4 18 6 18
-4 18 7 18
-4 18 8 18
-4 18 9 9
-4 18 10 16
-3 18 -11 9
-3 18 -10 9
-3 18 -9 9
-3 18 -8 18
-3 18 -7 18
-3 18 -6 18
-3 18 -5 18
-3 18 -4 18
-3 18 -3 18
-3 18 -2 18
-3 18 -1 18
-3 18 0 18
-3 18 1 18
-3 18 2 18
-3 18 3 18
-3 18 4 18
-3 18 5 18
-3 18 6 18
-3 18 7 18
-3 18 8 18
-3 18 9 9
-3 18 10 16
-3 18 11 9
-2 18 -11 9
-2 18 -10 9
-2 18 -9 18
-2 18 -8 18
-2 18 -7 18
-2 18 -6 18
-2 18 -5 18
-2 18 -4 18
-2 18 -3 18
-2 18 -2 18
-2 18 -1 18
-2 18 0 4
-2 18 1 1
-2 18 2 1
-2 18 3 18
-2 18 4 18
-2 18 5 18
-2 18 6 18
-2 18 7 18
-2 18 8 18
-2 18 9 18
-2 18 10 9
-2 18 11 9
-1 18 -22 4
-1 18 -21 16
-1 18 -20 9
-1 18 -19 9
-1 18 -18 9
-1 18 -17 9
-1 18 -16 9
-1 18 -15 9
-1 18 -14 9
-1 18 -13 9
-1 18 -12 16
-1 18 -11 9
-1 18 -10 9
-1 18 -9 18
-1 18 -8 18
-1 18 -7 18
-1 18 -6 18
-1 18 -5 18
-1 18 -4 18
-1 18 -3 18
-1 18 -2 18
-1 18 -1 18
-1 18 0 4
-1 18 1 1
-1 18 2 1
-1 18 3 18
-1 18 4 18
-1 18 5 18
-1 18 6 18
-1 18 7 18
-1 18 8 18
-1 18 9 18
-1 18 10 9
-1 18 11 9
0 18 -22 9
0 18 -21 9
0 18 -20 9
0 18 -19 9
0 18 -18 9
0 18 -17 9
0 18 -16 9
0 18 -15 9
0 18 -14 16
0 18 -13 9
0 18 -12 16
0 18 -11 17
0 18 -10 9
0 18 -9 18
0 18 -8 18
0 18 -7 18
0 18 -6 18
0 18 -5 18
0 18 -4 18
0 18 -3 18
0 18 -2 18
0 18 -1 18
0 18 0 17
0 18 1 18
0 18 2 18
0 18 3 18
0 18 4 18
0 18 5 18
0 18 6 18
0 18 7 18
0 18 8 18
0 18 9 18
0 18 10 16
0 18 11 17
1 18 -22 4
1 18 -21 16
1 18 -20 9
1 18 -19 9
1 18 -18 9
1 18 -17 9
1 18 -16 9
1 18 -15 9
1 18 -14 9
1 18 -13 16
1 18 -12 9
1 18 -11 9
1 18 -10 16
1 18 -9 18
1 18 -8 18
1 18 -7 18
1 18 -6 18
1 18 -5 18
1 18 -4 18
1 18 -3 18
1 18 -2 18
1 18 -1 18
1 18 0 18
1 18 1 18
1 18 2 18
1 18 3 18
1 18 4 18
1 18 5 18
1 18 6 18
1 18 7 18
1 18 8 18
1 18 9 18
1 18 10 16
1 18 11 9
2 18 -11 9
2 18 -10 9
2 18 -9 18
2 18 -8 18
2 18 -7 18
2 18 -6 18
2 18 -5 18
2 18 -4 18
2 18 -3 18
2 18 -2 18
2 18 -1 18
2 18 0 18
2 18 1 18
2 18 2 18
2 18 3 18
2 18 4 18
2 18 5 18
2 18 6 18
2 18 7 18
2 18 8 18
2 18 9 18
2 18 10 9
2 18 11 9
3 18 -11 9
3 18 -10 9
3 18 -9 9
3 18 -8 18
3 18 -7 18
3 18 -6 18
3 18 -5 18
3 18 -4 18
3 18 -3 18
3 18 -2 18
3 18 -1 18
3 18 0 18
3 18 1 18
3 18 2 18
3 18 3 18
3 18 4 18
3 18 5 18
3 18 6 18
3 18 7 18
3 18 8 18
3 18 9 9
3 18 10 9
3 18 11 9
4 18 -10 16
4 18 -9 9
4 18 -8 18
4 18 -7 18
4 18 -6 18
4 18 -5 18
4 18 -4 18
4 18 -3 18
4 18 -2 18
4 18 -1 18
4 18 0 18
4 18 1 18
4 18 2 18
4 18 3 18
4 18 4 18
4 18 5 18
4 18 6 18
4 18 7 18
4 18 8 18
4 18 9 9
4 18 10 9
5 18 -10 9
5 18 -9 9
5 18 -8 9
5 18 -7 18
5 18 -6 18
5 18 -5 18
5 18 -4 18
5 18 -3 18
5 18 -2 18
5 18 -1 18
5 18 0 18
5 18 1 18
5 18 2 18
5 18 3 18
5 18 4 18
5 18 5 18
5 18 6 18
5 18 7 18
5 18 8 9
5 18 9 9
5 18 10 9
6 18 -9 9
6 18 -8 9
6 18 -7 18
6 18 -6 18
6 18 -5 18
6 18 -4 18
6 18 -3 18
6 18 -2 18
6 18 -1 18
6 18 0 18
6 18 1 18
6 18 2 18
6 18 3 18
6 18 4 18
6 18 5 18
6 18 6 18
6 18 7 18
6 18 8 9
6 18 9 9
7 18 -9 9
7 18 -8 17
7 18 -7 9
7 18 -6 18
7 18 -5 18
7 18 -4 18
7 18 -3 18
7 18 -2 18
7 18 -1 18
7 18 0 18
7 18 1 18
7 18 2 18
7 18 3 18
7 18 4 18
7 18 5 18
7 18 6 18
7 18 7 16
7 18 8 17
7 18 9 9
8 18 -10 9
8 18 -9 9
8 18 -8 17
8 18 -7 17
8 18 -6 9
8 18 -5 9
8 18 -4 18
8 18 -3 18
8 18 -2 18
8 18 -1 18
8 18 0 18
8 18 1 18
8 18 2 18
8 18 3 18
8 18 4 18
8 18 5 9
8 18 6 9
8 18 7 17
8 18 8 17
8 18 9 9
8 18 10 16
9 18 -11 9
9 18 -10 16
9 18 -9 9
9 18 -8 9
9 18 -7 9
9 18 -6 9
9 18 -5 9
9 18 -4 9
9 18 -3 9
9 18 -2 18
9 18 -1 18
9 18 0 18
9 18 1 18
9 18 2 18
9 18 3 9
9 18 4 9
9 18 5 9
9 18 6 9
9 18 7 9
9 18 8 9
9 18 9 9
9 18 10 9
9 18 11 9
10 18 -12 9
10 18 -11 9
10 18 -10 16
10 18 -9 9
10 18 -8 9
10 18 -5 9
10 18 -4 9
10 18 -3 9
10 18 -2 16
10 18 -1 9
10 18 0 16
10 18 1 9
10 18 2 9
10 18 3 9
10 18 4 16
10 18 5 9
10 18 8 9
10 18 9 9
10 18 10 9
10 18 11 9
10 18 12 9
11 18 -13 9
11 18 -12 9
11 18 -11 9
11 18 -10 9
11 18 -9 9
11 18 -3 9
11 18 -2 16
11 18 -1 9
11 18 0 17
11 18 1 9
11 18 2 16
11 18 3 9
11 18 9 9
11 18 10 9
11 18 11 9
11 18 12 16
11 18 13 9
12 18 -14 9
12 18 -13 9
12 18 -12 16
12 18 -11 16
12 18 -10 16
12 18 -1 9
12 18 0 9
12 18 1 9
12 18 10 9
12 18 11 9
12 18 12 9
12 18 13 9
12 18 14 9
13 18 -15 16
13 18 -14 16
13 18 -13 9
13 18 -12 16
13 18 -11 9
13 18 -1 9
13 18 0 9
13 18 1 9
13 18 11 9
13 18 12 9
13 18 13 9
13 18 14 16
13 18 15 9
14 18 -16 16
14 18 -15 9
14 18 -14 9
14 18 -13 16
14 18 -12 16
14 18 -1 9
14 18 0 9
14 18 1 9
14 18 12 9
14 18 13 9
14 18 14 9
14 18 15 9
14 18 16 9
15 18 -15 9
15 18 -14 9
15 18 -13 9
15 18 -1 9
15 18 0 9
15 18 1 9
15 18 13 9
15 18 14 9
15 18 15 9
16 18 -14 9
16 18 -1 9
16 18 0 16
16 18 1 9
16 18 14 9
17 18 -1 9
17 18 0 9
17 18 1 9
18 18 -1 9
18 18 0 9
18 18 1 9
19 18 -1 9
19 18 0 9
19 18 1 16
20 18 -1 9
20 18 0 16
20 18 1 9
21 18 -1 9
21 18 0 16
21 18 1 9
22 18 -1 7
22 18 0 9
22 18 1 7
-22 19 0 0
-21 19 -1 9
-21 19 0 16
-21 19 1 9
-20 19 -1 9
-20 19 0 9
-20 19 1 16
-19 19 -1 9
-19 19 0 9
-19 19 1 16
-18 19 -1 9
-18 19 0 9
-18 19 1 9
-17 19 -1 9
-17 19 0 9
-17 19 1 9
-16 19 -14 9
-16 19 -1 9
-16 19 0 9
-16 19 1 9
-16 19 14 9
-15 19 -15 16
-15 19 -14 9
-15 19 -13 9
-15 19 -1 9
-15 19 0 16
-15 19 1 9
-15 19 13 9
-15 19 14 9
-15 19 15 16
-14 19 -16 9
-14 19 -15 9
-14 19 -14 9
-14 19 -13 9
-14 19 -12 9
-14 19 -1 9
-14 19 0 9
-14 19 1 9
-14 19 12 16
-14 19 13 16
-14 19 14 9
-14 19 15 16
-14 19 16 9
-13 19 -15 9
-13 19 -14 9
-13 19 -13 9
-13 19 -12 9
-13 19 -11 9
-13 19 -1 9
-13 19 0 9
-13 19 1 9
-13 19 11 16
-13 19 12 16
-13 19 13 9
-13 19 14 9
-13 19 15 9
-12 19 -14 9
-12 19 -13 9
-12 19 -12 9
-12 19 -11 16
-12 19 -10 9
-12 19 -1 9
-12 19 0 9
-12 19 1 9
-12 19 10 9
-12 19 11 9
-12 19 12 9
-12 19 13 9
-12 19 14 16
-11 19 -13 9
-11 19 -12 16
-11 19 -11 9
-11 19 -10 9
-11 19 -9 9
-11 19 -3 9
-11 19 -2 9
-11 19 -1 9
-11 19 0 17
-11 19 1 16
-11 19 2 9
-11 19 3 16
-11 19 9 9
-11 19 10 9
-11 19 11 9
-11 19 12 9
-11 19 13 16
-10 19 -12 9
-10 19 -11 9
-10 19 -10 9
-10 19 -9 9
-10 19 -8 9
-10 19 -5 16
-10 19 -4 9
-10 19 -3 9
-10 19 -2 16
-10 19 -1 9
-10 19 0 9
-10 19 1 9
-10 19 2 9
-10 19 3 9
-10 19 4 16
-10 19 5 9
-10 19 8 9
-10 19 9 9
-10 19 10 9
-10 19 11 9
-10 19 12 9
-9 19 -11 9
-9 19 -10 16
-9 19 -9 16
-9 19 -8 9
-9 19 -7 16
-9 19 -6 16
-9 19 -5 9
-9 19 -4 9
-9 19 -3 9
-9 19 -2 18
-9 19 -1 18
-9 19 0 18
-9 19 1 18
-9 19 2 18
-9 19 3 9
-9 19 4 9
-9 19 5 9
-9 19 6 9
-9 19 7 9
-9 19 8 9
-9 19 9 16
-9 19 10 16
-9 19 11 16
-8 19 -10 9
-8 19 -9 9
-8 19 -8 17
-8 19 -7 17
-8 19 -6 9
-8 19 -5 9
-8 19 -4 18
-8 19 -3 18
-8 19 -2 18
-8 19 -1 18
-8 19 0 18
-8 19 1 18
-8 19 2 18
-8 19 3 18
-8 19 4 18
-8 19 5 9
-8 19 6 9
-8 19 7 17
-8 19 8 17
-8 19 9 16
-8 19 10 16
-7 19 -9 16
-7 19 -8 17
-7 19 -7 9
-7 19 -6 18
-7 19 -5 18
-7 19 -4 18
-7 19 -3 18
-7 19 -2 18
-7 19 -1 18
-7 19 0 18
-7 19 1 18
-7 19 2 18
-7 19 3 18
-7 19 4 18
-7 19 5 18
-7 19 6 18
-7 19 7 16
-7 19 8 17
-7 19 9 9
-6 19 -9 16
-6 19 -8 9
-6 19 -7 18
-6 19 -6 18
-6 19 -5 18
-6 19 -4 18
-6 19 -3 18
-6 19 -2 18
-6 19 -1 18
-6 19 0 18
-6 19 1 18
-6 19 2 18
-6 19 3 18
-6 19 4 18
-6 19 5 18
-6 19 6 18
-6 19 7 18
-6 19 8 9
-6 19 9 16
-5 19 -10 9
-5 19 -9 16
-5 19 -8 16
-5 19 -7 18
-5 19 -6 18
-5 19 -5 18
-5 19 -4 18
-5 19 -3 18
-5 19 -2 18
-5 19 -1 18
-5 19 0 18
-5 19 1 18
-5 19 2 18
-5 19 3 18
-5 19 4 18
-5 19 5 18
-5 19 6 18
-5 19 7 18
-5 19 8 16
-5 19 9 9
-5 19 10 9
-4 19 -10 9
-4 19 -9 9
-4 19 -8 18
-4 19 -7 18
-4 19 -6 18
-4 19 -5 18
-4 19 -4 18
-4 19 -3 18
-4 19 -2 18
-4 19 -1 18
-4 19 0 18
-4 19 1 18
-4 19 2 18
-4 19 3 18
-4 19 4 18
-4 19 5 18
-4 19 6 18
-4 19 7 18
-4 19 8 18
-4 19 9 9
-4 19 10 9
-3 19 -11 9
-3 19 -10 16
-3 19 -9 9
-3 19 -8 18
-3 19 -7 18
-3 19 -6 18
-3 19 -5 18
-3 19 -4 18
-3 19 -3 18
-3 19 -2 18
-3 19 -1 18
-3 19 0 18
-3 19 1 18
-3 19 2 18
-3 19 3 18
-3 19 4 18
-3 19 5 18
-3 19 6 18
-3 19 7 18
-3 19 8 18
-3 19 9 9
-3 19 10 9
-3 19 11 9
-2 19 -11 9
-2 19 -10 16
-2 19 -9 18
-2 19 -8 18
-2 19 -7 18
-2 19 -6 18
-2 19 -5 18
-2 19 -4 18
-2 19 -3 18
-2 19 -2 18
-2 19 -1 18
-2 19 0 18
-2 19 1 18
-2 19 2 18
-2 19 3 18
-2 19 4 18
-2 19 5 18
-2 19 6 18
-2 19 7 18
-2 19 8 18
-2 19 9 18
-2 19 10 16
-2 19 11 9
-1 19 -21 9
-1 19 -20 9
-1 19 -19 9
-1 19 -18 16
-1 19 -17 9
-1 19 -16 9
-1 19 -15 9
-1 19 -14 9
-1 19 -13 9
-1 19 -12 16
-1 19 -11 9
-1 19 -10 16
-1 19 -9 18
-1 19 -8 18
-1 19 -7 18
-1 19 -6 18
-1 19 -5 18
-1 19 -4 18
-1 19 -3 18
-1 19 -2 18
-1 19 -1 18
-1 19 0 18
-1 19 1 18
-1 19 2 18
-1 19 3 18
-1 19 4 18
-1 19 5 18
-1 19 6 18
-1 19 7 18
-1 19 8 18
-1 19 9 18
-1 19 10 9
-1 19 11 16
0 19 -22 4
0 19 -21 9
0 19 -20 9
0 19 -19 9
0 19 -18 16
0 19 -17 9
0 19 -16 16
0 19 -15 16
0 19 -14 16
0 19 -13 16
0 19 -12 9
0 19 -11 17
0 19 -10 9
0 19 -9 18
0 19 -8 18
0 19 -7 18
0 19 -6 18
0 19 -5 18
0 19 -4 18
0 19 -3 18
0 19 -2 18
0 19 -1 18
0 19 0 17
0 19 1 0
0 19 2 0
0 19 3 18
0 19 4 18
0 19 5 18
0 19 6 18
0 19 7 18
0 19 8 18
0 19 9 18
0 19 10 9
0 19 11 17
1 19 -21 9
1 19 -20 16
1 19 -19 16
1 19 -18 9
1 19 -17 9
1 19 -16 16
1 19 -15 9
1 19 -14 16
1 19 -13 16
1 19 -12 9
1 19 -11 16
1 19 -10 9
1 19 -9 18
1 19 -8 18
1 19 -7 18
1 19 -6 18
1 19 -5 18
1 19 -4 18
1 19 -3 18
1 19 -2 18
1 19 -1 18
1 19 0 18
1 19 1 1
1 19 2 1
1 19 3 18
1 19 4 18
1 19 5 18
1 19 6 18
1 19 7 18
1 19 8 18
1 19 9 18
1 19 10 9
1 19 11 9
2 19 -11 16
2 19 -10 16
2 19 -9 18
2 19 -8 18
2 19 -7 18
2 19 -6 18
2 19 -5 18
2 19 -4 18
2 19 -3 18
2 19 -2 18
2 19 -1 18
2 19 0 18
2 19 1 1
2 19 2 1
2 19 3 18
2 19 4 18
2 19 5 18
2 19 6 18
2 19 7 18
2 19 8 18
2 19 9 18
2 19 10 16
2 19 11 9
3 19 -11 9
3 19 -10 9
3 19 -9 9
3 19 -8 18
3 19 -7 18
3 19 -6 18
3 19 -5 18
3 19 -4 18
3 19 -3 18
3 19 -2 18
3 19 -1 18
3 19 0 18
3 19 1 18
3 19 2 18
3 19 3 18
3 19 4 18
3 19 5 18
3 19 6 18
3 19 7 18
3 19 8 18
3 19 9 9
3 19 10 9
3 19 11 9
4 19 -10 9
4 19 -9 9
4 19 -8 18
4 19 -7 18
4 19 -6 18
4 19 -5 18
4 19 -4 18
4 19 -3 18
4 19 -2 18
4 19 -1 18
4 19 0 18
4 19 1 18
4 19 2 18
4 19 3 18
4 19 4 18
4 19 5 18
4 19 6 18
4 19 7 18
4 19 8 18
4 19 9 9
4 19 10 16
5 19 -10 16
5 19 -9 9
5 19 -8 9
5 19 -7 18
5 19 -6 18
5 19 -5 18
5 19 -4 18
5 19 -3 18
5 19 -2 18
5 19 -1 18
5 19 0 18
5 19 1 18
5 19 2 18
5 19 3 18
5 19 4 18
5 19 5 18
5 19 6 18
5 19 7 18
5 19 8 16
5 19 9 16
5 19 10 9
6 19 -9 9
6 19 -8 9
6 19 -7 18
6 19 -6 18
6 19 -5 18
6 19 -4 18
6 19 -3 18
6 19 -2 18
6 19 -1 18
6 19 0 18
6 19 1 18
6 19 2 18
6 19 3 18
6 19 4 18
6 19 5 18
6 19 6 18
6 19 7 18
6 19 8 9
6 19 9 9
7 19 -9 9
7 19 -8 17
7 19 -7 16
7 19 -6 18
7 19 -5 18
7 19 -4 18
7 19 -3 18
7 19 -2 18
7 19 -1 18
7 19 0 18
7 19 1 18
7 19 2 18
7 19 3 18
7 19 4 18
7 19 5 18
7 19 6 18
7 19 7 9
7 19 8 17
7 19 9 16
8 19 -10 9
8 19 -9 9
8 19 -8 17
8 19 -7 17
8 19 -6 9
8 19 -5 9
8 19 -4 18
8 19 -3 18
8 19 -2 18
8 19 -1 18
8 19 0 18
8 19 1 18
8 19 2 18
8 19 3 18
8 19 4 18
8 19 5 9
8 19 6 9
8 19 7 17
8 19 8 17
8 19 9 16
8 19 10 9
9 19 -11 16
9 19 -10 9
9 19 -9 16
9 19 -8 16
9 19 -7 9
9 19 -6 9
9 19 -5 9
9 19 -4 9
9 19 -3 9
9 19 -2 18
9 19 -1 18
9 19 0 18
9 19 1 18
9 19 2 18
9 19 3 9
9 19 4 9
9 19 5 9
9 19 6 9
9 19 7 16
9 19 8 16
9 19 9 16
9 19 10 9
9 19 11 9
10 19 -12 9
10 19 -11 16
10 19 -10 9
10 19 -9 9
10 19 -8 9
10 19 -5 16
10 19 -4 16
10 19 -3 9
10 19 -2 9
10 19 -1 16
10 19 0 9
10 19 1 9
10 19 2 16
10 19 3 9
10 19 4 9
10 19 5 9
10 19 8 9
10 19 9 9
10 19 10 9
10 19 11 9
10 19 12 16
11 19 -13 16
11 19 -12 9
11 19 -11 9
11 19 -10 9
11 19 -9 9
11 19 -3 16
11 19 -2 9
11 19 -1 16
11 19 0 17
11 19 1 9
11 19 2 9
11 19 3 9
11 19 9 9
11 19 10 9
11 19 11 9
11 19 12 9
11 19 13 9
12 19 -14 9
12 19 -13 9
12 19 -12 9
12 19 -11 9
12 19 -10 9
12 19 -1 9
12 19 0 9
12 19 1 9
12 19 10 9
12 19 11 9
12 19 12 9
12 19 13 9
12 19 14 9
13 19 -15 9
13 19 -14 16
13 19 -13 9
13 19 -12 9
13 19 -11 16
13 19 -1 9
13 19 0 9
13 19 1 9
13 19 11 9
13 19 12 9
13 19 13 9
13 19 14 9
13 19 15 9
14 19 -16 9
14 19 -15 9
14 19 -14 9
14 19 -13 9
14 19 -12 9
14 19 -1 9
14 19 0 9
14 19 1 16
14 19 12 9
14 19 13 9
14 19 14 9
14 19 15 9
14 19 16 9
15 19 -15 16
15 19 -14 9
15 19 -13 9
15 19 -1 9
15 19 0 16
15 19 1 9
15 19 13 9
15 19 14 9
15 19 15 16
16 19 -14 16
16 19 -1 9
16 19 0 9
16 19 1 9
16 19 14 9
17 19 -1 9
17 19 0 9
17 19 1 9
18 19 -1 9
18 19 0 9
18 19 1 9
19 19 -1 16
19 19 0 16
19 19 1 9
20 19 -1 9
20 19 0 9
20 19 1 9
21 19 -1 9
21 19 0 9
21 19 1 9
22 19 0 7
-21 20 -1 0
-21 20 0 9
-21 20 1 0
-20 20 -1 9
-20 20 0 9
-20 20 1 9
-19 20 -1 9
-19 20 0 9
-19 20 1 16
-18 20 -1 9
-18 20 0 9
-18 20 1 9
-17 20 -1 16
-17 20 0 9
-17 20 1 9
-16 20 -14 0
-16 20 -1 9
-16 20 0 9
-16 20 1 9
-16 20 14 0
-15 20 -15 9
-15 20 -14 9
-15 20 -13 9
-15 20 -1 9
-15 20 0 9
-15 20 1 16
-15 20 13 16
-15 20 14 9
-15 20 15 9
-14 20 -16 4
-14 20 -15 9
-14 20 -14 16
-14 20 -13 9
-14 20 -12 9
-14 20 -1 9
-14 20 0 9
-14 20 1 9
-14 20 12 16
-14 20 13 9
-14 20 14 9
-14 20 15 16
-14 20 16 5
-13 20 -15 16
-13 20 -14 16
-13 20 -13 9
-13 20 -12 9
-13 20 -11 9
-13 20 -1 9
-13 20 0 16
-13 20 1 9
-13 20 11 9
-13 20 12 16
-13 20 13 9
-13 20 14 9
-13 20 15 16
-12 20 -14 16
-12 20 -13 16
-12 20 -12 16
-12 20 -11 9
-12 20 -10 16
-12 20 -1 9
-12 20 0 9
-12 20 1 9
-12 20 10 16
-12 20 11 9
-12 20 12 9
-12 20 13 9
-12 20 14 9
-11 20 -13 9
-11 20 -12 9
-11 20 -11 9
-11 20 -10 9
-11 20 -9 9
-11 20 -3 9
-11 20 -2 9
-11 20 -1 9
-11 20 0 17
-11 20 1 9
-11 20 2 9
-11 20 3 9
-11 20 9 9
-11 20 10 16
-11 20 11 9
-11 20 12 9
-11 20 13 9
-10 20 -12 9
-10 20 -11 9
-10 20 -10 9
-10 20 -9 9
-10 20 -8 9
-10 20 -5 9
-10 20 -4 9
-10 20 -3 16
-10 20 -2 9
-10 20 -1 9
-10 20 0 9
-10 20 1 9
-10 20 2 9
-10 20 3 9
-10 20 4 16
-10 20 5 9
-10 20 8 9
-10 20 9 9
-10 20 10 16
-10 20 11 16
-10 20 12 9
-9 20 -11 16
-9 20 -10 9
-9 20 -9 16
-9 20 -8 16
-9 20 -7 9
-9 20 -6 9
-9 20 -5 16
-9 20 -4 9
-9 20 -3 9
-9 20 -2 18
-9 20 -1 18
-9 20 0 18
-9 20 1 18
-9 20 2 18
-9 20 3 9
-9 20 4 9
-9 20 5 16
-9 20 6 9
-9 20 7 16
-9 20 8 9
-9 20 9 16
-9 20 10 16
-9 20 11 9
-8 20 -10 9
-8 20 -9 9
-8 20 -8 17
-8 20 -7 17
-8 20 -6 9
-8 20 -5 9
-8 20 -4 18
-8 20 -3 18
-8 20 -2 18
-8 20 -1 18
-8 20 0 18
-8 20 1 18
-8 20 2 18
-8 20 3 18
-8 20 4 18
-8 20 5 9
-8 20 6 9
-8 20 7 17
-8 20 8 17
-8 20 9 9
-8 20 10 9
-7 20 -9 16
-7 20 -8 17
-7 20 -7 9
-7 20 -6 18
-7 20 -5 18
-7 20 -4 18
-7 20 -3 18
-7 20 -2 18
-7 20 -1 18
-7 20 0 18
-7 20 1 18
-7 20 2 18
-7 20 3 18
-7 20 4 18
-7 20 5 18
-7 20 6 18
-7 20 7 16
-7 20 8 17
-7 20 9 16
-6 20 -9 9
-6 20 -8 9
-6 20 -7 18
-6 20 -6 18
-6 20 -5 18
-6 20 -4 18
-6 20 -3 18
-6 20 -2 18
-6 20 -1 18
-6 20 0 18
-6 20 1 18
-6 20 2 18
-6 20 3 18
-6 20 4 18
-6 20 5 18
-6 20 6 18
-6 20 7 18
-6 20 8 16
-6 20 9 16
-5 20 -10 16
-5 20 -9 9
-5 20 -8 16
-5 20 -7 18
-5 20 -6 18
-5 20 -5 18
-5 20 -4 18
-5 20 -3 18
-5 20 -2 18
-5 20 -1 18
-5 20 0 18
-5 20 1 18
-5 20 2 18
-5 20 3 18
-5 20 4 18
-5 20 5 18
-5 20 6 18
-5 20 7 18
-5 20 8 9
-5 20 9 9
-5 20 10 16
-4 20 -10 9
-4 20 -9 9
-4 20 -8 18
-4 20 -7 18
-4 20 -6 18
-4 20 -5 18
-4 20 -4 18
-4 20 -3 18
-4 20 -2 18
-4 20 -1 18
-4 20 0 18
-4 20 1 18
-4 20 2 18
-4 20 3 18
-4 20 4 18
-4 20 5 18
-4 20 6 18
-4 20 7 18
-4 20 8 18
-4 20 9 9
-4 20 10 16
-3 20 -11 9
-3 20 -10 9
-3 20 -9 9
-3 20 -8 18
-3 20 -7 18
-3 20 -6 18
-3 20 -5 18
-3 20 -4 18
-3 20 -3 18
-3 20 -2 18
-3 20 -1 18
-3 20 0 18
-3 20 1 18
-3 20 2 18
-3 20 3 18
-3 20 4 18
-3 20 5 18
-3 20 6 18
-3 20 7 18
-3 20 8 18
-3 20 9 9
-3 20 10 9
-3 20 11 16
-2 20 -11 9
-2 20 -10 9
-2 20 -9 18
-2 20 -8 18
-2 20 -7 18
-2 20 -6 18
-2 20 -5 18
-2 20 -4 18
-2 20 -3 18
-2 20 -2 18
-2 20 -1 18
-2 20 0 18
-2 20 1 18
-2 20 2 18
-2 20 3 18
-2 20 4 18
-2 20 5 18
-2 20 6 18
-2 20 7 18
-2 20 8 18
-2 20 9 18
-2 20 10 16
-2 20 11 9
-1 20 -21 4
-1 20 -20 9
-1 20 -19 9
-1 20 -18 9
-1 20 -17 16
-1 20 -16 9
-1 20 -15 9
-1 20 -14 9
-1 20 -13 9
-1 20 -12 9
-1 20 -11 9
-1 20 -10 9
-1 20 -9 18
-1 20 -8 18
-1 20 -7 18
-1 20 -6 18
-1 20 -5 18
-1 20 -4 18
-1 20 -3 18
-1 20 -2 18
-1 20 -1 18
-1 20 0 18
-1 20 1 18
-1 20 2 18
-1 20 3 18
-1 20 4 18
-1 20 5 18
-1 20 6 18
-1 20 7 18
-1 20 8 18
-1 20 9 18
-1 20 10 9
-1 20 11 9
0 20 -21 9
0 20 -20 9
0 20 -19 9
0 20 -18 9
0 20 -17 16
0 20 -16 9
0 20 -15 16
0 20 -14 9
0 20 -13 9
0 20 -12 9
0 20 -11 17
0 20 -10 9
0 20 -9 18
0 20 -8 18
0 20 -7 18
0 20 -6 18
0 20 -5 18
0 20 -4 18
0 20 -3 18
0 20 -2 18
0 20 -1 18
0 20 0 17
0 20 1 18
0 20 2 18
0 20 3 18
0 20 4 18
0 20 5 18
0 20 6 18
0 20 7 18
0 20 8 18
0 20 9 18
0 20 10 9
0 20 11 17
1 20 -21 4
1 20 -20 9
1 20 -19 9
1 20 -18 9
1 20 -17 16
1 20 -16 16
1 20 -15 9
1 20 -14 9
1 20 -13 16
1 20 -12 9
1 20 -11 9
1 20 -10 9
1 20 -9 18
1 20 -8 18
1 20 -7 18
1 20 -6 18
1 20 -5 18
1 20 -4 18
1 20 -3 18
1 20 -2 1
1 20 -1 1
1 20 0 5
1 20 1 18
1 20 2 18
1 20 3 18
1 20 4 18
1 20 5 18
1 20 6 18
1 20 7 18
1 20 8 18
1 20 9 18
1 20 10 16
1 20 11 9
2 20 -11 16
2 20 -10 16
2 20 -9 18
2 20 -8 18
2 20 -7 18
2 20 -6 18
2 20 -5 18
2 20 -4 18
2 20 -3 18
2 20 -2 1
2 20 -1 1
2 20 0 5
2 20 1 18
2 20 2 18
2 20 3 18
2 20 4 18
2 20 5 18
2 20 6 18
2 20 7 18
2 20 8 18
2 20 9 18
2 20 10 9
2 20 11 16
3 20 -11 16
3 20 -10 9
3 20 -9 9
3 20 -8 18
3 20 -7 18
3 20 -6 18
3 20 -5 18
3 20 -4 18
3 20 -3 18
3 20 -2 18
3 20 -1 18
3 20 0 18
3 20 1 18
3 20 2 18
3 20 3 18
3 20 4 18
3 20 5 18
3 20 6 18
3 20 7 18
3 20 8 18
3 20 9 9
3 20 10 9
3 20 11 9
4 20 -10 9
4 20 -9 9
4 20 -8 18
4 20 -7 18
4 20 -6 18
4 20 -5 18
4 20 -4 18
4 20 -3 18
4 20 -2 18
4 20 -1 18
4 20 0 18
4 20 1 18
4 20 2 18
4 20 3 18
4 20 4 18
4 20 5 18
4 20 6 18
4 20 7 18
4 20 8 18
4 20 9 9
4 20 10 9
5 20 -10 9
5 20 -9 9
5 20 -8 9
5 20 -7 18
5 20 -6 18
5 20 -5 18
5 20 -4 18
5 20 -3 18
5 20 -2 18
5 20 -1 18
5 20 0 18
5 20 1 18
5 20 2 18
5 20 3 18
5 20 4 18
5 20 5 18
5 20 6 18
5 20 7 18
5 20 8 9
5 20 9 9
5 20 10 9
6 20 -9 9
6 20 -8 9
6 20 -7 18
6 20 -6 18
6 20 -5 18
6 20 -4 18
6 20 -3 18
6 20 -2 18
6 20 -1 18
6 20 0 18
6 20 1 18
6 20 2 18
6 20 3 18
6 20 4 18
6 20 5 18
6 20 6 18
6 20 7 18
6 20 8 9
6 20 9 16
7 20 -9 16
7 20 -8 17
7 20 -7 16
7 20 -6 18
7 20 -5 18
7 20 -4 18
7 20 -3 18
7 20 -2 18
7 20 -1 18
7 20 0 18
7 20 1 18
7 20 2 18
7 20 3 18
7 20 4 18
7 20 5 18
7 20 6 18
7 20 7 9
7 20 8 17
7 20 9 16
8 20 -10 16
8 20 -9 9
8 20 -8 17
8 20 -7 17
8 20 -6 9
8 20 -5 9
8 20 -4 18
8 20 -3 18
8 20 -2 18
8 20 -1 18
8 20 0 18
8 20 1 18
8 20 2 18
8 20 3 18
8 20 4 18
8 20 5 16
8 20 6 9
8 20 7 17
8 20 8 17
8 20 9 9
8 20 10 9
9 20 -11 9
9 20 -10 9
9 20 -9 16
9 20 -8 9
9 20 -7 16
9 20 -6 16
9 20 -5 16
9 20 -4 9
9 20 -3 9
9 20 -2 18
9 20 -1 18
9 20 0 18
9 20 1 18
9 20 2 18
9 20 3 9
9 20 4 9
9 20 5 16
9 20 6 9
9 20 7 9
9 20 8 9
9 20 9 16
9 20 10 16
9 20 11 16
10 20 -12 9
10 20 -11 9
10 20 -10 16
10 20 -9 9
10 20 -8 9
10 20 -5 9
10 20 -4 9
10 20 -3 9
10 20 -2 9
10 20 -1 9
10 20 0 9
10 20 1 9
10 20 2 9
10 20 3 9
10 20 4 16
10 20 5 9
10 20 8 9
10 20 9 16
10 20 10 9
10 20 11 9
10 20 12 16
11 20 -13 9
11 20 -12 16
11 20 -11 9
11 20 -10 9
11 20 -9 9
11 20 -3 9
11 20 -2 9
11 20 -1 9
11 20 0 17
11 20 1 9
11 20 2 16
11 20 3 9
11 20 9 9
11 20 10 16
11 20 11 9
11 20 12 16
11 20 13 9
12 20 -14 9
12 20 -13 9
12 20 -12 9
12 20 -11 9
12 20 -10 9
12 20 -1 16
12 20 0 9
12 20 1 9
12 20 10 16
12 20 11 9
12 20 12 16
12 20 13 9
12 20 14 9
13 20 -15 16
13 20 -14 9
13 20 -13 9
13 20 -12 9
13 20 -11 9
13 20 -1 9
13 20 0 9
13 20 1 9
13 20 11 9
13 20 12 16
13 20 13 9
13 20 14 9
13 20 15 16
14 20 -16 4
14 20 -15 9
14 20 -14 9
14 20 -13 9
14 20 -12 9
14 20 -1 16
14 20 0 9
14 20 1 9
14 20 12 9
14 20 13 16
14 20 14 16
14 20 15 9
14 20 16 5
15 20 -15 9
15 20 -14 16
15 20 -13 16
15 20 -1 16
15 20 0 9
15 20 1 9
15 20 13 9
15 20 14 16
15 20 15 9
16 20 -14 7
16 20 -1 9
16 20 0 9
16 20 1 9
16 20 14 7
17 20 -1 9
17 20 0 16
17 20 1 16
18 20 -1 9
18 20 0 16
18 20 1 16
19 20 -1 16
19 20 0 9
19 20 1 9
20 20 -1 9
20 20 0 9
20 20 1 9
21 20 -1 7
21 20 0 16
21 20 1 7
-21 21 0 0
-20 21 -1 9
-20 21 0 9
-20 21 1 9
-19 21 -1 9
-19 21 0 16
-19 21 1 9
-18 21 -1 9
-18 21 0 9
-18 21 1 9
-17 21 -1 16
-17 21 0 9
-17 21 1 16
-16 21 -1 9
-16 21 0 9
-16 21 1 9
-15 21 -15 4
-15 21 -14 16
-15 21 -13 9
-15 21 -1 16
-15 21 0 9
-15 21 1 9
-15 21 13 9
-15 21 14 16
-15 21 15 5
-14 21 -15 9
-14 21 -14 9
-14 21 -13 9
-14 21 -12 9
-14 21 -1 9
-14 21 0 9
-14 21 1 16
-14 21 12 9
-14 21 13 9
-14 21 14 9
-14 21 15 9
-13 21 -15 16
-13 21 -14 16
-13 21 -13 9
-13 21 -12 9
-13 21 -11 9
-13 21 -1 9
-13 21 0 9
-13 21 1 16
-13 21 11 9
-13 21 12 9
-13 21 13 9
-13 21 14 16
-13 21 15 9
-12 21 -14 9
-12 21 -13 16
-12 21 -12 9
-12 21 -11 9
-12 21 -10 9
-12 21 -1 9
-12 21 0 9
-12 21 1 9
-12 21 10 16
-12 21 11 16
-12 21 12 9
-12 21 13 9
-12 21 14 9
-11 21 -13 9
-11 21 -12 9
-11 21 -11 9
-11 21 -10 9
-11 21 -9 9
-11 21 -3 9
-11 21 -2 9
-11 21 -1 16
-11 21 0 17
-11 21 1 16
-11 21 2 9
-11 21 3 16
-11 21 9 9
-11 21 10 9
-11 21 11 9
-11 21 12 9
-11 21 13 9
-10 21 -12 16
-10 21 -11 9
-10 21 -10 16
-10 21 -9 16
-10 21 -8 16
-10 21 -5 9
-10 21 -4 28
-10 21 -3 9
-10 21 -2 9
-10 21 -1 9
-10 21 0 9
-10 21 1 9
-10 21 2 9
-10 21 3 9
-10 21 4 28
-10 21 5 9
-10 21 8 16
-10 21 9 16
-10 21 10 9
-10 21 11 9
-10 21 12 9
-9 21 -11 9
-9 21 -10 9
-9 21 -9 9
-9 21 -8 9
-9 21 -7 16
-9 21 -6 9
-9 21 -5 9
-9 21 -4 18
-9 21 -3 9
-9 21 -2 18
-9 21 -1 18
-9 21 0 18
-9 21 1 18
-9 21 2 18
-9 21 3 9
-9 21 4 18
-9 21 5 9
-9 21 6 9
-9 21 7 9
-9 21 8 9
-9 21 9 9
-9 21 10 9
-9 21 11 9
-8 21 -10 9
-8 21 -9 9
-8 21 -8 17
-8 21 -7 17
-8 21 -6 9
-8 21 -5 16
-8 21 -4 18
-8 21 -3 18
-8 21 -2 18
-8 21 -1 18
-8 21 0 18
-8 21 1 18
-8 21 2 18
-8 21 3 18
-8 21 4 18
-8 21 5 16
-8 21 6 9
-8 21 7 17
-8 21 8 17
-8 21 9 9
-8 21 10 9
-7 21 -9 9
-7 21 -8 17
-7 21 -7 9
-7 21 -6 18
-7 21 -5 18
-7 21 -4 18
-7 21 -3 18
-7 21 -2 18
-7 21 -1 18
-7 21 0 18
-7 21 1 18
-7 21 2 18
-7 21 3 18
-7 21 4 18
-7 21 5 18
-7 21 6 18
-7 21 7 9
-7 21 8 17
-7 21 9 9
-6 21 -9 9
-6 21 -8 9
-6 21 -7 18
-6 21 -6 18
-6 21 -5 18
-6 21 -4 18
-6 21 -3 18
-6 21 -2 18
-6 21 -1 18
-6 21 0 18
-6 21 1 18
-6 21 2 18
-6 21 3 18
-6 21 4 18
-6 21 5 18
-6 21 6 18
-6 21 7 18
-6 21 8 9
-6 21 9 9
-5 21 -10 9
-5 21 -9 9
-5 21 -8 9
-5 21 -7 18
-5 21 -6 18
-5 21 -5 18
-5 21 -4 18
-5 21 -3 18
-5 21 -2 18
-5 21 -1 18
-5 21 0 18
-5 21 1 18
-5 21 2 18
-5 21 3 18
-5 21 4 18
-5 21 5 18
-5 21 6 18
-5 21 7 18
-5 21 8 9
-5 21 9 16
-5 21 10 16
-4 21 -10 29
-4 21 -9 18
-4 21 -8 18
-4 21 -7 18
-4 21 -6 18
-4 21 -5 18
-4 21 -4 18
-4 21 -3 18
-4 21 -2 18
-4 21 -1 18
-4 21 0 18
-4 21 1 18
-4 21 2 18
-4 21 3 18
-4 21 4 18
-4 21 5 18
-4 21 6 18
-4 21 7 18
-4 21 8 18
-4 21 9 18
-4 21 10 29
-3 21 -11 16
-3 21 -10 16
-3 21 -9 9
-3 21 -8 18
-3 21 -7 18
-3 21 -6 18
-3 21 -5 18
-3 21 -4 18
-3 21 -3 18
-3 21 -2 18
-3 21 -1 18
-3 21 0 18
-3 21 1 18
-3 21 2 18
-3 21 3 18
-3 21 4 18
-3 21 5 18
-3 21 6 18
-3 21 7 18
-3 21 8 18
-3 21 9 16
-3 21 10 9
-3 21 11 9
-2 21 -11 16
-2 21 -10 9
-2 21 -9 18
-2 21 -8 18
-2 21 -7 18
-2 21 -6 18
-2 21 -5 18
-2 21 -4 18
-2 21 -3 18
-2 21 -2 1
-2 21 -1 1
-2 21 0 18
-2 21 1 18
-2 21 2 18
-2 21 3 18
-2 21 4 18
-2 21 5 18
-2 21 6 18
-2 21 7 18
-2 21 8 18
-2 21 9 18
-2 21 10 9
-2 21 11 16
-1 21 -20 9
-1 21 -19 9
-1 21 -18 9
-1 21 -17 9
-1 21 -16 9
-1 21 -15 9
-1 21 -14 16
-1 21 -13 9
-1 21 -12 16
-1 21 -11 16
-1 21 -10 9
-1 21 -9 18
-1 21 -8 18
-1 21 -7 18
-1 21 -6 18
-1 21 -5 18
-1 21 -4 18
-1 21 -3 18
-1 21 -2 1
-1 21 -1 1
-1 21 0 18
-1 21 1 18
-1 21 2 18
-1 21 3 18
-1 21 4 18
-1 21 5 18
-1 21 6 18
-1 21 7 18
-1 21 8 18
-1 21 9 18
-1 21 10 16
-1 21 11 9
0 21 -21 4
0 21 -20 16
0 21 -19 9
0 21 -18 9
0 21 -17 9
0 21 -16 9
0 21 -15 16
0 21 -14 9
0 21 -13 9
0 21 -12 9
0 21 -11 17
0 21 -10 9
0 21 -9 18
0 21 -8 18
0 21 -7 18
0 21 -6 18
0 21 -5 18
0 21 -4 18
0 21 -3 18
0 21 -2 7
0 21 -1 7
0 21 0 17
0 21 1 18
0 21 2 18
0 21 3 18
0 21 4 18
0 21 5 18
0 21 6 18
0 21 7 18
0 21 8 18
0 21 9 18
0 21 10 16
0 21 11 17
1 21 -20 16
1 21 -19 9
1 21 -18 9
1 21 -17 16
1 21 -16 9
1 21 -15 9
1 21 -14 9
1 21 -13 9
1 21 -12 16
1 21 -11 9
1 21 -10 9
1 21 -9 18
1 21 -8 18
1 21 -7 18
1 21 -6 18
1 21 -5 18
1 21 -4 18
1 21 -3 18
1 21 -2 18
1 21 -1 18
1 21 0 18
1 21 1 18
1 21 2 18
1 21 3 18
1 21 4 18
1 21 5 18
1 21 6 18
1 21 7 18
1 21 8 18
1 21 9 18
1 21 10 9
1 21 11 16
2 21 -11 9
2 21 -10 9
2 21 -9 18
2 21 -8 18
2 21 -7 18
2 21 -6 18
2 21 -5 18
2 21 -4 18
2 21 -3 18
2 21 -2 18
2 21 -1 18
2 21 0 18
2 21 1 18
2 21 2 18
2 21 3 18
2 21 4 18
2 21 5 18
2 21 6 18
2 21 7 18
2 21 8 18
2 21 9 18
2 21 10 9
2 21 11 9
3 21 -11 9
3 21 -10 16
3 21 -9 16
3 21 -8 18
3 21 -7 18
3 21 -6 18
3 21 -5 18
3 21 -4 18
3 21 -3 18
3 21 -2 18
3 21 -1 18
3 21 0 18
3 21 1 18
3 21 2 18
3 21 3 18
3 21 4 18
3 21 5 18
3 21 6 18
3 21 7 18
3 21 8 18
3 21 9 9
3 21 10 9
3 21 11 16
4 21 -10 29
4 21 -9 18
4 21 -8 18
4 21 -7 18
4 21 -6 18
4 21 -5 18
4 21 -4 18
4 21 -3 18
4 21 -2 18
4 21 -1 18
4 21 0 18
4 21 1 18
4 21 2 18
4 21 3 18
4 21 4 18
4 21 5 18
4 21 6 18
4 21 7 18
4 21 8 18
4 21 9 18
4 21 10 29
5 21 -10 9
5 21 -9 16
5 21 -8 9
5 21 -7 18
5 21 -6 18
5 21 -5 18
5 21 -4 18
5 21 -3 18
5 21 -2 18
5 21 -1 18
5 21 0 18
5 21 1 18
5 21 2 18
5 21 3 18
5 21 4 18
5 21 5 18
5 21 6 18
5 21 7 18
5 21 8 9
5 21 9 9
5 21 10 16
6 21 -9 9
6 21 -8 9
6 21 -7 18
6 21 -6 18
6 21 -5 18
6 21 -4 18
6 21 -3 18
6 21 -2 18
6 21 -1 18
6 21 0 18
6 21 1 18
6 21 2 18
6 21 3 18
6 21 4 18
6 21 5 18
6 21 6 18
6 21 7 18
6 21 8 16
6 21 9 16
7 21 -9 9
7 21 -8 17
7 21 -7 9
7 21 -6 18
7 21 -5 18
7 21 -4 18
7 21 -3 18
7 21 -2 18
7 21 -1 18
7 21 0 18
7 21 1 18
7 21 2 18
7 21 3 18
7 21 4 18
7 21 5 18
7 21 6 18
7 21 7 9
7 21 8 17
7 21 9 9
8 21 -10 9
8 21 -9 9
8 21 -8 17
8 21 -7 17
8 21 -6 16
8 21 -5 9
8 21 -4 18
8 21 -3 18
8 21 -2 18
8 21 -1 18
8 21 0 18
8 21 1 18
8 21 2 18
8 21 3 18
8 21 4 18
8 21 5 9
8 21 6 9
8 21 7 17
8 21 8 17
8 21 9 9
8 21 10 9
9 21 -11 9
9 21 -10 16
9 21 -9 9
9 21 -8 9
9 21 -7 9
9 21 -6 9
9 21 -5 9
9 21 -4 18
9 21 -3 9
9 21 -2 18
9 21 -1 18
9 21 0 18
9 21 1 18
9 21 2 18
9 21 3 9
9 21 4 18
9 21 5 9
9 21 6 9
9 21 7 16
9 21 8 9
9 21 9 9
9 21 10 9
9 21 11 9
10 21 -12 9
10 21 -11 9
10 21 -10 9
10 21 -9 9
10 21 -8 9
10 21 -5 16
10 21 -4 28
10 21 -3 9
10 21 -2 9
10 21 -1 9
10 21 0 9
10 21 1 9
10 21 2 9
10 21 3 9
10 21 4 28
10 21 5 9
10 21 8 9
10 21 9 9
10 21 10 16
10 21 11 9
10 21 12 9
11 21 -13 9
11 21 -12 16
11 21 -11 9
11 21 -10 9
11 21 -9 9
11 21 -3 16
11 21 -2 9
11 21 -1 16
11 21 0 17
11 21 1 16
11 21 2 9
11 21 3 9
11 21 9 9
11 21 10 9
11 21 11 9
11 21 12 9
11 21 13 9
12 21 -14 9
12 21 -13 16
12 21 -12 9
12 21 -11 9
12 21 -10 16
12 21 -1 9
12 21 0 16
12 21 1 16
12 21 10 9
12 21 11 9
12 21 12 9
12 21 13 9
12 21 14 9
13 21 -15 9
13 21 -14 9
13 21 -13 9
13 21 -12 16
13 21 -11 9
13 21 -1 16
13 21 0 9
13 21 1 9
13 21 11 9
13 21 12 9
13 21 13 9
13 21 14 9
13 21 15 16
14 21 -15 9
14 21 -14 9
14 21 -13 9
14 21 -12 9
14 21 -1 9
14 21 0 9
14 21 1 9
14 21 12 16
14 21 13 9
14 21 14 9
14 21 15 9
15 21 -15 4
15 21 -14 9
15 21 -13 9
15 21 -1 9
15 21 0 9
15 21 1 16
15 21 13 9
15 21 14 9
15 21 15 5
16 21 -1 9
16 21 0 9
16 21 1 9
17 21 -1 16
17 21 0 9
17 21 1 16
18 21 -1 16
18 21 0 9
18 21 1 9
19 21 -1 9
19 21 0 9
19 21 1 9
20 21 -1 9
20 21 0 9
20 21 1 16
21 21 0 7
-20 22 -1 9
-20 22 0 16
-20 22 1 16
-19 22 -1 9
-19 22 0 9
-19 22 1 16
-18 22 -1 16
-18 22 0 9
-18 22 1 9
-17 22 -1 9
-17 22 0 9
-17 22 1 9
-16 22 -1 9
-16 22 0 9
-16 22 1 9
-15 22 -14 0
-15 22 -13 9
-15 22 -1 9
-15 22 0 16
-15 22 1 9
-15 22 13 9
-15 22 14 0
-14 22 -15 4
-14 22 -14 9
-14 22 -13 9
-14 22 -12 16
-14 22 -1 9
-14 22 0 9
-14 22 1 9
-14 22 12 16
-14 22 13 9
-14 22 14 9
-14 22 15 5
-13 22 -15 9
-13 22 -14 9
-13 22 -13 9
-13 22 -12 9
-13 22 -11 9
-13 22 -1 9
-13 22 0 9
-13 22 1 9
-13 22 11 9
-13 22 12 9
-13 22 13 9
-13 22 14 9
-13 22 15 16
-12 22 -14 9
-12 22 -13 9
-12 22 -12 9
-12 22 -11 9
-12 22 -10 9
-12 22 -1 9
-12 22 0 9
-12 22 1 9
-12 22 10 9
-12 22 11 16
-12 22 12 9
-12 22 13 9
-12 22 14 9
-11 22 -13 9
-11 22 -12 9
-11 22 -11 9
-11 22 -10 9
-11 22 -9 9
-11 22 -3 9
-11 22 -2 16
-11 22 -1 9
-11 22 0 17
-11 22 1 9
-11 22 2 9
-11 22 3 9
-11 22 9 9
-11 22 10 16
-11 22 11 9
-11 22 12 9
-11 22 13 9
-10 22 -12 9
-10 22 -11 9
-10 22 -10 9
-10 22 -9 9
-10 22 -8 9
-10 22 -5 9
-10 22 -4 28
-10 22 -3 9
-10 22 -2 16
-10 22 -1 9
-10 22 0 16
-10 22 1 16
-10 22 2 9
-10 22 3 9
-10 22 4 28
-10 22 5 9
-10 22 8 9
-10 22 9 16
-10 22 10 16
-10 22 11 9
-10 22 12 9
-9 22 -11 9
-9 22 -10 9
-9 22 -9 9
-9 22 -8 9
-9 22 -7 9
-9 22 -6 9
-9 22 -5 9
-9 22 -4 18
-9 22 -3 16
-9 22 -2 18
-9 22 -1 18
-9 22 0 18
-9 22 1 18
-9 22 2 18
-9 22 3 16
-9 22 4 18
-9 22 5 16
-9 22 6 9
-9 22 7 16
-9 22 8 16
-9 22 9 9
-9 22 10 9
-9 22 11 9
-8 22 -10 9
-8 22 -9 9
-8 22 -8 17
-8 22 -7 17
-8 22 -6 9
-8 22 -5 16
-8 22 -4 18
-8 22 -3 18
-8 22 -2 18
-8 22 -1 18
-8 22 0 18
-8 22 1 18
-8 22 2 18
-8 22 3 18
-8 22 4 18
-8 22 5 16
-8 22 6 9
-8 22 7 17
-8 22 8 17
-8 22 9 16
-8 22 10 9
-7 22 -9 9
-7 22 -8 17
-7 22 -7 9
-7 22 -6 18
-7 22 -5 18
-7 22 -4 18
-7 22 -3 18
-7 22 -2 18
-7 22 -1 18
-7 22 0 18
-7 22 1 18
-7 22 2 18
-7 22 3 18
-7 22 4 18
-7 22 5 18
-7 22 6 18
-7 22 7 9
-7 22 8 17
-7 22 9 9
-6 22 -9 9
-6 22 -8 9
-6 22 -7 18
-6 22 -6 18
-6 22 -5 18
-6 22 -4 18
-6 22 -3 18
-6 22 -2 18
-6 22 -1 18
-6 22 0 18
-6 22 1 18
-6 22 2 18
-6 22 3 18
-6 22 4 18
-6 22 5 18
-6 22 6 18
-6 22 7 18
-6 22 8 9
-6 22 9 9
-5 22 -10 16
-5 22 -9 16
-5 22 -8 9
-5 22 -7 18
-5 22 -6 18
-5 22 -5 18
-5 22 -4 18
-5 22 -3 18
-5 22 -2 18
-5 22 -1 18
-5 22 0 18
-5 22 1 18
-5 22 2 18
-5 22 3 18
-5 22 4 18
-5 22 5 18
-5 22 6 18
-5 22 7 18
-5 22 8 9
-5 22 9 9
-5 22 10 9
-4 22 -10 29
-4 22 -9 18
-4 22 -8 18
-4 22 -7 18
-4 22 -6 18
-4 22 -5 18
-4 22 -4 18
-4 22 -3 18
-4 22 -2 18
-4 22 -1 18
-4 22 0 18
-4 22 1 18
-4 22 2 18
-4 22 3 18
-4 22 4 18
-4 22 5 18
-4 22 6 18
-4 22 7 18
-4 22 8 18
-4 22 9 18
-4 22 10 29
-3 22 -11 16
-3 22 -10 16
-3 22 -9 9
-3 22 -8 18
-3 22 -7 18
-3 22 -6 18
-3 22 -5 18
-3 22 -4 18
-3 22 -3 18
-3 22 -2 18
-3 22 -1 18
-3 22 0 18
-3 22 1 18
-3 22 2 18
-3 22 3 18
-3 22 4 18
-3 22 5 18
-3 22 6 18
-3 22 7 18
-3 22 8 18
-3 22 9 9
-3 22 10 9
-3 22 11 9
-2 22 -11 9
-2 22 -10 9
-2 22 -9 18
-2 22 -8 18
-2 22 -7 18
-2 22 -6 18
-2 22 -5 18
-2 22 -4 18
-2 22 -3 18
-2 22 -2 18
-2 22 -1 18
-2 22 0 4
-2 22 1 1
-2 22 2 1
-2 22 3 18
-2 22 4 18
-2 22 5 18
-2 22 6 18
-2 22 7 18
-2 22 8 18
-2 22 9 18
-2 22 10 16
-2 22 11 9
-1 22 -20 9
-1 22 -19 9
-1 22 -18 9
-1 22 -17 9
-1 22 -16 9
-1 22 -15 16
-1 22 -14 9
-1 22 -13 9
-1 22 -12 16
-1 22 -11 9
-1 22 -10 16
-1 22 -9 18
-1 22 -8 18
-1 22 -7 18
-1 22 -6 18
-1 22 -5 18
-1 22 -4 18
-1 22 -3 18
-1 22 -2 18
-1 22 -1 18
-1 22 0 4
-1 22 1 1
-1 22 2 1
-1 22 3 18
-1 22 4 18
-1 22 5 18
-1 22 6 18
-1 22 7 18
-1 22 8 18
-1 22 9 18
-1 22 10 9
-1 22 11 9
0 22 -20 9
0 22 -19 9
0 22 -18 9
0 22 -17 16
0 22 -16 16
0 22 -15 9
0 22 -14 9
0 22 -13 9
0 22 -12 9
0 22 -11 17
0 22 -10 9
0 22 -9 18
0 22 -8 18
0 22 -7 18
0 22 -6 18
0 22 -5 18
0 22 -4 18
0 22 -3 18
0 22 -2 18
0 22 -1 18
0 22 0 17
0 22 1 18
0 22 2 18
0 22 3 18
0 22 4 18
0 22 5 18
0 22 6 18
0 22 7 18
0 22 8 18
0 22 9 18
0 22 10 9
0 22 11 17
1 22 -20 9
1 22 -19 9
1 22 -18 9
1 22 -17 9
1 22 -16 16
1 22 -15 16
1 22 -14 9
1 22 -13 16
1 22 -12 16
1 22 -11 9
1 22 -10 16
1 22 -9 18
1 22 -8 18
1 22 -7 18
1 22 -6 18
1 22 -5 18
1 22 -4 18
1 22 -3 18
1 22 -2 18
1 22 -1 18
1 22 0 18
1 22 1 18
1 22 2 18
1 22 3 18
1 22 4 18
1 22 5 18
1 22 6 18
1 22 7 18
1 22 8 18
1 22 9 18
1 22 10 9
1 22 11 9
2 22 -11 16
2 22 -10 16
2 22 -9 18
2 22 -8 18
2 22 -7 18
2 22 -6 18
2 22 -5 18
2 22 -4 18
2 22 -3 18
2 22 -2 18
2 22 -1 18
2 22 0 18
2 22 1 18
2 22 2 18
2 22 3 18
2 22 4 18
2 22 5 18
2 22 6 18
2 22 7 18
2 22 8 18
2 22 9 18
2 22 10 9
2 22 11 16
3 22 -11 9
3 22 -10 16
3 22 -9 9
3 22 -8 18
3 22 -7 18
3 22 -6 18
3 22 -5 18
3 22 -4 18
3 22 -3 18
3 22 -2 18
3 22 -1 18
3 22 0 18
3 22 1 18
3 22 2 18
3 22 3 18
3 22 4 18
3 22 5 18
3 22 6 18
3 22 7 18
3 22 8 18
3 22 9 9
3 22 10 9
3 22 11 16
4 22 -10 29
4 22 -9 18
4 22 -8 18
4 22 -7 18
4 22 -6 18
4 22 -5 18
4 22 -4 18
4 22 -3 18
4 22 -2 18
4 22 -1 18
4 22 0 18
4 22 1 18
4 22 2 18
4 22 3 18
4 22 4 18
4 22 5 18
4 22 6 18
4 22 7 18
4 22 8 18
4 22 9 18
4 22 10 29
5 22 -10 9
5 22 -9 9
5 22 -8 9
5 22 -7 18
5 22 -6 18
5 22 -5 18
5 22 -4 18
5 22 -3 18
5 22 -2 18
5 22 -1 18
5 22 0 18
5 22 1 18
5 22 2 18
5 22 3 18
5 22 4 18
5 22 5 18
5 22 6 18
5 22 7 18
5 22 8 16
5 22 9 16
5 22 10 9
6 22 -9 9
6 22 -8 9
6 22 -7 18
6 22 -6 18
6 22 -5 18
6 22 -4 18
6 22 -3 18
6 22 -2 18
6 22 -1 18
6 22 0 18
6 22 1 18
6 22 2 18
6 22 3 18
6 22 4 18
6 22 5 18
6 22 6 18
6 22 7 18
6 22 8 16
6 22 9 9
7 22 -9 9
7 22 -8 17
7 22 -7 9
7 22 -6 18
7 22 -5 18
7 22 -4 18
7 22 -3 18
7 22 -2 18
7 22 -1 18
7 22 0 18
7 22 1 18
7 22 2 18
7 22 3 18
7 22 4 18
7 22 5 18
7 22 6 18
7 22 7 9
7 22 8 17
7 22 9 9
8 22 -10 9
8 22 -9 16
8 22 -8 17
8 22 -7 17
8 22 -6 16
8 22 -5 9
8 22 -4 18
8 22 -3 18
8 22 -2 18
8 22 -1 18
8 22 0 18
8 22 1 18
8 22 2 18
8 22 3 18
8 22 4 18
8 22 5 9
8 22 6 9
8 22 7 17
8 22 8 17
8 22 9 9
8 22 10 9
9 22 -11 9
9 22 -10 9
9 22 -9 9
9 22 -8 9
9 22 -7 16
9 22 -6 9
9 22 -5 16
9 22 -4 18
9 22 -3 16
9 22 -2 18
9 22 -1 18
9 22 0 18
9 22 1 18
9 22 2 18
9 22 3 16
9 22 4 18
9 22 5 9
9 22 6 9
9 22 7 9
9 22 8 16
9 22 9 9
9 22 10 16
9 22 11 9
10 22 -12 9
10 22 -11 9
10 22 -10 16
10 22 -9 9
10 22 -8 9
10 22 -5 16
10 22 -4 28
10 22 -3 9
10 22 -2 9
10 22 -1 9
10 22 0 9
10 22 1 16
10 22 2 16
10 22 3 9
10 22 4 28
10 22 5 16
10 22 8 9
10 22 9 9
10 22 10 9
10 22 11 9
10 22 12 9
11 22 -13 9
11 22 -12 9
11 22 -11 9
11 22 -10 9
11 22 -9 9
11 22 -3 9
11 22 -2 9
11 22 -1 9
11 22 0 17
11 22 1 9
11 22 2 9
11 22 3 9
11 22 9 9
11 22 10 16
11 22 11 9
11 22 12 16
11 22 13 9
12 22 -14 9
12 22 -13 16
12 22 -12 9
12 22 -11 9
12 22 -10 9
12 22 -1 9
12 22 0 16
12 22 1 9
12 22 10 9
12 22 11 9
12 22 12 9
12 22 13 9
12 22 14 16
13 22 -15 16
13 22 -14 16
13 22 -13 9
13 22 -12 9
13 22 -11 9
13 22 -1 9
13 22 0 9
13 22 1 9
13 22 11 9
13 22 12 9
13 22 13 9
13 22 14 9
13 22 15 9
14 22 -15 4
14 22 -14 9
14 22 -13 9
14 22 -12 9
14 22 -1 16
14 22 0 16
14 22 1 9
14 22 12 9
14 22 13 9
14 22 14 9
14 22 15 5
15 22 -14 7
15 22 -13 9
15 22 -1 9
15 22 0 9
15 22 1 9
15 22 13 9
15 22 14 7
16 22 -1 9
16 22 0 9
16 22 1 16
17 22 -1 9
17 22 0 9
17 22 1 9
18 22 -1 16
18 22 0 16
18 22 1 9
19 22 -1 16
19 22 0 16
19 22 1 9
20 22 -1 9
20 22 0 9
20 22 1 16
-20 23 -1 9
-20 23 0 9
-20 23 1 9
-19 23 -1 9
-19 23 0 9
-19 23 1 9
-18 23 -1 9
-18 23 0 16
-18 23 1 9
-17 23 -1 9
-17 23 0 9
-17 23 1 9
-16 23 -1 9
-16 23 0 9
-16 23 1 9
-15 23 -13 9
-15 23 -1 9
-15 23 0 9
-15 23 1 9
-15 23 13 9
-14 23 -14 16
-14 23 -13 9
-14 23 -12 9
-14 23 -1 9
-14 23 0 9
-14 23 1 9
-14 23 12 9
-14 23 13 9
-14 23 14 9
-13 23 -15 9
-13 23 -14 16
-13 23 -13 9
-13 23 -12 16
-13 23 -11 9
-13 23 -1 16
-13 23 0 16
-13 23 1 9
-13 23 11 9
-13 23 12 16
-13 23 13 9
-13 23 14 9
-13 23 15 9
-12 23 -14 9
-12 23 -13 9
-12 23 -12 9
-12 23 -11 9
-12 23 -10 9
-12 23 -1 16
-12 23 0 9
-12 23 1 9
-12 23 10 9
-12 23 11 9
-12 23 12 9
-12 23 13 9
-12 23 14 9
-11 23 -13 9
-11 23 -12 9
-11 23 -11 9
-11 23 -10 9
-11 23 -9 16
-11 23 -3 9
-11 23 -2 9
-11 23 -1 9
-11 23 0 17
-11 23 1 9
-11 23 2 9
-11 23 3 16
-11 23 9 9
-11 23 10 9
-11 23 11 9
-11 23 12 9
-11 23 13 16
-10 23 -12 9
-10 23 -11 9
-10 23 -10 9
-10 23 -9 9
-10 23 -8 16
-10 23 -5 9
-10 23 -4 28
-10 23 -3 9
-10 23 -2 9
-10 23 -1 16
-10 23 0 9
-10 23 1 16
-10 23 2 9
-10 23 3 9
-10 23 4 28
-10 23 5 9
-10 23 8 9
-10 23 9 9
-10 23 10 9
-10 23 11 9
-10 23 12 9
-9 23 -11 16
-9 23 -10 9
-9 23 -9 9
-9 23 -8 16
-9 23 -7 9
-9 23 -6 9
-9 23 -5 9
-9 23 -4 18
-9 23 -3 9
-9 23 -2 18
-9 23 -1 18
-9 23 0 18
-9 23 1 18
-9 23 2 18
-9 23 3 9
-9 23 4 18
-9 23 5 9
-9 23 6 9
-9 23 7 9
-9 23 8 9
-9 23 9 9
-9 23 10 16
-9 23 11 9
-8 23 -10 9
-8 23 -9 16
-8 23 -8 17
-8 23 -7 17
-8 23 -6 9
-8 23 -5 16
-8 23 -4 18
-8 23 -3 18
-8 23 -2 18
-8 23 -1 18
-8 23 0 18
-8 23 1 18
-8 23 2 18
-8 23 3 18
-8 23 4 18
-8 23 5 9
-8 23 6 16
-8 23 7 17
-8 23 8 17
-8 23 9 9
-8 23 10 16
-7 23 -9 9
-7 23 -8 17
-7 23 -7 9
-7 23 -6 18
-7 23 -5 18
-7 23 -4 18
-7 23 -3 18
-7 23 -2 18
-7 23 -1 18
-7 23 0 18
-7 23 1 18
-7 23 2 18
-7 23 3 18
-7 23 4 18
-7 23 5 18
-7 23 6 18
-7 23 7 9
-7 23 8 17
-7 23 9 9
-6 23 -9 9
-6 23 -8 9
-6 23 -7 18
-6 23 -6 18
-6 23 -5 18
-6 23 -4 18
-6 23 -3 18
-6 23 -2 18
-6 23 -1 18
-6 23 0 18
-6 23 1 18
-6 23 2 18
-6 23 3 18
-6 23 4 18
-6 23 5 18
-6 23 6 18
-6 23 7 18
-6 23 8 9
-6 23 9 9
-5 23 -10 9
-5 23 -9 9
-5 23 -8 16
-5 23 -7 18
-5 23 -6 18
-5 23 -5 18
-5 23 -4 18
-5 23 -3 18
-5 23 -2 18
-5 23 -1 18
-5 23 0 18
-5 23 1 18
-5 23 2 18
-5 23 3 18
-5 23 4 18
-5 23 5 18
-5 23 6 18
-5 23 7 18
-5 23 8 16
-5 23 9 9
-5 23 10 9
-4 23 -10 29
-4 23 -9 18
-4 23 -8 18
-4 23 -7 18
-4 23 -6 18
-4 23 -5 18
-4 23 -4 18
-4 23 -3 18
-4 23 -2 18
-4 23 -1 18
-4 23 0 18
-4 23 1 18
-4 23 2 18
-4 23 3 18
-4 23 4 18
-4 23 5 18
-4 23 6 18
-4 23 7 18
-4 23 8 18
-4 23 9 18
-4 23 10 29
-3 23 -11 9
-3 23 -10 9
-3 23 -9 9
-3 23 -8 18
-3 23 -7 18
-3 23 -6 18
-3 23 -5 18
-3 23 -4 18
-3 23 -3 18
-3 23 -2 18
-3 23 -1 18
-3 23 0 18
-3 23 1 18
-3 23 2 18
-3 23 3 18
-3 23 4 18
-3 23 5 18
-3 23 6 18
-3 23 7 18
-3 23 8 18
-3 23 9 9
-3 23 10 9
-3 23 11 9
-2 23 -11 9
-2 23 -10 9
-2 23 -9 18
-2 23 -8 18
-2 23 -7 18
-2 23 -6 18
-2 23 -5 18
-2 23 -4 18
-2 23 -3 18
-2 23 -2 18
-2 23 -1 18
-2 23 0 18
-2 23 1 18
-2 23 2 18
-2 23 3 18
-2 23 4 18
-2 23 5 18
-2 23 6 18
-2 23 7 18
-2 23 8 18
-2 23 9 18
-2 23 10 9
-2 23 11 9
-1 23 -20 9
-1 23 -19 9
-1 23 -18 9
-1 23 -17 9
-1 23 -16 9
-1 23 -15 9
-1 23 -14 9
-1 23 -13 9
-1 23 -12 9
-1 23 -11 9
-1 23 -10 9
-1 23 -9 18
-1 23 -8 18
-1 23 -7 18
-1 23 -6 18
-1 23 -5 18
-1 23 -4 18
-1 23 -3 18
-1 23 -2 18
-1 23 -1 18
-1 23 0 18
-1 23 1 18
-1 23 2 18
-1 23 3 18
-1 23 4 18
-1 23 5 18
-1 23 6 18
-1 23 7 18
-1 23 8 18
-1 23 9 18
-1 23 10 9
-1 23 11 9
0 23 -20 9
0 23 -19 9
0 23 -18 9
0 23 -17 9
0 23 -16 9
0 23 -15 16
0 23 -14 9
0 23 -13 16
0 23 -12 9
0 23 -11 17
0 23 -10 9
0 23 -9 18
0 23 -8 18
0 23 -7 18
0 23 -6 18
0 23 -5 18
0 23 -4 18
0 23 -3 18
0 23 -2 18
0 23 -1 18
0 23 0 17
0 23 1 0
0 23 2 0
0 23 3 18
0 23 4 18
0 23 5 18
0 23 6 18
0 23 7 18
0 23 8 18
0 23 9 18
0 23 10 9
0 23 11 17
1 23 -20 9
1 23 -19 9
1 23 -18 9
1 23 -17 16
1 23 -16 9
1 23 -15 16
1 23 -14 16
1 23 -13 9
1 23 -12 9
1 23 -11 9
1 23 -10 9
1 23 -9 18
1 23 -8 18
1 23 -7 18
1 23 -6 18
1 23 -5 18
1 23 -4 18
1 23 -3 18
1 23 -2 18
1 23 -1 18
1 23 0 18
1 23 1 1
1 23 2 1
1 23 3 18
1 23 4 18
1 23 5 18
1 23 6 18
1 23 7 18
1 23 8 18
1 23 9 18
1 23 10 9
1 23 11 9
2 23 -11 16
2 23 -10 9
2 23 -9 18
2 23 -8 18
2 23 -7 18
2 23 -6 18
2 23 -5 18
2 23 -4 18
2 23 -3 18
2 23 -2 18
2 23 -1 18
2 23 0 18
2 23 1 1
2 23 2 1
2 23 3 18
2 23 4 18
2 23 5 18
2 23 6 18
2 23 7 18
2 23 8 18
2 23 9 18
2 23 10 9
2 23 11 9
3 23 -11 9
3 23 -10 9
3 23 -9 9
3 23 -8 18
3 23 -7 18
3 23 -6 18
3 23 -5 18
3 23 -4 18
3 23 -3 18
3 23 -2 18
3 23 -1 18
3 23 0 18
3 23 1 18
3 23 2 18
3 23 3 18
3 23 4 18
3 23 5 18
3 23 6 18
3 23 7 18
3 23 8 18
3 23 9 9
3 23 10 9
3 23 11 9
4 23 -10 29
4 23 -9 18
4 23 -8 18
4 23 -7 18
4 23 -6 18
4 23 -5 18
4 23 -4 18
4 23 -3 18
4 23 -2 18
4 23 -1 18
4 23 0 18
4 23 1 18
4 23 2 18
4 23 3 18
4 23 4 18
4 23 5 18
4 23 6 18
4 23 7 18
4 23 8 18
4 23 9 18
4 23 10 29
5 23 -10 9
5 23 -9 9
5 23 -8 9
5 23 -7 18
5 23 -6 18
5 23 -5 18
5 23 -4 18
5 23 -3 18
5 23 -2 18
5 23 -1 18
5 23 0 18
5 23 1 18
5 23 2 18
5 23 3 18
5 23 4 18
5 23 5 18
5 23 6 18
5 23 7 18
5 23 8 9
5 23 9 9
5 23 10 16
6 23 -9 9
6 23 -8 9
6 23 -7 18
6 23 -6 18
6 23 -5 18
6 23 -4 18
6 23 -3 18
6 23 -2 18
6 23 -1 18
6 23 0 18
6 23 1 18
6 23 2 18
6 23 3 18
6 23 4 18
6 23 5 18
6 23 6 18
6 23 7 18
6 23 8 16
6 23 9 16
7 23 -9 9
7 23 -8 17
7 23 -7 9
7 23 -6 18
7 23 -5 18
7 23 -4 18
7 23 -3 18
7 23 -2 18
7 23 -1 18
7 23 0 18
7 23 1 18
7 23 2 18
7 23 3 18
7 23 4 18
7 23 5 18
7 23 6 18
7 23 7 9
7 23 8 17
7 23 9 9
8 23 -10 9
8 23 -9 16
8 23 -8 17
8 23 -7 17
8 23 -6 9
8 23 -5 16
8 23 -4 18
8 23 -3 18
8 23 -2 18
8 23 -1 18
8 23 0 18
8 23 1 18
8 23 2 18
8 23 3 18
8 23 4 18
8 23 5 9
8 23 6 9
8 23 7 17
8 23 8 17
8 23 9 9
8 23 10 9
9 23 -11 9
9 23 -10 9
9 23 -9 9
9 23 -8 9
9 23 -7 9
9 23 -6 9
9 23 -5 9
9 23 -4 18
9 23 -3 9
9 23 -2 18
9 23 -1 18
9 23 0 18
9 23 1 18
9 23 2 18
9 23 3 9
9 23 4 18
9 23 5 9
9 23 6 16
9 23 7 9
9 23 8 9
9 23 9 9
9 23 10 9
9 23 11 16
10 23 -12 16
10 23 -11 16
10 23 -10 9
10 23 -9 16
10 23 -8 9
10 23 -5 9
10 23 -4 28
10 23 -3 16
10 23 -2 9
10 23 -1 9
10 23 0 16
10 23 1 9
10 23 2 9
10 23 3 9
10 23 4 28
10 23 5 9
10 23 8 9
10 23 9 9
10 23 10 9
10 23 11 9
10 23 12 9
11 23 -13 16
11 23 -12 9
11 23 -11 9
11 23 -10 9
11 23 -9 9
11 23 -3 16
11 23 -2 9
11 23 -1 9
11 23 0 17
11 23 1 9
11 23 2 16
11 23 3 9
11 23 9 16
11 23 10 9
11 23 11 9
11 23 12 16
11 23 13 9
12 23 -14 16
12 23 -13 9
12 23 -12 9
12 23 -11 9
12 23 -10 16
12 23 -1 9
12 23 0 9
12 23 1 9
12 23 10 9
12 23 11 16
12 23 12 9
12 23 13 9
12 23 14 9
13 23 -15 9
13 23 -14 9
13 23 -13 9
13 23 -12 9
13 23 -11 9
13 23 -1 9
13 23 0 9
13 23 1 16
13 23 11 9
13 23 12 9
13 23 13 9
13 23 14 9
13 23 15 9
14 23 -14 9
14 23 -13 9
14 23 -12 9
14 23 -1 9
14 23 0 9
14 23 1 9
14 23 12 9
14 23 13 16
14 23 14 16
15 23 -13 9
15 23 -1 9
15 23 0 9
15 23 1 9
15 23 13 9
16 23 -1 9
16 23 0 9
16 23 1 16
17 23 -1 9
17 23 0 9
17 23 1 9
18 23 -1 9
18 23 0 9
18 23 1 9
19 23 -1 9
19 23 0 9
19 23 1 9
20 23 -1 9
20 23 0 9
20 23 1 9
-20 24 -1 9
-20 24 0 9
-20 24 1 9
-19 24 -1 9
-19 24 0 9
-19 24 1 9
-18 24 -1 16
-18 24 0 16
-18 24 1 9
-17 24 -1 9
-17 24 0 16
-17 24 1 9
-16 24 -1 9
-16 24 0 16
-16 24 1 9
-15 24 -13 0
-15 24 -1 9
-15 24 0 9
-15 24 1 9
-15 24 13 0
-14 24 -14 16
-14 24 -13 9
-14 24 -12 16
-14 24 -1 9
-14 24 0 9
-14 24 1 9
-14 24 12 16
-14 24 13 9
-14 24 14 9
-13 24 -15 4
-13 24 -14 9
-13 24 -13 16
-13 24 -12 9
-13 24 -11 16
-13 24 -1 9
-13 24 0 9
-13 24 1 9
-13 24 11 9
-13 24 12 16
-13 24 13 9
-13 24 14 16
-13 24 15 5
-12 24 -14 9
-12 24 -13 9
-12 24 -12 9
-12 24 -11 9
-12 24 -10 16
-12 24 -1 16
-12 24 0 16
-12 24 1 9
-12 24 10 9
-12 24 11 9
-12 24 12 9
-12 24 13 16
-12 24 14 9
-11 24 -13 16
-11 24 -12 16
-11 24 -11 16
-11 24 -10 16
-11 24 -9 9
-11 24 -3 9
-11 24 -2 9
-11 24 -1 9
-11 24 0 17
-11 24 1 16
-11 24 2 16
-11 24 3 9
-11 24 9 9
-11 24 10 9
-11 24 11 9
-11 24 12 9
-11 24 13 9
-10 24 -12 9
-10 24 -11 9
-10 24 -10 9
-10 24 -9 9
-10 24 -8 9
-10 24 -5 9
-10 24 -4 9
-10 24 -3 9
-10 24 -2 9
-10 24 -1 9
-10 24 0 9
-10 24 1 9
-10 24 2 9
-10 24 3 9
-10 24 4 9
-10 24 5 16
-10 24 8 9
-10 24 9 9
-10 24 10 9
-10 24 11 16
-10 24 12 9
-9 24 -11 9
-9 24 -10 9
-9 24 -9 9
-9 24 -8 16
-9 24 -7 16
-9 24 -6 9
-9 24 -5 16
-9 24 -4 9
-9 24 -3 9
-9 24 -2 18
-9 24 -1 18
-9 24 0 18
-9 24 1 18
-9 24 2 18
-9 24 3 16
-9 24 4 9
-9 24 5 9
-9 24 6 9
-9 24 7 16
-9 24 8 9
-9 24 9 9
-9 24 10 9
-9 24 11 9
-8 24 -10 16
-8 24 -9 16
-8 24 -8 17
-8 24 -7 17
-8 24 -6 16
-8 24 -5 9
-8 24 -4 18
-8 24 -3 18
-8 24 -2 18
-8 24 -1 18
-8 24 0 18
-8 24 1 18
-8 24 2 18
-8 24 3 18
-8 24 4 18
-8 24 5 9
-8 24 6 16
-8 24 7 17
-8 24 8 17
-8 24 9 9
-8 24 10 9
-7 24 -9 9
-7 24 -8 17
-7 24 -7 9
-7 24 -6 18
-7 24 -5 18
-7 24 -4 18
-7 24 -3 18
-7 24 -2 18
-7 24 -1 18
-7 24 0 18
-7 24 1 18
-7 24 2 18
-7 24 3 18
-7 24 4 18
-7 24 5 18
-7 24 6 18
-7 24 7 9
-7 24 8 17
-7 24 9 9
-6 24 -9 9
-6 24 -8 9
-6 24 -7 18
-6 24 -6 18
-6 24 -5 18
-6 24 -4 18
-6 24 -3 18
-6 24 -2 18
-6 24 -1 18
-6 24 0 18
-6 24 1 18
-6 24 2 18
-6 24 3 18
-6 24 4 18
-6 24 5 18
-6 24 6 18
-6 24 7 18
-6 24 8 9
-6 24 9 16
-5 24 -10 9
-5 24 -9 9
-5 24 -8 9
-5 24 -7 18
-5 24 -6 18
-5 24 -5 18
-5 24 -4 18
-5 24 -3 18
-5 24 -2 18
-5 24 -1 18
-5 24 0 18
-5 24 1 18
-5 24 2 18
-5 24 3 18
-5 24 4 18
-5 24 5 18
-5 24 6 18
-5 24 7 18
-5 24 8 9
-5 24 9 9
-5 24 10 16
-4 24 -10 9
-4 24 -9 9
-4 24 -8 18
-4 24 -7 18
-4 24 -6 18
-4 24 -5 18
-4 24 -4 18
-4 24 -3 18
-4 24 -2 18
-4 24 -1 18
-4 24 0 18
-4 24 1 18
-4 24 2 18
-4 24 3 18
-4 24 4 18
-4 24 5 18
-4 24 6 18
-4 24 7 18
-4 24 8 18
-4 24 9 9
-4 24 10 9
-3 24 -11 16
-3 24 -10 9
-3 24 -9 16
-3 24 -8 18
-3 24 -7 18
-3 24 -6 18
-3 24 -5 18
-3 24 -4 18
-3 24 -3 18
-3 24 -2 18
-3 24 -1 18
-3 24 0 18
-3 24 1 18
-3 24 2 18
-3 24 3 18
-3 24 4 18
-3 24 5 18
-3 24 6 18
-3 24 7 18
-3 24 8 18
-3 24 9 9
-3 24 10 9
-3 24 11 9
-2 24 -11 9
-2 24 -10 9
-2 24 -9 18
-2 24 -8 18
-2 24 -7 18
-2 24 -6 18
-2 24 -5 18
-2 24 -4 18
-2 24 -3 18
-2 24 -2 18
-2 24 -1 18
-2 24 0 18
-2 24 1 18
-2 24 2 18
-2 24 3 18
-2 24 4 18
-2 24 5 18
-2 24 6 18
-2 24 7 18
-2 24 8 18
-2 24 9 18
-2 24 10 9
-2 24 11 9
-1 24 -20 16
-1 24 -19 9
-1 24 -18 9
-1 24 -17 16
-1 24 -16 9
-1 24 -15 16
-1 24 -14 9
-1 24 -13 16
-1 24 -12 9
-1 24 -11 9
-1 24 -10 9
-1 24 -9 18
-1 24 -8 18
-1 24 -7 18
-1 24 -6 18
-1 24 -5 18
-1 24 -4 18
-1 24 -3 18
-1 24 -2 18
-1 24 -1 18
-1 24 0 18
-1 24 1 18
-1 24 2 18
-1 24 3 18
-1 24 4 18
-1 24 5 18
-1 24 6 18
-1 24 7 18
-1 24 8 18
-1 24 9 18
-1 24 10 9
-1 24 11 9
0 24 -20 9
0 24 -19 16
0 24 -18 16
0 24 -17 16
0 24 -16 9
0 24 -15 9
0 24 -14 9
0 24 -13 16
0 24 -12 9
0 24 -11 17
0 24 -10 9
0 24 -9 18
0 24 -8 18
0 24 -7 18
0 24 -6 18
0 24 -5 18
0 24 -4 18
0 24 -3 18
0 24 -2 18
0 24 -1 18
0 24 0 17
0 24 1 18
0 24 2 18
0 24 3 18
0 24 4 18
0 24 5 18
0 24 6 18
0 24 7 18
0 24 8 18
0 24 9 18
0 24 10 9
0 24 11 17
1 24 -20 9
1 24 -19 9
1 24 -18 9
1 24 -17 9
1 24 -16 16
1 24 -15 9
1 24 -14 16
1 24 -13 9
1 24 -12 9
1 24 -11 9
1 24 -10 9
1 24 -9 18
1 24 -8 18
1 24 -7 18
1 24 -6 18
1 24 -5 18
1 24 -4 18
1 24 -3 18
1 24 -2 1
1 24 -1 1
1 24 0 5
1 24 1 18
1 24 2 18
1 24 3 18
1 24 4 18
1 24 5 18
1 24 6 18
1 24 7 18
1 24 8 18
1 24 9 18
1 24 10 9
1 24 11 9
2 24 -11 9
2 24 -10 9
2 24 -9 18
2 24 -8 18
2 24 -7 18
2 24 -6 18
2 24 -5 18
2 24 -4 18
2 24 -3 18
2 24 -2 1
2 24 -1 1
2 24 0 5
2 24 1 18
2 24 2 18
2 24 3 18
2 24 4 18
2 24 5 18
2 24 6 18
2 24 7 18
2 24 8 18
2 24 9 18
2 24 10 9
2 24 11 9
3 24 -11 9
3 24 -10 16
3 24 -9 9
3 24 -8 18
3 24 -7 18
3 24 -6 18
3 24 -5 18
3 24 -4 18
3 24 -3 18
3 24 -2 18
3 24 -1 18
3 24 0 18
3 24 1 18
3 24 2 18
3 24 3 18
3 24 4 18
3 24 5 18
3 24 6 18
3 24 7 18
3 24 8 18
3 24 9 16
3 24 10 9
3 24 11 16
4 24 -10 9
4 24 -9 9
4 24 -8 18
4 24 -7 18
4 24 -6 18
4 24 -5 18
4 24 -4 18
4 24 -3 18
4 24 -2 18
4 24 -1 18
4 24 0 18
4 24 1 18
4 24 2 18
4 24 3 18
4 24 4 18
4 24 5 18
4 24 6 18
4 24 7 18
4 24 8 18
4 24 9 9
4 24 10 9
5 24 -10 9
5 24 -9 9
5 24 -8 9
5 24 -7 18
5 24 -6 18
5 24 -5 18
5 24 -4 18
5 24 -3 18
5 24 -2 18
5 24 -1 18
5 24 0 18
5 24 1 18
5 24 2 18
5 24 3 18
5 24 4 18
5 24 5 18
5 24 6 18
5 24 7 18
5 24 8 16
5 24 9 9
5 24 10 16
6 24 -9 9
6 24 -8 9
6 24 -7 18
6 24 -6 18
6 24 -5 18
6 24 -4 18
6 24 -3 18
6 24 -2 18
6 24 -1 18
6 24 0 18
6 24 1 18
6 24 2 18
6 24 3 18
6 24 4 18
6 24 5 18
6 24 6 18
6 24 7 18
6 24 8 16
6 24 9 9
7 24 -9 9
7 24 -8 17
7 24 -7 9
7 24 -6 18
7 24 -5 18
7 24 -4 18
7 24 -3 18
7 24 -2 18
7 24 -1 18
7 24 0 18
7 24 1 18
7 24 2 18
7 24 3 18
7 24 4 18
7 24 5 18
7 24 6 18
7 24 7 9
7 24 8 17
7 24 9 9
8 24 -10 9
8 24 -9 16
8 24 -8 17
8 24 -7 17
8 24 -6 9
8 24 -5 16
8 24 -4 18
8 24 -3 18
8 24 -2 18
8 24 -1 18
8 24 0 18
8 24 1 18
8 24 2 18
8 24 3 18
8 24 4 18
8 24 5 9
8 24 6 9
8 24 7 17
8 24 8 17
8 24 9 9
8 24 10 9
9 24 -11 9
9 24 -10 9
9 24 -9 9
9 24 -8 9
9 24 -7 16
9 24 -6 16
9 24 -5 9
9 24 -4 9
9 24 -3 16
9 24 -2 18
9 24 -1 18
9 24 0 18
9 24 1 18
9 24 2 18
9 24 3 9
9 24 4 9
9 24 5 16
9 24 6 9
9 24 7 16
9 24 8 9
9 24 9 9
9 24 10 16
9 24 11 9
10 24 -12 9
10 24 -11 9
10 24 -10 9
10 24 -9 9
10 24 -8 9
10 24 -5 9
10 24 -4 9
10 24 -3 16
10 24 -2 9
10 24 -1 9
10 24 0 9
10 24 1 9
10 24 2 9
10 24 3 9
10 24 4 9
10 24 5 9
10 24 8 9
10 24 9 9
10 24 10 9
10 24 11 9
10 24 12 9
11 24 -13 9
11 24 -12 9
11 24 -11 9
11 24 -10 9
11 24 -9 9
11 24 -3 9
11 24 -2 9
11 24 -1 16
11 24 0 17
11 24 1 9
11 24 2 9
11 24 3 9
11 24 9 9
11 24 10 9
11 24 11 16
11 24 12 9
11 24 13 16
12 24 -14 9
12 24 -13 9
12 24 -12 9
12 24 -11 16
12 24 -10 9
12 24 -1 9
12 24 0 9
12 24 1 9
12 24 10 9
12 24 11 9
12 24 12 9
12 24 13 16
12 24 14 9
13 24 -15 4
13 24 -14 9
13 24 -13 9
13 24 -12 9
13 24 -11 9
13 24 -1 9
13 24 0 16
13 24 1 9
13 24 11 16
13 24 12 9
13 24 13 16
13 24 14 9
13 24 15 5
14 24 -14 9
14 24 -13 9
14 24 -12 16
14 24 -1 9
14 24 0 9
14 24 1 16
14 24 12 9
14 24 13 16
14 24 14 16
15 24 -13 7
15 24 -1 9
15 24 0 9
15 24 1 9
15 24 13 7
16 24 -1 16
16 24 0 16
16 24 1 9
17 24 -1 9
17 24 0 9
17 24 1 9
18 24 -1 9
18 24 0 16
18 24 1 9
19 24 -1 9
19 24 0 9
19 24 1 9
20 24 -1 9
20 24 0 9
20 24 1 9
-20 25 -1 9
-20 25 0 16
-20 25 1 16
-19 25 -1 9
-19 25 0 16
-19 25 1 9
-18 25 -1 16
-18 25 0 9
-18 25 1 9
-17 25 -1 9
-17 25 0 9
-17 25 1 16
-16 25 -1 9
-16 25 0 9
-16 25 1 9
-15 25 -1 9
-15 25 0 9
-15 25 1 9
-14 25 -14 9
-14 25 -13 9
-14 25 -12 9
-14 25 -1 16
-14 25 0 9
-14 25 1 9
-14 25 12 9
-14 25 13 16
-14 25 14 16
-13 25 -14 9
-13 25 -13 9
-13 25 -12 9
-13 25 -11 9
-13 25 -1 16
-13 25 0 9
-13 25 1 9
-13 25 11 9
-13 25 12 16
-13 25 13 9
-13 25 14 16
-12 25 -14 9
-12 25 -13 9
-12 25 -12 9
-12 25 -11 9
-12 25 -10 16
-12 25 -1 9
-12 25 0 9
-12 25 1 16
-12 25 10 16
-12 25 11 9
-12 25 12 9
-12 25 13 16
-12 25 14 9
-11 25 -13 16
-11 25 -12 9
-11 25 -11 9
-11 25 -10 9
-11 25 -9 16
-11 25 -3 15
-11 25 -2 15
-11 25 -1 15
-11 25 0 15
-11 25 1 1
-11 25 2 1
-11 25 3 1
-11 25 9 9
-11 25 10 9
-11 25 11 9
-11 25 12 9
-11 25 13 16
-10 25 -12 9
-10 25 -11 9
-10 25 -10 9
-10 25 -9 9
-10 25 -8 9
-10 25 -5 1
-10 25 -4 15
-10 25 -3 9
-10 25 -2 9
-10 25 -1 16
-10 25 0 9
-10 25 1 9
-10 25 2 9
-10 25 3 9
-10 25 4 1
-10 25 5 15
-10 25 8 16
-10 25 9 9
-10 25 10 9
-10 25 11 16
-10 25 12 9
-9 25 -11 9
-9 25 -10 9
-9 25 -9 9
-9 25 -8 16
-9 25 -7 1
-9 25 -6 1
-9 25 -5 9
-9 25 -4 9
-9 25 -3 9
-9 25 -2 18
-9 25 -1 18
-9 25 0 18
-9 25 1 18
-9 25 2 18
-9 25 3 9
-9 25 4 9
-9 25 5 9
-9 25 6 15
-9 25 7 15
-9 25 8 9
-9 25 9 9
-9 25 10 9
-9 25 11 9
-8 25 -10 9
-8 25 -9 9
-8 25 -8 15
-8 25 -7 1
-8 25 -6 16
-8 25 -5 9
-8 25 -4 18
-8 25 -3 18
-8 25 -2 18
-8 25 -1 18
-8 25 0 18
-8 25 1 18
-8 25 2 18
-8 25 3 18
-8 25 4 18
-8 25 5 9
-8 25 6 9
-8 25 7 15
-8 25 8 15
-8 25 9 9
-8 25 10 16
-7 25 -9 15
-7 25 -8 15
-7 25 -7 9
-7 25 -6 18
-7 25 -5 18
-7 25 -4 18
-7 25 -3 18
-7 25 -2 18
-7 25 -1 18
-7 25 0 18
-7 25 1 18
-7 25 2 18
-7 25 3 18
-7 25 4 18
-7 25 5 18
-7 25 6 18
-7 25 7 9
-7 25 8 1
-7 25 9 1
-6 25 -9 15
-6 25 -8 9
-6 25 -7 18
-6 25 -6 18
-6 25 -5 18
-6 25 -4 18
-6 25 -3 18
-6 25 -2 18
-6 25 -1 18
-6 25 0 18
-6 25 1 18
-6 25 2 18
-6 25 3 18
-6 25 4 18
-6 25 5 18
-6 25 6 18
-6 25 7 18
-6 25 8 9
-6 25 9 1
-5 25 -10 15
-5 25 -9 9
-5 25 -8 16
-5 25 -7 18
-5 25 -6 18
-5 25 -5 18
-5 25 -4 18
-5 25 -3 18
-5 25 -2 18
-5 25 -1 18
-5 25 0 18
-5 25 1 18
-5 25 2 18
-5 25 3 18
-5 25 4 18
-5 25 5 18
-5 25 6 18
-5 25 7 18
-5 25 8 9
-5 25 9 9
-5 25 10 1
-4 25 -10 1
-4 25 -9 9
-4 25 -8 18
-4 25 -7 18
-4 25 -6 18
-4 25 -5 18
-4 25 -4 18
-4 25 -3 18
-4 25 -2 18
-4 25 -1 18
-4 25 0 18
-4 25 1 18
-4 25 2 18
-4 25 3 18
-4 25 4 18
-4 25 5 18
-4 25 6 18
-4 25 7 18
-4 25 8 18
-4 25 9 9
-4 25 10 15
-3 25 -11 1
-3 25 -10 16
-3 25 -9 9
-3 25 -8 18
-3 25 -7 18
-3 25 -6 18
-3 25 -5 18
-3 25 -4 18
-3 25 -3 18
-3 25 -2 18
-3 25 -1 18
-3 25 0 18
-3 25 1 18
-3 25 2 18
-3 25 3 18
-3 25 4 18
-3 25 5 18
-3 25 6 18
-3 25 7 18
-3 25 8 18
-3 25 9 9
-3 25 10 9
-3 25 11 15
-2 25 -11 1
-2 25 -10 16
-2 25 -9 18
-2 25 -8 18
-2 25 -7 18
-2 25 -6 18
-2 25 -5 18
-2 25 -4 18
-2 25 -3 18
-2 25 -2 1
-2 25 -1 1
-2 25 0 18
-2 25 1 18
-2 25 2 18
-2 25 3 18
-2 25 4 18
-2 25 5 18
-2 25 6 18
-2 25 7 18
-2 25 8 18
-2 25 9 18
-2 25 10 9
-2 25 11 15
-1 25 -20 9
-1 25 -19 9
-1 25 -18 16
-1 25 -17 9
-1 25 -16 9
-1 25 -15 9
-1 25 -14 16
-1 25 -13 9
-1 25 -12 9
-1 25 -11 1
-1 25 -10 9
-1 25 -9 18
-1 25 -8 18
-1 25 -7 18
-1 25 -6 18
-1 25 -5 18
-1 25 -4 18
-1 25 -3 18
-1 25 -2 1
-1 25 -1 1
-1 25 0 18
-1 25 1 18
-1 25 2 18
-1 25 3 18
-1 25 4 18
-1 25 5 18
-1 25 6 18
-1 25 7 18
-1 25 8 18
-1 25 9 18
-1 25 10 9
-1 25 11 15
0 25 -20 9
0 25 -19 9
0 25 -18 16
0 25 -17 16
0 25 -16 9
0 25 -15 9
0 25 -14 9
0 25 -13 9
0 25 -12 16
0 25 -11 15
0 25 -10 9
0 25 -9 18
0 25 -8 18
0 25 -7 18
0 25 -6 18
0 25 -5 18
0 25 -4 18
0 25 -3 18
0 25 -2 7
0 25 -1 7
0 25 0 17
0 25 1 18
0 25 2 18
0 25 3 18
0 25 4 18
0 25 5 18
0 25 6 18
0 25 7 18
0 25 8 18
0 25 9 18
0 25 10 16
0 25 11 15
1 25 -20 9
1 25 -19 16
1 25 -18 9
1 25 -17 16
1 25 -16 9
1 25 -15 9
1 25 -14 9
1 25 -13 9
1 25 -12 9
1 25 -11 15
1 25 -10 9
1 25 -9 18
1 25 -8 18
1 25 -7 18
1 25 -6 18
1 25 -5 18
1 25 -4 18
1 25 -3 18
1 25 -2 18
1 25 -1 18
1 25 0 18
1 25 1 18
1 25 2 18
1 25 3 18
1 25 4 18
1 25 5 18
1 25 6 18
1 25 7 18
1 25 8 18
1 25 9 18
1 25 10 16
1 25 11 1
2 25 -11 15
2 25 -10 9
2 25 -9 18
2 25 -8 18
2 25 -7 18
2 25 -6 18
2 25 -5 18
2 25 -4 18
2 25 -3 18
2 25 -2 18
2 25 -1 18
2 25 0 18
2 25 1 18
2 25 2 18
2 25 3 18
2 25 4 18
2 25 5 18
2 25 6 18
2 25 7 18
2 25 8 18
2 25 9 18
2 25 10 16
2 25 11 1
3 25 -11 15
3 25 -10 9
3 25 -9 9
3 25 -8 18
3 25 -7 18
3 25 -6 18
3 25 -5 18
3 25 -4 18
3 25 -3 18
3 25 -2 18
3 25 -1 18
3 25 0 18
3 25 1 18
3 25 2 18
3 25 3 18
3 25 4 18
3 25 5 18
3 25 6 18
3 25 7 18
3 25 8 18
3 25 9 9
3 25 10 9
3 25 11 1
4 25 -10 15
4 25 -9 9
4 25 -8 18
4 25 -7 18
4 25 -6 18
4 25 -5 18
4 25 -4 18
4 25 -3 18
4 25 -2 18
4 25 -1 18
4 25 0 18
4 25 1 18
4 25 2 18
4 25 3 18
4 25 4 18
4 25 5 18
4 25 6 18
4 25 7 18
4 25 8 18
4 25 9 9
4 25 10 1
5 25 -10 1
5 25 -9 9
5 25 -8 9
5 25 -7 18
5 25 -6 18
5 25 -5 18
5 25 -4 18
5 25 -3 18
5 25 -2 18
5 25 -1 18
5 25 0 18
5 25 1 18
5 25 2 18
5 25 3 18
5 25 4 18
5 25 5 18
5 25 6 18
5 25 7 18
5 25 8 16
5 25 9 9
5 25 10 15
6 25 -9 1
6 25 -8 9
6 25 -7 18
6 25 -6 18
6 25 -5 18
6 25 -4 18
6 25 -3 18
6 25 -2 18
6 25 -1 18
6 25 0 18
6 25 1 18
6 25 2 18
6 25 3 18
6 25 4 18
6 25 5 18
6 25 6 18
6 25 7 18
6 25 8 16
6 25 9 15
7 25 -9 1
7 25 -8 1
7 25 -7 9
7 25 -6 18
7 25 -5 18
7 25 -4 18
7 25 -3 18
7 25 -2 18
7 25 -1 18
7 25 0 18
7 25 1 18
7 25 2 18
7 25 3 18
7 25 4 18
7 25 5 18
7 25 6 18
7 25 7 9
7 25 8 15
7 25 9 15
8 25 -10 9
8 25 -9 9
8 25 -8 15
8 25 -7 15
8 25 -6 9
8 25 -5 9
8 25 -4 18
8 25 -3 18
8 25 -2 18
8 25 -1 18
8 25 0 18
8 25 1 18
8 25 2 18
8 25 3 18
8 25 4 18
8 25 5 16
8 25 6 9
8 25 7 1
8 25 8 15
8 25 9 9
8 25 10 9
9 25 -11 9
9 25 -10 9
9 25 -9 9
9 25 -8 9
9 25 -7 15
9 25 -6 15
9 25 -5 9
9 25 -4 9
9 25 -3 9
9 25 -2 18
9 25 -1 18
9 25 0 18
9 25 1 18
9 25 2 18
9 25 3 9
9 25 4 9
9 25 5 9
9 25 6 1
9 25 7 1
9 25 8 16
9 25 9 9
9 25 10 16
9 25 11 9
10 25 -12 16
10 25 -11 9
10 25 -10 9
10 25 -9 16
10 25 -8 9
10 25 -5 15
10 25 -4 1
10 25 -3 9
10 25 -2 9
10 25 -1 9
10 25 0 9
10 25 1 9
10 25 2 9
10 25 3 16
10 25 4 15
10 25 5 1
10 25 8 9
10 25 9 9
10 25 10 9
10 25 11 9
10 25 12 16
11 25 -13 16
11 25 -12 16
11 25 -11 9
11 25 -10 9
11 25 -9 9
11 25 -3 1
11 25 -2 1
11 25 -1 1
11 25 0 15
11 25 1 15
11 25 2 15
11 25 3 15
11 25 9 16
11 25 10 9
11 25 11 9
11 25 12 16
11 25 13 16
12 25 -14 9
12 25 -13 9
12 25 -12 9
12 25 -11 9
12 25 -10 16
12 25 -1 9
12 25 0 9
12 25 1 9
12 25 10 9
12 25 11 16
12 25 12 9
12 25 13 16
12 25 14 9
13 25 -14 9
13 25 -13 9
13 25 -12 9
13 25 -11 9
13 25 -1 9
13 25 0 16
13 25 1 16
13 25 11 9
13 25 12 9
13 25 13 9
13 25 14 9
14 25 -14 16
14 25 -13 9
14 25 -12 9
14 25 -1 9
14 25 0 9
14 25 1 9
14 25 12 9
14 25 13 9
14 25 14 9
15 25 -1 9
15 25 0 9
15 25 1 9
16 25 -1 9
16 25 0 9
16 25 1 9
17 25 -1 16
17 25 0 9
17 25 1 9
18 25 -1 9
18 25 0 16
18 25 1 9
19 25 -1 9
19 25 0 9
19 25 1 9
20 25 -1 9
20 25 0 9
20 25 1 9
-20 26 -1 16
-20 26 0 9
-20 26 1 9
-19 26 -1 9
-19 26 0 9
-19 26 1 9
-18 26 -1 16
-18 26 0 9
-18 26 1 16
-17 26 -1 9
-17 26 0 9
-17 26 1 9
-16 26 -1 9
-16 26 0 9
-16 26 1 9
-15 26 -1 9
-15 26 0 9
-15 26 1 16
-14 26 -14 16
-14 26 -13 9
-14 26 -12 9
-14 26 -1 9
-14 26 0 9
-14 26 1 9
-14 26 12 9
-14 26 13 9
-14 26 14 9
-13 26 -14 9
-13 26 -13 9
-13 26 -12 16
-13 26 -11 9
-13 26 -1 16
-13 26 0 9
-13 26 1 9
-13 26 11 9
-13 26 12 9
-13 26 13 16
-13 26 14 16
-12 26 -14 9
-12 26 -13 9
-12 26 -12 9
-12 26 -11 9
-12 26 -10 9
-12 26 -1 9
-12 26 0 9
-12 26 1 9
-12 26 10 9
-12 26 11 9
-12 26 12 9
-12 26 13 9
-12 26 14 9
-11 26 -13 9
-11 26 -12 9
-11 26 -11 9
-11 26 -10 9
-11 26 -9 9
-11 26 -3 9
-11 26 -2 9
-11 26 -1 9
-11 26 0 17
-11 26 1 9
-11 26 2 16
-11 26 3 9
-11 26 9 16
-11 26 10 9
-11 26 11 9
-11 26 12 16
-11 26 13 9
-10 26 -12 9
-10 26 -11 9
-10 26 -10 9
-10 26 -9 9
-10 26 -8 9
-10 26 -5 9
-10 26 -4 16
-10 26 -3 9
-10 26 -2 9
-10 26 -1 9
-10 26 0 16
-10 26 1 9
-10 26 2 9
-10 26 3 9
-10 26 4 9
-10 26 5 9
-10 26 8 9
-10 26 9 9
-10 26 10 9
-10 26 11 9
-10 26 12 9
-9 26 -11 9
-9 26 -10 9
-9 26 -9 9
-9 26 -8 9
-9 26 -7 9
-9 26 -6 9
-9 26 -5 9
-9 26 -4 9
-9 26 -3 9
-9 26 -2 18
-9 26 -1 18
-9 26 0 18
-9 26 1 18
-9 26 2 18
-9 26 3 16
-9 26 4 9
-9 26 5 9
-9 26 6 9
-9 26 7 9
-9 26 8 16
-9 26 9 9
-9 26 10 9
-9 26 11 9
-8 26 -10 16
-8 26 -9 16
-8 26 -8 17
-8 26 -7 17
-8 26 -6 9
-8 26 -5 9
-8 26 -4 18
-8 26 -3 18
-8 26 -2 18
-8 26 -1 18
-8 26 0 18
-8 26 1 18
-8 26 2 18
-8 26 3 18
-8 26 4 18
-8 26 5 9
-8 26 6 16
-8 26 7 17
-8 26 8 17
-8 26 9 9
-8 26 10 9
-7 26 -9 9
-7 26 -8 17
-7 26 -7 9
-7 26 -6 18
-7 26 -5 18
-7 26 -4 18
-7 26 -3 18
-7 26 -2 18
-7 26 -1 18
-7 26 0 18
-7 26 1 18
-7 26 2 18
-7 26 3 18
-7 26 4 18
-7 26 5 18
-7 26 6 18
-7 26 7 16
-7 26 8 17
-7 26 9 16
-6 26 -9 9
-6 26 -8 16
-6 26 -7 18
-6 26 -6 18
-6 26 -5 18
-6 26 -4 18
-6 26 -3 18
-6 26 -2 18
-6 26 -1 18
-6 26 0 18
-6 26 1 18
-6 26 2 18
-6 26 3 18
-6 26 4 18
-6 26 5 18
-6 26 6 18
-6 26 7 18
-6 26 8 9
-6 26 9 9
-5 26 -10 16
-5 26 -9 9
-5 26 -8 9
-5 26 -7 18
-5 26 -6 18
-5 26 -5 18
-5 26 -4 18
-5 26 -3 18
-5 26 -2 18
-5 26 -1 18
-5 26 0 18
-5 26 1 18
-5 26 2 18
-5 26 3 18
-5 26 4 18
-5 26 5 18
-5 26 6 18
-5 26 7 18
-5 26 8 9
-5 26 9 9
-5 26 10 9
-4 26 -10 9
-4 26 -9 16
-4 26 -8 18
-4 26 -7 18
-4 26 -6 18
-4 26 -5 18
-4 26 -4 18
-4 26 -3 18
-4 26 -2 18
-4 26 -1 18
-4 26 0 18
-4 26 1 18
-4 26 2 18
-4 26 3 18
-4 26 4 18
-4 26 5 18
-4 26 6 18
-4 26 7 18
-4 26 8 18
-4 26 9 9
-4 26 10 9
-3 26 -11 9
-3 26 -10 9
-3 26 -9 9
-3 26 -8 18
-3 26 -7 18
-3 26 -6 18
-3 26 -5 18
-3 26 -4 18
-3 26 -3 18
-3 26 -2 18
-3 26 -1 18
-3 26 0 18
-3 26 1 18
-3 26 2 18
-3 26 3 18
-3 26 4 18
-3 26 5 18
-3 26 6 18
-3 26 7 18
-3 26 8 18
-3 26 9 9
-3 26 10 16
-3 26 11 16
-2 26 -11 9
-2 26 -10 9
-2 26 -9 18
-2 26 -8 18
-2 26 -7 18
-2 26 -6 18
-2 26 -5 18
-2 26 -4 18
-2 26 -3 18
-2 26 -2 18
-2 26 -1 18
-2 26 0 4
-2 26 1 1
-2 26 2 1
-2 26 3 18
-2 26 4 18
-2 26 5 18
-2 26 6 18
-2 26 7 18
-2 26 8 18
-2 26 9 18
-2 26 10 9
-2 26 11 16
-1 26 -20 9
-1 26 -19 9
-1 26 -18 16
-1 26 -17 9
-1 26 -16 9
-1 26 -15 16
-1 26 -14 16
-1 26 -13 16
-1 26 -12 9
-1 26 -11 9
-1 26 -10 16
-1 26 -9 18
-1 26 -8 18
-1 26 -7 18
-1 26 -6 18
-1 26 -5 18
-1 26 -4 18
-1 26 -3 18
-1 26 -2 18
-1 26 -1 18
-1 26 0 4
-1 26 1 1
-1 26 2 1
-1 26 3 18
-1 26 4 18
-1 26 5 18
-1 26 6 18
-1 26 7 18
-1 26 8 18
-1 26 9 18
-1 26 10 9
-1 26 11 16
0 26 -20 16
0 26 -19 9
0 26 -18 9
0 26 -17 9
0 26 -16 16
0 26 -15 9
0 26 -14 9
0 26 -13 16
0 26 -12 9
0 26 -11 17
0 26 -10 9
0 26 -9 18
0 26 -8 18
0 26 -7 18
0 26 -6 18
0 26 -5 18
0 26 -4 18
0 26 -3 18
0 26 -2 18
0 26 -1 18
0 26 0 17
0 26 1 18
0 26 2 18
0 26 3 18
0 26 4 18
0 26 5 18
0 26 6 18
0 26 7 18
0 26 8 18
0 26 9 18
0 26 10 16
0 26 11 17
1 26 -20 9
1 26 -19 16
1 26 -18 9
1 26 -17 9
1 26 -16 16
1 26 -15 9
1 26 -14 9
1 26 -13 9
1 26 -12 9
1 26 -11 16
1 26 -10 9
1 26 -9 18
1 26 -8 18
1 26 -7 18
1 26 -6 18
1 26 -5 18
1 26 -4 18
1 26 -3 18
1 26 -2 18
1 26 -1 18
1 26 0 18
1 26 1 18
1 26 2 18
1 26 3 18
1 26 4 18
1 26 5 18
1 26 6 18
1 26 7 18
1 26 8 18
1 26 9 18
1 26 10 9
1 26 11 9
2 26 -11 9
2 26 -10 9
2 26 -9 18
2 26 -8 18
2 26 -7 18
2 26 -6 18
2 26 -5 18
2 26 -4 18
2 26 -3 18
2 26 -2 18
2 26 -1 18
2 26 0 18
2 26 1 18
2 26 2 18
2 26 3 18
2 26 4 18
2 26 5 18
2 26 6 18
2 26 7 18
2 26 8 18
2 26 9 18
2 26 10 9
2 26 11 9
3 26 -11 16
3 26 -10 9
3 26 -9 9
3 26 -8 18
3 26 -7 18
3 26 -6 18
3 26 -5 18
3 26 -4 18
3 26 -3 18
3 26 -2 18
3 26 -1 18
3 26 0 18
3 26 1 18
3 26 2 18
3 26 3 18
3 26 4 18
3 26 5 18
3 26 6 18
3 26 7 18
3 26 8 18
3 26 9 9
3 26 10 9
3 26 11 9
4 26 -10 9
4 26 -9 9
4 26 -8 18
4 26 -7 18
4 26 -6 18
4 26 -5 18
4 26 -4 18
4 26 -3 18
4 26 -2 18
4 26 -1 18
4 26 0 18
4 26 1 18
4 26 2 18
4 26 3 18
4 26 4 18
4 26 5 18
4 26 6 18
4 26 7 18
4 26 8 18
4 26 9 9
4 26 10 16
5 26 -10 9
5 26 -9 9
5 26 -8 9
5 26 -7 18
5 26 -6 18
5 26 -5 18
5 26 -4 18
5 26 -3 18
5 26 -2 18
5 26 -1 18
5 26 0 18
5 26 1 18
5 26 2 18
5 26 3 18
5 26 4 18
5 26 5 18
5 26 6 18
5 26 7 18
5 26 8 9
5 26 9 9
5 26 10 9
6 26 -9 16
6 26 -8 9
6 26 -7 18
6 26 -6 18
6 26 -5 18
6 26 -4 18
6 26 -3 18
6 26 -2 18
6 26 -1 18
6 26 0 18
6 26 1 18
6 26 2 18
6 26 3 18
6 26 4 18
6 26 5 18
6 26 6 18
6 26 7 18
6 26 8 9
6 26 9 9
7 26 -9 16
7 26 -8 17
7 26 -7 16
7 26 -6 18
7 26 -5 18
7 26 -4 18
7 26 -3 18
7 26 -2 18
7 26 -1 18
7 26 0 18
7 26 1 18
7 26 2 18
7 26 3 18
7 26 4 18
7 26 5 18
7 26 6 18
7 26 7 9
7 26 8 17
7 26 9 9
8 26 -10 9
8 26 -9 16
8 26 -8 17
8 26 -7 17
8 26 -6 9
8 26 -5 9
8 26 -4 18
8 26 -3 18
8 26 -2 18
8 26 -1 18
8 26 0 18
8 26 1 18
8 26 2 18
8 26 3 18
8 26 4 18
8 26 5 16
8 26 6 9
8 26 7 17
8 26 8 17
8 26 9 9
8 26 10 9
9 26 -11 9
9 26 -10 9
9 26 -9 9
9 26 -8 16
9 26 -7 9
9 26 -6 9
9 26 -5 9
9 26 -4 9
9 26 -3 16
9 26 -2 18
9 26 -1 18
9 26 0 18
9 26 1 18
9 26 2 18
9 26 3 9
9 26 4 16
9 26 5 9
9 26 6 9
9 26 7 9
9 26 8 9
9 26 9 9
9 26 10 16
9 26 11 9
10 26 -12 9
10 26 -11 9
10 26 -10 9
10 26 -9 9
10 26 -8 9
10 26 -5 16
10 26 -4 9
10 26 -3 9
10 26 -2 9
10 26 -1 9
10 26 0 9
10 26 1 9
10 26 2 9
10 26 3 16
10 26 4 9
10 26 5 9
10 26 8 9
10 26 9 16
10 26 10 9
10 26 11 9
10 26 12 9
11 26 -13 9
11 26 -12 9
11 26 -11 9
11 26 -10 9
11 26 -9 16
11 26 -3 9
11 26 -2 9
11 26 -1 9
11 26 0 17
11 26 1 9
11 26 2 9
11 26 3 9
11 26 9 9
11 26 10 16
11 26 11 9
11 26 12 9
11 26 13 9
12 26 -14 9
12 26 -13 9
12 26 -12 9
12 26 -11 16
12 26 -10 16
12 26 -1 16
12 26 0 9
12 26 1 9
12 26 10 9
12 26 11 16
12 26 12 9
12 26 13 16
12 26 14 9
13 26 -14 9
13 26 -13 16
13 26 -12 9
13 26 -11 9
13 26 -1 9
13 26 0 9
13 26 1 16
13 26 11 9
13 26 12 9
13 26 13 9
13 26 14 9
14 26 -14 9
14 26 -13 9
14 26 -12 9
14 26 -1 9
14 26 0 9
14 26 1 16
14 26 12 9
14 26 13 9
14 26 14 16
15 26 -1 16
15 26 0 9
15 26 1 9
16 26 -1 9
16 26 0 9
16 26 1 9
17 26 -1 9
17 26 0 16
17 26 1 9
18 26 -1 9
18 26 0 9
18 26 1 9
19 26 -1 9
19 26 0 9
19 26 1 9
20 26 -1 9
20 26 0 9
20 26 1 9
-20 27 -1 0
-20 27 0 9
-20 27 1 0
-19 27 -1 9
-19 27 0 9
-19 27 1 16
-18 27 -1 9
-18 27 0 9
-18 27 1 9
-17 27 -1 9
-17 27 0 9
-17 27 1 9
-16 27 -1 9
-16 27 0 9
-16 27 1 9
-15 27 -1 16
-15 27 0 9
-15 27 1 9
-14 27 -14 9
-14 27 -13 16
-14 27 -12 9
-14 27 -1 9
-14 27 0 9
-14 27 1 16
-14 27 12 16
-14 27 13 9
-14 27 14 9
-13 27 -14 16
-13 27 -13 9
-13 27 -12 9
-13 27 -11 9
-13 27 -1 9
-13 27 0 16
-13 27 1 9
-13 27 11 16
-13 27 12 9
-13 27 13 9
-13 27 14 9
-12 27 -14 9
-12 27 -13 9
-12 27 -12 16
-12 27 -11 9
-12 27 -10 9
-12 27 -1 9
-12 27 0 9
-12 27 1 16
-12 27 10 9
-12 27 11 9
-12 27 12 16
-12 27 13 9
-12 27 14 9
-11 27 -13 16
-11 27 -12 9
-11 27 -11 9
-11 27 -10 9
-11 27 -9 9
-11 27 -3 9
-11 27 -2 9
-11 27 -1 9
-11 27 0 17
-11 27 1 9
-11 27 2 9
-11 27 3 9
-11 27 9 16
-11 27 10 9
-11 27 11 9
-11 27 12 9
-11 27 13 16
-10 27 -12 9
-10 27 -11 16
-10 27 -10 9
-10 27 -9 9
-10 27 -8 9
-10 27 -5 9
-10 27 -4 9
-10 27 -3 9
-10 27 -2 16
-10 27 -1 9
-10 27 0 16
-10 27 1 9
-10 27 2 9
-10 27 3 16
-10 27 4 9
-10 27 5 16
-10 27 8 9
-10 27 9 16
-10 27 10 16
-10 27 11 9
-10 27 12 9
-9 27 -11 16
-9 27 -10 9
-9 27 -9 16
-9 27 -8 16
-9 27 -7 9
-9 27 -6 16
-9 27 -5 9
-9 27 -4 9
-9 27 -3 16
-9 27 -2 18
-9 27 -1 18
-9 27 0 18
-9 27 1 18
-9 27 2 18
-9 27 3 9
-9 27 4 9
-9 27 5 9
-9 27 6 16
-9 27 7 9
-9 27 8 9
-9 27 9 16
-9 27 10 9
-9 27 11 9
-8 27 -10 16
-8 27 -9 9
-8 27 -8 17
-8 27 -7 17
-8 27 -6 9
-8 27 -5 9
-8 27 -4 18
-8 27 -3 18
-8 27 -2 18
-8 27 -1 18
-8 27 0 18
-8 27 1 18
-8 27 2 18
-8 27 3 18
-8 27 4 18
-8 27 5 9
-8 27 6 9
-8 27 7 17
-8 27 8 17
-8 27 9 9
-8 27 10 9
-7 27 -9 16
-7 27 -8 17
-7 27 -7 9
-7 27 -6 18
-7 27 -5 18
-7 27 -4 18
-7 27 -3 18
-7 27 -2 18
-7 27 -1 18
-7 27 0 18
-7 27 1 18
-7 27 2 18
-7 27 3 18
-7 27 4 18
-7 27 5 18
-7 27 6 18
-7 27 7 16
-7 27 8 17
-7 27 9 9
-6 27 -9 9
-6 27 -8 9
-6 27 -7 18
-6 27 -6 18
-6 27 -5 18
-6 27 -4 18
-6 27 -3 18
-6 27 -2 18
-6 27 -1 18
-6 27 0 18
-6 27 1 18
-6 27 2 18
-6 27 3 18
-6 27 4 18
-6 27 5 18
-6 27 6 18
-6 27 7 18
-6 27 8 16
-6 27 9 9
-5 27 -10 9
-5 27 -9 16
-5 27 -8 9
-5 27 -7 18
-5 27 -6 18
-5 27 -5 18
-5 27 -4 18
-5 27 -3 18
-5 27 -2 18
-5 27 -1 18
-5 27 0 18
-5 27 1 18
-5 27 2 18
-5 27 3 18
-5 27 4 18
-5 27 5 18
-5 27 6 18
-5 27 7 18
-5 27 8 16
-5 27 9 9
-5 27 10 9
-4 27 -10 9
-4 27 -9 16
-4 27 -8 18
-4 27 -7 18
-4 27 -6 18
-4 27 -5 18
-4 27 -4 18
-4 27 -3 18
-4 27 -2 18
-4 27 -1 18
-4 27 0 18
-4 27 1 18
-4 27 2 18
-4 27 3 18
-4 27 4 18
-4 27 5 18
-4 27 6 18
-4 27 7 18
-4 27 8 18
-4 27 9 9
-4 27 10 9
-3 27 -11 9
-3 27 -10 9
-3 27 -9 16
-3 27 -8 18
-3 27 -7 18
-3 27 -6 18
-3 27 -5 18
-3 27 -4 18
-3 27 -3 18
-3 27 -2 18
-3 27 -1 18
-3 27 0 18
-3 27 1 18
-3 27 2 18
-3 27 3 18
-3 27 4 18
-3 27 5 18
-3 27 6 18
-3 27 7 18
-3 27 8 18
-3 27 9 9
-3 27 10 16
-3 27 11 9
-2 27 -11 16
-2 27 -10 16
-2 27 -9 18
-2 27 -8 18
-2 27 -7 18
-2 27 -6 18
-2 27 -5 18
-2 27 -4 18
-2 27 -3 18
-2 27 -2 18
-2 27 -1 18
-2 27 0 18
-2 27 1 18
-2 27 2 18
-2 27 3 18
-2 27 4 18
-2 27 5 18
-2 27 6 18
-2 27 7 18
-2 27 8 18
-2 27 9 18
-2 27 10 9
-2 27 11 9
-1 27 -20 4
-1 27 -19 9
-1 27 -18 9
-1 27 -17 16
-1 27 -16 9
-1 27 -15 9
-1 27 -14 9
-1 27 -13 9
-1 27 -12 9
-1 27 -11 9
-1 27 -10 9
-1 27 -9 18
-1 27 -8 18
-1 27 -7 18
-1 27 -6 18
-1 27 -5 18
-1 27 -4 18
-1 27 -3 18
-1 27 -2 18
-1 27 -1 18
-1 27 0 18
-1 27 1 18
-1 27 2 18
-1 27 3 18
-1 27 4 18
-1 27 5 18
-1 27 6 18
-1 27 7 18
-1 27 8 18
-1 27 9 18
-1 27 10 16
-1 27 11 9
0 27 -20 9
0 27 -19 9
0 27 -18 9
0 27 -17 9
0 27 -16 16
0 27 -15 9
0 27 -14 9
0 27 -13 9
0 27 -12 16
0 27 -11 17
0 27 -10 9
0 27 -9 18
0 27 -8 18
0 27 -7 18
0 27 -6 18
0 27 -5 18
0 27 -4 18
0 27 -3 18
0 27 -2 18
0 27 -1 18
0 27 0 17
0 27 1 0
0 27 2 0
0 27 3 18
0 27 4 18
0 27 5 18
0 27 6 18
0 27 7 18
0 27 8 18
0 27 9 18
0 27 10 9
0 27 11 17
1 27 -20 4
1 27 -19 9
1 27 -18 9
1 27 -17 9
1 27 -16 16
1 27 -15 9
1 27 -14 16
1 27 -13 9
1 27 -12 9
1 27 -11 9
1 27 -10 9
1 27 -9 18
1 27 -8 18
1 27 -7 18
1 27 -6 18
1 27 -5 18
1 27 -4 18
1 27 -3 18
1 27 -2 18
1 27 -1 18
1 27 0 18
1 27 1 1
1 27 2 1
1 27 3 18
1 27 4 18
1 27 5 18
1 27 6 18
1 27 7 18
1 27 8 18
1 27 9 18
1 27 10 16
1 27 11 9
2 27 -11 9
2 27 -10 9
2 27 -9 18
2 27 -8 18
2 27 -7 18
2 27 -6 18
2 27 -5 18
2 27 -4 18
2 27 -3 18
2 27 -2 18
2 27 -1 18
2 27 0 18
2 27 1 1
2 27 2 1
2 27 3 18
2 27 4 18
2 27 5 18
2 27 6 18
2 27 7 18
2 27 8 18
2 27 9 18
2 27 10 16
2 27 11 9
3 27 -11 9
3 27 -10 9
3 27 -9 9
3 27 -8 18
3 27 -7 18
3 27 -6 18
3 27 -5 18
3 27 -4 18
3 27 -3 18
3 27 -2 18
3 27 -1 18
3 27 0 18
3 27 1 18
3 27 2 18
3 27 3 18
3 27 4 18
3 27 5 18
3 27 6 18
3 27 7 18
3 27 8 18
3 27 9 16
3 27 10 16
3 27 11 9
4 27 -10 9
4 27 -9 9
4 27 -8 18
4 27 -7 18
4 27 -6 18
4 27 -5 18
4 27 -4 18
4 27 -3 18
4 27 -2 18
4 27 -1 18
4 27 0 18
4 27 1 18
4 27 2 18
4 27 3 18
4 27 4 18
4 27 5 18
4 27 6 18
4 27 7 18
4 27 8 18
4 27 9 16
4 27 10 9
5 27 -10 9
5 27 -9 9
5 27 -8 9
5 27 -7 18
5 27 -6 18
5 27 -5 18
5 27 -4 18
5 27 -3 18
5 27 -2 18
5 27 -1 18
5 27 0 18
5 27 1 18
5 27 2 18
5 27 3 18
5 27 4 18
5 27 5 18
5 27 6 18
5 27 7 18
5 27 8 9
5 27 9 16
5 27 10 16
6 27 -9 9
6 27 -8 9
6 27 -7 18
6 27 -6 18
6 27 -5 18
6 27 -4 18
6 27 -3 18
6 27 -2 18
6 27 -1 18
6 27 0 18
6 27 1 18
6 27 2 18
6 27 3 18
6 27 4 18
6 27 5 18
6 27 6 18
6 27 7 18
6 27 8 9
6 27 9 16
7 27 -9 9
7 27 -8 17
7 27 -7 16
7 27 -6 18
7 27 -5 18
7 27 -4 18
7 27 -3 18
7 27 -2 18
7 27 -1 18
7 27 0 18
7 27 1 18
7 27 2 18
7 27 3 18
7 27 4 18
7 27 5 18
7 27 6 18
7 27 7 9
7 27 8 17
7 27 9 16
8 27 -10 9
8 27 -9 9
8 27 -8 17
8 27 -7 17
8 27 -6 9
8 27 -5 9
8 27 -4 18
8 27 -3 18
8 27 -2 18
8 27 -1 18
8 27 0 18
8 27 1 18
8 27 2 18
8 27 3 18
8 27 4 18
8 27 5 9
8 27 6 9
8 27 7 17
8 27 8 17
8 27 9 9
8 27 10 9
9 27 -11 9
9 27 -10 9
9 27 -9 16
9 27 -8 9
9 27 -7 9
9 27 -6 9
9 27 -5 9
9 27 -4 9
9 27 -3 9
9 27 -2 18
9 27 -1 18
9 27 0 18
9 27 1 18
9 27 2 18
9 27 3 16
9 27 4 9
9 27 5 9
9 27 6 9
9 27 7 9
9 27 8 9
9 27 9 16
9 27 10 16
9 27 11 16
10 27 -12 9
10 27 -11 16
10 27 -10 16
10 27 -9 9
10 27 -8 16
10 27 -5 9
10 27 -4 9
10 27 -3 9
10 27 -2 9
10 27 -1 16
10 27 0 9
10 27 1 9
10 27 2 16
10 27 3 9
10 27 4 9
10 27 5 9
10 27 8 16
10 27 9 9
10 27 10 9
10 27 11 9
10 27 12 9
11 27 -13 16
11 27 -12 9
11 27 -11 9
11 27 -10 9
11 27 -9 16
11 27 -3 9
11 27 -2 16
11 27 -1 9
11 27 0 17
11 27 1 9
11 27 2 9
11 27 3 9
11 27 9 9
11 27 10 9
11 27 11 9
11 27 12 9
11 27 13 16
12 27 -14 9
12 27 -13 9
12 27 -12 16
12 27 -11 9
12 27 -10 9
12 27 -1 9
12 27 0 16
12 27 1 9
12 27 10 16
12 27 11 9
12 27 12 16
12 27 13 16
12 27 14 9
13 27 -14 9
13 27 -13 9
13 27 -12 9
13 27 -11 16
13 27 -1 9
13 27 0 9
13 27 1 9
13 27 11 9
13 27 12 16
13 27 13 9
13 27 14 9
14 27 -14 9
14 27 -13 16
14 27 -12 9
14 27 -1 9
14 27 0 9
14 27 1 9
14 27 12 9
14 27 13 9
14 27 14 9
15 27 -1 9
15 27 0 9
15 27 1 16
16 27 -1 16
16 27 0 9
16 27 1 9
17 27 -1 9
17 27 0 16
17 27 1 9
18 27 -1 16
18 27 0 9
18 27 1 9
19 27 -1 16
19 27 0 9
19 27 1 9
20 27 -1 7
20 27 0 9
20 27 1 7
-20 28 0 0
-19 28 -1 9
-19 28 0 9
-19 28 1 16
-18 28 -1 9
-18 28 0 9
-18 28 1 9
-17 28 -1 9
-17 28 0 9
-17 28 1 9
-16 28 -1 9
-16 28 0 9
-16 28 1 16
-15 28 -1 9
-15 28 0 16
-15 28 1 16
-14 28 -14 4
-14 28 -13 9
-14 28 -12 9
-14 28 -1 9
-14 28 0 9
-14 28 1 16
-14 28 12 9
-14 28 13 9
-14 28 14 5
-13 28 -14 9
-13 28 -13 9
-13 28 -12 9
-13 28 -11 9
-13 28 -1 9
-13 28 0 9
-13 28 1 9
-13 28 11 9
-13 28 12 9
-13 28 13 9
-13 28 14 16
-12 28 -14 16
-12 28 -13 9
-12 28 -12 16
-12 28 -11 9
-12 28 -10 16
-12 28 -1 9
-12 28 0 9
-12 28 1 9
-12 28 10 9
-12 28 11 9
-12 28 12 9
-12 28 13 9
-12 28 14 16
-11 28 -13 16
-11 28 -12 16
-11 28 -11 9
-11 28 -10 9
-11 28 -9 9
-11 28 -3 16
-11 28 -2 9
-11 28 -1 9
-11 28 0 17
-11 28 1 9
-11 28 2 9
-11 28 3 9
-11 28 9 9
-11 28 10 9
-11 28 11 9
-11 28 12 9
-11 28 13 9
-10 28 -12 9
-10 28 -11 16
-10 28 -10 9
-10 28 -9 9
-10 28 -8 9
-10 28 -5 9
-10 28 -4 9
-10 28 -3 9
-10 28 -2 9
-10 28 -1 16
-10 28 0 9
-10 28 1 9
-10 28 2 9
-10 28 3 9
-10 28 4 9
-10 28 5 9
-10 28 8 16
-10 28 9 16
-10 28 10 9
-10 28 11 9
-10 28 12 9
-9 28 -11 9
-9 28 -10 9
-9 28 -9 9
-9 28 -8 9
-9 28 -7 9
-9 28 -6 9
-9 28 -5 16
-9 28 -4 9
-9 28 -3 9
-9 28 -2 18
-9 28 -1 18
-9 28 0 18
-9 28 1 18
-9 28 2 18
-9 28 3 9
-9 28 4 9
-9 28 5 9
-9 28 6 9
-9 28 7 16
-9 28 8 9
-9 28 9 9
-9 28 10 9
-9 28 11 9
-8 28 -10 9
-8 28 -9 9
-8 28 -8 17
-8 28 -7 17
-8 28 -6 9
-8 28 -5 9
-8 28 -4 18
-8 28 -3 18
-8 28 -2 18
-8 28 -1 18
-8 28 0 18
-8 28 1 18
-8 28 2 18
-8 28 3 18
-8 28 4 18
-8 28 5 9
-8 28 6 9
-8 28 7 17
-8 28 8 17
-8 28 9 16
-8 28 10 9
-7 28 -9 9
-7 28 -8 17
-7 28 -7 16
-7 28 -6 18
-7 28 -5 18
-7 28 -4 18
-7 28 -3 18
-7 28 -2 18
-7 28 -1 18
-7 28 0 18
-7 28 1 18
-7 28 2 18
-7 28 3 18
-7 28 4 18
-7 28 5 18
-7 28 6 18
-7 28 7 9
-7 28 8 17
-7 28 9 9
-6 28 -9 16
-6 28 -8 9
-6 28 -7 18
-6 28 -6 18
-6 28 -5 18
-6 28 -4 18
-6 28 -3 18
-6 28 -2 18
-6 28 -1 18
-6 28 0 18
-6 28 1 18
-6 28 2 18
-6 28 3 18
-6 28 4 18
-6 28 5 18
-6 28 6 18
-6 28 7 18
-6 28 8 9
-6 28 9 9
-5 28 -10 9
-5 28 -9 9
-5 28 -8 9
-5 28 -7 18
-5 28 -6 18
-5 28 -5 18
-5 28 -4 18
-5 28 -3 18
-5 28 -2 18
-5 28 -1 18
-5 28 0 18
-5 28 1 18
-5 28 2 18
-5 28 3 18
-5 28 4 18
-5 28 5 18
-5 28 6 18
-5 28 7 18
-5 28 8 9
-5 28 9 9
-5 28 10 16
-4 28 -10 9
-4 28 -9 9
-4 28 -8 18
-4 28 -7 18
-4 28 -6 18
-4 28 -5 18
-4 28 -4 18
-4 28 -3 18
-4 28 -2 18
-4 28 -1 18
-4 28 0 18
-4 28 1 18
-4 28 2 18
-4 28 3 18
-4 28 4 18
-4 28 5 18
-4 28 6 18
-4 28 7 18
-4 28 8 18
-4 28 9 9
-4 28 10 9
-3 28 -11 16
-3 28 -10 9
-3 28 -9 16
-3 28 -8 18
-3 28 -7 18
-3 28 -6 18
-3 28 -5 18
-3 28 -4 18
-3 28 -3 18
-3 28 -2 18
-3 28 -1 18
-3 28 0 18
-3 28 1 18
-3 28 2 18
-3 28 3 18
-3 28 4 18
-3 28 5 18
-3 28 6 18
-3 28 7 18
-3 28 8 18
-3 28 9 16
-3 28 10 9
-3 28 11 9
-2 28 -11 9
-2 28 -10 9
-2 28 -9 18
-2 28 -8 18
-2 28 -7 18
-2 28 -6 18
-2 28 -5 18
-2 28 -4 18
-2 28 -3 18
-2 28 -2 18
-2 28 -1 18
-2 28 0 18
-2 28 1 18
-2 28 2 18
-2 28 3 18
-2 28 4 18
-2 28 5 18
-2 28 6 18
-2 28 7 18
-2 28 8 18
-2 28 9 18
-2 28 10 9
-2 28 11 9
-1 28 -19 9
-1 28 -18 9
-1 28 -17 9
-1 28 -16 9
-1 28 -15 9
-1 28 -14 9
-1 28 -13 9
-1 28 -12 9
-1 28 -11 9
-1 28 -10 9
-1 28 -9 18
-1 28 -8 18
-1 28 -7 18
-1 28 -6 18
-1 28 -5 18
-1 28 -4 18
-1 28 -3 18
-1 28 -2 18
-1 28 -1 18
-1 28 0 18
-1 28 1 18
-1 28 2 18
-1 28 3 18
-1 28 4 18
-1 28 5 18
-1 28 6 18
-1 28 7 18
-1 28 8 18
-1 28 9 18
-1 28 10 9
-1 28 11 9
0 28 -20 4
0 28 -19 9
0 28 -18 9
0 28 -17 9
0 28 -16 9
0 28 -15 9
0 28 -14 9
0 28 -13 16
0 28 -12 9
0 28 -11 17
0 28 -10 9
0 28 -9 18
0 28 -8 18
0 28 -7 18
0 28 -6 18
0 28 -5 18
0 28 -4 18
0 28 -3 18
0 28 -2 18
0 28 -1 18
0 28 0 17
0 28 1 18
0 28 2 18
0 28 3 18
0 28 4 18
0 28 5 18
0 28 6 18
0 28 7 18
0 28 8 18
0 28 9 18
0 28 10 9
0 28 11 17
1 28 -19 16
1 28 -18 9
1 28 -17 9
1 28 -16 9
1 28 -15 16
1 28 -14 9
1 28 -13 9
1 28 -12 9
1 28 -11 9
1 28 -10 16
1 28 -9 18
1 28 -8 18
1 28 -7 18
1 28 -6 18
1 28 -5 18
1 28 -4 18
1 28 -3 18
1 28 -2 1
1 28 -1 1
1 28 0 5
1 28 1 18
1 28 2 18
1 28 3 18
1 28 4 18
1 28 5 18
1 28 6 18
1 28 7 18
1 28 8 18
1 28 9 18
1 28 10 9
1 28 11 9
2 28 -11 9
2 28 -10 9
2 28 -9 18
2 28 -8 18
2 28 -7 18
2 28 -6 18
2 28 -5 18
2 28 -4 18
2 28 -3 18
2 28 -2 1
2 28 -1 1
2 28 0 5
2 28 1 18
2 28 2 18
2 28 3 18
2 28 4 18
2 28 5 18
2 28 6 18
2 28 7 18
2 28 8 18
2 28 9 18
2 28 10 9
2 28 11 16
3 28 -11 9
3 28 -10 16
3 28 -9 16
3 28 -8 18
3 28 -7 18
3 28 -6 18
3 28 -5 18
3 28 -4 18
3 28 -3 18
3 28 -2 18
3 28 -1 18
3 28 0 18
3 28 1 18
3 28 2 18
3 28 3 18
3 28 4 18
3 28 5 18
3 28 6 18
3 28 7 18
3 28 8 18
3 28 9 16
3 28 10 9
3 28 11 16
4 28 -10 9
4 28 -9 9
4 28 -8 18
4 28 -7 18
4 28 -6 18
4 28 -5 18
4 28 -4 18
4 28 -3 18
4 28 -2 18
4 28 -1 18
4 28 0 18
4 28 1 18
4 28 2 18
4 28 3 18
4 28 4 18
4 28 5 18
4 28 6 18
4 28 7 18
4 28 8 18
4 28 9 16
4 28 10 16
5 28 -10 9
5 28 -9 9
5 28 -8 9
5 28 -7 18
5 28 -6 18
5 28 -5 18
5 28 -4 18
5 28 -3 18
5 28 -2 18
5 28 -1 18
5 28 0 18
5 28 1 18
5 28 2 18
5 28 3 18
5 28 4 18
5 28 5 18
5 28 6 18
5 28 7 18
5 28 8 16
5 28 9 9
5 28 10 9
6 28 -9 9
6 28 -8 9
6 28 -7 18
6 28 -6 18
6 28 -5 18
6 28 -4 18
6 28 -3 18
6 28 -2 18
6 28 -1 18
6 28 0 18
6 28 1 18
6 28 2 18
6 28 3 18
6 28 4 18
6 28 5 18
6 28 6 18
6 28 7 18
6 28 8 9
6 28 9 9
7 28 -9 9
7 28 -8 17
7 28 -7 9
7 28 -6 18
7 28 -5 18
7 28 -4 18
7 28 -3 18
7 28 -2 18
7 28 -1 18
7 28 0 18
7 28 1 18
7 28 2 18
7 28 3 18
7 28 4 18
7 28 5 18
7 28 6 18
7 28 7 16
7 28 8 17
7 28 9 9
8 28 -10 9
8 28 -9 9
8 28 -8 17
8 28 -7 17
8 28 -6 16
8 28 -5 9
8 28 -4 18
8 28 -3 18
8 28 -2 18
8 28 -1 18
8 28 0 18
8 28 1 18
8 28 2 18
8 28 3 18
8 28 4 18
8 28 5 9
8 28 6 16
8 28 7 17
8 28 8 17
8 28 9 9
8 28 10 16
9 28 -11 9
9 28 -10 9
9 28 -9 9
9 28 -8 9
9 28 -7 16
9 28 -6 16
9 28 -5 9
9 28 -4 9
9 28 -3 9
9 28 -2 18
9 28 -1 18
9 28 0 18
9 28 1 18
9 28 2 18
9 28 3 9
9 28 4 9
9 28 5 16
9 28 6 16
9 28 7 9
9 28 8 9
9 28 9 9
9 28 10 9
9 28 11 9
10 28 -12 9
10 28 -11 9
10 28 -10 9
10 28 -9 9
10 28 -8 9
10 28 -5 9
10 28 -4 9
10 28 -3 9
10 28 -2 9
10 28 -1 16
10 28 0 9
10 28 1 9
10 28 2 9
10 28 3 16
10 28 4 9
10 28 5 9
10 28 8 9
10 28 9 16
10 28 10 9
10 28 11 9
10 28 12 9
11 28 -13 9
11 28 -12 16
11 28 -11 9
11 28 -10 9
11 28 -9 9
11 28 -3 9
11 28 -2 9
11 28 -1 9
11 28 0 17
11 28 1 9
11 28 2 9
11 28 3 16
11 28 9 9
11 28 10 9
11 28 11 9
11 28 12 9
11 28 13 16
12 28 -14 16
12 28 -13 9
12 28 -12 9
12 28 -11 9
12 28 -10 16
12 28 -1 9
12 28 0 9
12 28 1 9
12 28 10 9
12 28 11 9
12 28 12 16
12 28 13 9
12 28 14 9
13 28 -14 9
13 28 -13 9
13 28 -12 16
13 28 -11 9
13 28 -1 9
13 28 0 9
13 28 1 9
13 28 11 9
13 28 12 9
13 28 13 9
13 28 14 16
14 28 -14 4
14 28 -13 9
14 28 -12 16
14 28 -1 9
14 28 0 16
14 28 1 9
14 28 12 9
14 28 13 9
14 28 14 5
15 28 -1 16
15 28 0 9
15 28 1 9
16 28 -1 9
16 28 0 9
16 28 1 9
17 28 -1 9
17 28 0 16
17 28 1 9
18 28 -1 9
18 28 0 16
18 28 1 9
19 28 -1 16
19 28 0 9
19 28 1 9
20 28 0 7
-19 29 -1 0
-19 29 0 9
-19 29 1 0
-18 29 -1 9
-18 29 0 16
-18 29 1 9
-17 29 -1 9
-17 29 0 9
-17 29 1 9
-16 29 -1 16
-16 29 0 9
-16 29 1 9
-15 29 -1 9
-15 29 0 16
-15 29 1 9
-14 29 -13 0
-14 29 -12 9
-14 29 -1 9
-14 29 0 9
-14 29 1 16
-14 29 12 9
-14 29 13 0
-13 29 -14 4
-13 29 -13 9
-13 29 -12 16
-13 29 -11 16
-13 29 -1 16
-13 29 0 9
-13 29 1 16
-13 29 11 9
-13 29 12 16
-13 29 13 9
-13 29 14 5
-12 29 -14 16
-12 29 -13 9
-12 29 -12 16
-12 29 -11 9
-12 29 -10 9
-12 29 -1 9
-12 29 0 16
-12 29 1 9
-12 29 10 16
-12 29 11 16
-12 29 12 9
-12 29 13 9
-12 29 14 9
-11 29 -13 9
-11 29 -12 9
-11 29 -11 9
-11 29 -10 9
-11 29 -9 9
-11 29 -3 9
-11 29 -2 9
-11 29 -1 9
-11 29 0 17
-11 29 1 9
-11 29 2 16
-11 29 3 9
-11 29 9 9
-11 29 10 9
-11 29 11 9
-11 29 12 16
-11 29 13 16
-10 29 -12 9
-10 29 -11 9
-10 29 -10 9
-10 29 -9 9
-10 29 -8 9
-10 29 -5 16
-10 29 -4 9
-10 29 -3 16
-10 29 -2 9
-10 29 -1 9
-10 29 0 9
-10 29 1 9
-10 29 2 9
-10 29 3 9
-10 29 4 9
-10 29 5 9
-10 29 8 9
-10 29 9 9
-10 29 10 9
-10 29 11 9
-10 29 12 9
-9 29 -11 16
-9 29 -10 9
-9 29 -9 9
-9 29 -8 9
-9 29 -7 16
-9 29 -6 16
-9 29 -5 9
-9 29 -4 9
-9 29 -3 9
-9 29 -2 18
-9 29 -1 18
-9 29 0 18
-9 29 1 18
-9 29 2 18
-9 29 3 16
-9 29 4 9
-9 29 5 9
-9 29 6 16
-9 29 7 16
-9 29 8 9
-9 29 9 9
-9 29 10 9
-9 29 11 9
-8 29 -10 16
-8 29 -9 9
-8 29 -8 17
-8 29 -7 17
-8 29 -6 9
-8 29 -5 9
-8 29 -4 18
-8 29 -3 18
-8 29 -2 18
-8 29 -1 18
-8 29 0 18
-8 29 1 18
-8 29 2 18
-8 29 3 18
-8 29 4 18
-8 29 5 9
-8 29 6 9
-8 29 7 17
-8 29 8 17
-8 29 9 16
-8 29 10 9
-7 29 -9 16
-7 29 -8 17
-7 29 -7 9
-7 29 -6 18
-7 29 -5 18
-7 29 -4 18
-7 29 -3 18
-7 29 -2 18
-7 29 -1 18
-7 29 0 18
-7 29 1 18
-7 29 2 18
-7 29 3 18
-7 29 4 18
-7 29 5 18
-7 29 6 18
-7 29 7 9
-7 29 8 17
-7 29 9 16
-6 29 -9 9
-6 29 -8 9
-6 29 -7 18
-6 29 -6 18
-6 29 -5 18
-6 29 -4 18
-6 29 -3 18
-6 29 -2 18
-6 29 -1 18
-6 29 0 18
-6 29 1 18
-6 29 2 18
-6 29 3 18
-6 29 4 18
-6 29 5 18
-6 29 6 18
-6 29 7 18
-6 29 8 9
-6 29 9 16
-5 29 -10 16
-5 29 -9 9
-5 29 -8 16
-5 29 -7 18
-5 29 -6 18
-5 29 -5 18
-5 29 -4 18
-5 29 -3 18
-5 29 -2 18
-5 29 -1 18
-5 29 0 18
-5 29 1 18
-5 29 2 18
-5 29 3 18
-5 29 4 18
-5 29 5 18
-5 29 6 18
-5 29 7 18
-5 29 8 9
-5 29 9 9
-5 29 10 9
-4 29 -10 9
-4 29 -9 9
-4 29 -8 18
-4 29 -7 18
-4 29 -6 18
-4 29 -5 18
-4 29 -4 18
-4 29 -3 18
-4 29 -2 18
-4 29 -1 18
-4 29 0 18
-4 29 1 18
-4 29 2 18
-4 29 3 18
-4 29 4 18
-4 29 5 18
-4 29 6 18
-4 29 7 18
-4 29 8 18
-4 29 9 16
-4 29 10 9
-3 29 -11 9
-3 29 -10 9
-3 29 -9 9
-3 29 -8 18
-3 29 -7 18
-3 29 -6 18
-3 29 -5 18
-3 29 -4 18
-3 29 -3 18
-3 29 -2 18
-3 29 -1 18
-3 29 0 18
-3 29 1 18
-3 29 2 18
-3 29 3 18
-3 29 4 18
-3 29 5 18
-3 29 6 18
-3 29 7 18
-3 29 8 18
-3 29 9 9
-3 29 10 9
-3 29 11 9
-2 29 -11 9
-2 29 -10 9
-2 29 -9 18
-2 29 -8 18
-2 29 -7 18
-2 29 -6 18
-2 29 -5 18
-2 29 -4 18
-2 29 -3 18
-2 29 -2 1
-2 29 -1 1
-2 29 0 18
-2 29 1 18
-2 29 2 18
-2 29 3 18
-2 29 4 18
-2 29 5 18
-2 29 6 18
-2 29 7 18
-2 29 8 18
-2 29 9 18
-2 29 10 9
-2 29 11 16
-1 29 -19 4
-1 29 -18 16
-1 29 -17 9
-1 29 -16 9
-1 29 -15 9
-1 29 -14 9
-1 29 -13 9
-1 29 -12 9
-1 29 -11 16
-1 29 -10 16
-1 29 -9 18
-1 29 -8 18
-1 29 -7 18
-1 29 -6 18
-1 29 -5 18
-1 29 -4 18
-1 29 -3 18
-1 29 -2 1
-1 29 -1 1
-1 29 0 18
-1 29 1 18
-1 29 2 18
-1 29 3 18
-1 29 4 18
-1 29 5 18
-1 29 6 18
-1 29 7 18
-1 29 8 18
-1 29 9 18
-1 29 10 16
-1 29 11 16
0 29 -19 9
0 29 -18 9
0 29 -17 9
0 29 -16 9
0 29 -15 9
0 29 -14 9
0 29 -13 16
0 29 -12 16
0 29 -11 17
0 29 -10 9
0 29 -9 18
0 29 -8 18
0 29 -7 18
0 29 -6 18
0 29 -5 18
0 29 -4 18
0 29 -3 18
0 29 -2 7
0 29 -1 7
0 29 0 17
0 29 1 18
0 29 2 18
0 29 3 18
0 29 4 18
0 29 5 18
0 29 6 18
0 29 7 18
0 29 8 18
0 29 9 18
0 29 10 9
0 29 11 17
1 29 -19 4
1 29 -18 9
1 29 -17 9
1 29 -16 9
1 29 -15 9
1 29 -14 9
1 29 -13 9
1 29 -12 16
1 29 -11 16
1 29 -10 9
1 29 -9 18
1 29 -8 18
1 29 -7 18
1 29 -6 18
1 29 -5 18
1 29 -4 18
1 29 -3 18
1 29 -2 18
1 29 -1 18
1 29 0 18
1 29 1 18
1 29 2 18
1 29 3 18
1 29 4 18
1 29 5 18
1 29 6 18
1 29 7 18
1 29 8 18
1 29 9 18
1 29 10 9
1 29 11 16
2 29 -11 9
2 29 -10 9
2 29 -9 18
2 29 -8 18
2 29 -7 18
2 29 -6 18
2 29 -5 18
2 29 -4 18
2 29 -3 18
2 29 -2 18
2 29 -1 18
2 29 0 18
2 29 1 18
2 29 2 18
2 29 3 18
2 29 4 18
2 29 5 18
2 29 6 18
2 29 7 18
2 29 8 18
2 29 9 18
2 29 10 9
2 29 11 9
3 29 -11 9
3 29 -10 9
3 29 -9 9
3 29 -8 18
3 29 -7 18
3 29 -6 18
3 29 -5 18
3 29 -4 18
3 29 -3 18
3 29 -2 18
3 29 -1 18
3 29 0 18
3 29 1 18
3 29 2 18
3 29 3 18
3 29 4 18
3 29 5 18
3 29 6 18
3 29 7 18
3 29 8 18
3 29 9 9
3 29 10 9
3 29 11 9
4 29 -10 9
4 29 -9 9
4 29 -8 18
4 29 -7 18
4 29 -6 18
4 29 -5 18
4 29 -4 18
4 29 -3 18
4 29 -2 18
4 29 -1 18
4 29 0 18
4 29 1 18
4 29 2 18
4 29 3 18
4 29 4 18
4 29 5 18
4 29 6 18
4 29 7 18
4 29 8 18
4 29 9 16
4 29 10 9
5 29 -10 16
5 29 -9 9
5 29 -8 9
5 29 -7 18
5 29 -6 18
5 29 -5 18
5 29 -4 18
5 29 -3 18
5 29 -2 18
5 29 -1 18
5 29 0 18
5 29 1 18
5 29 2 18
5 29 3 18
5 29 4 18
5 29 5 18
5 29 6 18
5 29 7 18
5 29 8 9
5 29 9 9
5 29 10 9
6 29 -9 9
6 29 -8 9
6 29 -7 18
6 29 -6 18
6 29 -5 18
6 29 -4 18
6 29 -3 18
6 29 -2 18
6 29 -1 18
6 29 0 18
6 29 1 18
6 29 2 18
6 29 3 18
6 29 4 18
6 29 5 18
6 29 6 18
6 29 7 18
6 29 8 16
6 29 9 16
7 29 -9 16
7 29 -8 17
7 29 -7 9
7 29 -6 18
7 29 -5 18
7 29 -4 18
7 29 -3 18
7 29 -2 18
7 29 -1 18
7 29 0 18
7 29 1 18
7 29 2 18
7 29 3 18
7 29 4 18
7 29 5 18
7 29 6 18
7 29 7 9
7 29 8 17
7 29 9 16
8 29 -10 16
8 29 -9 9
8 29 -8 17
8 29 -7 17
8 29 -6 9
8 29 -5 9
8 29 -4 18
8 29 -3 18
8 29 -2 18
8 29 -1 18
8 29 0 18
8 29 1 18
8 29 2 18
8 29 3 18
8 29 4 18
8 29 5 16
8 29 6 9
8 29 7 17
8 29 8 17
8 29 9 9
8 29 10 9
9 29 -11 9
9 29 -10 9
9 29 -9 9
9 29 -8 16
9 29 -7 16
9 29 -6 9
9 29 -5 9
9 29 -4 9
9 29 -3 16
9 29 -2 18
9 29 -1 18
9 29 0 18
9 29 1 18
9 29 2 18
9 29 3 9
9 29 4 16
9 29 5 9
9 29 6 9
9 29 7 16
9 29 8 9
9 29 9 9
9 29 10 9
9 29 11 16
10 29 -12 9
10 29 -11 9
10 29 -10 9
10 29 -9 9
10 29 -8 9
10 29 -5 9
10 29 -4 16
10 29 -3 9
10 29 -2 9
10 29 -1 9
10 29 0 9
10 29 1 9
10 29 2 9
10 29 3 9
10 29 4 9
10 29 5 9
10 29 8 9
10 29 9 9
10 29 10 9
10 29 11 16
10 29 12 9
11 29 -13 16
11 29 -12 9
11 29 -11 9
11 29 -10 16
11 29 -9 9
11 29 -3 9
11 29 -2 9
11 29 -1 9
11 29 0 17
11 29 1 9
11 29 2 9
11 29 3 9
11 29 9 9
11 29 10 9
11 29 11 9
11 29 12 9
11 29 13 9
12 29 -14 9
12 29 -13 16
12 29 -12 9
12 29 -11 9
12 29 -10 16
12 29 -1 9
12 29 0 9
12 29 1 9
12 29 10 9
12 29 11 9
12 29 12 16
12 29 13 9
12 29 14 9
13 29 -14 4
13 29 -13 9
13 29 -12 9
13 29 -11 9
13 29 -1 16
13 29 0 9
13 29 1 16
13 29 11 16
13 29 12 9
13 29 13 9
13 29 14 5
14 29 -13 7
14 29 -12 16
14 29 -1 9
14 29 0 9
14 29 1 9
14 29 12 16
14 29 13 7
15 29 -1 9
15 29 0 9
15 29 1 9
16 29 -1 9
16 29 0 9
16 29 1 16
17 29 -1 9
17 29 0 9
17 29 1 9
18 29 -1 9
18 29 0 9
18 29 1 9
19 29 -1 7
19 29 0 9
19 29 1 7
-19 30 0 0
-18 30 -1 16
-18 30 0 9
-18 30 1 16
-17 30 -1 16
-17 30 0 9
-17 30 1 9
-16 30 -1 9
-16 30 0 9
-16 30 1 9
-15 30 -1 9
-15 30 0 9
-15 30 1 9
-14 30 -12 9
-14 30 -1 9
-14 30 0 16
-14 30 1 9
-14 30 12 16
-13 30 -13 9
-13 30 -12 16
-13 30 -11 9
-13 30 -1 9
-13 30 0 9
-13 30 1 9
-13 30 11 9
-13 30 12 9
-13 30 13 9
-12 30 -14 9
-12 30 -13 9
-12 30 -12 9
-12 30 -11 9
-12 30 -10 16
-12 30 -1 9
-12 30 0 9
-12 30 1 9
-12 30 10 9
-12 30 11 9
-12 30 12 9
-12 30 13 16
-12 30 14 9
-11 30 -13 9
-11 30 -12 9
-11 30 -11 9
-11 30 -10 9
-11 30 -9 9
-11 30 -3 9
-11 30 -2 16
-11 30 -1 16
-11 30 0 17
-11 30 1 9
-11 30 2 9
-11 30 3 16
-11 30 9 9
-11 30 10 16
-11 30 11 9
-11 30 12 9
-11 30 13 16
-10 30 -12 9
-10 30 -11 9
-10 30 -10 9
-10 30 -9 9
-10 30 -8 16
-10 30 -5 16
-10 30 -4 9
-10 30 -3 9
-10 30 -2 9
-10 30 -1 9
-10 30 0 16
-10 30 1 9
-10 30 2 9
-10 30 3 9
-10 30 4 16
-10 30 5 16
-10 30 8 9
-10 30 9 9
-10 30 10 9
-10 30 11 9
-10 30 12 9
-9 30 -11 9
-9 30 -10 16
-9 30 -9 9
-9 30 -8 9
-9 30 -7 9
-9 30 -6 16
-9 30 -5 9
-9 30 -4 9
-9 30 -3 9
-9 30 -2 18
-9 30 -1 18
-9 30 0 18
-9 30 1 18
-9 30 2 18
-9 30 3 9
-9 30 4 9
-9 30 5 16
-9 30 6 9
-9 30 7 9
-9 30 8 9
-9 30 9 9
-9 30 10 16
-9 30 11 9
-8 30 -10 9
-8 30 -9 16
-8 30 -8 17
-8 30 -7 17
-8 30 -6 16
-8 30 -5 9
-8 30 -4 18
-8 30 -3 18
-8 30 -2 18
-8 30 -1 18
-8 30 0 18
-8 30 1 18
-8 30 2 18
-8 30 3 18
-8 30 4 18
-8 30 5 9
-8 30 6 9
-8 30 7 17
-8 30 8 17
-8 30 9 9
-8 30 10 16
-7 30 -9 9
-7 30 -8 17
-7 30 -7 9
-7 30 -6 18
-7 30 -5 18
-7 30 -4 18
-7 30 -3 18
-7 30 -2 18
-7 30 -1 18
-7 30 0 18
-7 30 1 18
-7 30 2 18
-7 30 3 18
-7 30 4 18
-7 30 5 18
-7 30 6 18
-7 30 7 9
-7 30 8 17
-7 30 9 9
-6 30 -9 9
-6 30 -8 9
-6 30 -7 18
-6 30 -6 18
-6 30 -5 18
-6 30 -4 18
-6 30 -3 18
-6 30 -2 18
-6 30 -1 18
-6 30 0 18
-6 30 1 18
-6 30 2 18
-6 30 3 18
-6 30 4 18
-6 30 5 18
-6 30 6 18
-6 30 7 18
-6 30 8 9
-6 30 9 9
-5 30 -10 9
-5 30 -9 9
-5 30 -8 9
-5 30 -7 18
-5 30 -6 18
-5 30 -5 18
-5 30 -4 18
-5 30 -3 18
-5 30 -2 18
-5 30 -1 18
-5 30 0 18
-5 30 1 18
-5 30 2 18
-5 30 3 18
-5 30 4 18
-5 30 5 18
-5 30 6 18
-5 30 7 18
-5 30 8 9
-5 30 9 9
-5 30 10 16
-4 30 -10 9
-4 30 -9 9
-4 30 -8 18
-4 30 -7 18
-4 30 -6 18
-4 30 -5 18
-4 30 -4 18
-4 30 -3 18
-4 30 -2 18
-4 30 -1 18
-4 30 0 18
-4 30 1 18
-4 30 2 18
-4 30 3 18
-4 30 4 18
-4 30 5 18
-4 30 6 18
-4 30 7 18
-4 30 8 18
-4 30 9 9
-4 30 10 9
-3 30 -11 9
-3 30 -10 16
-3 30 -9 16
-3 30 -8 18
-3 30 -7 18
-3 30 -6 18
-3 30 -5 18
-3 30 -4 18
-3 30 -3 18
-3 30 -2 18
-3 30 -1 18
-3 30 0 18
-3 30 1 18
-3 30 2 18
-3 30 3 18
-3 30 4 18
-3 30 5 18
-3 30 6 18
-3 30 7 18
-3 30 8 18
-3 30 9 9
-3 30 10 9
-3 30 11 9
-2 30 -11 9
-2 30 -10 9
-2 30 -9 18
-2 30 -8 18
-2 30 -7 18
-2 30 -6 18
-2 30 -5 18
-2 30 -4 18
-2 30 -3 18
-2 30 -2 18
-2 30 -1 18
-2 30 0 4
-2 30 1 1
-2 30 2 1
-2 30 3 18
-2 30 4 18
-2 30 5 18
-2 30 6 18
-2 30 7 18
-2 30 8 18
-2 30 9 18
-2 30 10 16
-2 30 11 16
-1 30 -18 9
-1 30 -17 9
-1 30 -16 9
-1 30 -15 9
-1 30 -14 9
-1 30 -13 9
-1 30 -12 9
-1 30 -11 16
-1 30 -10 9
-1 30 -9 18
-1 30 -8 18
-1 30 -7 18
-1 30 -6 18
-1 30 -5 18
-1 30 -4 18
-1 30 -3 18
-1 30 -2 18
-1 30 -1 18
-1 30 0 4
-1 30 1 1
-1 30 2 1
-1 30 3 18
-1 30 4 18
-1 30 5 18
-1 30 6 18
-1 30 7 18
-1 30 8 18
-1 30 9 18
-1 30 10 16
-1 30 11 9
0 30 -19 4
0 30 -18 16
0 30 -17 9
0 30 -16 16
0 30 -15 9
0 30 -14 9
0 30 -13 9
0 30 -12 16
0 30 -11 17
0 30 -10 9
0 30 -9 18
0 30 -8 18
0 30 -7 18
0 30 -6 18
0 30 -5 18
0 30 -4 18
0 30 -3 18
0 30 -2 18
0 30 -1 18
0 30 0 17
0 30 1 18
0 30 2 18
0 30 3 18
0 30 4 18
0 30 5 18
0 30 6 18
0 30 7 18
0 30 8 18
0 30 9 18
0 30 10 9
0 30 11 17
1 30 -18 9
1 30 -17 9
1 30 -16 16
1 30 -15 16
1 30 -14 9
1 30 -13 9
1 30 -12 16
1 30 -11 9
1 30 -10 9
1 30 -9 18
1 30 -8 18
1 30 -7 18
1 30 -6 18
1 30 -5 18
1 30 -4 18
1 30 -3 18
1 30 -2 18
1 30 -1 18
1 30 0 18
1 30 1 18
1 30 2 18
1 30 3 18
1 30 4 18
1 30 5 18
1 30 6 18
1 30 7 18
1 30 8 18
1 30 9 18
1 30 10 9
1 30 11 16
2 30 -11 9
2 30 -10 16
2 30 -9 18
2 30 -8 18
2 30 -7 18
2 30 -6 18
2 30 -5 18
2 30 -4 18
2 30 -3 18
2 30 -2 18
2 30 -1 18
2 30 0 18
2 30 1 18
2 30 2 18
2 30 3 18
2 30 4 18
2 30 5 18
2 30 6 18
2 30 7 18
2 30 8 18
2 30 9 18
2 30 10 9
2 30 11 9
3 30 -11 9
3 30 -10 9
3 30 -9 9
3 30 -8 18
3 30 -7 18
3 30 -6 18
3 30 -5 18
3 30 -4 18
3 30 -3 18
3 30 -2 18
3 30 -1 18
3 30 0 18
3 30 1 18
3 30 2 18
3 30 3 18
3 30 4 18
3 30 5 18
3 30 6 18
3 30 7 18
3 30 8 18
3 30 9 16
3 30 10 9
3 30 11 9
4 30 -10 9
4 30 -9 9
4 30 -8 18
4 30 -7 18
4 30 -6 18
4 30 -5 18
4 30 -4 18
4 30 -3 18
4 30 -2 18
4 30 -1 18
4 30 0 18
4 30 1 18
4 30 2 18
4 30 3 18
4 30 4 18
4 30 5 18
4 30 6 18
4 30 7 18
4 30 8 18
4 30 9 9
4 30 10 16
5 30 -10 9
5 30 -9 9
5 30 -8 9
5 30 -7 18
5 30 -6 18
5 30 -5 18
5 30 -4 18
5 30 -3 18
5 30 -2 18
5 30 -1 18
5 30 0 18
5 30 1 18
5 30 2 18
5 30 3 18
5 30 4 18
5 30 5 18
5 30 6 18
5 30 7 18
5 30 8 9
5 30 9 9
5 30 10 9
6 30 -9 16
6 30 -8 16
6 30 -7 18
6 30 -6 18
6 30 -5 18
6 30 -4 18
6 30 -3 18
6 30 -2 18
6 30 -1 18
6 30 0 18
6 30 1 18
6 30 2 18
6 30 3 18
6 30 4 18
6 30 5 18
6 30 6 18
6 30 7 18
6 30 8 9
6 30 9 9
7 30 -9 9
7 30 -8 17
7 30 -7 9
7 30 -6 18
7 30 -5 18
7 30 -4 18
7 30 -3 18
7 30 -2 18
7 30 -1 18
7 30 0 18
7 30 1 18
7 30 2 18
7 30 3 18
7 30 4 18
7 30 5 18
7 30 6 18
7 30 7 9
7 30 8 17
7 30 9 9
8 30 -10 9
8 30 -9 9
8 30 -8 17
8 30 -7 17
8 30 -6 9
8 30 -5 9
8 30 -4 18
8 30 -3 18
8 30 -2 18
8 30 -1 18
8 30 0 18
8 30 1 18
8 30 2 18
8 30 3 18
8 30 4 18
8 30 5 16
8 30 6 9
8 30 7 17
8 30 8 17
8 30 9 9
8 30 10 9
9 30 -11 9
9 30 -10 9
9 30 -9 9
9 30 -8 9
9 30 -7 9
9 30 -6 9
9 30 -5 16
9 30 -4 9
9 30 -3 9
9 30 -2 18
9 30 -1 18
9 30 0 18
9 30 1 18
9 30 2 18
9 30 3 9
9 30 4 9
9 30 5 9
9 30 6 9
9 30 7 9
9 30 8 9
9 30 9 9
9 30 10 9
9 30 11 9
10 30 -12 16
10 30 -11 9
10 30 -10 9
10 30 -9 9
10 30 -8 9
10 30 -5 9
10 30 -4 16
10 30 -3 9
10 30 -2 9
10 30 -1 9
10 30 0 9
10 30 1 9
10 30 2 9
10 30 3 9
10 30 4 9
10 30 5 9
10 30 8 9
10 30 9 9
10 30 10 9
10 30 11 9
10 30 12 9
11 30 -13 16
11 30 -12 9
11 30 -11 9
11 30 -10 9
11 30 -9 9
11 30 -3 16
11 30 -2 9
11 30 -1 9
11 30 0 17
11 30 1 16
11 30 2 9
11 30 3 9
11 30 9 9
11 30 10 16
11 30 11 9
11 30 12 16
11 30 13 9
12 30 -14 16
12 30 -13 9
12 30 -12 9
12 30 -11 9
12 30 -10 9
12 30 -1 9
12 30 0 9
12 30 1 16
12 30 10 9
12 30 11 9
12 30 12 9
12 30 13 9
12 30 14 16
13 30 -13 9
13 30 -12 9
13 30 -11 9
13 30 -1 9
13 30 0 9
13 30 1 9
13 30 11 9
13 30 12 9
13 30 13 9
14 30 -12 9
14 30 -1 16
14 30 0 9
14 30 1 9
14 30 12 16
15 30 -1 9
15 30 0 16
15 30 1 9
16 30 -1 9
16 30 0 16
16 30 1 9
17 30 -1 9
17 30 0 16
17 30 1 16
18 30 -1 9
18 30 0 16
18 30 1 9
19 30 0 7
-18 31 -1 9
-18 31 0 9
-18 31 1 9
-17 31 -1 9
-17 31 0 16
-17 31 1 16
-16 31 -1 9
-16 31 0 9
-16 31 1 9
-15 31 -1 16
-15 31 0 9
-15 31 1 9
-14 31 -12 0
-14 31 -1 9
-14 31 0 16
-14 31 1 9
-14 31 12 0
-13 31 -13 16
-13 31 -12 9
-13 31 -11 16
-13 31 -1 9
-13 31 0 9
-13 31 1 16
-13 31 11 9
-13 31 12 16
-13 31 13 9
-12 31 -14 4
-12 31 -13 9
-12 31 -12 9
-12 31 -11 9
-12 31 -10 16
-12 31 -1 16
-12 31 0 9
-12 31 1 9
-12 31 10 9
-12 31 11 9
-12 31 12 9
-12 31 13 9
-12 31 14 5
-11 31 -13 9
-11 31 -12 9
-11 31 -11 9
-11 31 -10 9
-11 31 -9 9
-11 31 -3 9
-11 31 -2 9
-11 31 -1 9
-11 31 0 17
-11 31 1 9
-11 31 2 9
-11 31 3 9
-11 31 9 9
-11 31 10 9
-11 31 11 9
-11 31 12 9
-11 31 13 9
-10 31 -12 16
-10 31 -11 16
-10 31 -10 9
-10 31 -9 9
-10 31 -8 9
-10 31 -5 9
-10 31 -4 9
-10 31 -3 9
-10 31 -2 9
-10 31 -1 16
-10 31 0 9
-10 31 1 9
-10 31 2 16
-10 31 3 9
-10 31 4 9
-10 31 5 9
-10 31 8 9
-10 31 9 9
-10 31 10 9
-10 31 11 16
-10 31 12 9
-9 31 -11 9
-9 31 -10 9
-9 31 -9 16
-9 31 -8 9
-9 31 -7 9
-9 31 -6 9
-9 31 -5 9
-9 31 -4 16
-9 31 -3 9
-9 31 -2 18
-9 31 -1 18
-9 31 0 18
-9 31 1 18
-9 31 2 18
-9 31 3 16
-9 31 4 9
-9 31 5 9
-9 31 6 9
-9 31 7 9
-9 31 8 16
-9 31 9 9
-9 31 10 9
-9 31 11 9
-8 31 -10 9
-8 31 -9 9
-8 31 -8 17
-8 31 -7 17
-8 31 -6 9
-8 31 -5 9
-8 31 -4 18
-8 31 -3 18
-8 31 -2 18
-8 31 -1 18
-8 31 0 18
-8 31 1 18
-8 31 2 18
-8 31 3 18
-8 31 4 18
-8 31 5 9
-8 31 6 9
-8 31 7 17
-8 31 8 17
-8 31 9 9
-8 31 10 16
-7 31 -9 9
-7 31 -8 17
-7 31 -7 9
-7 31 -6 18
-7 31 -5 18
-7 31 -4 18
-7 31 -3 18
-7 31 -2 18
-7 31 -1 18
-7 31 0 18
-7 31 1 18
-7 31 2 18
-7 31 3 18
-7 31 4 18
-7 31 5 18
-7 31 6 18
-7 31 7 9
-7 31 8 17
-7 31 9 9
-6 31 -9 9
-6 31 -8 9
-6 31 -7 18
-6 31 -6 18
-6 31 -5 18
-6 31 -4 18
-6 31 -3 18
-6 31 -2 18
-6 31 -1 18
-6 31 0 18
-6 31 1 18
-6 31 2 18
-6 31 3 18
-6 31 4 18
-6 31 5 18
-6 31 6 18
-6 31 7 18
-6 31 8 9
-6 31 9 16
-5 31 -10 9
-5 31 -9 16
-5 31 -8 9
-5 31 -7 18
-5 31 -6 18
-5 31 -5 18
-5 31 -4 18
-5 31 -3 18
-5 31 -2 18
-5 31 -1 18
-5 31 0 18
-5 31 1 18
-5 31 2 18
-5 31 3 18
-5 31 4 18
-5 31 5 18
-5 31 6 18
-5 31 7 18
-5 31 8 9
-5 31 9 9
-5 31 10 9
-4 31 -10 9
-4 31 -9 9
-4 31 -8 18
-4 31 -7 18
-4 31 -6 18
-4 31 -5 18
-4 31 -4 18
-4 31 -3 18
-4 31 -2 18
-4 31 -1 18
-4 31 0 18
-4 31 1 18
-4 31 2 18
-4 31 3 18
-4 31 4 18
-4 31 5 18
-4 31 6 18
-4 31 7 18
-4 31 8 18
-4 31 9 9
-4 31 10 9
-3 31 -11 9
-3 31 -10 16
-3 31 -9 16
-3 31 -8 18
-3 31 -7 18
-3 31 -6 18
-3 31 -5 18
-3 31 -4 18
-3 31 -3 18
-3 31 -2 18
-3 31 -1 18
-3 31 0 18
-3 31 1 18
-3 31 2 18
-3 31 3 18
-3 31 4 18
-3 31 5 18
-3 31 6 18
-3 31 7 18
-3 31 8 18
-3 31 9 9
-3 31 10 9
-3 31 11 9
-2 31 -11 9
-2 31 -10 9
-2 31 -9 18
-2 31 -8 18
-2 31 -7 18
-2 31 -6 18
-2 31 -5 18
-2 31 -4 18
-2 31 -3 18
-2 31 -2 18
-2 31 -1 18
-2 31 0 18
-2 31 1 18
-2 31 2 18
-2 31 3 18
-2 31 4 18
-2 31 5 18
-2 31 6 18
-2 31 7 18
-2 31 8 18
-2 31 9 18
-2 31 10 9
-2 31 11 9
-1 31 -18 9
-1 31 -17 9
-1 31 -16 9
-1 31 -15 9
-1 31 -14 9
-1 31 -13 9
-1 31 -12 16
-1 31 -11 9
-1 31 -10 9
-1 31 -9 18
-1 31 -8 18
-1 31 -7 18
-1 31 -6 18
-1 31 -5 18
-1 31 -4 18
-1 31 -3 18
-1 31 -2 18
-1 31 -1 18
-1 31 0 18
-1 31 1 18
-1 31 2 18
-1 31 3 18
-1 31 4 18
-1 31 5 18
-1 31 6 18
-1 31 7 18
-1 31 8 18
-1 31 9 18
-1 31 10 9
-1 31 11 9
0 31 -18 9
0 31 -17 9
0 31 -16 9
0 31 -15 16
0 31 -14 9
0 31 -13 16
0 31 -12 9
0 31 -11 17
0 31 -10 9
0 31 -9 18
0 31 -8 18
0 31 -7 18
0 31 -6 18
0 31 -5 18
0 31 -4 18
0 31 -3 18
0 31 -2 18
0 31 -1 18
0 31 0 17
0 31 1 0
0 31 2 0
0 31 3 18
0 31 4 18
0 31 5 18
0 31 6 18
0 31 7 18
0 31 8 18
0 31 9 18
0 31 10 9
0 31 11 17
1 31 -18 9
1 31 -17 9
1 31 -16 16
1 31 -15 9
1 31 -14 16
1 31 -13 9
1 31 -12 9
1 31 -11 9
1 31 -10 9
1 31 -9 18
1 31 -8 18
1 31 -7 18
1 31 -6 18
1 31 -5 18
1 31 -4 18
1 31 -3 18
1 31 -2 18
1 31 -1 18
1 31 0 18
1 31 1 1
1 31 2 1
1 31 3 18
1 31 4 18
1 31 5 18
1 31 6 18
1 31 7 18
1 31 8 18
1 31 9 18
1 31 10 16
1 31 11 9
2 31 -11 9
2 31 -10 9
2 31 -9 18
2 31 -8 18
2 31 -7 18
2 31 -6 18
2 31 -5 18
2 31 -4 18
2 31 -3 18
2 31 -2 18
2 31 -1 18
2 31 0 18
2 31 1 1
2 31 2 1
2 31 3 18
2 31 4 18
2 31 5 18
2 31 6 18
2 31 7 18
2 31 8 18
2 31 9 18
2 31 10 9
2 31 11 9
3 31 -11 9
3 31 -10 9
3 31 -9 9
3 31 -8 18
3 31 -7 18
3 31 -6 18
3 31 -5 18
3 31 -4 18
3 31 -3 18
3 31 -2 18
3 31 -1 18
3 31 0 18
3 31 1 18
3 31 2 18
3 31 3 18
3 31 4 18
3 31 5 18
3 31 6 18
3 31 7 18
3 31 8 18
3 31 9 16
3 31 10 9
3 31 11 9
4 31 -10 9
4 31 -9 16
4 31 -8 18
4 31 -7 18
4 31 -6 18
4 31 -5 18
4 31 -4 18
4 31 -3 18
4 31 -2 18
4 31 -1 18
4 31 0 18
4 31 1 18
4 31 2 18
4 31 3 18
4 31 4 18
4 31 5 18
4 31 6 18
4 31 7 18
4 31 8 18
4 31 9 16
4 31 10 9
5 31 -10 9
5 31 -9 9
5 31 -8 16
5 31 -7 18
5 31 -6 18
5 31 -5 18
5 31 -4 18
5 31 -3 18
5 31 -2 18
5 31 -1 18
5 31 0 18
5 31 1 18
5 31 2 18
5 31 3 18
5 31 4 18
5 31 5 18
5 31 6 18
5 31 7 18
5 31 8 16
5 31 9 16
5 31 10 9
6 31 -9 9
6 31 -8 9
6 31 -7 18
6 31 -6 18
6 31 -5 18
6 31 -4 18
6 31 -3 18
6 31 -2 18
6 31 -1 18
6 31 0 18
6 31 1 18
6 31 2 18
6 31 3 18
6 31 4 18
6 31 5 18
6 31 6 18
6 31 7 18
6 31 8 9
6 31 9 9
7 31 -9 9
7 31 -8 17
7 31 -7 9
7 31 -6 18
7 31 -5 18
7 31 -4 18
7 31 -3 18
7 31 -2 18
7 31 -1 18
7 31 0 18
7 31 1 18
7 31 2 18
7 31 3 18
7 31 4 18
7 31 5 18
7 31 6 18
7 31 7 9
7 31 8 17
7 31 9 9
8 31 -10 9
8 31 -9 9
8 31 -8 17
8 31 -7 17
8 31 -6 16
8 31 -5 16
8 31 -4 18
8 31 -3 18
8 31 -2 18
8 31 -1 18
8 31 0 18
8 31 1 18
8 31 2 18
8 31 3 18
8 31 4 18
8 31 5 16
8 31 6 9
8 31 7 17
8 31 8 17
8 31 9 16
8 31 10 9
9 31 -11 9
9 31 -10 9
9 31 -9 9
9 31 -8 9
9 31 -7 9
9 31 -6 9
9 31 -5 9
9 31 -4 9
9 31 -3 16
9 31 -2 18
9 31 -1 18
9 31 0 18
9 31 1 18
9 31 2 18
9 31 3 9
9 31 4 9
9 31 5 9
9 31 6 9
9 31 7 9
9 31 8 9
9 31 9 16
9 31 10 9
9 31 11 9
10 31 -12 9
10 31 -11 9
10 31 -10 9
10 31 -9 9
10 31 -8 9
10 31 -5 16
10 31 -4 9
10 31 -3 9
10 31 -2 16
10 31 -1 9
10 31 0 9
10 31 1 9
10 31 2 9
10 31 3 9
10 31 4 9
10 31 5 9
10 31 8 16
10 31 9 16
10 31 10 9
10 31 11 9
10 31 12 9
11 31 -13 9
11 31 -12 9
11 31 -11 9
11 31 -10 16
11 31 -9 9
11 31 -3 9
11 31 -2 16
11 31 -1 9
11 31 0 17
11 31 1 9
11 31 2 16
11 31 3 9
11 31 9 9
11 31 10 16
11 31 11 9
11 31 12 16
11 31 13 9
12 31 -14 4
12 31 -13 16
12 31 -12 9
12 31 -11 9
12 31 -10 9
12 31 -1 9
12 31 0 9
12 31 1 9
12 31 10 9
12 31 11 16
12 31 12 9
12 31 13 9
12 31 14 5
13 31 -13 9
13 31 -12 9
13 31 -11 9
13 31 -1 16
13 31 0 16
13 31 1 9
13 31 11 16
13 31 12 9
13 31 13 16
14 31 -12 7
14 31 -1 9
14 31 0 9
14 31 1 9
14 31 12 7
15 31 -1 9
15 31 0 9
15 31 1 16
16 31 -1 9
16 31 0 16
16 31 1 9
17 31 -1 16
17 31 0 16
17 31 1 9
18 31 -1 9
18 31 0 9
18 31 1 9
-18 32 -1 9
-18 32 0 9
-18 32 1 16
-17 32 -1 9
-17 32 0 9
-17 32 1 16
-16 32 -1 9
-16 32 0 9
-16 32 1 9
-15 32 -1 16
-15 32 0 9
-15 32 1 16
-14 32 -1 9
-14 32 0 16
-14 32 1 16
-13 32 -13 9
-13 32 -12 16
-13 32 -11 16
-13 32 -1 9
-13 32 0 9
-13 32 1 9
-13 32 11 9
-13 32 12 16
-13 32 13 16
-12 32 -13 16
-12 32 -12 16
-12 32 -11 9
-12 32 -10 9
-12 32 -1 16
-12 32 0 9
-12 32 1 9
-12 32 10 9
-12 32 11 9
-12 32 12 16
-12 32 13 9
-11 32 -13 9
-11 32 -12 9
-11 32 -11 9
-11 32 -10 9
-11 32 -9 9
-11 32 -3 9
-11 32 -2 9
-11 32 -1 9
-11 32 0 17
-11 32 1 9
-11 32 2 9
-11 32 3 9
-11 32 9 9
-11 32 10 9
-11 32 11 16
-11 32 12 16
-11 32 13 9
-10 32 -12 16
-10 32 -11 9
-10 32 -10 9
-10 32 -9 16
-10 32 -8 9
-10 32 -5 9
-10 32 -4 9
-10 32 -3 9
-10 32 -2 9
-10 32 -1 9
-10 32 0 16
-10 32 1 9
-10 32 2 9
-10 32 3 9
-10 32 4 9
-10 32 5 9
-10 32 8 9
-10 32 9 9
-10 32 10 9
-10 32 11 9
-10 32 12 9
-9 32 -11 16
-9 32 -10 9
-9 32 -9 16
-9 32 -8 16
-9 32 -7 9
-9 32 -6 9
-9 32 -5 16
-9 32 -4 9
-9 32 -3 9
-9 32 -2 1
-9 32 -1 1
-9 32 0 1
-9 32 1 1
-9 32 2 1
-9 32 3 16
-9 32 4 16
-9 32 5 9
-9 32 6 9
-9 32 7 9
-9 32 8 9
-9 32 9 9
-9 32 10 16
-9 32 11 16
-8 32 -10 16
-8 32 -9 9
-8 32 -8 17
-8 32 -7 17
-8 32 -6 9
-8 32 -5 9
-8 32 -4 1
-8 32 -3 1
-8 32 -2 1
-8 32 -1 1
-8 32 0 1
-8 32 1 1
-8 32 2 1
-8 32 3 1
-8 32 4 1
-8 32 5 9
-8 32 6 16
-8 32 7 17
-8 32 8 17
-8 32 9 9
-8 32 10 9
-7 32 -9 16
-7 32 -8 17
-7 32 -7 16
-7 32 -6 1
-7 32 -5 1
-7 32 -4 1
-7 32 -3 1
-7 32 -2 1
-7 32 -1 1
-7 32 0 1
-7 32 1 1
-7 32 2 1
-7 32 3 1
-7 32 4 1
-7 32 5 1
-7 32 6 1
-7 32 7 9
-7 32 8 17
-7 32 9 9
-6 32 -9 9
-6 32 -8 16
-6 32 -7 1
-6 32 -6 1
-6 32 -5 1
-6 32 -4 1
-6 32 -3 1
-6 32 -2 1
-6 32 -1 1
-6 32 0 1
-6 32 1 1
-6 32 2 1
-6 32 3 1
-6 32 4 1
-6 32 5 1
-6 32 6 1
-6 32 7 1
-6 32 8 9
-6 32 9 9
-5 32 -10 9
-5 32 -9 9
-5 32 -8 9
-5 32 -7 1
-5 32 -6 1
-5 32 -5 1
-5 32 -4 1
-5 32 -3 1
-5 32 -2 1
-5 32 -1 1
-5 32 0 1
-5 32 1 1
-5 32 2 1
-5 32 3 1
-5 32 4 1
-5 32 5 1
-5 32 6 1
-5 32 7 1
-5 32 8 9
-5 32 9 9
-5 32 10 16
-4 32 -10 9
-4 32 -9 16
-4 32 -8 1
-4 32 -7 1
-4 32 -6 1
-4 32 -5 1
-4 32 -4 1
-4 32 -3 1
-4 32 -2 1
-4 32 -1 1
-4 32 0 1
-4 32 1 1
-4 32 2 1
-4 32 3 1
-4 32 4 1
-4 32 5 1
-4 32 6 1
-4 32 7 1
-4 32 8 1
-4 32 9 9
-4 32 10 16
-3 32 -11 9
-3 32 -10 9
-3 32 -9 9
-3 32 -8 1
-3 32 -7 1
-3 32 -6 1
-3 32 -5 1
-3 32 -4 1
-3 32 -3 1
-3 32 -2 1
-3 32 -1 1
-3 32 0 1
-3 32 1 1
-3 32 2 1
-3 32 3 1
-3 32 4 1
-3 32 5 1
-3 32 6 1
-3 32 7 1
-3 32 8 1
-3 32 9 9
-3 32 10 9
-3 32 11 9
-2 32 -11 9
-2 32 -10 9
-2 32 -9 1
-2 32 -8 1
-2 32 -7 1
-2 32 -6 1
-2 32 -5 1
-2 32 -4 1
-2 32 -3 1
-2 32 -2 18
-2 32 -1 18
-2 32 0 18
-2 32 1 18
-2 32 2 18
-2 32 3 1
-2 32 4 1
-2 32 5 1
-2 32 6 1
-2 32 7 1
-2 32 8 1
-2 32 9 1
-2 32 10 16
-2 32 11 9
-1 32 -18 9
-1 32 -17 9
-1 32 -16 9
-1 32 -15 9
-1 32 -14 9
-1 32 -13 16
-1 32 -12 9
-1 32 -11 9
-1 32 -10 9
-1 32 -9 1
-1 32 -8 1
-1 32 -7 1
-1 32 -6 1
-1 32 -5 1
-1 32 -4 1
-1 32 -3 1
-1 32 -2 18
-1 32 -1 18
-1 32 0 18
-1 32 1 18
-1 32 2 18
-1 32 3 1
-1 32 4 1
-1 32 5 1
-1 32 6 1
-1 32 7 1
-1 32 8 1
-1 32 9 1
-1 32 10 9
-1 32 11 16
0 32 -18 16
0 32 -17 9
0 32 -16 9
0 32 -15 9
0 32 -14 9
0 32 -13 9
0 32 -12 9
0 32 -11 17
0 32 -10 9
0 32 -9 1
0 32 -8 1
0 32 -7 1
0 32 -6 1
0 32 -5 1
0 32 -4 1
0 32 -3 1
0 32 -2 18
0 32 -1 18
0 32 0 17
0 32 1 18
0 32 2 18
0 32 3 1
0 32 4 1
0 32 5 1
0 32 6 1
0 32 7 1
0 32 8 1
0 32 9 1
0 32 10 9
0 32 11 17
1 32 -18 9
1 32 -17 9
1 32 -16 9
1 32 -15 9
1 32 -14 9
1 32 -13 9
1 32 -12 9
1 32 -11 16
1 32 -10 9
1 32 -9 1
1 32 -8 1
1 32 -7 1
1 32 -6 1
1 32 -5 1
1 32 -4 1
1 32 -3 1
1 32 -2 1
1 32 -1 1
1 32 0 5
1 32 1 18
1 32 2 18
1 32 3 1
1 32 4 1
1 32 5 1
1 32 6 1
1 32 7 1
1 32 8 1
1 32 9 1
1 32 10 9
1 32 11 9
2 32 -11 9
2 32 -10 16
2 32 -9 1
2 32 -8 1
2 32 -7 1
2 32 -6 1
2 32 -5 1
2 32 -4 1
2 32 -3 1
2 32 -2 1
2 32 -1 1
2 32 0 5
2 32 1 18
2 32 2 18
2 32 3 1
2 32 4 1
2 32 5 1
2 32 6 1
2 32 7 1
2 32 8 1
2 32 9 1
2 32 10 9
2 32 11 16
3 32 -11 9
3 32 -10 9
3 32 -9 9
3 32 -8 1
3 32 -7 1
3 32 -6 1
3 32 -5 1
3 32 -4 1
3 32 -3 1
3 32 -2 1
3 32 -1 1
3 32 0 1
3 32 1 1
3 32 2 1
3 32 3 1
3 32 4 1
3 32 5 1
3 32 6 1
3 32 7 1
3 32 8 1
3 32 9 9
3 32 10 9
3 32 11 9
4 32 -10 9
4 32 -9 9
4 32 -8 1
4 32 -7 1
4 32 -6 1
4 32 -5 1
4 32 -4 1
4 32 -3 1
4 32 -2 1
4 32 -1 1
4 32 0 1
4 32 1 1
4 32 2 1
4 32 3 1
4 32 4 1
4 32 5 1
4 32 6 1
4 32 7 1
4 32 8 1
4 32 9 9
4 32 10 9
5 32 -10 9
5 32 -9 9
5 32 -8 9
5 32 -7 1
5 32 -6 1
5 32 -5 1
5 32 -4 1
5 32 -3 1
5 32 -2 1
5 32 -1 1
5 32 0 1
5 32 1 1
5 32 2 1
5 32 3 1
5 32 4 1
5 32 5 1
5 32 6 1
5 32 7 1
5 32 8 9
5 32 9 9
5 32 10 9
6 32 -9 9
6 32 -8 16
6 32 -7 1
6 32 -6 1
6 32 -5 1
6 32 -4 1
6 32 -3 1
6 32 -2 1
6 32 -1 1
6 32 0 1
6 32 1 1
6 32 2 1
6 32 3 1
6 32 4 1
6 32 5 1
6 32 6 1
6 32 7 1
6 32 8 9
6 32 9 9
7 32 -9 9
7 32 -8 17
7 32 -7 9
7 32 -6 1
7 32 -5 1
7 32 -4 1
7 32 -3 1
7 32 -2 1
7 32 -1 1
7 32 0 1
7 32 1 1
7 32 2 1
7 32 3 1
7 32 4 1
7 32 5 1
7 32 6 1
7 32 7 16
7 32 8 17
7 32 9 16
8 32 -10 16
8 32 -9 9
8 32 -8 17
8 32 -7 17
8 32 -6 9
8 32 -5 9
8 32 -4 1
8 32 -3 1
8 32 -2 1
8 32 -1 1
8 32 0 1
8 32 1 1
8 32 2 1
8 32 3 1
8 32 4 1
8 32 5 9
8 32 6 16
8 32 7 17
8 32 8 17
8 32 9 9
8 32 10 9
9 32 -11 16
9 32 -10 9
9 32 -9 9
9 32 -8 9
9 32 -7 9
9 32 -6 16
9 32 -5 9
9 32 -4 9
9 32 -3 16
9 32 -2 1
9 32 -1 1
9 32 0 1
9 32 1 1
9 32 2 1
9 32 3 9
9 32 4 9
9 32 5 16
9 32 6 9
9 32 7 9
9 32 8 9
9 32 9 16
9 32 10 9
9 32 11 16
10 32 -12 9
10 32 -11 16
10 32 -10 9
10 32 -9 9
10 32 -8 9
10 32 -5 16
10 32 -4 9
10 32 -3 9
10 32 -2 9
10 32 -1 16
10 32 0 9
10 32 1 16
10 32 2 9
10 32 3 9
10 32 4 9
10 32 5 16
10 32 8 9
10 32 9 9
10 32 10 9
10 32 11 9
10 32 12 9
11 32 -13 9
11 32 -12 9
11 32 -11 16
11 32 -10 16
11 32 -9 9
11 32 -3 9
11 32 -2 9
11 32 -1 9
11 32 0 17
11 32 1 9
11 32 2 16
11 32 3 9
11 32 9 9
11 32 10 9
11 32 11 9
11 32 12 16
11 32 13 9
12 32 -13 9
12 32 -12 16
12 32 -11 9
12 32 -10 9
12 32 -1 9
12 32 0 9
12 32 1 9
12 32 10 9
12 32 11 9
12 32 12 16
12 32 13 9
13 32 -13 16
13 32 -12 9
13 32 -11 9
13 32 -1 9
13 32 0 16
13 32 1 9
13 32 11 16
13 32 12 9
13 32 13 9
14 32 -1 9
14 32 0 9
14 32 1 16
15 32 -1 16
15 32 0 9
15 32 1 16
16 32 -1 9
16 32 0 9
16 32 1 9
17 32 -1 16
17 32 0 9
17 32 1 9
18 32 -1 9
18 32 0 9
18 32 1 9
-18 33 -1 16
-18 33 0 9
-18 33 1 9
-17 33 -1 16
-17 33 0 16
-17 33 1 9
-16 33 -1 16
-16 33 0 9
-16 33 1 16
-15 33 -1 9
-15 33 0 16
-15 33 1 9
-14 33 -1 9
-14 33 0 9
-14 33 1 9
-13 33 -13 9
-13 33 -12 9
-13 33 -11 9
-13 33 -1 16
-13 33 0 9
-13 33 1 9
-13 33 11 9
-13 33 12 9
-13 33 13 9
-12 33 -13 9
-12 33 -12 9
-12 33 -11 9
-12 33 -10 16
-12 33 -1 9
-12 33 0 9
-12 33 1 16
-12 33 10 16
-12 33 11 9
-12 33 12 9
-12 33 13 9
-11 33 -13 16
-11 33 -12 9
-11 33 -11 16
-11 33 -10 9
-11 33 -9 9
-11 33 -3 9
-11 33 -2 9
-11 33 -1 9
-11 33 0 17
-11 33 1 9
-11 33 2 9
-11 33 3 9
-11 33 9 16
-11 33 10 16
-11 33 11 9
-11 33 12 9
-11 33 13 9
-10 33 -12 9
-10 33 -11 16
-10 33 -10 9
-10 33 -9 9
-10 33 -8 9
-10 33 -5 9
-10 33 -4 9
-10 33 -3 9
-10 33 -2 9
-10 33 -1 9
-10 33 0 9
-10 33 1 9
-10 33 2 9
-10 33 3 9
-10 33 4 9
-10 33 5 9
-10 33 8 16
-10 33 9 16
-10 33 10 9
-10 33 11 9
-10 33 12 9
-9 33 -11 9
-9 33 -10 9
-9 33 -9 9
-9 33 -8 9
-9 33 -7 16
-9 33 -6 9
-9 33 -5 16
-9 33 -4 9
-9 33 -3 9
-9 33 -2 18
-9 33 -1 18
-9 33 0 18
-9 33 1 18
-9 33 2 18
-9 33 3 9
-9 33 4 9
-9 33 5 9
-9 33 6 9
-9 33 7 16
-9 33 8 9
-9 33 9 16
-9 33 10 9
-9 33 11 16
-8 33 -10 16
-8 33 -9 16
-8 33 -8 17
-8 33 -7 17
-8 33 -6 16
-8 33 -5 9
-8 33 -4 18
-8 33 -3 18
-8 33 -2 18
-8 33 -1 18
-8 33 0 18
-8 33 1 18
-8 33 2 18
-8 33 3 18
-8 33 4 18
-8 33 5 9
-8 33 6 9
-8 33 7 17
-8 33 8 17
-8 33 9 16
-8 33 10 16
-7 33 -9 9
-7 33 -8 17
-7 33 -7 9
-7 33 -6 18
-7 33 -5 18
-7 33 -4 18
-7 33 -3 18
-7 33 -2 18
-7 33 -1 18
-7 33 0 18
-7 33 1 18
-7 33 2 18
-7 33 3 18
-7 33 4 18
-7 33 5 18
-7 33 6 18
-7 33 7 9
-7 33 8 17
-7 33 9 9
-6 33 -9 9
-6 33 -8 9
-6 33 -7 18
-6 33 -6 18
-6 33 -5 18
-6 33 -4 18
-6 33 -3 18
-6 33 -2 18
-6 33 -1 18
-6 33 0 18
-6 33 1 18
-6 33 2 18
-6 33 3 18
-6 33 4 18
-6 33 5 18
-6 33 6 18
-6 33 7 18
-6 33 8 9
-6 33 9 16
-5 33 -10 9
-5 33 -9 16
-5 33 -8 9
-5 33 -7 18
-5 33 -6 18
-5 33 -5 18
-5 33 -4 18
-5 33 -3 18
-5 33 -2 18
-5 33 -1 18
-5 33 0 18
-5 33 1 18
-5 33 2 18
-5 33 3 18
-5 33 4 18
-5 33 5 18
-5 33 6 18
-5 33 7 18
-5 33 8 9
-5 33 9 9
-5 33 10 9
-4 33 -10 9
-4 33 -9 9
-4 33 -8 18
-4 33 -7 18
-4 33 -6 18
-4 33 -5 18
-4 33 -4 18
-4 33 -3 18
-4 33 -2 18
-4 33 -1 18
-4 33 0 18
-4 33 1 18
-4 33 2 18
-4 33 3 18
-4 33 4 18
-4 33 5 18
-4 33 6 18
-4 33 7 18
-4 33 8 18
-4 33 9 9
-4 33 10 9
-3 33 -11 16
-3 33 -10 9
-3 33 -9 9
-3 33 -8 18
-3 33 -7 18
-3 33 -6 18
-3 33 -5 18
-3 33 -4 18
-3 33 -3 18
-3 33 -2 18
-3 33 -1 18
-3 33 0 18
-3 33 1 18
-3 33 2 18
-3 33 3 18
-3 33 4 18
-3 33 5 18
-3 33 6 18
-3 33 7 18
-3 33 8 18
-3 33 9 9
-3 33 10 9
-3 33 11 9
-2 33 -11 9
-2 33 -10 16
-2 33 -9 18
-2 33 -8 18
-2 33 -7 18
-2 33 -6 18
-2 33 -5 18
-2 33 -4 18
-2 33 -3 18
-2 33 -2 1
-2 33 -1 1
-2 33 0 18
-2 33 1 18
-2 33 2 18
-2 33 3 18
-2 33 4 18
-2 33 5 18
-2 33 6 18
-2 33 7 18
-2 33 8 18
-2 33 9 18
-2 33 10 9
-2 33 11 9
-1 33 -18 9
-1 33 -17 16
-1 33 -16 9
-1 33 -15 9
-1 33 -14 9
-1 33 -13 9
-1 33 -12 9
-1 33 -11 9
-1 33 -10 16
-1 33 -9 18
-1 33 -8 18
-1 33 -7 18
-1 33 -6 18
-1 33 -5 18
-1 33 -4 18
-1 33 -3 18
-1 33 -2 1
-1 33 -1 1
-1 33 0 18
-1 33 1 18
-1 33 2 18
-1 33 3 18
-1 33 4 18
-1 33 5 18
-1 33 6 18
-1 33 7 18
-1 33 8 18
-1 33 9 18
-1 33 10 9
-1 33 11 9
0 33 -18 9
0 33 -17 9
0 33 -16 16
0 33 -15 16
0 33 -14 9
0 33 -13 9
0 33 -12 9
0 33 -11 17
0 33 -10 16
0 33 -9 18
0 33 -8 18
0 33 -7 18
0 33 -6 18
0 33 -5 18
0 33 -4 18
0 33 -3 18
0 33 -2 7
0 33 -1 7
0 33 0 17
0 33 1 18
0 33 2 18
0 33 3 18
0 33 4 18
0 33 5 18
0 33 6 18
0 33 7 18
0 33 8 18
0 33 9 18
0 33 10 9
0 33 11 17
1 33 -18 9
1 33 -17 16
1 33 -16 16
1 33 -15 9
1 33 -14 9
1 33 -13 9
1 33 -12 9
1 33 -11 9
1 33 -10 9
1 33 -9 18
1 33 -8 18
1 33 -7 18
1 33 -6 18
1 33 -5 18
1 33 -4 18
1 33 -3 18
1 33 -2 18
1 33 -1 18
1 33 0 18
1 33 1 18
1 33 2 18
1 33 3 18
1 33 4 18
1 33 5 18
1 33 6 18
1 33 7 18
1 33 8 18
1 33 9 18
1 33 10 9
1 33 11 9
2 33 -11 9
2 33 -10 9
2 33 -9 18
2 33 -8 18
2 33 -7 18
2 33 -6 18
2 33 -5 18
2 33 -4 18
2 33 -3 18
2 33 -2 18
2 33 -1 18
2 33 0 18
2 33 1 18
2 33 2 18
2 33 3 18
2 33 4 18
2 33 5 18
2 33 6 18
2 33 7 18
2 33 8 18
2 33 9 18
2 33 10 16
2 33 11 9
3 33 -11 9
3 33 -10 9
3 33 -9 9
3 33 -8 18
3 33 -7 18
3 33 -6 18
3 33 -5 18
3 33 -4 18
3 33 -3 18
3 33 -2 18
3 33 -1 18
3 33 0 18
3 33 1 18
3 33 2 18
3 33 3 18
3 33 4 18
3 33 5 18
3 33 6 18
3 33 7 18
3 33 8 18
3 33 9 9
3 33 10 9
3 33 11 16
4 33 -10 9
4 33 -9 9
4 33 -8 18
4 33 -7 18
4 33 -6 18
4 33 -5 18
4 33 -4 18
4 33 -3 18
4 33 -2 18
4 33 -1 18
4 33 0 18
4 33 1 18
4 33 2 18
4 33 3 18
4 33 4 18
4 33 5 18
4 33 6 18
4 33 7 18
4 33 8 18
4 33 9 9
4 33 10 9
5 33 -10 9
5 33 -9 9
5 33 -8 16
5 33 -7 18
5 33 -6 18
5 33 -5 18
5 33 -4 18
5 33 -3 18
5 33 -2 18
5 33 -1 18
5 33 0 18
5 33 1 18
5 33 2 18
5 33 3 18
5 33 4 18
5 33 5 18
5 33 6 18
5 33 7 18
5 33 8 16
5 33 9 16
5 33 10 9
6 33 -9 9
6 33 -8 9
6 33 -7 18
6 33 -6 18
6 33 -5 18
6 33 -4 18
6 33 -3 18
6 33 -2 18
6 33 -1 18
6 33 0 18
6 33 1 18
6 33 2 18
6 33 3 18
6 33 4 18
6 33 5 18
6 33 6 18
6 33 7 18
6 33 8 9
6 33 9 16
7 33 -9 9
7 33 -8 17
7 33 -7 9
7 33 -6 18
7 33 -5 18
7 33 -4 18
7 33 -3 18
7 33 -2 18
7 33 -1 18
7 33 0 18
7 33 1 18
7 33 2 18
7 33 3 18
7 33 4 18
7 33 5 18
7 33 6 18
7 33 7 9
7 33 8 17
7 33 9 9
8 33 -10 9
8 33 -9 9
8 33 -8 17
8 33 -7 17
8 33 -6 9
8 33 -5 9
8 33 -4 18
8 33 -3 18
8 33 -2 18
8 33 -1 18
8 33 0 18
8 33 1 18
8 33 2 18
8 33 3 18
8 33 4 18
8 33 5 9
8 33 6 9
8 33 7 17
8 33 8 17
8 33 9 9
8 33 10 9
9 33 -11 16
9 33 -10 9
9 33 -9 16
9 33 -8 9
9 33 -7 16
9 33 -6 9
9 33 -5 9
9 33 -4 9
9 33 -3 9
9 33 -2 18
9 33 -1 18
9 33 0 18
9 33 1 18
9 33 2 18
9 33 3 9
9 33 4 9
9 33 5 16
9 33 6 9
9 33 7 16
9 33 8 16
9 33 9 9
9 33 10 9
9 33 11 9
10 33 -12 9
10 33 -11 16
10 33 -10 9
10 33 -9 9
10 33 -8 9
10 33 -5 9
10 33 -4 16
10 33 -3 9
10 33 -2 9
10 33 -1 9
10 33 0 16
10 33 1 9
10 33 2 9
10 33 3 16
10 33 4 9
10 33 5 16
10 33 8 9
10 33 9 16
10 33 10 9
10 33 11 9
10 33 12 9
11 33 -13 9
11 33 -12 16
11 33 -11 9
11 33 -10 9
11 33 -9 16
11 33 -3 9
11 33 -2 16
11 33 -1 9
11 33 0 17
11 33 1 9
11 33 2 9
11 33 3 9
11 33 9 9
11 33 10 9
11 33 11 16
11 33 12 16
11 33 13 16
12 33 -13 9
12 33 -12 9
12 33 -11 16
12 33 -10 16
12 33 -1 9
12 33 0 9
12 33 1 9
12 33 10 16
12 33 11 16
12 33 12 9
12 33 13 9
13 33 -13 9
13 33 -12 9
13 33 -11 9
13 33 -1 9
13 33 0 9
13 33 1 16
13 33 11 9
13 33 12 16
13 33 13 9
14 33 -1 16
14 33 0 9
14 33 1 9
15 33 -1 9
15 33 0 9
15 33 1 9
16 33 -1 9
16 33 0 9
16 33 1 9
17 33 -1 9
17 33 0 16
17 33 1 16
18 33 -1 9
18 33 0 9
18 33 1 9
-18 34 -1 9
-18 34 0 16
-18 34 1 9
-17 34 -1 9
-17 34 0 9
-17 34 1 16
-16 34 -1 9
-16 34 0 9
-16 34 1 9
-15 34 -1 9
-15 34 0 9
-15 34 1 9
-14 34 -1 9
-14 34 0 9
-14 34 1 16
-13 34 -13 9
-13 34 -12 9
-13 34 -11 9
-13 34 -1 9
-13 34 0 9
-13 34 1 9
-13 34 11 16
-13 34 12 16
-13 34 13 16
-12 34 -13 9
-12 34 -12 16
-12 34 -11 9
-12 34 -10 9
-12 34 -1 9
-12 34 0 9
-12 34 1 9
-12 34 10 9
-12 34 11 9
-12 34 12 16
-12 34 13 9
-11 34 -13 16
-11 34 -12 9
-11 34 -11 9
-11 34 -10 9
-11 34 -9 9
-11 34 -3 9
-11 34 -2 9
-11 34 -1 9
-11 34 0 17
-11 34 1 9
-11 34 2 16
-11 34 3 16
-11 34 9 9
-11 34 10 16
-11 34 11 9
-11 34 12 9
-11 34 13 16
-10 34 -12 9
-10 34 -11 16
-10 34 -10 9
-10 34 -9 16
-10 34 -8 16
-10 34 -5 9
-10 34 -4 16
-10 34 -3 9
-10 34 -2 9
-10 34 -1 16
-10 34 0 16
-10 34 1 9
-10 34 2 9
-10 34 3 9
-10 34 4 9
-10 34 5 9
-10 34 8 9
-10 34 9 9
-10 34 10 16
-10 34 11 9
-10 34 12 9
-9 34 -11 9
-9 34 -10 16
-9 34 -9 16
-9 34 -8 16
-9 34 -7 9
-9 34 -6 9
-9 34 -5 9
-9 34 -4 9
-9 34 -3 9
-9 34 -2 18
-9 34 -1 18
-9 34 0 18
-9 34 1 18
-9 34 2 18
-9 34 3 9
-9 34 4 16
-9 34 5 9
-9 34 6 9
-9 34 7 9
-9 34 8 16
-9 34 9 9
-9 34 10 9
-9 34 11 9
-8 34 -10 9
-8 34 -9 9
-8 34 -8 17
-8 34 -7 17
-8 34 -6 9
-8 34 -5 9
-8 34 -4 18
-8 34 -3 18
-8 34 -2 18
-8 34 -1 18
-8 34 0 18
-8 34 1 18
-8 34 2 18
-8 34 3 18
-8 34 4 18
-8 34 5 9
-8 34 6 9
-8 34 7 17
-8 34 8 17
-8 34 9 9
-8 34 10 9
-7 34 -9 9
-7 34 -8 17
-7 34 -7 9
-7 34 -6 18
-7 34 -5 18
-7 34 -4 18
-7 34 -3 18
-7 34 -2 18
-7 34 -1 18
-7 34 0 18
-7 34 1 18
-7 34 2 18
-7 34 3 18
-7 34 4 18
-7 34 5 18
-7 34 6 18
-7 34 7 9
-7 34 8 17
-7 34 9 9
-6 34 -9 16
-6 34 -8 16
-6 34 -7 18
-6 34 -6 18
-6 34 -5 18
-6 34 -4 18
-6 34 -3 18
-6 34 -2 18
-6 34 -1 18
-6 34 0 18
-6 34 1 18
-6 34 2 18
-6 34 3 18
-6 34 4 18
-6 34 5 18
-6 34 6 18
-6 34 7 18
-6 34 8 9
-6 34 9 9
-5 34 -10 9
-5 34 -9 9
-5 34 -8 16
-5 34 -7 18
-5 34 -6 18
-5 34 -5 18
-5 34 -4 18
-5 34 -3 18
-5 34 -2 18
-5 34 -1 18
-5 34 0 18
-5 34 1 18
-5 34 2 18
-5 34 3 18
-5 34 4 18
-5 34 5 18
-5 34 6 18
-5 34 7 18
-5 34 8 16
-5 34 9 16
-5 34 10 9
-4 34 -10 9
-4 34 -9 9
-4 34 -8 18
-4 34 -7 18
-4 34 -6 18
-4 34 -5 18
-4 34 -4 18
-4 34 -3 18
-4 34 -2 18
-4 34 -1 18
-4 34 0 18
-4 34 1 18
-4 34 2 18
-4 34 3 18
-4 34 4 18
-4 34 5 18
-4 34 6 18
-4 34 7 18
-4 34 8 18
-4 34 9 9
-4 34 10 16
-3 34 -11 9
-3 34 -10 9
-3 34 -9 9
-3 34 -8 18
-3 34 -7 18
-3 34 -6 18
-3 34 -5 18
-3 34 -4 18
-3 34 -3 18
-3 34 -2 18
-3 34 -1 18
-3 34 0 18
-3 34 1 18
-3 34 2 18
-3 34 3 18
-3 34 4 18
-3 34 5 18
-3 34 6 18
-3 34 7 18
-3 34 8 18
-3 34 9 9
-3 34 10 16
-3 34 11 9
-2 34 -11 9
-2 34 -10 16
-2 34 -9 18
-2 34 -8 18
-2 34 -7 18
-2 34 -6 18
-2 34 -5 18
-2 34 -4 18
-2 34 -3 18
-2 34 -2 18
-2 34 -1 18
-2 34 0 4
-2 34 1 1
-2 34 2 1
-2 34 3 18
-2 34 4 18
-2 34 5 18
-2 34 6 18
-2 34 7 18
-2 34 8 18
-2 34 9 18
-2 34 10 9
-2 34 11 9
-1 34 -18 9
-1 34 -17 9
-1 34 -16 9
-1 34 -15 9
-1 34 -14 16
-1 34 -13 9
-1 34 -12 9
-1 34 -11 9
-1 34 -10 9
-1 34 -9 18
-1 34 -8 18
-1 34 -7 18
-1 34 -6 18
-1 34 -5 18
-1 34 -4 18
-1 34 -3 18
-1 34 -2 18
-1 34 -1 18
-1 34 0 4
-1 34 1 1
-1 34 2 1
-1 34 3 18
-1 34 4 18
-1 34 5 18
-1 34 6 18
-1 34 7 18
-1 34 8 18
-1 34 9 18
-1 34 10 9
-1 34 11 9
0 34 -18 9
0 34 -17 9
0 34 -16 9
0 34 -15 16
0 34 -14 9
0 34 -13 9
0 34 -12 16
0 34 -11 17
0 34 -10 9
0 34 -9 18
0 34 -8 18
0 34 -7 18
0 34 -6 18
0 34 -5 18
0 34 -4 18
0 34 -3 18
0 34 -2 18
0 34 -1 18
0 34 0 17
0 34 1 18
0 34 2 18
0 34 3 18
0 34 4 18
0 34 5 18
0 34 6 18
0 34 7 18
0 34 8 18
0 34 9 18
0 34 10 16
0 34 11 17
1 34 -18 9
1 34 -17 9
1 34 -16 16
1 34 -15 9
1 34 -14 16
1 34 -13 9
1 34 -12 9
1 34 -11 9
1 34 -10 9
1 34 -9 18
1 34 -8 18
1 34 -7 18
1 34 -6 18
1 34 -5 18
1 34 -4 18
1 34 -3 18
1 34 -2 18
1 34 -1 18
1 34 0 18
1 34 1 18
1 34 2 18
1 34 3 18
1 34 4 18
1 34 5 18
1 34 6 18
1 34 7 18
1 34 8 18
1 34 9 18
1 34 10 16
1 34 11 9
2 34 -11 16
2 34 -10 9
2 34 -9 18
2 34 -8 18
2 34 -7 18
2 34 -6 18
2 34 -5 18
2 34 -4 18
2 34 -3 18
2 34 -2 18
2 34 -1 18
2 34 0 18
2 34 1 18
2 34 2 18
2 34 3 18
2 34 4 18
2 34 5 18
2 34 6 18
2 34 7 18
2 34 8 18
2 34 9 18
2 34 10 16
2 34 11 9
3 34 -11 9
3 34 -10 9
3 34 -9 9
3 34 -8 18
3 34 -7 18
3 34 -6 18
3 34 -5 18
3 34 -4 18
3 34 -3 18
3 34 -2 18
3 34 -1 18
3 34 0 18
3 34 1 18
3 34 2 18
3 34 3 18
3 34 4 18
3 34 5 18
3 34 6 18
3 34 7 18
3 34 8 18
3 34 9 9
3 34 10 16
3 34 11 9
4 34 -10 9
4 34 -9 16
4 34 -8 18
4 34 -7 18
4 34 -6 18
4 34 -5 18
4 34 -4 18
4 34 -3 18
4 34 -2 18
4 34 -1 18
4 34 0 18
4 34 1 18
4 34 2 18
4 34 3 18
4 34 4 18
4 34 5 18
4 34 6 18
4 34 7 18
4 34 8 18
4 34 9 9
4 34 10 9
5 34 -10 9
5 34 -9 16
5 34 -8 16
5 34 -7 18
5 34 -6 18
5 34 -5 18
5 34 -4 18
5 34 -3 18
5 34 -2 18
5 34 -1 18
5 34 0 18
5 34 1 18
5 34 2 18
5 34 3 18
5 34 4 18
5 34 5 18
5 34 6 18
5 34 7 18
5 34 8 16
5 34 9 9
5 34 10 9
6 34 -9 9
6 34 -8 9
6 34 -7 18
6 34 -6 18
6 34 -5 18
6 34 -4 18
6 34 -3 18
6 34 -2 18
6 34 -1 18
6 34 0 18
6 34 1 18
6 34 2 18
6 34 3 18
6 34 4 18
6 34 5 18
6 34 6 18
6 34 7 18
6 34 8 9
6 34 9 9
7 34 -9 9
7 34 -8 17
7 34 -7 9
7 34 -6 18
7 34 -5 18
7 34 -4 18
7 34 -3 18
7 34 -2 18
7 34 -1 18
7 34 0 18
7 34 1 18
7 34 2 18
7 34 3 18
7 34 4 18
7 34 5 18
7 34 6 18
7 34 7 9
7 34 8 17
7 34 9 9
8 34 -10 9
8 34 -9 9
8 34 -8 17
8 34 -7 17
8 34 -6 9
8 34 -5 9
8 34 -4 18
8 34 -3 18
8 34 -2 18
8 34 -1 18
8 34 0 18
8 34 1 18
8 34 2 18
8 34 3 18
8 34 4 18
8 34 5 9
8 34 6 9
8 34 7 17
8 34 8 17
8 34 9 16
8 34 10 9
9 34 -11 9
9 34 -10 9
9 34 -9 9
9 34 -8 16
9 34 -7 9
9 34 -6 9
9 34 -5 9
9 34 -4 9
9 34 -3 9
9 34 -2 18
9 34 -1 18
9 34 0 18
9 34 1 18
9 34 2 18
9 34 3 9
9 34 4 9
9 34 5 9
9 34 6 9
9 34 7 9
9 34 8 16
9 34 9 16
9 34 10 9
9 34 11 9
10 34 -12 9
10 34 -11 9
10 34 -10 16
10 34 -9 9
10 34 -8 9
10 34 -5 9
10 34 -4 9
10 34 -3 9
10 34 -2 9
10 34 -1 9
10 34 0 16
10 34 1 9
10 34 2 9
10 34 3 9
10 34 4 9
10 34 5 9
10 34 8 9
10 34 9 9
10 34 10 9
10 34 11 9
10 34 12 9
11 34 -13 16
11 34 -12 9
11 34 -11 9
11 34 -10 9
11 34 -9 9
11 34 -3 16
11 34 -2 9
11 34 -1 9
11 34 0 17
11 34 1 9
11 34 2 9
11 34 3 9
11 34 9 9
11 34 10 9
11 34 11 9
11 34 12 9
11 34 13 16
12 34 -13 9
12 34 -12 16
12 34 -11 9
12 34 -10 16
12 34 -1 9
12 34 0 16
12 34 1 9
12 34 10 9
12 34 11 9
12 34 12 16
12 34 13 9
13 34 -13 16
13 34 -12 9
13 34 -11 16
13 34 -1 9
13 34 0 16
13 34 1 9
13 34 11 9
13 34 12 9
13 34 13 9
14 34 -1 9
14 34 0 16
14 34 1 9
15 34 -1 9
15 34 0 9
15 34 1 9
16 34 -1 9
16 34 0 9
16 34 1 9
17 34 -1 16
17 34 0 9
17 34 1 9
18 34 -1 9
18 34 0 16
18 34 1 9
-18 35 -1 9
-18 35 0 9
-18 35 1 9
-17 35 -1 9
-17 35 0 9
-17 35 1 9
-16 35 -1 9
-16 35 0 9
-16 35 1 9
-15 35 -1 9
-15 35 0 16
-15 35 1 16
-14 35 -1 9
-14 35 0 16
-14 35 1 9
-13 35 -13 4
-13 35 -12 9
-13 35 -11 9
-13 35 -1 9
-13 35 0 9
-13 35 1 9
-13 35 11 9
-13 35 12 9
-13 35 13 5
-12 35 -13 9
-12 35 -12 9
-12 35 -11 9
-12 35 -10 9
-12 35 -1 9
-12 35 0 9
-12 35 1 16
-12 35 10 9
-12 35 11 9
-12 35 12 9
-12 35 13 9
-11 35 -13 9
-11 35 -12 9
-11 35 -11 9
-11 35 -10 16
-11 35 -9 16
-11 35 -3 9
-11 35 -2 9
-11 35 -1 9
-11 35 0 17
-11 35 1 9
-11 35 2 9
-11 35 3 9
-11 35 9 9
-11 35 10 9
-11 35 11 9
-11 35 12 9
-11 35 13 9
-10 35 -12 16
-10 35 -11 16
-10 35 -10 16
-10 35 -9 16
-10 35 -8 9
-10 35 -5 16
-10 35 -4 9
-10 35 -3 16
-10 35 -2 9
-10 35 -1 9
-10 35 0 9
-10 35 1 9
-10 35 2 9
-10 35 3 16
-10 35 4 9
-10 35 5 9
-10 35 8 16
-10 35 9 16
-10 35 10 9
-10 35 11 9
-10 35 12 9
-9 35 -11 9
-9 35 -10 9
-9 35 -9 9
-9 35 -8 9
-9 35 -7 16
-9 35 -6 9
-9 35 -5 9
-9 35 -4 9
-9 35 -3 9
-9 35 -2 18
-9 35 -1 18
-9 35 0 18
-9 35 1 18
-9 35 2 18
-9 35 3 9
-9 35 4 16
-9 35 5 9
-9 35 6 16
-9 35 7 9
-9 35 8 16
-9 35 9 9
-9 35 10 16
-9 35 11 9
-8 35 -10 9
-8 35 -9 9
-8 35 -8 17
-8 35 -7 17
-8 35 -6 9
-8 35 -5 16
-8 35 -4 18
-8 35 -3 18
-8 35 -2 18
-8 35 -1 18
-8 35 0 18
-8 35 1 18
-8 35 2 18
-8 35 3 18
-8 35 4 18
-8 35 5 9
-8 35 6 9
-8 35 7 17
-8 35 8 17
-8 35 9 9
-8 35 10 9
-7 35 -9 16
-7 35 -8 17
-7 35 -7 9
-7 35 -6 18
-7 35 -5 18
-7 35 -4 18
-7 35 -3 18
-7 35 -2 18
-7 35 -1 18
-7 35 0 18
-7 35 1 18
-7 35 2 18
-7 35 3 18
-7 35 4 18
-7 35 5 18
-7 35 6 18
-7 35 7 9
-7 35 8 17
-7 35 9 9
-6 35 -9 16
-6 35 -8 16
-6 35 -7 18
-6 35 -6 18
-6 35 -5 18
-6 35 -4 18
-6 35 -3 18
-6 35 -2 18
-6 35 -1 18
-6 35 0 18
-6 35 1 18
-6 35 2 18
-6 35 3 18
-6 35 4 18
-6 35 5 18
-6 35 6 18
-6 35 7 18
-6 35 8 9
-6 35 9 9
-5 35 -10 9
-5 35 -9 9
-5 35 -8 9
-5 35 -7 18
-5 35 -6 18
-5 35 -5 18
-5 35 -4 18
-5 35 -3 18
-5 35 -2 18
-5 35 -1 18
-5 35 0 18
-5 35 1 18
-5 35 2 18
-5 35 3 18
-5 35 4 18
-5 35 5 18
-5 35 6 18
-5 35 7 18
-5 35 8 9
-5 35 9 9
-5 35 10 9
-4 35 -10 9
-4 35 -9 16
-4 35 -8 18
-4 35 -7 18
-4 35 -6 18
-4 35 -5 18
-4 35 -4 18
-4 35 -3 18
-4 35 -2 18
-4 35 -1 18
-4 35 0 18
-4 35 1 18
-4 35 2 18
-4 35 3 18
-4 35 4 18
-4 35 5 18
-4 35 6 18
-4 35 7 18
-4 35 8 18
-4 35 9 9
-4 35 10 9
-3 35 -11 9
-3 35 -10 9
-3 35 -9 9
-3 35 -8 18
-3 35 -7 18
-3 35 -6 18
-3 35 -5 18
-3 35 -4 18
-3 35 -3 18
-3 35 -2 18
-3 35 -1 18
-3 35 0 18
-3 35 1 18
-3 35 2 18
-3 35 3 18
-3 35 4 18
-3 35 5 18
-3 35 6 18
-3 35 7 18
-3 35 8 18
-3 35 9 9
-3 35 10 9
-3 35 11 9
-2 35 -11 9
-2 35 -10 9
-2 35 -9 18
-2 35 -8 18
-2 35 -7 18
-2 35 -6 18
-2 35 -5 18
-2 35 -4 18
-2 35 -3 18
-2 35 -2 18
-2 35 -1 18
-2 35 0 18
-2 35 1 18
-2 35 2 18
-2 35 3 18
-2 35 4 18
-2 35 5 18
-2 35 6 18
-2 35 7 18
-2 35 8 18
-2 35 9 18
-2 35 10 9
-2 35 11 9
-1 35 -18 9
-1 35 -17 9
-1 35 -16 9
-1 35 -15 16
-1 35 -14 16
-1 35 -13 16
-1 35 -12 16
-1 35 -11 16
-1 35 -10 9
-1 35 -9 18
-1 35 -8 18
-1 35 -7 18
-1 35 -6 18
-1 35 -5 18
-1 35 -4 18
-1 35 -3 18
-1 35 -2 18
-1 35 -1 18
-1 35 0 18
-1 35 1 18
-1 35 2 18
-1 35 3 18
-1 35 4 18
-1 35 5 18
-1 35 6 18
-1 35 7 18
-1 35 8 18
-1 35 9 18
-1 35 10 9
-1 35 11 16
0 35 -18 16
0 35 -17 9
0 35 -16 16
0 35 -15 9
0 35 -14 9
0 35 -13 9
0 35 -12 9
0 35 -11 17
0 35 -10 9
0 35 -9 18
0 35 -8 18
0 35 -7 18
0 35 -6 18
0 35 -5 18
0 35 -4 18
0 35 -3 18
0 35 -2 18
0 35 -1 18
0 35 0 17
0 35 1 0
0 35 2 0
0 35 3 18
0 35 4 18
0 35 5 18
0 35 6 18
0 35 7 18
0 35 8 18
0 35 9 18
0 35 10 16
0 35 11 17
1 35 -18 16
1 35 -17 9
1 35 -16 9
1 35 -15 9
1 35 -14 9
1 35 -13 9
1 35 -12 9
1 35 -11 16
1 35 -10 9
1 35 -9 18
1 35 -8 18
1 35 -7 18
1 35 -6 18
1 35 -5 18
1 35 -4 18
1 35 -3 18
1 35 -2 18
1 35 -1 18
1 35 0 18
1 35 1 1
1 35 2 1
1 35 3 18
1 35 4 18
1 35 5 18
1 35 6 18
1 35 7 18
1 35 8 18
1 35 9 18
1 35 10 9
1 35 11 16
2 35 -11 9
2 35 -10 9
2 35 -9 18
2 35 -8 18
2 35 -7 18
2 35 -6 18
2 35 -5 18
2 35 -4 18
2 35 -3 18
2 35 -2 18
2 35 -1 18
2 35 0 18
2 35 1 1
2 35 2 1
2 35 3 18
2 35 4 18
2 35 5 18
2 35 6 18
2 35 7 18
2 35 8 18
2 35 9 18
2 35 10 9
2 35 11 9
3 35 -11 9
3 35 -10 9
3 35 -9 9
3 35 -8 18
3 35 -7 18
3 35 -6 18
3 35 -5 18
3 35 -4 18
3 35 -3 18
3 35 -2 18
3 35 -1 18
3 35 0 18
3 35 1 18
3 35 2 18
3 35 3 18
3 35 4 18
3 35 5 18
3 35 6 18
3 35 7 18
3 35 8 18
3 35 9 9
3 35 10 9
3 35 11 9
4 35 -10 9
4 35 -9 9
4 35 -8 18
4 35 -7 18
4 35 -6 18
4 35 -5 18
4 35 -4 18
4 35 -3 18
4 35 -2 18
4 35 -1 18
4 35 0 18
4 35 1 18
4 35 2 18
4 35 3 18
4 35 4 18
4 35 5 18
4 35 6 18
4 35 7 18
4 35 8 18
4 35 9 9
4 35 10 9
5 35 -10 9
5 35 -9 9
5 35 -8 9
5 35 -7 18
5 35 -6 18
5 35 -5 18
5 35 -4 18
5 35 -3 18
5 35 -2 18
5 35 -1 18
5 35 0 18
5 35 1 18
5 35 2 18
5 35 3 18
5 35 4 18
5 35 5 18
5 35 6 18
5 35 7 18
5 35 8 9
5 35 9 9
5 35 10 9
6 35 -9 9
6 35 -8 16
6 35 -7 18
6 35 -6 18
6 35 -5 18
6 35 -4 18
6 35 -3 18
6 35 -2 18
6 35 -1 18
6 35 0 18
6 35 1 18
6 35 2 18
6 35 3 18
6 35 4 18
6 35 5 18
6 35 6 18
6 35 7 18
6 35 8 9
6 35 9 9
7 35 -9 9
7 35 -8 17
7 35 -7 9
7 35 -6 18
7 35 -5 18
7 35 -4 18
7 35 -3 18
7 35 -2 18
7 35 -1 18
7 35 0 18
7 35 1 18
7 35 2 18
7 35 3 18
7 35 4 18
7 35 5 18
7 35 6 18
7 35 7 9
7 35 8 17
7 35 9 16
8 35 -10 16
8 35 -9 9
8 35 -8 17
8 35 -7 17
8 35 -6 9
8 35 -5 9
8 35 -4 18
8 35 -3 18
8 35 -2 18
8 35 -1 18
8 35 0 18
8 35 1 18
8 35 2 18
8 35 3 18
8 35 4 18
8 35 5 16
8 35 6 9
8 35 7 17
8 35 8 17
8 35 9 9
8 35 10 9
9 35 -11 9
9 35 -10 9
9 35 -9 9
9 35 -8 16
9 35 -7 9
9 35 -6 9
9 35 -5 9
9 35 -4 16
9 35 -3 9
9 35 -2 18
9 35 -1 18
9 35 0 18
9 35 1 18
9 35 2 18
9 35 3 9
9 35 4 9
9 35 5 9
9 35 6 9
9 35 7 16
9 35 8 16
9 35 9 9
9 35 10 9
9 35 11 9
10 35 -12 16
10 35 -11 9
10 35 -10 9
10 35 -9 9
10 35 -8 9
10 35 -5 9
10 35 -4 9
10 35 -3 9
10 35 -2 9
10 35 -1 9
10 35 0 9
10 35 1 16
10 35 2 9
10 35 3 9
10 35 4 16
10 35 5 9
10 35 8 9
10 35 9 9
10 35 10 16
10 35 11 9
10 35 12 16
11 35 -13 9
11 35 -12 9
11 35 -11 9
11 35 -10 9
11 35 -9 9
11 35 -3 9
11 35 -2 9
11 35 -1 9
11 35 0 17
11 35 1 9
11 35 2 9
11 35 3 9
11 35 9 16
11 35 10 9
11 35 11 9
11 35 12 16
11 35 13 9
12 35 -13 9
12 35 -12 9
12 35 -11 9
12 35 -10 9
12 35 -1 9
12 35 0 9
12 35 1 9
12 35 10 9
12 35 11 9
12 35 12 9
12 35 13 9
13 35 -13 4
13 35 -12 16
13 35 -11 9
13 35 -1 9
13 35 0 9
13 35 1 9
13 35 11 9
13 35 12 16
13 35 13 5
14 35 -1 16
14 35 0 16
14 35 1 16
15 35 -1 16
15 35 0 9
15 35 1 9
16 35 -1 9
16 35 0 16
16 35 1 9
17 35 -1 9
17 35 0 9
17 35 1 9
18 35 -1 9
18 35 0 9
18 35 1 9
-18 36 -1 0
-18 36 0 9
-18 36 1 0
-17 36 -1 16
-17 36 0 9
-17 36 1 9
-16 36 -1 16
-16 36 0 9
-16 36 1 9
-15 36 -1 9
-15 36 0 9
-15 36 1 9
-14 36 -1 9
-14 36 0 9
-14 36 1 16
-13 36 -12 0
-13 36 -11 9
-13 36 -1 9
-13 36 0 9
-13 36 1 9
-13 36 11 9
-13 36 12 0
-12 36 -13 4
-12 36 -12 9
-12 36 -11 9
-12 36 -10 9
-12 36 -1 16
-12 36 0 9
-12 36 1 9
-12 36 10 9
-12 36 11 9
-12 36 12 9
-12 36 13 5
-11 36 -13 9
-11 36 -12 9
-11 36 -11 16
-11 36 -10 9
-11 36 -9 9
-11 36 -3 16
-11 36 -2 9
-11 36 -1 9
-11 36 0 17
-11 36 1 9
-11 36 2 9
-11 36 3 16
-11 36 9 9
-11 36 10 16
-11 36 11 16
-11 36 12 16
-11 36 13 9
-10 36 -12 9
-10 36 -11 9
-10 36 -10 9
-10 36 -9 9
-10 36 -8 16
-10 36 -5 9
-10 36 -4 28
-10 36 -3 9
-10 36 -2 9
-10 36 -1 16
-10 36 0 9
-10 36 1 16
-10 36 2 16
-10 36 3 9
-10 36 4 28
-10 36 5 9
-10 36 8 16
-10 36 9 9
-10 36 10 9
-10 36 11 9
-10 36 12 16
-9 36 -11 9
-9 36 -10 9
-9 36 -9 16
-9 36 -8 16
-9 36 -7 9
-9 36 -6 9
-9 36 -5 9
-9 36 -4 18
-9 36 -3 16
-9 36 -2 18
-9 36 -1 18
-9 36 0 18
-9 36 1 18
-9 36 2 18
-9 36 3 9
-9 36 4 18
-9 36 5 9
-9 36 6 9
-9 36 7 9
-9 36 8 9
-9 36 9 9
-9 36 10 9
-9 36 11 9
-8 36 -10 9
-8 36 -9 16
-8 36 -8 17
-8 36 -7 17
-8 36 -6 9
-8 36 -5 16
-8 36 -4 18
-8 36 -3 18
-8 36 -2 18
-8 36 -1 18
-8 36 0 18
-8 36 1 18
-8 36 2 18
-8 36 3 18
-8 36 4 18
-8 36 5 9
-8 36 6 9
-8 36 7 17
-8 36 8 17
-8 36 9 9
-8 36 10 9
-7 36 -9 9
-7 36 -8 17
-7 36 -7 9
-7 36 -6 18
-7 36 -5 18
-7 36 -4 18
-7 36 -3 18
-7 36 -2 18
-7 36 -1 18
-7 36 0 18
-7 36 1 18
-7 36 2 18
-7 36 3 18
-7 36 4 18
-7 36 5 18
-7 36 6 18
-7 36 7 9
-7 36 8 17
-7 36 9 16
-6 36 -9 16
-6 36 -8 9
-6 36 -7 18
-6 36 -6 18
-6 36 -5 18
-6 36 -4 18
-6 36 -3 18
-6 36 -2 18
-6 36 -1 18
-6 36 0 18
-6 36 1 18
-6 36 2 18
-6 36 3 18
-6 36 4 18
-6 36 5 18
-6 36 6 18
-6 36 7 18
-6 36 8 16
-6 36 9 9
-5 36 -10 9
-5 36 -9 9
-5 36 -8 9
-5 36 -7 18
-5 36 -6 18
-5 36 -5 18
-5 36 -4 18
-5 36 -3 18
-5 36 -2 18
-5 36 -1 18
-5 36 0 18
-5 36 1 18
-5 36 2 18
-5 36 3 18
-5 36 4 18
-5 36 5 18
-5 36 6 18
-5 36 7 18
-5 36 8 16
-5 36 9 9
-5 36 10 9
-4 36 -10 29
-4 36 -9 18
-4 36 -8 18
-4 36 -7 18
-4 36 -6 18
-4 36 -5 18
-4 36 -4 18
-4 36 -3 18
-4 36 -2 18
-4 36 -1 18
-4 36 0 18
-4 36 1 18
-4 36 2 18
-4 36 3 18
-4 36 4 18
-4 36 5 18
-4 36 6 18
-4 36 7 18
-4 36 8 18
-4 36 9 18
-4 36 10 29
-3 36 -11 9
-3 36 -10 16
-3 36 -9 9
-3 36 -8 18
-3 36 -7 18
-3 36 -6 18
-3 36 -5 18
-3 36 -4 18
-3 36 -3 18
-3 36 -2 18
-3 36 -1 18
-3 36 0 18
-3 36 1 18
-3 36 2 18
-3 36 3 18
-3 36 4 18
-3 36 5 18
-3 36 6 18
-3 36 7 18
-3 36 8 18
-3 36 9 9
-3 36 10 16
-3 36 11 9
-2 36 -11 9
-2 36 -10 9
-2 36 -9 18
-2 36 -8 18
-2 36 -7 18
-2 36 -6 18
-2 36 -5 18
-2 36 -4 18
-2 36 -3 18
-2 36 -2 18
-2 36 -1 18
-2 36 0 18
-2 36 1 18
-2 36 2 18
-2 36 3 18
-2 36 4 18
-2 36 5 18
-2 36 6 18
-2 36 7 18
-2 36 8 18
-2 36 9 18
-2 36 10 9
-2 36 11 9
-1 36 -18 4
-1 36 -17 16
-1 36 -16 9
-1 36 -15 9
-1 36 -14 9
-1 36 -13 16
-1 36 -12 16
-1 36 -11 9
-1 36 -10 9
-1 36 -9 18
-1 36 -8 18
-1 36 -7 18
-1 36 -6 18
-1 36 -5 18
-1 36 -4 18
-1 36 -3 18
-1 36 -2 18
-1 36 -1 18
-1 36 0 18
-1 36 1 18
-1 36 2 18
-1 36 3 18
-1 36 4 18
-1 36 5 18
-1 36 6 18
-1 36 7 18
-1 36 8 18
-1 36 9 18
-1 36 10 9
-1 36 11 16
0 36 -18 9
0 36 -17 9
0 36 -16 16
0 36 -15 16
0 36 -14 9
0 36 -13 9
0 36 -12 9
0 36 -11 17
0 36 -10 9
0 36 -9 18
0 36 -8 18
0 36 -7 18
0 36 -6 18
0 36 -5 18
0 36 -4 18
0 36 -3 18
0 36 -2 18
0 36 -1 18
0 36 0 17
0 36 1 18
0 36 2 18
0 36 3 18
0 36 4 18
0 36 5 18
0 36 6 18
0 36 7 18
0 36 8 18
0 36 9 18
0 36 10 16
0 36 11 17
1 36 -18 4
1 36 -17 9
1 36 -16 16
1 36 -15 9
1 36 -14 9
1 36 -13 9
1 36 -12 9
1 36 -11 16
1 36 -10 9
1 36 -9 18
1 36 -8 18
1 36 -7 18
1 36 -6 18
1 36 -5 18
1 36 -4 18
1 36 -3 18
1 36 -2 1
1 36 -1 1
1 36 0 5
1 36 1 18
1 36 2 18
1 36 3 18
1 36 4 18
1 36 5 18
1 36 6 18
1 36 7 18
1 36 8 18
1 36 9 18
1 36 10 9
1 36 11 9
2 36 -11 9
2 36 -10 9
2 36 -9 18
2 36 -8 18
2 36 -7 18
2 36 -6 18
2 36 -5 18
2 36 -4 18
2 36 -3 18
2 36 -2 1
2 36 -1 1
2 36 0 5
2 36 1 18
2 36 2 18
2 36 3 18
2 36 4 18
2 36 5 18
2 36 6 18
2 36 7 18
2 36 8 18
2 36 9 18
2 36 10 9
2 36 11 9
3 36 -11 9
3 36 -10 9
3 36 -9 9
3 36 -8 18
3 36 -7 18
3 36 -6 18
3 36 -5 18
3 36 -4 18
3 36 -3 18
3 36 -2 18
3 36 -1 18
3 36 0 18
3 36 1 18
3 36 2 18
3 36 3 18
3 36 4 18
3 36 5 18
3 36 6 18
3 36 7 18
3 36 8 18
3 36 9 9
3 36 10 9
3 36 11 9
4 36 -10 29
4 36 -9 18
4 36 -8 18
4 36 -7 18
4 36 -6 18
4 36 -5 18
4 36 -4 18
4 36 -3 18
4 36 -2 18
4 36 -1 18
4 36 0 18
4 36 1 18
4 36 2 18
4 36 3 18
4 36 4 18
4 36 5 18
4 36 6 18
4 36 7 18
4 36 8 18
4 36 9 18
4 36 10 29
5 36 -10 9
5 36 -9 9
5 36 -8 9
5 36 -7 18
5 36 -6 18
5 36 -5 18
5 36 -4 18
5 36 -3 18
5 36 -2 18
5 36 -1 18
5 36 0 18
5 36 1 18
5 36 2 18
5 36 3 18
5 36 4 18
5 36 5 18
5 36 6 18
5 36 7 18
5 36 8 9
5 36 9 9
5 36 10 16
6 36 -9 9
6 36 -8 9
6 36 -7 18
6 36 -6 18
6 36 -5 18
6 36 -4 18
6 36 -3 18
6 36 -2 18
6 36 -1 18
6 36 0 18
6 36 1 18
6 36 2 18
6 36 3 18
6 36 4 18
6 36 5 18
6 36 6 18
6 36 7 18
6 36 8 9
6 36 9 9
7 36 -9 16
7 36 -8 17
7 36 -7 9
7 36 -6 18
7 36 -5 18
7 36 -4 18
7 36 -3 18
7 36 -2 18
7 36 -1 18
7 36 0 18
7 36 1 18
7 36 2 18
7 36 3 18
7 36 4 18
7 36 5 18
7 36 6 18
7 36 7 9
7 36 8 17
7 36 9 9
8 36 -10 9
8 36 -9 9
8 36 -8 17
8 36 -7 17
8 36 -6 16
8 36 -5 9
8 36 -4 18
8 36 -3 18
8 36 -2 18
8 36 -1 18
8 36 0 18
8 36 1 18
8 36 2 18
8 36 3 18
8 36 4 18
8 36 5 16
8 36 6 9
8 36 7 17
8 36 8 17
8 36 9 9
8 36 10 9
9 36 -11 9
9 36 -10 9
9 36 -9 9
9 36 -8 9
9 36 -7 9
9 36 -6 9
9 36 -5 9
9 36 -4 18
9 36 -3 9
9 36 -2 18
9 36 -1 18
9 36 0 18
9 36 1 18
9 36 2 18
9 36 3 16
9 36 4 18
9 36 5 9
9 36 6 16
9 36 7 9
9 36 8 16
9 36 9 16
9 36 10 9
9 36 11 9
10 36 -12 16
10 36 -11 9
10 36 -10 9
10 36 -9 16
10 36 -8 9
10 36 -5 16
10 36 -4 28
10 36 -3 9
10 36 -2 16
10 36 -1 9
10 36 0 16
10 36 1 9
10 36 2 9
10 36 3 9
10 36 4 28
10 36 5 9
10 36 8 9
10 36 9 16
10 36 10 9
10 36 11 9
10 36 12 9
11 36 -13 9
11 36 -12 9
11 36 -11 16
11 36 -10 9
11 36 -9 9
11 36 -3 16
11 36 -2 9
11 36 -1 9
11 36 0 17
11 36 1 9
11 36 2 9
11 36 3 16
11 36 9 9
11 36 10 9
11 36 11 16
11 36 12 9
11 36 13 9
12 36 -13 4
12 36 -12 9
12 36 -11 9
12 36 -10 9
12 36 -1 9
12 36 0 9
12 36 1 9
12 36 10 9
12 36 11 16
12 36 12 9
12 36 13 5
13 36 -12 7
13 36 -11 9
13 36 -1 9
13 36 0 16
13 36 1 9
13 36 11 9
13 36 12 7
14 36 -1 9
14 36 0 9
14 36 1 9
15 36 -1 9
15 36 0 9
15 36 1 9
16 36 -1 9
16 36 0 9
16 36 1 9
17 36 -1 9
17 36 0 16
17 36 1 16
18 36 -1 7
18 36 0 9
18 36 1 7
-18 37 0 0
-17 37 -1 9
-17 37 0 16
-17 37 1 9
-16 37 -1 9
-16 37 0 9
-16 37 1 9
-15 37 -1 9
-15 37 0 16
-15 37 1 9
-14 37 -1 16
-14 37 0 9
-14 37 1 9
-13 37 -11 9
-13 37 -1 9
-13 37 0 9
-13 37 1 9
-13 37 11 9
-12 37 -12 16
-12 37 -11 9
-12 37 -10 9
-12 37 -1 9
-12 37 0 16
-12 37 1 9
-12 37 10 9
-12 37 11 9
-12 37 12 9
-11 37 -13 9
-11 37 -12 16
-11 37 -11 9
-11 37 -10 9
-11 37 -9 16
-11 37 -3 9
-11 37 -2 9
-11 37 -1 9
-11 37 0 17
-11 37 1 9
-11 37 2 9
-11 37 3 16
-11 37 9 9
-11 37 10 9
-11 37 11 9
-11 37 12 9
-11 37 13 9
-10 37 -12 9
-10 37 -11 9
-10 37 -10 9
-10 37 -9 9
-10 37 -8 9
-10 37 -5 9
-10 37 -4 28
-10 37 -3 9
-10 37 -2 16
-10 37 -1 9
-10 37 0 9
-10 37 1 9
-10 37 2 9
-10 37 3 9
-10 37 4 28
-10 37 5 9
-10 37 8 9
-10 37 9 9
-10 37 10 9
-10 37 11 9
-10 37 12 9
-9 37 -11 9
-9 37 -10 9
-9 37 -9 9
-9 37 -8 16
-9 37 -7 16
-9 37 -6 9
-9 37 -5 9
-9 37 -4 18
-9 37 -3 9
-9 37 -2 18
-9 37 -1 18
-9 37 0 18
-9 37 1 18
-9 37 2 18
-9 37 3 9
-9 37 4 18
-9 37 5 9
-9 37 6 9
-9 37 7 9
-9 37 8 16
-9 37 9 9
-9 37 10 16
-9 37 11 9
-8 37 -10 9
-8 37 -9 9
-8 37 -8 17
-8 37 -7 17
-8 37 -6 9
-8 37 -5 9
-8 37 -4 18
-8 37 -3 18
-8 37 -2 18
-8 37 -1 18
-8 37 0 18
-8 37 1 18
-8 37 2 18
-8 37 3 18
-8 37 4 18
-8 37 5 9
-8 37 6 9
-8 37 7 17
-8 37 8 17
-8 37 9 9
-8 37 10 9
-7 37 -9 9
-7 37 -8 17
-7 37 -7 9
-7 37 -6 18
-7 37 -5 18
-7 37 -4 18
-7 37 -3 18
-7 37 -2 18
-7 37 -1 18
-7 37 0 18
-7 37 1 18
-7 37 2 18
-7 37 3 18
-7 37 4 18
-7 37 5 18
-7 37 6 18
-7 37 7 9
-7 37 8 17
-7 37 9 16
-6 37 -9 9
-6 37 -8 9
-6 37 -7 18
-6 37 -6 18
-6 37 -5 18
-6 37 -4 18
-6 37 -3 18
-6 37 -2 18
-6 37 -1 18
-6 37 0 18
-6 37 1 18
-6 37 2 18
-6 37 3 18
-6 37 4 18
-6 37 5 18
-6 37 6 18
-6 37 7 18
-6 37 8 9
-6 37 9 16
-5 37 -10 9
-5 37 -9 9
-5 37 -8 9
-5 37 -7 18
-5 37 -6 18
-5 37 -5 18
-5 37 -4 18
-5 37 -3 18
-5 37 -2 18
-5 37 -1 18
-5 37 0 18
-5 37 1 18
-5 37 2 18
-5 37 3 18
-5 37 4 18
-5 37 5 18
-5 37 6 18
-5 37 7 18
-5 37 8 9
-5 37 9 9
-5 37 10 16
-4 37 -10 29
-4 37 -9 18
-4 37 -8 18
-4 37 -7 18
-4 37 -6 18
-4 37 -5 18
-4 37 -4 18
-4 37 -3 18
-4 37 -2 18
-4 37 -1 18
-4 37 0 18
-4 37 1 18
-4 37 2 18
-4 37 3 18
-4 37 4 18
-4 37 5 18
-4 37 6 18
-4 37 7 18
-4 37 8 18
-4 37 9 18
-4 37 10 29
-3 37 -11 16
-3 37 -10 9
-3 37 -9 9
-3 37 -8 18
-3 37 -7 18
-3 37 -6 18
-3 37 -5 18
-3 37 -4 18
-3 37 -3 18
-3 37 -2 18
-3 37 -1 18
-3 37 0 18
-3 37 1 18
-3 37 2 18
-3 37 3 18
-3 37 4 18
-3 37 5 18
-3 37 6 18
-3 37 7 18
-3 37 8 18
-3 37 9 9
-3 37 10 9
-3 37 11 9
-2 37 -11 9
-2 37 -10 9
-2 37 -9 18
-2 37 -8 18
-2 37 -7 18
-2 37 -6 18
-2 37 -5 18
-2 37 -4 18
-2 37 -3 18
-2 37 -2 1
-2 37 -1 1
-2 37 0 18
-2 37 1 18
-2 37 2 18
-2 37 3 18
-2 37 4 18
-2 37 5 18
-2 37 6 18
-2 37 7 18
-2 37 8 18
-2 37 9 18
-2 37 10 9
-2 37 11 16
-1 37 -17 9
-1 37 -16 9
-1 37 -15 16
-1 37 -14 16
-1 37 -13 16
-1 37 -12 9
-1 37 -11 9
-1 37 -10 9
-1 37 -9 18
-1 37 -8 18
-1 37 -7 18
-1 37 -6 18
-1 37 -5 18
-1 37 -4 18
-1 37 -3 18
-1 37 -2 1
-1 37 -1 1
-1 37 0 18
-1 37 1 18
-1 37 2 18
-1 37 3 18
-1 37 4 18
-1 37 5 18
-1 37 6 18
-1 37 7 18
-1 37 8 18
-1 37 9 18
-1 37 10 9
-1 37 11 9
0 37 -18 4
0 37 -17 9
0 37 -16 16
0 37 -15 16
0 37 -14 9
0 37 -13 9
0 37 -12 16
0 37 -11 17
0 37 -10 9
0 37 -9 18
0 37 -8 18
0 37 -7 18
0 37 -6 18
0 37 -5 18
0 37 -4 18
0 37 -3 18
0 37 -2 7
0 37 -1 7
0 37 0 17
0 37 1 18
0 37 2 18
0 37 3 18
0 37 4 18
0 37 5 18
0 37 6 18
0 37 7 18
0 37 8 18
0 37 9 18
0 37 10 9
0 37 11 17
1 37 -17 9
1 37 -16 16
1 37 -15 16
1 37 -14 9
1 37 -13 9
1 37 -12 9
1 37 -11 9
1 37 -10 16
1 37 -9 18
1 37 -8 18
1 37 -7 18
1 37 -6 18
1 37 -5 18
1 37 -4 18
1 37 -3 18
1 37 -2 18
1 37 -1 18
1 37 0 18
1 37 1 18
1 37 2 18
1 37 3 18
1 37 4 18
1 37 5 18
1 37 6 18
1 37 7 18
1 37 8 18
1 37 9 18
1 37 10 9
1 37 11 9
2 37 -11 9
2 37 -10 9
2 37 -9 18
2 37 -8 18
2 37 -7 18
2 37 -6 18
2 37 -5 18
2 37 -4 18
2 37 -3 18
2 37 -2 18
2 37 -1 18
2 37 0 18
2 37 1 18
2 37 2 18
2 37 3 18
2 37 4 18
2 37 5 18
2 37 6 18
2 37 7 18
2 37 8 18
2 37 9 18
2 37 10 9
2 37 11 9
3 37 -11 9
3 37 -10 9
3 37 -9 9
3 37 -8 18
3 37 -7 18
3 37 -6 18
3 37 -5 18
3 37 -4 18
3 37 -3 18
3 37 -2 18
3 37 -1 18
3 37 0 18
3 37 1 18
3 37 2 18
3 37 3 18
3 37 4 18
3 37 5 18
3 37 6 18
3 37 7 18
3 37 8 18
3 37 9 9
3 37 10 9
3 37 11 16
4 37 -10 29
4 37 -9 18
4 37 -8 18
4 37 -7 18
4 37 -6 18
4 37 -5 18
4 37 -4 18
4 37 -3 18
4 37 -2 18
4 37 -1 18
4 37 0 18
4 37 1 18
4 37 2 18
4 37 3 18
4 37 4 18
4 37 5 18
4 37 6 18
4 37 7 18
4 37 8 18
4 37 9 18
4 37 10 29
5 37 -10 9
5 37 -9 9
5 37 -8 9
5 37 -7 18
5 37 -6 18
5 37 -5 18
5 37 -4 18
5 37 -3 18
5 37 -2 18
5 37 -1 18
5 37 0 18
5 37 1 18
5 37 2 18
5 37 3 18
5 37 4 18
5 37 5 18
5 37 6 18
5 37 7 18
5 37 8 9
5 37 9 9
5 37 10 9
6 37 -9 9
6 37 -8 9
6 37 -7 18
6 37 -6 18
6 37 -5 18
6 37 -4 18
6 37 -3 18
6 37 -2 18
6 37 -1 18
6 37 0 18
6 37 1 18
6 37 2 18
6 37 3 18
6 37 4 18
6 37 5 18
6 37 6 18
6 37 7 18
6 37 8 9
6 37 9 16
7 37 -9 16
7 37 -8 17
7 37 -7 9
7 37 -6 18
7 37 -5 18
7 37 -4 18
7 37 -3 18
7 37 -2 18
7 37 -1 18
7 37 0 18
7 37 1 18
7 37 2 18
7 37 3 18
7 37 4 18
7 37 5 18
7 37 6 18
7 37 7 9
7 37 8 17
7 37 9 9
8 37 -10 9
8 37 -9 9
8 37 -8 17
8 37 -7 17
8 37 -6 9
8 37 -5 16
8 37 -4 18
8 37 -3 18
8 37 -2 18
8 37 -1 18
8 37 0 18
8 37 1 18
8 37 2 18
8 37 3 18
8 37 4 18
8 37 5 9
8 37 6 9
8 37 7 17
8 37 8 17
8 37 9 9
8 37 10 9
9 37 -11 9
9 37 -10 9
9 37 -9 9
9 37 -8 9
9 37 -7 9
9 37 -6 16
9 37 -5 9
9 37 -4 18
9 37 -3 9
9 37 -2 18
9 37 -1 18
9 37 0 18
9 37 1 18
9 37 2 18
9 37 3 9
9 37 4 18
9 37 5 9
9 37 6 9
9 37 7 16
9 37 8 9
9 37 9 9
9 37 10 9
9 37 11 9
10 37 -12 9
10 37 -11 9
10 37 -10 9
10 37 -9 9
10 37 -8 9
10 37 -5 9
10 37 -4 28
10 37 -3 9
10 37 -2 9
10 37 -1 9
10 37 0 9
10 37 1 9
10 37 2 16
10 37 3 16
10 37 4 28
10 37 5 9
10 37 8 9
10 37 9 9
10 37 10 9
10 37 11 9
10 37 12 9
11 37 -13 9
11 37 -12 9
11 37 -11 9
11 37 -10 16
11 37 -9 9
11 37 -3 16
11 37 -2 9
11 37 -1 9
11 37 0 17
11 37 1 9
11 37 2 9
11 37 3 9
11 37 9 16
11 37 10 9
11 37 11 9
11 37 12 9
11 37 13 9
12 37 -12 9
12 37 -11 9
12 37 -10 9
12 37 -1 9
12 37 0 9
12 37 1 9
12 37 10 9
12 37 11 16
12 37 12 16
13 37 -11 9
13 37 -1 9
13 37 0 9
13 37 1 9
13 37 11 9
14 37 -1 9
14 37 0 9
14 37 1 9
15 37 -1 9
15 37 0 16
15 37 1 9
16 37 -1 9
16 37 0 16
16 37 1 9
17 37 -1 9
17 37 0 16
17 37 1 9
18 37 0 7
-17 38 -1 0
-17 38 0 9
-17 38 1 0
-16 38 -1 9
-16 38 0 9
-16 38 1 9
-15 38 -1 9
-15 38 0 9
-15 38 1 9
-14 38 -1 9
-14 38 0 9
-14 38 1 9
-13 38 -11 0
-13 38 -1 9
-13 38 0 9
-13 38 1 9
-13 38 11 0
-12 38 -12 9
-12 38 -11 9
-12 38 -10 9
-12 38 -1 9
-12 38 0 9
-12 38 1 9
-12 38 10 9
-12 38 11 9
-12 38 12 9
-11 38 -13 4
-11 38 -12 16
-11 38 -11 9
-11 38 -10 9
-11 38 -9 16
-11 38 -3 9
-11 38 -2 16
-11 38 -1 9
-11 38 0 17
-11 38 1 9
-11 38 2 9
-11 38 3 9
-11 38 9 9
-11 38 10 16
-11 38 11 9
-11 38 12 9
-11 38 13 5
-10 38 -12 9
-10 38 -11 9
-10 38 -10 9
-10 38 -9 9
-10 38 -8 16
-10 38 -5 9
-10 38 -4 28
-10 38 -3 9
-10 38 -2 9
-10 38 -1 9
-10 38 0 9
-10 38 1 9
-10 38 2 9
-10 38 3 9
-10 38 4 28
-10 38 5 9
-10 38 8 9
-10 38 9 9
-10 38 10 9
-10 38 11 9
-10 38 12 9
-9 38 -11 9
-9 38 -10 9
-9 38 -9 16
-9 38 -8 16
-9 38 -7 9
-9 38 -6 9
-9 38 -5 16
-9 38 -4 18
-9 38 -3 9
-9 38 -2 18
-9 38 -1 18
-9 38 0 18
-9 38 1 18
-9 38 2 18
-9 38 3 9
-9 38 4 18
-9 38 5 9
-9 38 6 9
-9 38 7 9
-9 38 8 9
-9 38 9 9
-9 38 10 16
-9 38 11 9
-8 38 -10 16
-8 38 -9 9
-8 38 -8 17
-8 38 -7 17
-8 38 -6 9
-8 38 -5 9
-8 38 -4 18
-8 38 -3 18
-8 38 -2 18
-8 38 -1 18
-8 38 0 18
-8 38 1 18
-8 38 2 18
-8 38 3 18
-8 38 4 18
-8 38 5 9
-8 38 6 16
-8 38 7 17
-8 38 8 17
-8 38 9 16
-8 38 10 16
-7 38 -9 9
-7 38 -8 17
-7 38 -7 16
-7 38 -6 18
-7 38 -5 18
-7 38 -4 18
-7 38 -3 18
-7 38 -2 18
-7 38 -1 18
-7 38 0 18
-7 38 1 18
-7 38 2 18
-7 38 3 18
-7 38 4 18
-7 38 5 18
-7 38 6 18
-7 38 7 9
-7 38 8 17
-7 38 9 9
-6 38 -9 9
-6 38 -8 16
-6 38 -7 18
-6 38 -6 18
-6 38 -5 18
-6 38 -4 18
-6 38 -3 18
-6 38 -2 18
-6 38 -1 18
-6 38 0 18
-6 38 1 18
-6 38 2 18
-6 38 3 18
-6 38 4 18
-6 38 5 18
-6 38 6 18
-6 38 7 18
-6 38 8 9
-6 38 9 9
-5 38 -10 16
-5 38 -9 16
-5 38 -8 16
-5 38 -7 18
-5 38 -6 18
-5 38 -5 18
-5 38 -4 18
-5 38 -3 18
-5 38 -2 18
-5 38 -1 18
-5 38 0 18
-5 38 1 18
-5 38 2 18
-5 38 3 18
-5 38 4 18
-5 38 5 18
-5 38 6 18
-5 38 7 18
-5 38 8 9
-5 38 9 9
-5 38 10 9
-4 38 -10 29
-4 38 -9 18
-4 38 -8 18
-4 38 -7 18
-4 38 -6 18
-4 38 -5 18
-4 38 -4 18
-4 38 -3 18
-4 38 -2 18
-4 38 -1 18
-4 38 0 18
-4 38 1 18
-4 38 2 18
-4 38 3 18
-4 38 4 18
-4 38 5 18
-4 38 6 18
-4 38 7 18
-4 38 8 18
-4 38 9 18
-4 38 10 29
-3 38 -11 16
-3 38 -10 9
-3 38 -9 9
-3 38 -8 18
-3 38 -7 18
-3 38 -6 18
-3 38 -5 18
-3 38 -4 18
-3 38 -3 18
-3 38 -2 18
-3 38 -1 18
-3 38 0 18
-3 38 1 18
-3 38 2 18
-3 38 3 18
-3 38 4 18
-3 38 5 18
-3 38 6 18
-3 38 7 18
-3 38 8 18
-3 38 9 9
-3 38 10 9
-3 38 11 9
-2 38 -11 9
-2 38 -10 9
-2 38 -9 18
-2 38 -8 18
-2 38 -7 18
-2 38 -6 18
-2 38 -5 18
-2 38 -4 18
-2 38 -3 18
-2 38 -2 18
-2 38 -1 18
-2 38 0 4
-2 38 1 1
-2 38 2 1
-2 38 3 18
-2 38 4 18
-2 38 5 18
-2 38 6 18
-2 38 7 18
-2 38 8 18
-2 38 9 18
-2 38 10 9
-2 38 11 9
-1 38 -17 4
-1 38 -16 16
-1 38 -15 9
-1 38 -14 9
-1 38 -13 9
-1 38 -12 16
-1 38 -11 9
-1 38 -10 9
-1 38 -9 18
-1 38 -8 18
-1 38 -7 18
-1 38 -6 18
-1 38 -5 18
-1 38 -4 18
-1 38 -3 18
-1 38 -2 18
-1 38 -1 18
-1 38 0 4
-1 38 1 1
-1 38 2 1
-1 38 3 18
-1 38 4 18
-1 38 5 18
-1 38 6 18
-1 38 7 18
-1 38 8 18
-1 38 9 18
-1 38 10 16
-1 38 11 9
0 38 -17 16
0 38 -16 9
0 38 -15 9
0 38 -14 16
0 38 -13 9
0 38 -12 16
0 38 -11 17
0 38 -10 16
0 38 -9 18
0 38 -8 18
0 38 -7 18
0 38 -6 18
0 38 -5 18
0 38 -4 18
0 38 -3 18
0 38 -2 18
0 38 -1 18
0 38 0 17
0 38 1 18
0 38 2 18
0 38 3 18
0 38 4 18
0 38 5 18
0 38 6 18
0 38 7 18
0 38 8 18
0 38 9 18
0 38 10 16
0 38 11 17
1 38 -17 4
1 38 -16 9
1 38 -15 9
1 38 -14 9
1 38 -13 9
1 38 -12 9
1 38 -11 9
1 38 -10 9
1 38 -9 18
1 38 -8 18
1 38 -7 18
1 38 -6 18
1 38 -5 18
1 38 -4 18
1 38 -3 18
1 38 -2 18
1 38 -1 18
1 38 0 18
1 38 1 18
1 38 2 18
1 38 3 18
1 38 4 18
1 38 5 18
1 38 6 18
1 38 7 18
1 38 8 18
1 38 9 18
1 38 10 16
1 38 11 9
2 38 -11 9
2 38 -10 9
2 38 -9 18
2 38 -8 18
2 38 -7 18
2 38 -6 18
2 38 -5 18
2 38 -4 18
2 38 -3 18
2 38 -2 18
2 38 -1 18
2 38 0 18
2 38 1 18
2 38 2 18
2 38 3 18
2 38 4 18
2 38 5 18
2 38 6 18
2 38 7 18
2 38 8 18
2 38 9 18
2 38 10 9
2 38 11 9
3 38 -11 9
3 38 -10 9
3 38 -9 9
3 38 -8 18
3 38 -7 18
3 38 -6 18
3 38 -5 18
3 38 -4 18
3 38 -3 18
3 38 -2 18
3 38 -1 18
3 38 0 18
3 38 1 18
3 38 2 18
3 38 3 18
3 38 4 18
3 38 5 18
3 38 6 18
3 38 7 18
3 38 8 18
3 38 9 9
3 38 10 9
3 38 11 16
4 38 -10 29
4 38 -9 18
4 38 -8 18
4 38 -7 18
4 38 -6 18
4 38 -5 18
4 38 -4 18
4 38 -3 18
4 38 -2 18
4 38 -1 18
4 38 0 18
4 38 1 18
4 38 2 18
4 38 3 18
4 38 4 18
4 38 5 18
4 38 6 18
4 38 7 18
4 38 8 18
4 38 9 18
4 38 10 29
5 38 -10 9
5 38 -9 9
5 38 -8 16
5 38 -7 18
5 38 -6 18
5 38 -5 18
5 38 -4 18
5 38 -3 18
5 38 -2 18
5 38 -1 18
5 38 0 18
5 38 1 18
5 38 2 18
5 38 3 18
5 38 4 18
5 38 5 18
5 38 6 18
5 38 7 18
5 38 8 9
5 38 9 16
5 38 10 9
6 38 -9 16
6 38 -8 9
6 38 -7 18
6 38 -6 18
6 38 -5 18
6 38 -4 18
6 38 -3 18
6 38 -2 18
6 38 -1 18
6 38 0 18
6 38 1 18
6 38 2 18
6 38 3 18
6 38 4 18
6 38 5 18
6 38 6 18
6 38 7 18
6 38 8 9
6 38 9 9
7 38 -9 9
7 38 -8 17
7 38 -7 9
7 38 -6 18
7 38 -5 18
7 38 -4 18
7 38 -3 18
7 38 -2 18
7 38 -1 18
7 38 0 18
7 38 1 18
7 38 2 18
7 38 3 18
7 38 4 18
7 38 5 18
7 38 6 18
7 38 7 16
7 38 8 17
7 38 9 9
8 38 -10 9
8 38 -9 16
8 38 -8 17
8 38 -7 17
8 38 -6 9
8 38 -5 16
8 38 -4 18
8 38 -3 18
8 38 -2 18
8 38 -1 18
8 38 0 18
8 38 1 18
8 38 2 18
8 38 3 18
8 38 4 18
8 38 5 9
8 38 6 9
8 38 7 17
8 38 8 17
8 38 9 9
8 38 10 16
9 38 -11 9
9 38 -10 9
9 38 -9 9
9 38 -8 9
9 38 -7 9
9 38 -6 16
9 38 -5 9
9 38 -4 18
9 38 -3 9
9 38 -2 18
9 38 -1 18
9 38 0 18
9 38 1 18
9 38 2 18
9 38 3 9
9 38 4 18
9 38 5 16
9 38 6 9
9 38 7 9
9 38 8 9
9 38 9 16
9 38 10 9
9 38 11 9
10 38 -12 9
10 38 -11 16
10 38 -10 9
10 38 -9 9
10 38 -8 16
10 38 -5 16
10 38 -4 28
10 38 -3 9
10 38 -2 9
10 38 -1 9
10 38 0 16
10 38 1 16
10 38 2 9
10 38 3 9
10 38 4 28
10 38 5 9
10 38 8 9
10 38 9 9
10 38 10 9
10 38 11 9
10 38 12 9
11 38 -13 4
11 38 -12 16
11 38 -11 9
11 38 -10 9
11 38 -9 9
11 38 -3 9
11 38 -2 9
11 38 -1 9
11 38 0 17
11 38 1 9
11 38 2 9
11 38 3 9
11 38 9 16
11 38 10 9
11 38 11 9
11 38 12 9
11 38 13 5
12 38 -12 9
12 38 -11 9
12 38 -10 16
12 38 -1 9
12 38 0 16
12 38 1 16
12 38 10 9
12 38 11 9
12 38 12 9
13 38 -11 7
13 38 -1 9
13 38 0 9
13 38 1 9
13 38 11 7
14 38 -1 9
14 38 0 9
14 38 1 9
15 38 -1 9
15 38 0 9
15 38 1 9
16 38 -1 9
16 38 0 16
16 38 1 9
17 38 -1 7
17 38 0 9
17 38 1 7
-17 39 0 0
-16 39 -1 9
-16 39 0 9
-16 39 1 9
-15 39 -1 9
-15 39 0 9
-15 39 1 9
-14 39 -1 9
-14 39 0 9
-14 39 1 9
-13 39 -1 16
-13 39 0 9
-13 39 1 9
-12 39 -12 9
-12 39 -11 16
-12 39 -10 9
-12 39 -1 9
-12 39 0 9
-12 39 1 9
-12 39 10 9
-12 39 11 9
-12 39 12 9
-11 39 -12 9
-11 39 -11 9
-11 39 -10 9
-11 39 -9 9
-11 39 -3 16
-11 39 -2 16
-11 39 -1 9
-11 39 0 17
-11 39 1 9
-11 39 2 9
-11 39 3 9
-11 39 9 9
-11 39 10 9
-11 39 11 9
-11 39 12 16
-10 39 -12 9
-10 39 -11 16
-10 39 -10 9
-10 39 -9 9
-10 39 -8 9
-10 39 -5 9
-10 39 -4 9
-10 39 -3 16
-10 39 -2 9
-10 39 -1 9
-10 39 0 9
-10 39 1 9
-10 39 2 16
-10 39 3 9
-10 39 4 9
-10 39 5 9
-10 39 8 9
-10 39 9 9
-10 39 10 9
-10 39 11 9
-10 39 12 9
-9 39 -11 9
-9 39 -10 9
-9 39 -9 16
-9 39 -8 9
-9 39 -7 9
-9 39 -6 9
-9 39 -5 9
-9 39 -4 9
-9 39 -3 16
-9 39 -2 18
-9 39 -1 18
-9 39 0 18
-9 39 1 18
-9 39 2 18
-9 39 3 9
-9 39 4 9
-9 39 5 9
-9 39 6 9
-9 39 7 16
-9 39 8 16
-9 39 9 9
-9 39 10 9
-9 39 11 9
-8 39 -10 9
-8 39 -9 9
-8 39 -8 17
-8 39 -7 17
-8 39 -6 9
-8 39 -5 9
-8 39 -4 18
-8 39 -3 18
-8 39 -2 18
-8 39 -1 18
-8 39 0 18
-8 39 1 18
-8 39 2 18
-8 39 3 18
-8 39 4 18
-8 39 5 9
-8 39 6 16
-8 39 7 17
-8 39 8 17
-8 39 9 16
-8 39 10 9
-7 39 -9 9
-7 39 -8 17
-7 39 -7 9
-7 39 -6 18
-7 39 -5 18
-7 39 -4 18
-7 39 -3 18
-7 39 -2 18
-7 39 -1 18
-7 39 0 18
-7 39 1 18
-7 39 2 18
-7 39 3 18
-7 39 4 18
-7 39 5 18
-7 39 6 18
-7 39 7 9
-7 39 8 17
-7 39 9 16
-6 39 -9 16
-6 39 -8 16
-6 39 -7 18
-6 39 -6 18
-6 39 -5 18
-6 39 -4 18
-6 39 -3 18
-6 39 -2 18
-6 39 -1 18
-6 39 0 18
-6 39 1 18
-6 39 2 18
-6 39 3 18
-6 39 4 18
-6 39 5 18
-6 39 6 18
-6 39 7 18
-6 39 8 9
-6 39 9 9
-5 39 -10 9
-5 39 -9 9
-5 39 -8 9
-5 39 -7 18
-5 39 -6 18
-5 39 -5 18
-5 39 -4 18
-5 39 -3 18
-5 39 -2 18
-5 39 -1 18
-5 39 0 18
-5 39 1 18
-5 39 2 18
-5 39 3 18
-5 39 4 18
-5 39 5 18
-5 39 6 18
-5 39 7 18
-5 39 8 16
-5 39 9 16
-5 39 10 9
-4 39 -10 9
-4 39 -9 16
-4 39 -8 18
-4 39 -7 18
-4 39 -6 18
-4 39 -5 18
-4 39 -4 18
-4 39 -3 18
-4 39 -2 18
-4 39 -1 18
-4 39 0 18
-4 39 1 18
-4 39 2 18
-4 39 3 18
-4 39 4 18
-4 39 5 18
-4 39 6 18
-4 39 7 18
-4 39 8 18
-4 39 9 16
-4 39 10 9
-3 39 -11 9
-3 39 -10 9
-3 39 -9 9
-3 39 -8 18
-3 39 -7 18
-3 39 -6 18
-3 39 -5 18
-3 39 -4 18
-3 39 -3 18
-3 39 -2 18
-3 39 -1 18
-3 39 0 18
-3 39 1 18
-3 39 2 18
-3 39 3 18
-3 39 4 18
-3 39 5 18
-3 39 6 18
-3 39 7 18
-3 39 8 18
-3 39 9 9
-3 39 10 9
-3 39 11 9
-2 39 -11 16
-2 39 -10 9
-2 39 -9 18
-2 39 -8 18
-2 39 -7 18
-2 39 -6 18
-2 39 -5 18
-2 39 -4 18
-2 39 -3 18
-2 39 -2 18
-2 39 -1 18
-2 39 0 18
-2 39 1 18
-2 39 2 18
-2 39 3 18
-2 39 4 18
-2 39 5 18
-2 39 6 18
-2 39 7 18
-2 39 8 18
-2 39 9 18
-2 39 10 16
-2 39 11 9
-1 39 -16 9
-1 39 -15 9
-1 39 -14 16
-1 39 -13 9
-1 39 -12 16
-1 39 -11 9
-1 39 -10 16
-1 39 -9 18
-1 39 -8 18
-1 39 -7 18
-1 39 -6 18
-1 39 -5 18
-1 39 -4 18
-1 39 -3 18
-1 39 -2 18
-1 39 -1 18
-1 39 0 18
-1 39 1 18
-1 39 2 18
-1 39 3 18
-1 39 4 18
-1 39 5 18
-1 39 6 18
-1 39 7 18
-1 39 8 18
-1 39 9 18
-1 39 10 9
-1 39 11 9
0 39 -17 4
0 39 -16 9
0 39 -15 16
0 39 -14 9
0 39 -13 16
0 39 -12 9
0 39 -11 17
0 39 -10 9
0 39 -9 18
0 39 -8 18
0 39 -7 18
0 39 -6 18
0 39 -5 18
0 39 -4 18
0 39 -3 18
0 39 -2 18
0 39 -1 18
0 39 0 17
0 39 1 0
0 39 2 0
0 39 3 18
0 39 4 18
0 39 5 18
0 39 6 18
0 39 7 18
0 39 8 18
0 39 9 18
0 39 10 16
0 39 11 17
1 39 -16 9
1 39 -15 9
1 39 -14 9
1 39 -13 16
1 39 -12 16
1 39 -11 9
1 39 -10 9
1 39 -9 18
1 39 -8 18
1 39 -7 18
1 39 -6 18
1 39 -5 18
1 39 -4 18
1 39 -3 18
1 39 -2 18
1 39 -1 18
1 39 0 18
1 39 1 1
1 39 2 1
1 39 3 18
1 39 4 18
1 39 5 18
1 39 6 18
1 39 7 18
1 39 8 18
1 39 9 18
1 39 10 9
1 39 11 9
2 39 -11 9
2 39 -10 16
2 39 -9 18
2 39 -8 18
2 39 -7 18
2 39 -6 18
2 39 -5 18
2 39 -4 18
2 39 -3 18
2 39 -2 18
2 39 -1 18
2 39 0 18
2 39 1 1
2 39 2 1
2 39 3 18
2 39 4 18
2 39 5 18
2 39 6 18
2 39 7 18
2 39 8 18
2 39 9 18
2 39 10 9
2 39 11 9
3 39 -11 9
3 39 -10 9
3 39 -9 9
3 39 -8 18
3 39 -7 18
3 39 -6 18
3 39 -5 18
3 39 -4 18
3 39 -3 18
3 39 -2 18
3 39 -1 18
3 39 0 18
3 39 1 18
3 39 2 18
3 39 3 18
3 39 4 18
3 39 5 18
3 39 6 18
3 39 7 18
3 39 8 18
3 39 9 9
3 39 10 9
3 39 11 9
4 39 -10 9
4 39 -9 9
4 39 -8 18
4 39 -7 18
4 39 -6 18
4 39 -5 18
4 39 -4 18
4 39 -3 18
4 39 -2 18
4 39 -1 18
4 39 0 18
4 39 1 18
4 39 2 18
4 39 3 18
4 39 4 18
4 39 5 18
4 39 6 18
4 39 7 18
4 39 8 18
4 39 9 9
4 39 10 9
5 39 -10 16
5 39 -9 16
5 39 -8 9
5 39 -7 18
5 39 -6 18
5 39 -5 18
5 39 -4 18
5 39 -3 18
5 39 -2 18
5 39 -1 18
5 39 0 18
5 39 1 18
5 39 2 18
5 39 3 18
5 39 4 18
5 39 5 18
5 39 6 18
5 39 7 18
5 39 8 16
5 39 9 9
5 39 10 16
6 39 -9 9
6 39 -8 9
6 39 -7 18
6 39 -6 18
6 39 -5 18
6 39 -4 18
6 39 -3 18
6 39 -2 18
6 39 -1 18
6 39 0 18
6 39 1 18
6 39 2 18
6 39 3 18
6 39 4 18
6 39 5 18
6 39 6 18
6 39 7 18
6 39 8 9
6 39 9 9
7 39 -9 16
7 39 -8 17
7 39 -7 9
7 39 -6 18
7 39 -5 18
7 39 -4 18
7 39 -3 18
7 39 -2 18
7 39 -1 18
7 39 0 18
7 39 1 18
7 39 2 18
7 39 3 18
7 39 4 18
7 39 5 18
7 39 6 18
7 39 7 9
7 39 8 17
7 39 9 9
8 39 -10 9
8 39 -9 9
8 39 -8 17
8 39 -7 17
8 39 -6 9
8 39 -5 9
8 39 -4 18
8 39 -3 18
8 39 -2 18
8 39 -1 18
8 39 0 18
8 39 1 18
8 39 2 18
8 39 3 18
8 39 4 18
8 39 5 9
8 39 6 16
8 39 7 17
8 39 8 17
8 39 9 16
8 39 10 9
9 39 -11 9
9 39 -10 9
9 39 -9 9
9 39 -8 9
9 39 -7 16
9 39 -6 16
9 39 -5 9
9 39 -4 9
9 39 -3 9
9 39 -2 18
9 39 -1 18
9 39 0 18
9 39 1 18
9 39 2 18
9 39 3 16
9 39 4 9
9 39 5 9
9 39 6 9
9 39 7 9
9 39 8 9
9 39 9 16
9 39 10 9
9 39 11 9
10 39 -12 16
10 39 -11 16
10 39 -10 9
10 39 -9 9
10 39 -8 16
10 39 -5 9
10 39 -4 9
10 39 -3 16
10 39 -2 16
10 39 -1 9
10 39 0 9
10 39 1 9
10 39 2 9
10 39 3 9
10 39 4 9
10 39 5 9
10 39 8 9
10 39 9 9
10 39 10 9
10 39 11 9
10 39 12 9
11 39 -12 9
11 39 -11 9
11 39 -10 9
11 39 -9 9
11 39 -3 9
11 39 -2 9
11 39 -1 9
11 39 0 17
11 39 1 9
11 39 2 9
11 39 3 16
11 39 9 9
11 39 10 16
11 39 11 9
11 39 12 9
12 39 -12 9
12 39 -11 16
12 39 -10 16
12 39 -1 9
12 39 0 9
12 39 1 16
12 39 10 16
12 39 11 9
12 39 12 9
13 39 -1 9
13 39 0 9
13 39 1 16
14 39 -1 16
14 39 0 9
14 39 1 9
15 39 -1 9
15 39 0 9
15 39 1 9
16 39 -1 9
16 39 0 9
16 39 1 9
17 39 0 7
-16 40 -1 9
-16 40 0 9
-16 40 1 9
-15 40 -1 9
-15 40 0 9
-15 40 1 9
-14 40 -1 9
-14 40 0 9
-14 40 1 9
-13 40 -1 9
-13 40 0 9
-13 40 1 9
-12 40 -12 16
-12 40 -11 9
-12 40 -10 9
-12 40 -1 9
-12 40 0 9
-12 40 1 9
-12 40 10 9
-12 40 11 9
-12 40 12 16
-11 40 -12 9
-11 40 -11 9
-11 40 -10 16
-11 40 -9 16
-11 40 -3 15
-11 40 -2 15
-11 40 -1 15
-11 40 0 15
-11 40 1 1
-11 40 2 1
-11 40 3 1
-11 40 9 9
-11 40 10 16
-11 40 11 16
-11 40 12 9
-10 40 -12 9
-10 40 -11 16
-10 40 -10 9
-10 40 -9 9
-10 40 -8 9
-10 40 -5 1
-10 40 -4 15
-10 40 -3 9
-10 40 -2 9
-10 40 -1 9
-10 40 0 9
-10 40 1 9
-10 40 2 16
-10 40 3 9
-10 40 4 1
-10 40 5 15
-10 40 8 9
-10 40 9 16
-10 40 10 9
-10 40 11 9
-10 40 12 9
-9 40 -11 9
-9 40 -10 9
-9 40 -9 9
-9 40 -8 9
-9 40 -7 1
-9 40 -6 1
-9 40 -5 9
-9 40 -4 9
-9 40 -3 9
-9 40 -2 18
-9 40 -1 18
-9 40 0 18
-9 40 1 18
-9 40 2 18
-9 40 3 9
-9 40 4 9
-9 40 5 9
-9 40 6 15
-9 40 7 15
-9 40 8 16
-9 40 9 9
-9 40 10 9
-9 40 11 9
-8 40 -10 9
-8 40 -9 16
-8 40 -8 15
-8 40 -7 1
-8 40 -6 16
-8 40 -5 9
-8 40 -4 18
-8 40 -3 18
-8 40 -2 18
-8 40 -1 18
-8 40 0 18
-8 40 1 18
-8 40 2 18
-8 40 3 18
-8 40 4 18
-8 40 5 9
-8 40 6 9
-8 40 7 15
-8 40 8 15
-8 40 9 9
-8 40 10 9
-7 40 -9 15
-7 40 -8 15
-7 40 -7 9
-7 40 -6 18
-7 40 -5 18
-7 40 -4 18
-7 40 -3 18
-7 40 -2 18
-7 40 -1 18
-7 40 0 18
-7 40 1 18
-7 40 2 18
-7 40 3 18
-7 40 4 18
-7 40 5 18
-7 40 6 18
-7 40 7 16
-7 40 8 1
-7 40 9 1
-6 40 -9 15
-6 40 -8 9
-6 40 -7 18
-6 40 -6 18
-6 40 -5 18
-6 40 -4 18
-6 40 -3 18
-6 40 -2 18
-6 40 -1 18
-6 40 0 18
-6 40 1 18
-6 40 2 18
-6 40 3 18
-6 40 4 18
-6 40 5 18
-6 40 6 18
-6 40 7 18
-6 40 8 9
-6 40 9 1
-5 40 -10 15
-5 40 -9 9
-5 40 -8 9
-5 40 -7 18
-5 40 -6 18
-5 40 -5 18
-5 40 -4 18
-5 40 -3 18
-5 40 -2 18
-5 40 -1 18
-5 40 0 18
-5 40 1 18
-5 40 2 18
-5 40 3 18
-5 40 4 18
-5 40 5 18
-5 40 6 18
-5 40 7 18
-5 40 8 9
-5 40 9 9
-5 40 10 1
-4 40 -10 1
-4 40 -9 9
-4 40 -8 18
-4 40 -7 18
-4 40 -6 18
-4 40 -5 18
-4 40 -4 18
-4 40 -3 18
-4 40 -2 18
-4 40 -1 18
-4 40 0 18
-4 40 1 18
-4 40 2 18
-4 40 3 18
-4 40 4 18
-4 40 5 18
-4 40 6 18
-4 40 7 18
-4 40 8 18
-4 40 9 9
-4 40 10 15
-3 40 -11 1
-3 40 -10 16
-3 40 -9 9
-3 40 -8 18
-3 40 -7 18
-3 40 -6 18
-3 40 -5 18
-3 40 -4 18
-3 40 -3 18
-3 40 -2 18
-3 40 -1 18
-3 40 0 18
-3 40 1 18
-3 40 2 18
-3 40 3 18
-3 40 4 18
-3 40 5 18
-3 40 6 18
-3 40 7 18
-3 40 8 18
-3 40 9 9
-3 40 10 9
-3 40 11 15
-2 40 -11 1
-2 40 -10 9
-2 40 -9 18
-2 40 -8 18
-2 40 -7 18
-2 40 -6 18
-2 40 -5 18
-2 40 -4 18
-2 40 -3 18
-2 40 -2 18
-2 40 -1 18
-2 40 0 18
-2 40 1 18
-2 40 2 18
-2 40 3 18
-2 40 4 18
-2 40 5 18
-2 40 6 18
-2 40 7 18
-2 40 8 18
-2 40 9 18
-2 40 10 9
-2 40 11 15
-1 40 -16 9
-1 40 -15 9
-1 40 -14 16
-1 40 -13 9
-1 40 -12 9
-1 40 -11 1
-1 40 -10 9
-1 40 -9 18
-1 40 -8 18
-1 40 -7 18
-1 40 -6 18
-1 40 -5 18
-1 40 -4 18
-1 40 -3 18
-1 40 -2 18
-1 40 -1 18
-1 40 0 18
-1 40 1 18
-1 40 2 18
-1 40 3 18
-1 40 4 18
-1 40 5 18
-1 40 6 18
-1 40 7 18
-1 40 8 18
-1 40 9 18
-1 40 10 16
-1 40 11 15
0 40 -16 9
0 40 -15 9
0 40 -14 9
0 40 -13 9
0 40 -12 16
0 40 -11 15
0 40 -10 9
0 40 -9 18
0 40 -8 18
0 40 -7 18
0 40 -6 18
0 40 -5 18
0 40 -4 18
0 40 -3 18
0 40 -2 18
0 40 -1 18
0 40 0 17
0 40 1 18
0 40 2 18
0 40 3 18
0 40 4 18
0 40 5 18
0 40 6 18
0 40 7 18
0 40 8 18
0 40 9 18
0 40 10 16
0 40 11 15
1 40 -16 9
1 40 -15 9
1 40 -14 9
1 40 -13 16
1 40 -12 9
1 40 -11 15
1 40 -10 9
1 40 -9 18
1 40 -8 18
1 40 -7 18
1 40 -6 18
1 40 -5 18
1 40 -4 18
1 40 -3 18
1 40 -2 1
1 40 -1 1
1 40 0 5
1 40 1 18
1 40 2 18
1 40 3 18
1 40 4 18
1 40 5 18
1 40 6 18
1 40 7 18
1 40 8 18
1 40 9 18
1 40 10 9
1 40 11 1
2 40 -11 15
2 40 -10 9
2 40 -9 18
2 40 -8 18
2 40 -7 18
2 40 -6 18
2 40 -5 18
2 40 -4 18
2 40 -3 18
2 40 -2 1
2 40 -1 1
2 40 0 5
2 40 1 18
2 40 2 18
2 40 3 18
2 40 4 18
2 40 5 18
2 40 6 18
2 40 7 18
2 40 8 18
2 40 9 18
2 40 10 9
2 40 11 1
3 40 -11 15
3 40 -10 16
3 40 -9 9
3 40 -8 18
3 40 -7 18
3 40 -6 18
3 40 -5 18
3 40 -4 18
3 40 -3 18
3 40 -2 18
3 40 -1 18
3 40 0 18
3 40 1 18
3 40 2 18
3 40 3 18
3 40 4 18
3 40 5 18
3 40 6 18
3 40 7 18
3 40 8 18
3 40 9 9
3 40 10 9
3 40 11 1
4 40 -10 15
4 40 -9 16
4 40 -8 18
4 40 -7 18
4 40 -6 18
4 40 -5 18
4 40 -4 18
4 40 -3 18
4 40 -2 18
4 40 -1 18
4 40 0 18
4 40 1 18
4 40 2 18
4 40 3 18
4 40 4 18
4 40 5 18
4 40 6 18
4 40 7 18
4 40 8 18
4 40 9 9
4 40 10 1
5 40 -10 1
5 40 -9 9
5 40 -8 9
5 40 -7 18
5 40 -6 18
5 40 -5 18
5 40 -4 18
5 40 -3 18
5 40 -2 18
5 40 -1 18
5 40 0 18
5 40 1 18
5 40 2 18
5 40 3 18
5 40 4 18
5 40 5 18
5 40 6 18
5 40 7 18
5 40 8 16
5 40 9 9
5 40 10 15
6 40 -9 1
6 40 -8 16
6 40 -7 18
6 40 -6 18
6 40 -5 18
6 40 -4 18
6 40 -3 18
6 40 -2 18
6 40 -1 18
6 40 0 18
6 40 1 18
6 40 2 18
6 40 3 18
6 40 4 18
6 40 5 18
6 40 6 18
6 40 7 18
6 40 8 9
6 40 9 15
7 40 -9 1
7 40 -8 1
7 40 -7 16
7 40 -6 18
7 40 -5 18
7 40 -4 18
7 40 -3 18
7 40 -2 18
7 40 -1 18
7 40 0 18
7 40 1 18
7 40 2 18
7 40 3 18
7 40 4 18
7 40 5 18
7 40 6 18
7 40 7 9
7 40 8 15
7 40 9 15
8 40 -10 9
8 40 -9 9
8 40 -8 15
8 40 -7 15
8 40 -6 9
8 40 -5 9
8 40 -4 18
8 40 -3 18
8 40 -2 18
8 40 -1 18
8 40 0 18
8 40 1 18
8 40 2 18
8 40 3 18
8 40 4 18
8 40 5 9
8 40 6 9
8 40 7 1
8 40 8 15
8 40 9 9
8 40 10 9
9 40 -11 9
9 40 -10 9
9 40 -9 9
9 40 -8 9
9 40 -7 15
9 40 -6 15
9 40 -5 9
9 40 -4 9
9 40 -3 9
9 40 -2 18
9 40 -1 18
9 40 0 18
9 40 1 18
9 40 2 18
9 40 3 9
9 40 4 9
9 40 5 9
9 40 6 1
9 40 7 1
9 40 8 9
9 40 9 9
9 40 10 16
9 40 11 9
10 40 -12 9
10 40 -11 16
10 40 -10 9
10 40 -9 9
10 40 -8 9
10 40 -5 15
10 40 -4 1
10 40 -3 9
10 40 -2 16
10 40 -1 16
10 40 0 9
10 40 1 9
10 40 2 9
10 40 3 9
10 40 4 15
10 40 5 1
10 40 8 9
10 40 9 9
10 40 10 9
10 40 11 9
10 40 12 16
11 40 -12 9
11 40 -11 16
11 40 -10 9
11 40 -9 9
11 40 -3 1
11 40 -2 1
11 40 -1 1
11 40 0 15
11 40 1 15
11 40 2 15
11 40 3 15
11 40 9 16
11 40 10 9
11 40 11 9
11 40 12 9
12 40 -12 16
12 40 -11 9
12 40 -10 9
12 40 -1 9
12 40 0 9
12 40 1 16
12 40 10 9
12 40 11 9
12 40 12 16
13 40 -1 9
13 40 0 9
13 40 1 9
14 40 -1 9
14 40 0 9
14 40 1 9
15 40 -1 9
15 40 0 9
15 40 1 9
16 40 -1 9
16 40 0 9
16 40 1 16
-16 41 -1 9
-16 41 0 9
-16 41 1 16
-15 41 -1 9
-15 41 0 9
-15 41 1 9
-14 41 -1 9
-14 41 0 16
-14 41 1 9
-13 41 -1 9
-13 41 0 9
-13 41 1 9
-12 41 -12 9
-12 41 -11 16
-12 41 -10 9
-12 41 -1 9
-12 41 0 9
-12 41 1 16
-12 41 10 16
-12 41 11 9
-12 41 12 9
-11 41 -12 9
-11 41 -11 16
-11 41 -10 9
-11 41 -9 9
-11 41 -3 16
-11 41 -2 9
-11 41 -1 16
-11 41 0 17
-11 41 1 9
-11 41 2 9
-11 41 3 16
-11 41 9 9
-11 41 10 16
-11 41 11 9
-11 41 12 9
-10 41 -12 9
-10 41 -11 9
-10 41 -10 9
-10 41 -9 16
-10 41 -8 9
-10 41 -5 9
-10 41 -4 16
-10 41 -3 9
-10 41 -2 9
-10 41 -1 9
-10 41 0 9
-10 41 1 16
-10 41 2 16
-10 41 3 16
-10 41 4 9
-10 41 5 16
-10 41 8 16
-10 41 9 9
-10 41 10 9
-10 41 11 9
-10 41 12 9
-9 41 -11 9
-9 41 -10 9
-9 41 -9 9
-9 41 -8 9
-9 41 -7 9
-9 41 -6 9
-9 41 -5 9
-9 41 -4 16
-9 41 -3 9
-9 41 -2 18
-9 41 -1 18
-9 41 0 18
-9 41 1 18
-9 41 2 18
-9 41 3 16
-9 41 4 9
-9 41 5 16
-9 41 6 9
-9 41 7 9
-9 41 8 9
-9 41 9 9
-9 41 10 9
-9 41 11 9
-8 41 -10 9
-8 41 -9 16
-8 41 -8 17
-8 41 -7 17
-8 41 -6 9
-8 41 -5 16
-8 41 -4 18
-8 41 -3 18
-8 41 -2 18
-8 41 -1 18
-8 41 0 18
-8 41 1 18
-8 41 2 18
-8 41 3 18
-8 41 4 18
-8 41 5 16
-8 41 6 9
-8 41 7 17
-8 41 8 17
-8 41 9 9
-8 41 10 16
-7 41 -9 16
-7 41 -8 17
-7 41 -7 9
-7 41 -6 18
-7 41 -5 18
-7 41 -4 18
-7 41 -3 18
-7 41 -2 18
-7 41 -1 18
-7 41 0 18
-7 41 1 18
-7 41 2 18
-7 41 3 18
-7 41 4 18
-7 41 5 18
-7 41 6 18
-7 41 7 9
-7 41 8 17
-7 41 9 16
-6 41 -9 16
-6 41 -8 16
-6 41 -7 18
-6 41 -6 18
-6 41 -5 18
-6 41 -4 18
-6 41 -3 18
-6 41 -2 18
-6 41 -1 18
-6 41 0 18
-6 41 1 18
-6 41 2 18
-6 41 3 18
-6 41 4 18
-6 41 5 18
-6 41 6 18
-6 41 7 18
-6 41 8 9
-6 41 9 9
-5 41 -10 9
-5 41 -9 16
-5 41 -8 9
-5 41 -7 18
-5 41 -6 18
-5 41 -5 18
-5 41 -4 18
-5 41 -3 18
-5 41 -2 18
-5 41 -1 18
-5 41 0 18
-5 41 1 18
-5 41 2 18
-5 41 3 18
-5 41 4 18
-5 41 5 18
-5 41 6 18
-5 41 7 18
-5 41 8 9
-5 41 9 9
-5 41 10 9
-4 41 -10 9
-4 41 -9 9
-4 41 -8 18
-4 41 -7 18
-4 41 -6 18
-4 41 -5 18
-4 41 -4 18
-4 41 -3 18
-4 41 -2 18
-4 41 -1 18
-4 41 0 18
-4 41 1 18
-4 41 2 18
-4 41 3 18
-4 41 4 18
-4 41 5 18
-4 41 6 18
-4 41 7 18
-4 41 8 18
-4 41 9 16
-4 41 10 9
-3 41 -11 9
-3 41 -10 9
-3 41 -9 9
-3 41 -8 18
-3 41 -7 18
-3 41 -6 18
-3 41 -5 18
-3 41 -4 18
-3 41 -3 18
-3 41 -2 18
-3 41 -1 18
-3 41 0 18
-3 41 1 18
-3 41 2 18
-3 41 3 18
-3 41 4 18
-3 41 5 18
-3 41 6 18
-3 41 7 18
-3 41 8 18
-3 41 9 9
-3 41 10 9
-3 41 11 9
-2 41 -11 16
-2 41 -10 16
-2 41 -9 18
-2 41 -8 18
-2 41 -7 18
-2 41 -6 18
-2 41 -5 18
-2 41 -4 18
-2 41 -3 18
-2 41 -2 1
-2 41 -1 1
-2 41 0 18
-2 41 1 18
-2 41 2 18
-2 41 3 18
-2 41 4 18
-2 41 5 18
-2 41 6 18
-2 41 7 18
-2 41 8 18
-2 41 9 18
-2 41 10 9
-2 41 11 9
-1 41 -16 16
-1 41 -15 9
-1 41 -14 16
-1 41 -13 9
-1 41 -12 9
-1 41 -11 9
-1 41 -10 9
-1 41 -9 18
-1 41 -8 18
-1 41 -7 18
-1 41 -6 18
-1 41 -5 18
-1 41 -4 18
-1 41 -3 18
-1 41 -2 1
-1 41 -1 1
-1 41 0 18
-1 41 1 18
-1 41 2 18
-1 41 3 18
-1 41 4 18
-1 41 5 18
-1 41 6 18
-1 41 7 18
-1 41 8 18
-1 41 9 18
-1 41 10 9
-1 41 11 16
0 41 -16 16
0 41 -15 9
0 41 -14 9
0 41 -13 9
0 41 -12 9
0 41 -11 17
0 41 -10 9
0 41 -9 18
0 41 -8 18
0 41 -7 18
0 41 -6 18
0 41 -5 18
0 41 -4 18
0 41 -3 18
0 41 -2 7
0 41 -1 7
0 41 0 17
0 41 1 18
0 41 2 18
0 41 3 18
0 41 4 18
0 41 5 18
0 41 6 18
0 41 7 18
0 41 8 18
0 41 9 18
0 41 10 9
0 41 11 17
1 41 -16 16
1 41 -15 9
1 41 -14 16
1 41 -13 9
1 41 -12 9
1 41 -11 16
1 41 -10 9
1 41 -9 18
1 41 -8 18
1 41 -7 18
1 41 -6 18
1 41 -5 18
1 41 -4 18
1 41 -3 18
1 41 -2 18
1 41 -1 18
1 41 0 18
1 41 1 18
1 41 2 18
1 41 3 18
1 41 4 18
1 41 5 18
1 41 6 18
1 41 7 18
1 41 8 18
1 41 9 18
1 41 10 9
1 41 11 9
2 41 -11 16
2 41 -10 9
2 41 -9 18
2 41 -8 18
2 41 -7 18
2 41 -6 18
2 41 -5 18
2 41 -4 18
2 41 -3 18
2 41 -2 18
2 41 -1 18
2 41 0 18
2 41 1 18
2 41 2 18
2 41 3 18
2 41 4 18
2 41 5 18
2 41 6 18
2 41 7 18
2 41 8 18
2 41 9 18
2 41 10 16
2 41 11 9
3 41 -11 9
3 41 -10 16
3 41 -9 9
3 41 -8 18
3 41 -7 18
3 41 -6 18
3 41 -5 18
3 41 -4 18
3 41 -3 18
3 41 -2 18
3 41 -1 18
3 41 0 18
3 41 1 18
3 41 2 18
3 41 3 18
3 41 4 18
3 41 5 18
3 41 6 18
3 41 7 18
3 41 8 18
3 41 9 9
3 41 10 9
3 41 11 9
4 41 -10 9
4 41 -9 9
4 41 -8 18
4 41 -7 18
4 41 -6 18
4 41 -5 18
4 41 -4 18
4 41 -3 18
4 41 -2 18
4 41 -1 18
4 41 0 18
4 41 1 18
4 41 2 18
4 41 3 18
4 41 4 18
4 41 5 18
4 41 6 18
4 41 7 18
4 41 8 18
4 41 9 9
4 41 10 9
5 41 -10 9
5 41 -9 9
5 41 -8 16
5 41 -7 18
5 41 -6 18
5 41 -5 18
5 41 -4 18
5 41 -3 18
5 41 -2 18
5 41 -1 18
5 41 0 18
5 41 1 18
5 41 2 18
5 41 3 18
5 41 4 18
5 41 5 18
5 41 6 18
5 41 7 18
5 41 8 9
5 41 9 16
5 41 10 9
6 41 -9 16
6 41 -8 9
6 41 -7 18
6 41 -6 18
6 41 -5 18
6 41 -4 18
6 41 -3 18
6 41 -2 18
6 41 -1 18
6 41 0 18
6 41 1 18
6 41 2 18
6 41 3 18
6 41 4 18
6 41 5 18
6 41 6 18
6 41 7 18
6 41 8 9
6 41 9 9
7 41 -9 16
7 41 -8 17
7 41 -7 9
7 41 -6 18
7 41 -5 18
7 41 -4 18
7 41 -3 18
7 41 -2 18
7 41 -1 18
7 41 0 18
7 41 1 18
7 41 2 18
7 41 3 18
7 41 4 18
7 41 5 18
7 41 6 18
7 41 7 9
7 41 8 17
7 41 9 16
8 41 -10 9
8 41 -9 9
8 41 -8 17
8 41 -7 17
8 41 -6 16
8 41 -5 16
8 41 -4 18
8 41 -3 18
8 41 -2 18
8 41 -1 18
8 41 0 18
8 41 1 18
8 41 2 18
8 41 3 18
8 41 4 18
8 41 5 16
8 41 6 9
8 41 7 17
8 41 8 17
8 41 9 9
8 41 10 9
9 41 -11 9
9 41 -10 16
9 41 -9 9
9 41 -8 9
9 41 -7 9
9 41 -6 9
9 41 -5 16
9 41 -4 9
9 41 -3 16
9 41 -2 18
9 41 -1 18
9 41 0 18
9 41 1 18
9 41 2 18
9 41 3 9
9 41 4 16
9 41 5 9
9 41 6 9
9 41 7 9
9 41 8 16
9 41 9 9
9 41 10 16
9 41 11 9
10 41 -12 9
10 41 -11 9
10 41 -10 9
10 41 -9 9
10 41 -8 9
10 41 -5 9
10 41 -4 9
10 41 -3 9
10 41 -2 16
10 41 -1 9
10 41 0 16
10 41 1 9
10 41 2 9
10 41 3 9
10 41 4 9
10 41 5 16
10 41 8 9
10 41 9 9
10 41 10 9
10 41 11 16
10 41 12 9
11 41 -12 9
11 41 -11 9
11 41 -10 9
11 41 -9 9
11 41 -3 16
11 41 -2 9
11 41 -1 9
11 41 0 17
11 41 1 16
11 41 2 16
11 41 3 16
11 41 9 9
11 41 10 9
11 41 11 16
11 41 12 9
12 41 -12 9
12 41 -11 9
12 41 -10 16
12 41 -1 9
12 41 0 9
12 41 1 9
12 41 10 16
12 41 11 9
12 41 12 9
13 41 -1 9
13 41 0 16
13 41 1 9
14 41 -1 9
14 41 0 9
14 41 1 9
15 41 -1 9
15 41 0 9
15 41 1 9
16 41 -1 9
16 41 0 9
16 41 1 16
-16 42 -1 9
-16 42 0 9
-16 42 1 9
-15 42 -1 9
-15 42 0 9
-15 42 1 16
-14 42 -1 9
-14 42 0 9
-14 42 1 9
-13 42 -1 9
-13 42 0 9
-13 42 1 16
-12 42 -12 4
-12 42 -11 9
-12 42 -10 9
-12 42 -1 9
-12 42 0 16
-12 42 1 9
-12 42 10 9
-12 42 11 9
-12 42 12 5
-11 42 -12 9
-11 42 -11 16
-11 42 -10 9
-11 42 -9 9
-11 42 -3 9
-11 42 -2 9
-11 42 -1 16
-11 42 0 17
-11 42 1 9
-11 42 2 9
-11 42 3 9
-11 42 9 9
-11 42 10 9
-11 42 11 9
-11 42 12 9
-10 42 -12 9
-10 42 -11 16
-10 42 -10 9
-10 42 -9 9
-10 42 -8 16
-10 42 -5 16
-10 42 -4 9
-10 42 -3 16
-10 42 -2 9
-10 42 -1 9
-10 42 0 9
-10 42 1 16
-10 42 2 9
-10 42 3 9
-10 42 4 9
-10 42 5 9
-10 42 8 16
-10 42 9 9
-10 42 10 9
-10 42 11 9
-10 42 12 16
-9 42 -11 9
-9 42 -10 9
-9 42 -9 9
-9 42 -8 16
-9 42 -7 9
-9 42 -6 9
-9 42 -5 9
-9 42 -4 9
-9 42 -3 9
-9 42 -2 18
-9 42 -1 18
-9 42 0 18
-9 42 1 18
-9 42 2 18
-9 42 3 9
-9 42 4 9
-9 42 5 16
-9 42 6 9
-9 42 7 16
-9 42 8 16
-9 42 9 9
-9 42 10 9
-9 42 11 9
-8 42 -10 9
-8 42 -9 16
-8 42 -8 27
-8 42 -7 17
-8 42 -6 16
-8 42 -5 16
-8 42 -4 18
-8 42 -3 18
-8 42 -2 18
-8 42 -1 18
-8 42 0 18
-8 42 1 18
-8 42 2 18
-8 42 3 18
-8 42 4 18
-8 42 5 9
-8 42 6 9
-8 42 7 17
-8 42 8 27
-8 42 9 9
-8 42 10 9
-7 42 -9 16
-7 42 -8 17
-7 42 -7 9
-7 42 -6 18
-7 42 -5 18
-7 42 -4 18
-7 42 -3 18
-7 42 -2 18
-7 42 -1 18
-7 42 0 18
-7 42 1 18
-7 42 2 18
-7 42 3 18
-7 42 4 18
-7 42 5 18
-7 42 6 18
-7 42 7 16
-7 42 8 17
-7 42 9 9
-6 42 -9 16
-6 42 -8 9
-6 42 -7 18
-6 42 -6 18
-6 42 -5 18
-6 42 -4 18
-6 42 -3 18
-6 42 -2 18
-6 42 -1 18
-6 42 0 18
-6 42 1 18
-6 42 2 18
-6 42 3 18
-6 42 4 18
-6 42 5 18
-6 42 6 18
-6 42 7 18
-6 42 8 9
-6 42 9 9
-5 42 -10 9
-5 42 -9 9
-5 42 -8 9
-5 42 -7 18
-5 42 -6 18
-5 42 -5 18
-5 42 -4 18
-5 42 -3 18
-5 42 -2 18
-5 42 -1 18
-5 42 0 18
-5 42 1 18
-5 42 2 18
-5 42 3 18
-5 42 4 18
-5 42 5 18
-5 42 6 18
-5 42 7 18
-5 42 8 9
-5 42 9 16
-5 42 10 16
-4 42 -10 9
-4 42 -9 9
-4 42 -8 18
-4 42 -7 18
-4 42 -6 18
-4 42 -5 18
-4 42 -4 18
-4 42 -3 18
-4 42 -2 18
-4 42 -1 18
-4 42 0 18
-4 42 1 18
-4 42 2 18
-4 42 3 18
-4 42 4 18
-4 42 5 18
-4 42 6 18
-4 42 7 18
-4 42 8 18
-4 42 9 9
-4 42 10 16
-3 42 -11 9
-3 42 -10 9
-3 42 -9 9
-3 42 -8 18
-3 42 -7 18
-3 42 -6 18
-3 42 -5 18
-3 42 -4 18
-3 42 -3 18
-3 42 -2 18
-3 42 -1 18
-3 42 0 18
-3 42 1 18
-3 42 2 18
-3 42 3 18
-3 42 4 18
-3 42 5 18
-3 42 6 18
-3 42 7 18
-3 42 8 18
-3 42 9 9
-3 42 10 9
-3 42 11 9
-2 42 -11 9
-2 42 -10 16
-2 42 -9 18
-2 42 -8 18
-2 42 -7 18
-2 42 -6 18
-2 42 -5 18
-2 42 -4 18
-2 42 -3 18
-2 42 -2 18
-2 42 -1 18
-2 42 0 4
-2 42 1 1
-2 42 2 1
-2 42 3 18
-2 42 4 18
-2 42 5 18
-2 42 6 18
-2 42 7 18
-2 42 8 18
-2 42 9 18
-2 42 10 9
-2 42 11 9
-1 42 -16 9
-1 42 -15 16
-1 42 -14 9
-1 42 -13 9
-1 42 -12 9
-1 42 -11 9
-1 42 -10 9
-1 42 -9 18
-1 42 -8 18
-1 42 -7 18
-1 42 -6 18
-1 42 -5 18
-1 42 -4 18
-1 42 -3 18
-1 42 -2 18
-1 42 -1 18
-1 42 0 4
-1 42 1 1
-1 42 2 1
-1 42 3 18
-1 42 4 18
-1 42 5 18
-1 42 6 18
-1 42 7 18
-1 42 8 18
-1 42 9 18
-1 42 10 9
-1 42 11 16
0 42 -16 9
0 42 -15 9
0 42 -14 9
0 42 -13 9
0 42 -12 9
0 42 -11 17
0 42 -10 16
0 42 -9 18
0 42 -8 18
0 42 -7 18
0 42 -6 18
0 42 -5 18
0 42 -4 18
0 42 -3 18
0 42 -2 18
0 42 -1 18
0 42 0 17
0 42 1 18
0 42 2 18
0 42 3 18
0 42 4 18
0 42 5 18
0 42 6 18
0 42 7 18
0 42 8 18
0 42 9 18
0 42 10 9
0 42 11 17
1 42 -16 9
1 42 -15 9
1 42 -14 9
1 42 -13 16
1 42 -12 9
1 42 -11 16
1 42 -10 9
1 42 -9 18
1 42 -8 18
1 42 -7 18
1 42 -6 18
1 42 -5 18
1 42 -4 18
1 42 -3 18
1 42 -2 18
1 42 -1 18
1 42 0 18
1 42 1 18
1 42 2 18
1 42 3 18
1 42 4 18
1 42 5 18
1 42 6 18
1 42 7 18
1 42 8 18
1 42 9 18
1 42 10 9
1 42 11 9
2 42 -11 9
2 42 -10 9
2 42 -9 18
2 42 -8 18
2 42 -7 18
2 42 -6 18
2 42 -5 18
2 42 -4 18
2 42 -3 18
2 42 -2 18
2 42 -1 18
2 42 0 18
2 42 1 18
2 42 2 18
2 42 3 18
2 42 4 18
2 42 5 18
2 42 6 18
2 42 7 18
2 42 8 18
2 42 9 18
2 42 10 16
2 42 11 9
3 42 -11 9
3 42 -10 9
3 42 -9 9
3 42 -8 18
3 42 -7 18
3 42 -6 18
3 42 -5 18
3 42 -4 18
3 42 -3 18
3 42 -2 18
3 42 -1 18
3 42 0 18
3 42 1 18
3 42 2 18
3 42 3 18
3 42 4 18
3 42 5 18
3 42 6 18
3 42 7 18
3 42 8 18
3 42 9 9
3 42 10 9
3 42 11 9
4 42 -10 9
4 42 -9 9
4 42 -8 18
4 42 -7 18
4 42 -6 18
4 42 -5 18
4 42 -4 18
4 42 -3 18
4 42 -2 18
4 42 -1 18
4 42 0 18
4 42 1 18
4 42 2 18
4 42 3 18
4 42 4 18
4 42 5 18
4 42 6 18
4 42 7 18
4 42 8 18
4 42 9 9
4 42 10 9
5 42 -10 9
5 42 -9 16
5 42 -8 16
5 42 -7 18
5 42 -6 18
5 42 -5 18
5 42 -4 18
5 42 -3 18
5 42 -2 18
5 42 -1 18
5 42 0 18
5 42 1 18
5 42 2 18
5 42 3 18
5 42 4 18
5 42 5 18
5 42 6 18
5 42 7 18
5 42 8 9
5 42 9 9
5 42 10 9
6 42 -9 9
6 42 -8 16
6 42 -7 18
6 42 -6 18
6 42 -5 18
6 42 -4 18
6 42 -3 18
6 42 -2 18
6 42 -1 18
6 42 0 18
6 42 1 18
6 42 2 18
6 42 3 18
6 42 4 18
6 42 5 18
6 42 6 18
6 42 7 18
6 42 8 9
6 42 9 9
7 42 -9 9
7 42 -8 17
7 42 -7 16
7 42 -6 18
7 42 -5 18
7 42 -4 18
7 42 -3 18
7 42 -2 18
7 42 -1 18
7 42 0 18
7 42 1 18
7 42 2 18
7 42 3 18
7 42 4 18
7 42 5 18
7 42 6 18
7 42 7 9
7 42 8 17
7 42 9 16
8 42 -10 9
8 42 -9 16
8 42 -8 27
8 42 -7 17
8 42 -6 9
8 42 -5 16
8 42 -4 18
8 42 -3 18
8 42 -2 18
8 42 -1 18
8 42 0 18
8 42 1 18
8 42 2 18
8 42 3 18
8 42 4 18
8 42 5 16
8 42 6 9
8 42 7 17
8 42 8 27
8 42 9 9
8 42 10 9
9 42 -11 9
9 42 -10 9
9 42 -9 9
9 42 -8 16
9 42 -7 16
9 42 -6 9
9 42 -5 16
9 42 -4 9
9 42 -3 9
9 42 -2 18
9 42 -1 18
9 42 0 18
9 42 1 18
9 42 2 18
9 42 3 9
9 42 4 16
9 42 5 9
9 42 6 9
9 42 7 9
9 42 8 9
9 42 9 9
9 42 10 9
9 42 11 9
10 42 -12 16
10 42 -11 16
10 42 -10 9
10 42 -9 16
10 42 -8 16
10 42 -5 9
10 42 -4 16
10 42 -3 9
10 42 -2 9
10 42 -1 9
10 42 0 9
10 42 1 9
10 42 2 9
10 42 3 9
10 42 4 9
10 42 5 9
10 42 8 16
10 42 9 9
10 42 10 9
10 42 11 9
10 42 12 9
11 42 -12 9
11 42 -11 9
11 42 -10 9
11 42 -9 9
11 42 -3 9
11 42 -2 16
11 42 -1 9
11 42 0 17
11 42 1 16
11 42 2 9
11 42 3 9
11 42 9 9
11 42 10 9
11 42 11 16
11 42 12 16
12 42 -12 4
12 42 -11 16
12 42 -10 9
12 42 -1 16
12 42 0 9
12 42 1 9
12 42 10 9
12 42 11 9
12 42 12 5
13 42 -1 16
13 42 0 9
13 42 1 9
14 42 -1 9
14 42 0 9
14 42 1 9
15 42 -1 16
15 42 0 9
15 42 1 9
16 42 -1 16
16 42 0 16
16 42 1 9
-16 43 -1 16
-16 43 0 9
-16 43 1 9
-15 43 -1 16
-15 43 0 9
-15 43 1 9
-14 43 -1 9
-14 43 0 9
-14 43 1 9
-13 43 -1 9
-13 43 0 9
-13 43 1 9
-12 43 -11 0
-12 43 -10 9
-12 43 -1 9
-12 43 0 16
-12 43 1 16
-12 43 10 9
-12 43 11 0
-11 43 -12 4
-11 43 -11 9
-11 43 -10 16
-11 43 -9 9
-11 43 -3 9
-11 43 -2 16
-11 43 -1 9
-11 43 0 17
-11 43 1 9
-11 43 2 16
-11 43 3 9
-11 43 9 9
-11 43 10 9
-11 43 11 9
-11 43 12 5
-10 43 -12 9
-10 43 -11 9
-10 43 -10 9
-10 43 -9 16
-10 43 -8 9
-10 43 -5 9
-10 43 -4 9
-10 43 -3 9
-10 43 -2 9
-10 43 -1 9
-10 43 0 9
-10 43 1 9
-10 43 2 9
-10 43 3 9
-10 43 4 16
-10 43 5 9
-10 43 8 9
-10 43 9 9
-10 43 10 16
-10 43 11 9
-10 43 12 9
-9 43 -11 9
-9 43 -10 16
-9 43 -9 9
-9 43 -8 9
-9 43 -7 9
-9 43 -6 9
-9 43 -5 9
-9 43 -4 9
-9 43 -3 16
-9 43 -2 18
-9 43 -1 18
-9 43 0 18
-9 43 1 18
-9 43 2 18
-9 43 3 9
-9 43 4 16
-9 43 5 9
-9 43 6 9
-9 43 7 16
-9 43 8 9
-9 43 9 16
-9 43 10 9
-9 43 11 9
-8 43 -10 9
-8 43 -9 16
-8 43 -8 30
-8 43 -7 17
-8 43 -6 9
-8 43 -5 9
-8 43 -4 18
-8 43 -3 18
-8 43 -2 18
-8 43 -1 18
-8 43 0 18
-8 43 1 18
-8 43 2 18
-8 43 3 18
-8 43 4 18
-8 43 5 9
-8 43 6 9
-8 43 7 17
-8 43 8 30
-8 43 9 9
-8 43 10 16
-7 43 -9 9
-7 43 -8 17
-7 43 -7 9
-7 43 -6 18
-7 43 -5 18
-7 43 -4 18
-7 43 -3 18
-7 43 -2 18
-7 43 -1 18
-7 43 0 18
-7 43 1 18
-7 43 2 18
-7 43 3 18
-7 43 4 18
-7 43 5 18
-7 43 6 18
-7 43 7 9
-7 43 8 17
-7 43 9 9
-6 43 -9 9
-6 43 -8 9
-6 43 -7 18
-6 43 -6 18
-6 43 -5 18
-6 43 -4 18
-6 43 -3 18
-6 43 -2 18
-6 43 -1 18
-6 43 0 18
-6 43 1 18
-6 43 2 18
-6 43 3 18
-6 43 4 18
-6 43 5 18
-6 43 6 18
-6 43 7 18
-6 43 8 9
-6 43 9 9
-5 43 -10 16
-5 43 -9 9
-5 43 -8 9
-5 43 -7 18
-5 43 -6 18
-5 43 -5 18
-5 43 -4 18
-5 43 -3 18
-5 43 -2 18
-5 43 -1 18
-5 43 0 18
-5 43 1 18
-5 43 2 18
-5 43 3 18
-5 43 4 18
-5 43 5 18
-5 43 6 18
-5 43 7 18
-5 43 8 9
-5 43 9 9
-5 43 10 9
-4 43 -10 16
-4 43 -9 9
-4 43 -8 18
-4 43 -7 18
-4 43 -6 18
-4 43 -5 18
-4 43 -4 18
-4 43 -3 18
-4 43 -2 18
-4 43 -1 18
-4 43 0 18
-4 43 1 18
-4 43 2 18
-4 43 3 18
-4 43 4 18
-4 43 5 18
-4 43 6 18
-4 43 7 18
-4 43 8 18
-4 43 9 9
-4 43 10 9
-3 43 -11 9
-3 43 -10 9
-3 43 -9 16
-3 43 -8 18
-3 43 -7 18
-3 43 -6 18
-3 43 -5 18
-3 43 -4 18
-3 43 -3 18
-3 43 -2 18
-3 43 -1 18
-3 43 0 18
-3 43 1 18
-3 43 2 18
-3 43 3 18
-3 43 4 18
-3 43 5 18
-3 43 6 18
-3 43 7 18
-3 43 8 18
-3 43 9 9
-3 43 10 16
-3 43 11 16
-2 43 -11 16
-2 43 -10 9
-2 43 -9 18
-2 43 -8 18
-2 43 -7 18
-2 43 -6 18
-2 43 -5 18
-2 43 -4 18
-2 43 -3 18
-2 43 -2 18
-2 43 -1 18
-2 43 0 18
-2 43 1 18
-2 43 2 18
-2 43 3 18
-2 43 4 18
-2 43 5 18
-2 43 6 18
-2 43 7 18
-2 43 8 18
-2 43 9 18
-2 43 10 9
-2 43 11 9
-1 43 -16 9
-1 43 -15 9
-1 43 -14 9
-1 43 -13 9
-1 43 -12 9
-1 43 -11 9
-1 43 -10 9
-1 43 -9 18
-1 43 -8 18
-1 43 -7 18
-1 43 -6 18
-1 43 -5 18
-1 43 -4 18
-1 43 -3 18
-1 43 -2 18
-1 43 -1 18
-1 43 0 18
-1 43 1 18
-1 43 2 18
-1 43 3 18
-1 43 4 18
-1 43 5 18
-1 43 6 18
-1 43 7 18
-1 43 8 18
-1 43 9 18
-1 43 10 9
-1 43 11 9
0 43 -16 9
0 43 -15 9
0 43 -14 9
0 43 -13 9
0 43 -12 9
0 43 -11 17
0 43 -10 9
0 43 -9 18
0 43 -8 18
0 43 -7 18
0 43 -6 18
0 43 -5 18
0 43 -4 18
0 43 -3 18
0 43 -2 18
0 43 -1 18
0 43 0 17
0 43 1 0
0 43 2 0
0 43 3 18
0 43 4 18
0 43 5 18
0 43 6 18
0 43 7 18
0 43 8 18
0 43 9 18
0 43 10 9
0 43 11 17
1 43 -16 16
1 43 -15 16
1 43 -14 9
1 43 -13 16
1 43 -12 9
1 43 -11 9
1 43 -10 16
1 43 -9 18
1 43 -8 18
1 43 -7 18
1 43 -6 18
1 43 -5 18
1 43 -4 18
1 43 -3 18
1 43 -2 18
1 43 -1 18
1 43 0 18
1 43 1 1
1 43 2 1
1 43 3 18
1 43 4 18
1 43 5 18
1 43 6 18
1 43 7 18
1 43 8 18
1 43 9 18
1 43 10 9
1 43 11 9
2 43 -11 9
2 43 -10 9
2 43 -9 18
2 43 -8 18
2 43 -7 18
2 43 -6 18
2 43 -5 18
2 43 -4 18
2 43 -3 18
2 43 -2 18
2 43 -1 18
2 43 0 18
2 43 1 1
2 43 2 1
2 43 3 18
2 43 4 18
2 43 5 18
2 43 6 18
2 43 7 18
2 43 8 18
2 43 9 18
2 43 10 9
2 43 11 9
3 43 -11 16
3 43 -10 9
3 43 -9 9
3 43 -8 18
3 43 -7 18
3 43 -6 18
3 43 -5 18
3 43 -4 18
3 43 -3 18
3 43 -2 18
3 43 -1 18
3 43 0 18
3 43 1 18
3 43 2 18
3 43 3 18
3 43 4 18
3 43 5 18
3 43 6 18
3 43 7 18
3 43 8 18
3 43 9 16
3 43 10 9
3 43 11 9
4 43 -10 16
4 43 -9 9
4 43 -8 18
4 43 -7 18
4 43 -6 18
4 43 -5 18
4 43 -4 18
4 43 -3 18
4 43 -2 18
4 43 -1 18
4 43 0 18
4 43 1 18
4 43 2 18
4 43 3 18
4 43 4 18
4 43 5 18
4 43 6 18
4 43 7 18
4 43 8 18
4 43 9 9
4 43 10 9
5 43 -10 9
5 43 -9 9
5 43 -8 9
5 43 -7 18
5 43 -6 18
5 43 -5 18
5 43 -4 18
5 43 -3 18
5 43 -2 18
5 43 -1 18
5 43 0 18
5 43 1 18
5 43 2 18
5 43 3 18
5 43 4 18
5 43 5 18
5 43 6 18
5 43 7 18
5 43 8 16
5 43 9 9
5 43 10 9
6 43 -9 9
6 43 -8 16
6 43 -7 18
6 43 -6 18
6 43 -5 18
6 43 -4 18
6 43 -3 18
6 43 -2 18
6 43 -1 18
6 43 0 18
6 43 1 18
6 43 2 18
6 43 3 18
6 43 4 18
6 43 5 18
6 43 6 18
6 43 7 18
6 43 8 9
6 43 9 9
7 43 -9 9
7 43 -8 17
7 43 -7 9
7 43 -6 18
7 43 -5 18
7 43 -4 18
7 43 -3 18
7 43 -2 18
7 43 -1 18
7 43 0 18
7 43 1 18
7 43 2 18
7 43 3 18
7 43 4 18
7 43 5 18
7 43 6 18
7 43 7 9
7 43 8 17
7 43 9 9
8 43 -10 9
8 43 -9 9
8 43 -8 30
8 43 -7 17
8 43 -6 9
8 43 -5 16
8 43 -4 18
8 43 -3 18
8 43 -2 18
8 43 -1 18
8 43 0 18
8 43 1 18
8 43 2 18
8 43 3 18
8 43 4 18
8 43 5 9
8 43 6 16
8 43 7 17
8 43 8 30
8 43 9 9
8 43 10 9
9 43 -11 9
9 43 -10 9
9 43 -9 16
9 43 -8 16
9 43 -7 16
9 43 -6 9
9 43 -5 9
9 43 -4 9
9 43 -3 9
9 43 -2 18
9 43 -1 18
9 43 0 18
9 43 1 18
9 43 2 18
9 43 3 16
9 43 4 9
9 43 5 9
9 43 6 9
9 43 7 9
9 43 8 9
9 43 9 9
9 43 10 9
9 43 11 9
10 43 -12 9
10 43 -11 16
10 43 -10 16
10 43 -9 9
10 43 -8 9
10 43 -5 9
10 43 -4 9
10 43 -3 16
10 43 -2 9
10 43 -1 9
10 43 0 9
10 43 1 9
10 43 2 9
10 43 3 9
10 43 4 9
10 43 5 9
10 43 8 9
10 43 9 9
10 43 10 9
10 43 11 9
10 43 12 16
11 43 -12 4
11 43 -11 9
11 43 -10 16
11 43 -9 9
11 43 -3 9
11 43 -2 9
11 43 -1 9
11 43 0 17
11 43 1 9
11 43 2 9
11 43 3 9
11 43 9 9
11 43 10 9
11 43 11 9
11 43 12 5
12 43 -11 7
12 43 -10 9
12 43 -1 9
12 43 0 9
12 43 1 9
12 43 10 9
12 43 11 7
13 43 -1 9
13 43 0 9
13 43 1 9
14 43 -1 16
14 43 0 9
14 43 1 16
15 43 -1 9
15 43 0 9
15 43 1 16
16 43 -1 9
16 43 0 16
16 43 1 9
-16 44 -1 9
-16 44 0 9
-16 44 1 9
-15 44 -1 9
-15 44 0 9
-15 44 1 16
-14 44 -1 9
-14 44 0 9
-14 44 1 9
-13 44 -1 16
-13 44 0 16
-13 44 1 9
-12 44 -10 9
-12 44 -1 9
-12 44 0 9
-12 44 1 16
-12 44 10 16
-11 44 -11 9
-11 44 -10 9
-11 44 -9 9
-11 44 -3 9
-11 44 -2 9
-11 44 -1 9
-11 44 0 17
-11 44 1 9
-11 44 2 16
-11 44 3 9
-11 44 9 9
-11 44 10 9
-11 44 11 9
-10 44 -12 9
-10 44 -11 9
-10 44 -10 9
-10 44 -9 16
-10 44 -8 9
-10 44 -5 9
-10 44 -4 9
-10 44 -3 9
-10 44 -2 9
-10 44 -1 9
-10 44 0 9
-10 44 1 9
-10 44 2 9
-10 44 3 9
-10 44 4 9
-10 44 5 9
-10 44 8 9
-10 44 9 16
-10 44 10 9
-10 44 11 9
-10 44 12 16
-9 44 -11 9
-9 44 -10 9
-9 44 -9 9
-9 44 -8 9
-9 44 -7 16
-9 44 -6 9
-9 44 -5 9
-9 44 -4 9
-9 44 -3 9
-9 44 -2 18
-9 44 -1 18
-9 44 0 18
-9 44 1 18
-9 44 2 18
-9 44 3 9
-9 44 4 9
-9 44 5 9
-9 44 6 9
-9 44 7 9
-9 44 8 9
-9 44 9 9
-9 44 10 16
-9 44 11 9
-8 44 -10 9
-8 44 -9 16
-8 44 -8 30
-8 44 -7 17
-8 44 -6 9
-8 44 -5 16
-8 44 -4 18
-8 44 -3 18
-8 44 -2 18
-8 44 -1 18
-8 44 0 18
-8 44 1 18
-8 44 2 18
-8 44 3 18
-8 44 4 18
-8 44 5 16
-8 44 6 9
-8 44 7 17
-8 44 8 30
-8 44 9 9
-8 44 10 16
-7 44 -9 16
-7 44 -8 17
-7 44 -7 16
-7 44 -6 18
-7 44 -5 18
-7 44 -4 18
-7 44 -3 18
-7 44 -2 18
-7 44 -1 18
-7 44 0 18
-7 44 1 18
-7 44 2 18
-7 44 3 18
-7 44 4 18
-7 44 5 18
-7 44 6 18
-7 44 7 16
-7 44 8 17
-7 44 9 9
-6 44 -9 9
-6 44 -8 9
-6 44 -7 18
-6 44 -6 18
-6 44 -5 18
-6 44 -4 18
-6 44 -3 18
-6 44 -2 18
-6 44 -1 18
-6 44 0 18
-6 44 1 18
-6 44 2 18
-6 44 3 18
-6 44 4 18
-6 44 5 18
-6 44 6 18
-6 44 7 18
-6 44 8 16
-6 44 9 9
-5 44 -10 9
-5 44 -9 9
-5 44 -8 9
-5 44 -7 18
-5 44 -6 18
-5 44 -5 18
-5 44 -4 18
-5 44 -3 18
-5 44 -2 18
-5 44 -1 18
-5 44 0 18
-5 44 1 18
-5 44 2 18
-5 44 3 18
-5 44 4 18
-5 44 5 18
-5 44 6 18
-5 44 7 18
-5 44 8 9
-5 44 9 9
-5 44 10 9
-4 44 -10 9
-4 44 -9 9
-4 44 -8 18
-4 44 -7 18
-4 44 -6 18
-4 44 -5 18
-4 44 -4 18
-4 44 -3 18
-4 44 -2 18
-4 44 -1 18
-4 44 0 18
-4 44 1 18
-4 44 2 18
-4 44 3 18
-4 44 4 18
-4 44 5 18
-4 44 6 18
-4 44 7 18
-4 44 8 18
-4 44 9 9
-4 44 10 9
-3 44 -11 9
-3 44 -10 9
-3 44 -9 16
-3 44 -8 18
-3 44 -7 18
-3 44 -6 18
-3 44 -5 18
-3 44 -4 18
-3 44 -3 18
-3 44 -2 18
-3 44 -1 18
-3 44 0 18
-3 44 1 18
-3 44 2 18
-3 44 3 18
-3 44 4 18
-3 44 5 18
-3 44 6 18
-3 44 7 18
-3 44 8 18
-3 44 9 9
-3 44 10 9
-3 44 11 9
-2 44 -11 9
-2 44 -10 9
-2 44 -9 18
-2 44 -8 18
-2 44 -7 18
-2 44 -6 18
-2 44 -5 18
-2 44 -4 18
-2 44 -3 18
-2 44 -2 18
-2 44 -1 18
-2 44 0 18
-2 44 1 18
-2 44 2 18
-2 44 3 18
-2 44 4 18
-2 44 5 18
-2 44 6 18
-2 44 7 18
-2 44 8 18
-2 44 9 18
-2 44 10 16
-2 44 11 9
-1 44 -16 9
-1 44 -15 9
-1 44 -14 16
-1 44 -13 9
-1 44 -12 9
-1 44 -11 16
-1 44 -10 9
-1 44 -9 18
-1 44 -8 18
-1 44 -7 18
-1 44 -6 18
-1 44 -5 18
-1 44 -4 18
-1 44 -3 18
-1 44 -2 18
-1 44 -1 18
-1 44 0 18
-1 44 1 18
-1 44 2 18
-1 44 3 18
-1 44 4 18
-1 44 5 18
-1 44 6 18
-1 44 7 18
-1 44 8 18
-1 44 9 18
-1 44 10 16
-1 44 11 9
0 44 -16 9
0 44 -15 9
0 44 -14 9
0 44 -13 9
0 44 -12 9
0 44 -11 17
0 44 -10 9
0 44 -9 18
0 44 -8 18
0 44 -7 18
0 44 -6 18
0 44 -5 18
0 44 -4 18
0 44 -3 18
0 44 -2 18
0 44 -1 18
0 44 0 17
0 44 1 18
0 44 2 18
0 44 3 18
0 44 4 18
0 44 5 18
0 44 6 18
0 44 7 18
0 44 8 18
0 44 9 18
0 44 10 9
0 44 11 17
1 44 -16 16
1 44 -15 9
1 44 -14 9
1 44 -13 9
1 44 -12 9
1 44 -11 9
1 44 -10 9
1 44 -9 18
1 44 -8 18
1 44 -7 18
1 44 -6 18
1 44 -5 18
1 44 -4 18
1 44 -3 18
1 44 -2 1
1 44 -1 1
1 44 0 5
1 44 1 18
1 44 2 18
1 44 3 18
1 44 4 18
1 44 5 18
1 44 6 18
1 44 7 18
1 44 8 18
1 44 9 18
1 44 10 9
1 44 11 16
2 44 -11 16
2 44 -10 16
2 44 -9 18
2 44 -8 18
2 44 -7 18
2 44 -6 18
2 44 -5 18
2 44 -4 18
2 44 -3 18
2 44 -2 1
2 44 -1 1
2 44 0 5
2 44 1 18
2 44 2 18
2 44 3 18
2 44 4 18
2 44 5 18
2 44 6 18
2 44 7 18
2 44 8 18
2 44 9 18
2 44 10 9
2 44 11 9
3 44 -11 9
3 44 -10 9
3 44 -9 9
3 44 -8 18
3 44 -7 18
3 44 -6 18
3 44 -5 18
3 44 -4 18
3 44 -3 18
3 44 -2 18
3 44 -1 18
3 44 0 18
3 44 1 18
3 44 2 18
3 44 3 18
3 44 4 18
3 44 5 18
3 44 6 18
3 44 7 18
3 44 8 18
3 44 9 16
3 44 10 9
3 44 11 9
4 44 -10 9
4 44 -9 9
4 44 -8 18
4 44 -7 18
4 44 -6 18
4 44 -5 18
4 44 -4 18
4 44 -3 18
4 44 -2 18
4 44 -1 18
4 44 0 18
4 44 1 18
4 44 2 18
4 44 3 18
4 44 4 18
4 44 5 18
4 44 6 18
4 44 7 18
4 44 8 18
4 44 9 9
4 44 10 9
5 44 -10 16
5 44 -9 9
5 44 -8 9
5 44 -7 18
5 44 -6 18
5 44 -5 18
5 44 -4 18
5 44 -3 18
5 44 -2 18
5 44 -1 18
5 44 0 18
5 44 1 18
5 44 2 18
5 44 3 18
5 44 4 18
5 44 5 18
5 44 6 18
5 44 7 18
5 44 8 16
5 44 9 9
5 44 10 9
6 44 -9 9
6 44 -8 9
6 44 -7 18
6 44 -6 18
6 44 -5 18
6 44 -4 18
6 44 -3 18
6 44 -2 18
6 44 -1 18
6 44 0 18
6 44 1 18
6 44 2 18
6 44 3 18
6 44 4 18
6 44 5 18
6 44 6 18
6 44 7 18
6 44 8 9
6 44 9 16
7 44 -9 9
7 44 -8 17
7 44 -7 16
7 44 -6 18
7 44 -5 18
7 44 -4 18
7 44 -3 18
7 44 -2 18
7 44 -1 18
7 44 0 18
7 44 1 18
7 44 2 18
7 44 3 18
7 44 4 18
7 44 5 18
7 44 6 18
7 44 7 16
7 44 8 17
7 44 9 16
8 44 -10 9
8 44 -9 9
8 44 -8 30
8 44 -7 17
8 44 -6 9
8 44 -5 9
8 44 -4 18
8 44 -3 18
8 44 -2 18
8 44 -1 18
8 44 0 18
8 44 1 18
8 44 2 18
8 44 3 18
8 44 4 18
8 44 5 16
8 44 6 9
8 44 7 17
8 44 8 30
8 44 9 9
8 44 10 9
9 44 -11 9
9 44 -10 9
9 44 -9 9
9 44 -8 9
9 44 -7 9
9 44 -6 9
9 44 -5 9
9 44 -4 9
9 44 -3 9
9 44 -2 18
9 44 -1 18
9 44 0 18
9 44 1 18
9 44 2 18
9 44 3 9
9 44 4 9
9 44 5 9
9 44 6 9
9 44 7 16
9 44 8 16
9 44 9 9
9 44 10 9
9 44 11 9
10 44 -12 9
10 44 -11 9
10 44 -10 9
10 44 -9 9
10 44 -8 16
10 44 -5 9
10 44 -4 9
10 44 -3 16
10 44 -2 9
10 44 -1 16
10 44 0 9
10 44 1 16
10 44 2 9
10 44 3 9
10 44 4 9
10 44 5 9
10 44 8 16
10 44 9 9
10 44 10 9
10 44 11 16
10 44 12 9
11 44 -11 9
11 44 -10 9
11 44 -9 9
11 44 -3 9
11 44 -2 9
11 44 -1 9
11 44 0 17
11 44 1 9
11 44 2 9
11 44 3 9
11 44 9 9
11 44 10 9
11 44 11 9
12 44 -10 9
12 44 -1 9
12 44 0 9
12 44 1 9
12 44 10 9
13 44 -1 9
13 44 0 9
13 44 1 16
14 44 -1 9
14 44 0 9
14 44 1 9
15 44 -1 16
15 44 0 9
15 44 1 9
16 44 -1 9
16 44 0 9
16 44 1 9
-16 45 -1 0
-16 45 0 9
-16 45 1 0
-15 45 -1 9
-15 45 0 9
-15 45 1 9
-14 45 -1 9
-14 45 0 9
-14 45 1 9
-13 45 -1 9
-13 45 0 9
-13 45 1 9
-12 45 -10 0
-12 45 -2 31
-12 45 -1 31
-12 45 0 31
-12 45 1 31
-12 45 2 31
-12 45 10 0
-11 45 -11 16
-11 45 -10 9
-11 45 -9 9
-11 45 -5 31
-11 45 -4 31
-11 45 -3 31
-11 45 -2 9
-11 45 -1 9
-11 45 0 17
-11 45 1 9
-11 45 2 9
-11 45 3 31
-11 45 4 31
-11 45 5 31
-11 45 9 9
-11 45 10 9
-11 45 11 9
-10 45 -12 4
-10 45 -11 9
-10 45 -10 9
-10 45 -9 16
-10 45 -8 9
-10 45 -6 31
-10 45 -5 9
-10 45 -4 16
-10 45 -3 9
-10 45 -2 9
-10 45 -1 9
-10 45 0 16
-10 45 1 16
-10 45 2 16
-10 45 3 9
-10 45 4 9
-10 45 5 9
-10 45 6 31
-10 45 8 9
-10 45 9 9
-10 45 10 9
-10 45 11 9
-10 45 12 5
-9 45 -11 9
-9 45 -10 9
-9 45 -9 9
-9 45 -8 32
-9 45 -7 31
-9 45 -6 9
-9 45 -5 9
-9 45 -4 9
-9 45 -3 9
-9 45 -2 18
-9 45 -1 18
-9 45 0 18
-9 45 1 18
-9 45 2 18
-9 45 3 9
-9 45 4 16
-9 45 5 9
-9 45 6 9
-9 45 7 31
-9 45 8 33
-9 45 9 9
-9 45 10 16
-9 45 11 16
-8 45 -10 9
-8 45 -9 34
-8 45 -8 34
-8 45 -7 17
-8 45 -6 9
-8 45 -5 16
-8 45 -4 18
-8 45 -3 18
-8 45 -2 18
-8 45 -1 18
-8 45 0 18
-8 45 1 18
-8 45 2 18
-8 45 3 18
-8 45 4 18
-8 45 5 9
-8 45 6 16
-8 45 7 17
-8 45 8 35
-8 45 9 35
-8 45 10 9
-7 45 -9 34
-7 45 -8 17
-7 45 -7 9
-7 45 -6 18
-7 45 -5 18
-7 45 -4 18
-7 45 -3 18
-7 45 -2 18
-7 45 -1 18
-7 45 0 18
-7 45 1 18
-7 45 2 18
-7 45 3 18
-7 45 4 18
-7 45 5 18
-7 45 6 18
-7 45 7 9
-7 45 8 17
-7 45 9 35
-6 45 -10 34
-6 45 -9 9
-6 45 -8 16
-6 45 -7 18
-6 45 -6 18
-6 45 -5 18
-6 45 -4 18
-6 45 -3 18
-6 45 -2 18
-6 45 -1 18
-6 45 0 18
-6 45 1 18
-6 45 2 18
-6 45 3 18
-6 45 4 18
-6 45 5 18
-6 45 6 18
-6 45 7 18
-6 45 8 9
-6 45 9 9
-6 45 10 35
-5 45 -11 34
-5 45 -10 9
-5 45 -9 9
-5 45 -8 16
-5 45 -7 18
-5 45 -6 18
-5 45 -5 18
-5 45 -4 18
-5 45 -3 18
-5 45 -2 18
-5 45 -1 18
-5 45 0 18
-5 45 1 18
-5 45 2 18
-5 45 3 18
-5 45 4 18
-5 45 5 18
-5 45 6 18
-5 45 7 18
-5 45 8 9
-5 45 9 9
-5 45 10 9
-5 45 11 35
-4 45 -11 34
-4 45 -10 9
-4 45 -9 16
-4 45 -8 18
-4 45 -7 18
-4 45 -6 18
-4 45 -5 18
-4 45 -4 18
-4 45 -3 18
-4 45 -2 18
-4 45 -1 18
-4 45 0 18
-4 45 1 18
-4 45 2 18
-4 45 3 18
-4 45 4 18
-4 45 5 18
-4 45 6 18
-4 45 7 18
-4 45 8 18
-4 45 9 9
-4 45 10 9
-4 45 11 35
-3 45 -11 34
-3 45 -10 16
-3 45 -9 9
-3 45 -8 18
-3 45 -7 18
-3 45 -6 18
-3 45 -5 18
-3 45 -4 18
-3 45 -3 18
-3 45 -2 18
-3 45 -1 18
-3 45 0 18
-3 45 1 18
-3 45 2 18
-3 45 3 18
-3 45 4 18
-3 45 5 18
-3 45 6 18
-3 45 7 18
-3 45 8 18
-3 45 9 16
-3 45 10 9
-3 45 11 35
-2 45 -12 34
-2 45 -11 16
-2 45 -10 9
-2 45 -9 18
-2 45 -8 18
-2 45 -7 18
-2 45 -6 18
-2 45 -5 18
-2 45 -4 18
-2 45 -3 18
-2 45 -2 1
-2 45 -1 1
-2 45 0 18
-2 45 1 18
-2 45 2 18
-2 45 3 18
-2 45 4 18
-2 45 5 18
-2 45 6 18
-2 45 7 18
-2 45 8 18
-2 45 9 18
-2 45 10 9
-2 45 11 9
-2 45 12 35
-1 45 -16 4
-1 45 -15 16
-1 45 -14 9
-1 45 -13 9
-1 45 -12 34
-1 45 -11 16
-1 45 -10 9
-1 45 -9 18
-1 45 -8 18
-1 45 -7 18
-1 45 -6 18
-1 45 -5 18
-1 45 -4 18
-1 45 -3 18
-1 45 -2 1
-1 45 -1 1
-1 45 0 18
-1 45 1 18
-1 45 2 18
-1 45 3 18
-1 45 4 18
-1 45 5 18
-1 45 6 18
-1 45 7 18
-1 45 8 18
-1 45 9 18
-1 45 10 9
-1 45 11 9
-1 45 12 35
0 45 -16 9
0 45 -15 9
0 45 -14 9
0 45 -13 9
0 45 -12 34
0 45 -11 17
0 45 -10 9
0 45 -9 18
0 45 -8 18
0 45 -7 18
0 45 -6 18
0 45 -5 18
0 45 -4 18
0 45 -3 18
0 45 -2 7
0 45 -1 7
0 45 0 17
0 45 1 18
0 45 2 18
0 45 3 18
0 45 4 18
0 45 5 18
0 45 6 18
0 45 7 18
0 45 8 18
0 45 9 18
0 45 10 16
0 45 11 17
0 45 12 35
1 45 -16 4
1 45 -15 9
1 45 -14 9
1 45 -13 16
1 45 -12 34
1 45 -11 9
1 45 -10 9
1 45 -9 18
1 45 -8 18
1 45 -7 18
1 45 -6 18
1 45 -5 18
1 45 -4 18
1 45 -3 18
1 45 -2 18
1 45 -1 18
1 45 0 18
1 45 1 18
1 45 2 18
1 45 3 18
1 45 4 18
1 45 5 18
1 45 6 18
1 45 7 18
1 45 8 18
1 45 9 18
1 45 10 9
1 45 11 16
1 45 12 35
2 45 -12 34
2 45 -11 9
2 45 -10 9
2 45 -9 18
2 45 -8 18
2 45 -7 18
2 45 -6 18
2 45 -5 18
2 45 -4 18
2 45 -3 18
2 45 -2 18
2 45 -1 18
2 45 0 18
2 45 1 18
2 45 2 18
2 45 3 18
2 45 4 18
2 45 5 18
2 45 6 18
2 45 7 18
2 45 8 18
2 45 9 18
2 45 10 9
2 45 11 9
2 45 12 35
3 45 -11 34
3 45 -10 9
3 45 -9 16
3 45 -8 18
3 45 -7 18
3 45 -6 18
3 45 -5 18
3 45 -4 18
3 45 -3 18
3 45 -2 18
3 45 -1 18
3 45 0 18
3 45 1 18
3 45 2 18
3 45 3 18
3 45 4 18
3 45 5 18
3 45 6 18
3 45 7 18
3 45 8 18
3 45 9 9
3 45 10 9
3 45 11 35
4 45 -11 34
4 45 -10 9
4 45 -9 9
4 45 -8 18
4 45 -7 18
4 45 -6 18
4 45 -5 18
4 45 -4 18
4 45 -3 18
4 45 -2 18
4 45 -1 18
4 45 0 18
4 45 1 18
4 45 2 18
4 45 3 18
4 45 4 18
4 45 5 18
4 45 6 18
4 45 7 18
4 45 8 18
4 45 9 9
4 45 10 9
4 45 11 35
5 45 -11 34
5 45 -10 16
5 45 -9 9
5 45 -8 16
5 45 -7 18
5 45 -6 18
5 45 -5 18
5 45 -4 18
5 45 -3 18
5 45 -2 18
5 45 -1 18
5 45 0 18
5 45 1 18
5 45 2 18
5 45 3 18
5 45 4 18
5 45 5 18
5 45 6 18
5 45 7 18
5 45 8 9
5 45 9 9
5 45 10 9
5 45 11 35
6 45 -10 34
6 45 -9 9
6 45 -8 16
6 45 -7 18
6 45 -6 18
6 45 -5 18
6 45 -4 18
6 45 -3 18
6 45 -2 18
6 45 -1 18
6 45 0 18
6 45 1 18
6 45 2 18
6 45 3 18
6 45 4 18
6 45 5 18
6 45 6 18
6 45 7 18
6 45 8 9
6 45 9 9
6 45 10 35
7 45 -9 34
7 45 -8 17
7 45 -7 9
7 45 -6 18
7 45 -5 18
7 45 -4 18
7 45 -3 18
7 45 -2 18
7 45 -1 18
7 45 0 18
7 45 1 18
7 45 2 18
7 45 3 18
7 45 4 18
7 45 5 18
7 45 6 18
7 45 7 9
7 45 8 17
7 45 9 35
8 45 -10 9
8 45 -9 34
8 45 -8 34
8 45 -7 17
8 45 -6 9
8 45 -5 9
8 45 -4 18
8 45 -3 18
8 45 -2 18
8 45 -1 18
8 45 0 18
8 45 1 18
8 45 2 18
8 45 3 18
8 45 4 18
8 45 5 9
8 45 6 9
8 45 7 17
8 45 8 35
8 45 9 35
8 45 10 16
9 45 -11 16
9 45 -10 9
9 45 -9 9
9 45 -8 36
9 45 -7 37
9 45 -6 9
9 45 -5 9
9 45 -4 9
9 45 -3 9
9 45 -2 18
9 45 -1 18
9 45 0 18
9 45 1 18
9 45 2 18
9 45 3 9
9 45 4 9
9 45 5 9
9 45 6 9
9 45 7 37
9 45 8 38
9 45 9 9
9 45 10 16
9 45 11 9
10 45 -12 4
10 45 -11 9
10 45 -10 9
10 45 -9 9
10 45 -8 9
10 45 -6 37
10 45 -5 9
10 45 -4 9
10 45 -3 9
10 45 -2 16
10 45 -1 9
10 45 0 9
10 45 1 9
10 45 2 9
10 45 3 16
10 45 4 9
10 45 5 9
10 45 6 37
10 45 8 9
10 45 9 9
10 45 10 9
10 45 11 9
10 45 12 5
11 45 -11 9
11 45 -10 16
11 45 -9 9
11 45 -5 37
11 45 -4 37
11 45 -3 37
11 45 -2 9
11 45 -1 9
11 45 0 17
11 45 1 9
11 45 2 9
11 45 3 37
11 45 4 37
11 45 5 37
11 45 9 9
11 45 10 9
11 45 11 16
12 45 -10 7
12 45 -2 37
12 45 -1 37
12 45 0 37
12 45 1 37
12 45 2 37
12 45 10 7
13 45 -1 9
13 45 0 9
13 45 1 9
14 45 -1 16
14 45 0 9
14 45 1 9
15 45 -1 9
15 45 0 16
15 45 1 9
16 45 -1 7
16 45 0 9
16 45 1 7
-16 46 0 0
-15 46 -1 9
-15 46 0 9
-15 46 1 9
-14 46 -1 9
-14 46 0 9
-14 46 1 16
-13 46 -1 9
-13 46 0 9
-13 46 1 9
-12 46 -2 1
-12 46 -1 1
-12 46 0 1
-12 46 1 1
-12 46 2 1
-11 46 -11 9
-11 46 -10 9
-11 46 -9 16
-11 46 -5 1
-11 46 -4 1
-11 46 -3 1
-11 46 -2 1
-11 46 -1 1
-11 46 0 1
-11 46 1 1
-11 46 2 1
-11 46 3 1
-11 46 4 1
-11 46 5 1
-11 46 9 9
-11 46 10 9
-11 46 11 9
-10 46 -11 9
-10 46 -10 16
-10 46 -9 16
-10 46 -8 9
-10 46 -6 1
-10 46 -5 1
-10 46 -4 1
-10 46 -3 1
-10 46 -2 1
-10 46 -1 1
-10 46 0 1
-10 46 1 1
-10 46 2 1
-10 46 3 1
-10 46 4 1
-10 46 5 1
-10 46 6 1
-10 46 8 9
-10 46 9 16
-10 46 10 16
-10 46 11 9
-9 46 -11 9
-9 46 -10 9
-9 46 -9 9
-9 46 -8 1
-9 46 -7 1
-9 46 -6 1
-9 46 -5 1
-9 46 -4 1
-9 46 -3 16
-9 46 -2 9
-9 46 -1 9
-9 46 0 17
-9 46 1 9
-9 46 2 9
-9 46 3 9
-9 46 4 1
-9 46 5 1
-9 46 6 1
-9 46 7 1
-9 46 8 1
-9 46 9 16
-9 46 10 16
-9 46 11 9
-8 46 -10 9
-8 46 -9 1
-8 46 -8 1
-8 46 -7 1
-8 46 -6 1
-8 46 -5 9
-8 46 -4 9
-8 46 -3 16
-8 46 -2 9
-8 46 -1 9
-8 46 0 9
-8 46 1 9
-8 46 2 9
-8 46 3 9
-8 46 4 9
-8 46 5 16
-8 46 6 1
-8 46 7 1
-8 46 8 1
-8 46 9 1
-8 46 10 9
-7 46 -9 1
-7 46 -8 1
-7 46 -7 1
-7 46 -6 17
-7 46 -5 9
-7 46 -4 9
-7 46 -3 9
-7 46 -2 1
-7 46 -1 1
-7 46 0 1
-7 46 1 1
-7 46 2 1
-7 46 3 9
-7 46 4 9
-7 46 5 9
-7 46 6 17
-7 46 7 1
-7 46 8 1
-7 46 9 1
-6 46 -10 1
-6 46 -9 1
-6 46 -8 1
-6 46 -7 17
-6 46 -6 9
-6 46 -5 9
-6 46 -4 1
-6 46 -3 1
-6 46 -2 1
-6 46 -1 1
-6 46 0 1
-6 46 1 1
-6 46 2 1
-6 46 3 1
-6 46 4 1
-6 46 5 9
-6 46 6 9
-6 46 7 17
-6 46 8 1
-6 46 9 1
-6 46 10 1
-5 46 -11 1
-5 46 -10 1
-5 46 -9 1
-5 46 -8 9
-5 46 -7 9
-5 46 -6 9
-5 46 -5 1
-5 46 -4 1
-5 46 -3 1
-5 46 -2 1
-5 46 -1 1
-5 46 0 1
-5 46 1 1
-5 46 2 1
-5 46 3 1
-5 46 4 1
-5 46 5 1
-5 46 6 9
-5 46 7 9
-5 46 8 16
-5 46 9 1
-5 46 10 1
-5 46 11 1
-4 46 -11 1
-4 46 -10 1
-4 46 -9 1
-4 46 -8 9
-4 46 -7 9
-4 46 -6 1
-4 46 -5 1
-4 46 -4 1
-4 46 -3 1
-4 46 -2 1
-4 46 -1 1
-4 46 0 1
-4 46 1 1
-4 46 2 1
-4 46 3 1
-4 46 4 1
-4 46 5 1
-4 46 6 1
-4 46 7 9
-4 46 8 9
-4 46 9 1
-4 46 10 1
-4 46 11 1
-3 46 -11 1
-3 46 -10 1
-3 46 -9 9
-3 46 -8 9
-3 46 -7 16
-3 46 -6 1
-3 46 -5 1
-3 46 -4 1
-3 46 -3 1
-3 46 -2 1
-3 46 -1 1
-3 46 0 1
-3 46 1 1
-3 46 2 1
-3 46 3 1
-3 46 4 1
-3 46 5 1
-3 46 6 1
-3 46 7 9
-3 46 8 9
-3 46 9 9
-3 46 10 1
-3 46 11 1
-2 46 -12 1
-2 46 -11 1
-2 46 -10 1
-2 46 -9 9
-2 46 -8 9
-2 46 -7 1
-2 46 -6 1
-2 46 -5 1
-2 46 -4 1
-2 46 -3 1
-2 46 -2 18
-2 46 -1 18
-2 46 0 4
-2 46 1 1
-2 46 2 1
-2 46 3 1
-2 46 4 1
-2 46 5 1
-2 46 6 1
-2 46 7 1
-2 46 8 9
-2 46 9 9
-2 46 10 1
-2 46 11 1
-2 46 12 1
-1 46 -15 9
-1 46 -14 16
-1 46 -13 9
-1 46 -12 1
-1 46 -11 1
-1 46 -10 1
-1 46 -9 9
-1 46 -8 9
-1 46 -7 1
-1 46 -6 1
-1 46 -5 1
-1 46 -4 1
-1 46 -3 1
-1 46 -2 18
-1 46 -1 18
-1 46 0 4
-1 46 1 1
-1 46 2 1
-1 46 3 1
-1 46 4 1
-1 46 5 1
-1 46 6 1
-1 46 7 1
-1 46 8 16
-1 46 9 16
-1 46 10 1
-1 46 11 1
-1 46 12 1
0 46 -16 4
0 46 -15 16
0 46 -14 9
0 46 -13 9
0 46 -12 1
0 46 -11 1
0 46 -10 1
0 46 -9 17
0 46 -8 9
0 46 -7 1
0 46 -6 1
0 46 -5 1
0 46 -4 1
0 46 -3 1
0 46 -2 18
0 46 -1 18
0 46 0 17
0 46 1 18
0 46 2 18
0 46 3 1
0 46 4 1
0 46 5 1
0 46 6 1
0 46 7 1
0 46 8 16
0 46 9 17
0 46 10 1
0 46 11 1
0 46 12 1
1 46 -15 9
1 46 -14 16
1 46 -13 9
1 46 -12 1
1 46 -11 1
1 46 -10 1
1 46 -9 16
1 46 -8 16
1 46 -7 1
1 46 -6 1
1 46 -5 1
1 46 -4 1
1 46 -3 1
1 46 -2 18
1 46 -1 18
1 46 0 18
1 46 1 18
1 46 2 18
1 46 3 1
1 46 4 1
1 46 5 1
1 46 6 1
1 46 7 1
1 46 8 9
1 46 9 9
1 46 10 1
1 46 11 1
1 46 12 1
2 46 -12 1
2 46 -11 1
2 46 -10 1
2 46 -9 16
2 46 -8 9
2 46 -7 1
2 46 -6 1
2 46 -5 1
2 46 -4 1
2 46 -3 1
2 46 -2 18
2 46 -1 18
2 46 0 18
2 46 1 18
2 46 2 18
2 46 3 1
2 46 4 1
2 46 5 1
2 46 6 1
2 46 7 1
2 46 8 9
2 46 9 16
2 46 10 1
2 46 11 1
2 46 12 1
3 46 -11 1
3 46 -10 1
3 46 -9 9
3 46 -8 16
3 46 -7 9
3 46 -6 1
3 46 -5 1
3 46 -4 1
3 46 -3 1
3 46 -2 1
3 46 -1 1
3 46 0 1
3 46 1 1
3 46 2 1
3 46 3 1
3 46 4 1
3 46 5 1
3 46 6 1
3 46 7 16
3 46 8 9
3 46 9 9
3 46 10 1
3 46 11 1
4 46 -11 1
4 46 -10 1
4 46 -9 1
4 46 -8 9
4 46 -7 9
4 46 -6 1
4 46 -5 1
4 46 -4 1
4 46 -3 1
4 46 -2 1
4 46 -1 1
4 46 0 1
4 46 1 1
4 46 2 1
4 46 3 1
4 46 4 1
4 46 5 1
4 46 6 1
4 46 7 16
4 46 8 16
4 46 9 1
4 46 10 1
4 46 11 1
5 46 -11 1
5 46 -10 1
5 46 -9 1
5 46 -8 9
5 46 -7 9
5 46 -6 9
5 46 -5 1
5 46 -4 1
5 46 -3 1
5 46 -2 1
5 46 -1 1
5 46 0 1
5 46 1 1
5 46 2 1
5 46 3 1
5 46 4 1
5 46 5 1
5 46 6 16
5 46 7 9
5 46 8 16
5 46 9 1
5 46 10 1
5 46 11 1
6 46 -10 1
6 46 -9 1
6 46 -8 1
6 46 -7 17
6 46 -6 9
6 46 -5 16
6 46 -4 1
6 46 -3 1
6 46 -2 1
6 46 -1 1
6 46 0 1
6 46 1 1
6 46 2 1
6 46 3 1
6 46 4 1
6 46 5 9
6 46 6 9
6 46 7 17
6 46 8 1
6 46 9 1
6 46 10 1
7 46 -9 1
7 46 -8 1
7 46 -7 1
7 46 -6 17
7 46 -5 9
7 46 -4 9
7 46 -3 9
7 46 -2 1
7 46 -1 1
7 46 0 1
7 46 1 1
7 46 2 1
7 46 3 9
7 46 4 16
7 46 5 9
7 46 6 17
7 46 7 1
7 46 8 1
7 46 9 1
8 46 -10 9
8 46 -9 1
8 46 -8 1
8 46 -7 1
8 46 -6 1
8 46 -5 9
8 46 -4 16
8 46 -3 9
8 46 -2 9
8 46 -1 9
8 46 0 9
8 46 1 9
8 46 2 16
8 46 3 9
8 46 4 16
8 46 5 9
8 46 6 1
8 46 7 1
8 46 8 1
8 46 9 1
8 46 10 16
9 46 -11 9
9 46 -10 9
9 46 -9 16
9 46 -8 1
9 46 -7 1
9 46 -6 1
9 46 -5 1
9 46 -4 1
9 46 -3 9
9 46 -2 9
9 46 -1 9
9 46 0 17
9 46 1 9
9 46 2 9
9 46 3 16
9 46 4 1
9 46 5 1
9 46 6 1
9 46 7 1
9 46 8 1
9 46 9 9
9 46 10 9
9 46 11 9
10 46 -11 9
10 46 -10 16
10 46 -9 9
10 46 -8 9
10 46 -6 1
10 46 -5 1
10 46 -4 1
10 46 -3 1
10 46 -2 1
10 46 -1 1
10 46 0 1
10 46 1 1
10 46 2 1
10 46 3 1
10 46 4 1
10 46 5 1
10 46 6 1
10 46 8 9
10 46 9 9
10 46 10 16
10 46 11 16
11 46 -11 9
11 46 -10 16
11 46 -9 9
11 46 -5 1
11 46 -4 1
11 46 -3 1
11 46 -2 1
11 46 -1 1
11 46 0 1
11 46 1 1
11 46 2 1
11 46 3 1
11 46 4 1
11 46 5 1
11 46 9 16
11 46 10 16
11 46 11 9
12 46 -2 1
12 46 -1 1
12 46 0 1
12 46 1 1
12 46 2 1
13 46 -1 9
13 46 0 16
13 46 1 9
14 46 -1 9
14 46 0 9
14 46 1 9
15 46 -1 9
15 46 0 16
15 46 1 9
16 46 0 7
-15 47 -1 0
-15 47 0 16
-15 47 1 0
-14 47 -1 9
-14 47 0 9
-14 47 1 9
-13 47 -1 9
-13 47 0 16
-13 47 1 16
-12 47 -2 16
-12 47 -1 9
-12 47 0 9
-12 47 1 26
-12 47 2 39
-11 47 -11 9
-11 47 -10 16
-11 47 -9 16
-11 47 -5 40
-11 47 -4 41
-11 47 -3 39
-11 47 3 40
-11 47 4 41
-11 47 5 9
-11 47 9 9
-11 47 10 9
-11 47 11 9
-10 47 -11 9
-10 47 -10 9
-10 47 -9 9
-10 47 -8 9
-10 47 -6 9
-10 47 6 42
-10 47 8 9
-10 47 9 9
-10 47 10 9
-10 47 11 9
-9 47 -11 16
-9 47 -10 9
-9 47 -9 16
-9 47 -8 43
-9 47 -7 9
-9 47 -3 16
-9 47 -2 9
-9 47 -1 9
-9 47 0 18
-9 47 1 9
-9 47 2 9
-9 47 3 9
-9 47 7 44
-9 47 8 43
-9 47 9 16
-9 47 10 16
-9 47 11 9
-8 47 -10 9
-8 47 -9 43
-8 47 -8 25
-8 47 -5 9
-8 47 -4 9
-8 47 -3 16
-8 47 -2 9
-8 47 -1 9
-8 47 0 18
-8 47 1 9
-8 47 2 9
-8 47 3 9
-8 47 4 9
-8 47 5 9
-8 47 8 24
-8 47 9 43
-8 47 10 9
-7 47 -9 45
-7 47 -6 17
-7 47 -5 16
-7 47 -4 16
-7 47 -3 9
-7 47 -2 18
-7 47 -1 18
-7 47 0 18
-7 47 1 18
-7 47 2 18
-7 47 3 9
-7 47 4 9
-7 47 5 16
-7 47 6 17
-7 47 9 9
-6 47 -10 42
-6 47 -7 17
-6 47 -6 9
-6 47 -5 9
-6 47 -4 18
-6 47 -3 18
-6 47 -2 18
-6 47 -1 18
-6 47 0 18
-6 47 1 18
-6 47 2 18
-6 47 3 18
-6 47 4 18
-6 47 5 9
-6 47 6 9
-6 47 7 17
-6 47 10 9
-5 47 -11 9
-5 47 -8 9
-5 47 -7 16
-5 47 -6 9
-5 47 -5 18
-5 47 -4 18
-5 47 -3 18
-5 47 -2 18
-5 47 -1 18
-5 47 0 18
-5 47 1 18
-5 47 2 18
-5 47 3 18
-5 47 4 18
-5 47 5 18
-5 47 6 9
-5 47 7 16
-5 47 8 16
-5 47 11 46
-4 47 -11 47
-4 47 -8 16
-4 47 -7 9
-4 47 -6 18
-4 47 -5 18
-4 47 -4 18
-4 47 -3 18
-4 47 -2 18
-4 47 -1 18
-4 47 0 18
-4 47 1 18
-4 47 2 18
-4 47 3 18
-4 47 4 18
-4 47 5 18
-4 47 6 18
-4 47 7 16
-4 47 8 16
-4 47 11 47
-3 47 -11 48
-3 47 -9 9
-3 47 -8 9
-3 47 -7 16
-3 47 -6 18
-3 47 -5 18
-3 47 -4 18
-3 47 -3 18
-3 47 -2 18
-3 47 -1 18
-3 47 0 18
-3 47 1 18
-3 47 2 18
-3 47 3 18
-3 47 4 18
-3 47 5 18
-3 47 6 18
-3 47 7 16
-3 47 8 9
-3 47 9 16
-3 47 11 48
-2 47 -12 46
-2 47 -9 9
-2 47 -8 16
-2 47 -7 18
-2 47 -6 18
-2 47 -5 18
-2 47 -4 18
-2 47 -3 18
-2 47 -2 18
-2 47 -1 18
-2 47 0 18
-2 47 1 18
-2 47 2 18
-2 47 3 18
-2 47 4 18
-2 47 5 18
-2 47 6 18
-2 47 7 18
-2 47 8 9
-2 47 9 16
-2 47 12 9
-1 47 -15 4
-1 47 -14 9
-1 47 -13 9
-1 47 -12 49
-1 47 -9 9
-1 47 -8 9
-1 47 -7 18
-1 47 -6 18
-1 47 -5 18
-1 47 -4 18
-1 47 -3 18
-1 47 -2 18
-1 47 -1 18
-1 47 0 18
-1 47 1 18
-1 47 2 18
-1 47 3 18
-1 47 4 18
-1 47 5 18
-1 47 6 18
-1 47 7 18
-1 47 8 9
-1 47 9 9
-1 47 12 9
0 47 -15 9
0 47 -14 9
0 47 -13 16
0 47 -12 9
0 47 -9 18
0 47 -8 18
0 47 -7 18
0 47 -6 18
0 47 -5 18
0 47 -4 18
0 47 -3 18
0 47 -2 18
0 47 -1 18
0 47 0 17
0 47 1 0
0 47 2 0
0 47 3 18
0 47 4 18
0 47 5 18
0 47 6 18
0 47 7 18
0 47 8 18
0 47 9 18
0 47 12 16
1 47 -15 4
1 47 -14 9
1 47 -13 9
1 47 -12 9
1 47 -9 9
1 47 -8 9
1 47 -7 18
1 47 -6 18
1 47 -5 18
1 47 -4 18
1 47 -3 18
1 47 -2 18
1 47 -1 18
1 47 0 18
1 47 1 1
1 47 2 1
1 47 3 18
1 47 4 18
1 47 5 18
1 47 6 18
1 47 7 18
1 47 8 9
1 47 9 9
1 47 12 47
2 47 -12 16
2 47 -9 9
2 47 -8 16
2 47 -7 18
2 47 -6 18
2 47 -5 18
2 47 -4 18
2 47 -3 18
2 47 -2 18
2 47 -1 18
2 47 0 18
2 47 1 1
2 47 2 1
2 47 3 18
2 47 4 18
2 47 5 18
2 47 6 18
2 47 7 18
2 47 8 9
2 47 9 9
2 47 12 48
3 47 -11 46
3 47 -9 16
3 47 -8 9
3 47 -7 16
3 47 -6 18
3 47 -5 18
3 47 -4 18
3 47 -3 18
3 47 -2 18
3 47 -1 18
3 47 0 18
3 47 1 18
3 47 2 18
3 47 3 18
3 47 4 18
3 47 5 18
3 47 6 18
3 47 7 16
3 47 8 16
3 47 9 9
3 47 11 46
4 47 -11 47
4 47 -8 9
4 47 -7 9
4 47 -6 18
4 47 -5 18
4 47 -4 18
4 47 -3 18
4 47 -2 18
4 47 -1 18
4 47 0 18
4 47 1 18
4 47 2 18
4 47 3 18
4 47 4 18
4 47 5 18
4 47 6 18
4 47 7 9
4 47 8 9
4 47 11 47
5 47 -11 48
5 47 -8 9
5 47 -7 16
5 47 -6 9
5 47 -5 18
5 47 -4 18
5 47 -3 18
5 47 -2 18
5 47 -1 18
5 47 0 18
5 47 1 18
5 47 2 18
5 47 3 18
5 47 4 18
5 47 5 18
5 47 6 9
5 47 7 16
5 47 8 9
5 47 11 9
6 47 -10 9
6 47 -7 17
6 47 -6 9
6 47 -5 9
6 47 -4 18
6 47 -3 18
6 47 -2 18
6 47 -1 18
6 47 0 18
6 47 1 18
6 47 2 18
6 47 3 18
6 47 4 18
6 47 5 9
6 47 6 9
6 47 7 17
6 47 10 42
7 47 -9 9
7 47 -6 17
7 47 -5 16
7 47 -4 9
7 47 -3 9
7 47 -2 18
7 47 -1 18
7 47 0 18
7 47 1 18
7 47 2 18
7 47 3 9
7 47 4 9
7 47 5 16
7 47 6 17
7 47 9 50
8 47 -10 9
8 47 -9 43
8 47 -8 22
8 47 -5 9
8 47 -4 16
8 47 -3 9
8 47 -2 9
8 47 -1 16
8 47 0 18
8 47 1 9
8 47 2 9
8 47 3 9
8 47 4 9
8 47 5 16
8 47 8 21
8 47 9 43
8 47 10 9
9 47 -11 9
9 47 -10 9
9 47 -9 16
9 47 -8 43
9 47 -7 51
9 47 -3 9
9 47 -2 9
9 47 -1 9
9 47 0 18
9 47 1 9
9 47 2 9
9 47 3 16
9 47 7 9
9 47 8 43
9 47 9 16
9 47 10 9
9 47 11 16
10 47 -11 16
10 47 -10 9
10 47 -9 9
10 47 -8 9
10 47 -6 42
10 47 6 9
10 47 8 9
10 47 9 9
10 47 10 9
10 47 11 16
11 47 -11 9
11 47 -10 9
11 47 -9 9
11 47 -5 9
11 47 -4 41
11 47 -3 39
11 47 3 40
11 47 4 41
11 47 5 39
11 47 9 16
11 47 10 9
11 47 11 9
12 47 -2 40
12 47 -1 20
12 47 0 9
12 47 1 9
12 47 2 9
13 47 -1 16
13 47 0 9
13 47 1 9
14 47 -1 9
14 47 0 9
14 47 1 9
15 47 -1 7
15 47 0 9
15 47 1 7
-15 48 0 0
-14 48 -1 16
-14 48 0 9
-14 48 1 9
-13 48 -1 16
-13 48 0 9
-13 48 1 9
-12 48 -2 52
-12 48 -1 52
-12 48 0 52
-12 48 1 9
-11 48 -11 4
-11 48 -10 9
-11 48 -9 9
-11 48 5 52
-11 48 9 9
-11 48 10 9
-11 48 11 5
-10 48 -11 16
-10 48 -10 9
-10 48 -9 9
-10 48 -8 16
-10 48 -6 52
-10 48 8 16
-10 48 9 9
-10 48 10 9
-10 48 11 9
-9 48 -11 9
-9 48 -10 9
-9 48 -9 9
-9 48 -8 16
-9 48 -7 52
-9 48 -3 9
-9 48 -2 9
-9 48 -1 9
-9 48 0 18
-9 48 1 9
-9 48 2 9
-9 48 3 9
-9 48 7 9
-9 48 8 9
-9 48 9 9
-9 48 10 9
-9 48 11 9
-8 48 -10 9
-8 48 -9 9
-8 48 -8 9
-8 48 -5 9
-8 48 -4 16
-8 48 -3 9
-8 48 -2 9
-8 48 -1 9
-8 48 0 18
-8 48 1 9
-8 48 2 16
-8 48 3 9
-8 48 4 9
-8 48 5 9
-8 48 8 9
-8 48 9 16
-8 48 10 9
-7 48 -9 9
-7 48 -6 17
-7 48 -5 16
-7 48 -4 9
-7 48 -3 9
-7 48 -2 18
-7 48 -1 18
-7 48 0 18
-7 48 1 18
-7 48 2 18
-7 48 3 9
-7 48 4 16
-7 48 5 9
-7 48 6 17
-7 48 9 52
-6 48 -7 17
-6 48 -6 9
-6 48 -5 9
-6 48 -4 18
-6 48 -3 18
-6 48 -2 18
-6 48 -1 18
-6 48 0 18
-6 48 1 18
-6 48 2 18
-6 48 3 18
-6 48 4 18
-6 48 5 9
-6 48 6 9
-6 48 7 17
-6 48 10 52
-5 48 -11 52
-5 48 -8 9
-5 48 -7 9
-5 48 -6 9
-5 48 -5 18
-5 48 -4 18
-5 48 -3 18
-5 48 -2 18
-5 48 -1 18
-5 48 0 18
-5 48 1 18
-5 48 2 18
-5 48 3 18
-5 48 4 18
-5 48 5 18
-5 48 6 9
-5 48 7 9
-5 48 8 9
-4 48 -8 9
-4 48 -7 9
-4 48 -6 18
-4 48 -5 18
-4 48 -4 18
-4 48 -3 18
-4 48 -2 18
-4 48 -1 18
-4 48 0 18
-4 48 1 18
-4 48 2 18
-4 48 3 18
-4 48 4 18
-4 48 5 18
-4 48 6 18
-4 48 7 9
-4 48 8 9
-3 48 -9 9
-3 48 -8 9
-3 48 -7 9
-3 48 -6 18
-3 48 -5 18
-3 48 -4 18
-3 48 -3 18
-3 48 -2 18
-3 48 -1 18
-3 48 0 18
-3 48 1 18
-3 48 2 18
-3 48 3 18
-3 48 4 18
-3 48 5 18
-3 48 6 18
-3 48 7 9
-3 48 8 9
-3 48 9 9
-2 48 -9 9
-2 48 -8 16
-2 48 -7 18
-2 48 -6 18
-2 48 -5 18
-2 48 -4 18
-2 48 -3 18
-2 48 -2 18
-2 48 -1 18
-2 48 0 18
-2 48 1 18
-2 48 2 18
-2 48 3 18
-2 48 4 18
-2 48 5 18
-2 48 6 18
-2 48 7 18
-2 48 8 9
-2 48 9 9
-2 48 12 52
-1 48 -14 16
-1 48 -13 9
-1 48 -12 9
-1 48 -9 9
-1 48 -8 16
-1 48 -7 18
-1 48 -6 18
-1 48 -5 18
-1 48 -4 18
-1 48 -3 18
-1 48 -2 18
-1 48 -1 18
-1 48 0 18
-1 48 1 18
-1 48 2 18
-1 48 3 18
-1 48 4 18
-1 48 5 18
-1 48 6 18
-1 48 7 18
-1 48 8 9
-1 48 9 9
-1 48 12 52
0 48 -15 4
0 48 -14 9
0 48 -13 16
0 48 -12 52
0 48 -9 18
0 48 -8 18
0 48 -7 18
0 48 -6 18
0 48 -5 18
0 48 -4 18
0 48 -3 18
0 48 -2 18
0 48 -1 18
0 48 0 17
0 48 1 18
0 48 2 18
0 48 3 18
0 48 4 18
0 48 5 18
0 48 6 18
0 48 7 18
0 48 8 18
0 48 9 18
0 48 12 52
1 48 -14 9
1 48 -13 9
1 48 -12 52
1 48 -9 9
1 48 -8 9
1 48 -7 18
1 48 -6 18
1 48 -5 18
1 48 -4 18
1 48 -3 18
1 48 -2 1
1 48 -1 1
1 48 0 5
1 48 1 18
1 48 2 18
1 48 3 18
1 48 4 18
1 48 5 18
1 48 6 18
1 48 7 18
1 48 8 9
1 48 9 9
2 48 -12 52
2 48 -9 9
2 48 -8 9
2 48 -7 18
2 48 -6 18
2 48 -5 18
2 48 -4 18
2 48 -3 18
2 48 -2 1
2 48 -1 1
2 48 0 5
2 48 1 18
2 48 2 18
2 48 3 18
2 48 4 18
2 48 5 18
2 48 6 18
2 48 7 18
2 48 8 9
2 48 9 9
3 48 -9 9
3 48 -8 9
3 48 -7 9
3 48 -6 18
3 48 -5 18
3 48 -4 18
3 48 -3 18
3 48 -2 18
3 48 -1 18
3 48 0 18
3 48 1 18
3 48 2 18
3 48 3 18
3 48 4 18
3 48 5 18
3 48 6 18
3 48 7 9
3 48 8 9
3 48 9 9
4 48 -8 16
4 48 -7 9
4 48 -6 18
4 48 -5 18
4 48 -4 18
4 48 -3 18
4 48 -2 18
4 48 -1 18
4 48 0 18
4 48 1 18
4 48 2 18
4 48 3 18
4 48 4 18
4 48 5 18
4 48 6 18
4 48 7 9
4 48 8 9
5 48 -8 9
5 48 -7 9
5 48 -6 9
5 48 -5 18
5 48 -4 18
5 48 -3 18
5 48 -2 18
5 48 -1 18
5 48 0 18
5 48 1 18
5 48 2 18
5 48 3 18
5 48 4 18
5 48 5 18
5 48 6 9
5 48 7 9
5 48 8 9
5 48 11 52
6 48 -10 52
6 48 -7 17
6 48 -6 9
6 48 -5 9
6 48 -4 18
6 48 -3 18
6 48 -2 18
6 48 -1 18
6 48 0 18
6 48 1 18
6 48 2 18
6 48 3 18
6 48 4 18
6 48 5 9
6 48 6 9
6 48 7 17
7 48 -9 52
7 48 -6 17
7 48 -5 9
7 48 -4 9
7 48 -3 9
7 48 -2 18
7 48 -1 18
7 48 0 18
7 48 1 18
7 48 2 18
7 48 3 9
7 48 4 16
7 48 5 16
7 48 6 17
7 48 9 9
8 48 -10 9
8 48 -9 9
8 48 -8 9
8 48 -5 9
8 48 -4 9
8 48 -3 16
8 48 -2 9
8 48 -1 9
8 48 0 18
8 48 1 9
8 48 2 9
8 48 3 9
8 48 4 9
8 48 5 9
8 48 8 9
8 48 9 16
8 48 10 16
9 48 -11 9
9 48 -10 9
9 48 -9 9
9 48 -8 9
9 48 -7 9
9 48 -3 9
9 48 -2 16
9 48 -1 9
9 48 0 18
9 48 1 9
9 48 2 9
9 48 3 9
9 48 7 52
9 48 8 9
9 48 9 9
9 48 10 9
9 48 11 9
10 48 -11 16
10 48 -10 9
10 48 -9 16
10 48 -8 9
10 48 6 52
10 48 8 16
10 48 9 9
10 48 10 9
10 48 11 9
11 48 -11 4
11 48 -10 9
11 48 -9 9
11 48 -5 52
11 48 9 9
11 48 10 9
11 48 11 5
12 48 -1 16
12 48 0 52
12 48 1 52
12 48 2 52
13 48 -1 9
13 48 0 9
13 48 1 16
14 48 -1 9
14 48 0 16
14 48 1 9
15 48 0 7
-14 49 -1 9
-14 49 0 9
-14 49 1 16
-13 49 -1 9
-13 49 0 16
-13 49 1 16
-12 49 -1 9
-12 49 0 9
-12 49 1 9
-11 49 -10 9
-11 49 -9 9
-11 49 9 9
-11 49 10 9
-10 49 -11 16
-10 49 -10 9
-10 49 -9 9
-10 49 -8 9
-10 49 8 9
-10 49 9 16
-10 49 10 9
-10 49 11 9
-9 49 -11 9
-9 49 -10 9
-9 49 -9 9
-9 49 -8 9
-9 49 -7 9
-9 49 -3 9
-9 49 -2 9
-9 49 -1 9
-9 49 0 18
-9 49 1 9
-9 49 2 9
-9 49 3 9
-9 49 7 16
-9 49 8 9
-9 49 9 9
-9 49 10 16
-9 49 11 9
-8 49 -10 16
-8 49 -9 9
-8 49 -8 9
-8 49 -5 9
-8 49 -4 16
-8 49 -3 53
-8 49 -2 9
-8 49 -1 9
-8 49 0 18
-8 49 1 9
-8 49 2 9
-8 49 3 53
-8 49 4 9
-8 49 5 9
-8 49 8 9
-8 49 9 9
-8 49 10 9
-7 49 -9 16
-7 49 -6 17
-7 49 -5 9
-7 49 -4 9
-7 49 -3 18
-7 49 -2 18
-7 49 -1 18
-7 49 0 18
-7 49 1 18
-7 49 2 18
-7 49 3 18
-7 49 4 9
-7 49 5 9
-7 49 6 17
-7 49 9 9
-6 49 -7 17
-6 49 -6 9
-6 49 -5 9
-6 49 -4 18
-6 49 -3 18
-6 49 -2 18
-6 49 -1 18
-6 49 0 18
-6 49 1 18
-6 49 2 18
-6 49 3 18
-6 49 4 18
-6 49 5 9
-6 49 6 9
-6 49 7 17
-5 49 -8 9
-5 49 -7 9
-5 49 -6 16
-5 49 -5 18
-5 49 -4 18
-5 49 -3 18
-5 49 -2 18
-5 49 -1 18
-5 49 0 18
-5 49 1 18
-5 49 2 18
-5 49 3 18
-5 49 4 18
-5 49 5 18
-5 49 6 9
-5 49 7 9
-5 49 8 9
-4 49 -8 9
-4 49 -7 9
-4 49 -6 18
-4 49 -5 18
-4 49 -4 18
-4 49 -3 18
-4 49 -2 18
-4 49 -1 18
-4 49 0 18
-4 49 1 18
-4 49 2 18
-4 49 3 18
-4 49 4 18
-4 49 5 18
-4 49 6 18
-4 49 7 9
-4 49 8 9
-3 49 -9 16
-3 49 -8 54
-3 49 -7 18
-3 49 -6 18
-3 49 -5 18
-3 49 -4 18
-3 49 -3 18
-3 49 -2 18
-3 49 -1 18
-3 49 0 18
-3 49 1 18
-3 49 2 18
-3 49 3 18
-3 49 4 18
-3 49 5 18
-3 49 6 18
-3 49 7 18
-3 49 8 55
-3 49 9 16
-2 49 -9 9
-2 49 -8 9
-2 49 -7 18
-2 49 -6 18
-2 49 -5 18
-2 49 -4 18
-2 49 -3 18
-2 49 -2 1
-2 49 -1 1
-2 49 0 18
-2 49 1 18
-2 49 2 18
-2 49 3 18
-2 49 4 18
-2 49 5 18
-2 49 6 18
-2 49 7 18
-2 49 8 9
-2 49 9 9
-1 49 -14 16
-1 49 -13 9
-1 49 -12 9
-1 49 -9 16
-1 49 -8 9
-1 49 -7 18
-1 49 -6 18
-1 49 -5 18
-1 49 -4 18
-1 49 -3 18
-1 49 -2 1
-1 49 -1 1
-1 49 0 18
-1 49 1 18
-1 49 2 18
-1 49 3 18
-1 49 4 18
-1 49 5 18
-1 49 6 18
-1 49 7 18
-1 49 8 9
-1 49 9 9
0 49 -14 9
0 49 -13 9
0 49 -12 16
0 49 -9 18
0 49 -8 18
0 49 -7 18
0 49 -6 18
0 49 -5 18
0 49 -4 18
0 49 -3 18
0 49 -2 7
0 49 -1 7
0 49 0 17
0 49 1 18
0 49 2 18
0 49 3 18
0 49 4 18
0 49 5 18
0 49 6 18
0 49 7 18
0 49 8 18
0 49 9 18
1 49 -14 9
1 49 -13 9
1 49 -12 9
1 49 -9 9
1 49 -8 9
1 49 -7 18
1 49 -6 18
1 49 -5 18
1 49 -4 18
1 49 -3 18
1 49 -2 18
1 49 -1 18
1 49 0 18
1 49 1 18
1 49 2 18
1 49 3 18
1 49 4 18
1 49 5 18
1 49 6 18
1 49 7 18
1 49 8 9
1 49 9 16
2 49 -9 16
2 49 -8 16
2 49 -7 18
2 49 -6 18
2 49 -5 18
2 49 -4 18
2 49 -3 18
2 49 -2 18
2 49 -1 18
2 49 0 18
2 49 1 18
2 49 2 18
2 49 3 18
2 49 4 18
2 49 5 18
2 49 6 18
2 49 7 18
2 49 8 9
2 49 9 9
3 49 -9 16
3 49 -8 54
3 49 -7 18
3 49 -6 18
3 49 -5 18
3 49 -4 18
3 49 -3 18
3 49 -2 18
3 49 -1 18
3 49 0 18
3 49 1 18
3 49 2 18
3 49 3 18
3 49 4 18
3 49 5 18
3 49 6 18
3 49 7 18
3 49 8 55
3 49 9 16
4 49 -8 16
4 49 -7 9
4 49 -6 18
4 49 -5 18
4 49 -4 18
4 49 -3 18
4 49 -2 18
4 49 -1 18
4 49 0 18
4 49 1 18
4 49 2 18
4 49 3 18
4 49 4 18
4 49 5 18
4 49 6 18
4 49 7 9
4 49 8 9
5 49 -8 9
5 49 -7 9
5 49 -6 9
5 49 -5 18
5 49 -4 18
5 49 -3 18
5 49 -2 18
5 49 -1 18
5 49 0 18
5 49 1 18
5 49 2 18
5 49 3 18
5 49 4 18
5 49 5 18
5 49 6 9
5 49 7 9
5 49 8 9
6 49 -7 17
6 49 -6 9
6 49 -5 9
6 49 -4 18
6 49 -3 18
6 49 -2 18
6 49 -1 18
6 49 0 18
6 49 1 18
6 49 2 18
6 49 3 18
6 49 4 18
6 49 5 9
6 49 6 9
6 49 7 17
7 49 -9 9
7 49 -6 17
7 49 -5 9
7 49 -4 9
7 49 -3 18
7 49 -2 18
7 49 -1 18
7 49 0 18
7 49 1 18
7 49 2 18
7 49 3 18
7 49 4 9
7 49 5 9
7 49 6 17
7 49 9 16
8 49 -10 9
8 49 -9 9
8 49 -8 9
8 49 -5 9
8 49 -4 16
8 49 -3 56
8 49 -2 9
8 49 -1 16
8 49 0 18
8 49 1 16
8 49 2 16
8 49 3 56
8 49 4 9
8 49 5 9
8 49 8 9
8 49 9 16
8 49 10 16
9 49 -11 9
9 49 -10 9
9 49 -9 9
9 49 -8 9
9 49 -7 16
9 49 -3 9
9 49 -2 9
9 49 -1 9
9 49 0 18
9 49 1 9
9 49 2 16
9 49 3 9
9 49 7 9
9 49 8 9
9 49 9 9
9 49 10 9
9 49 11 9
10 49 -11 9
10 49 -10 9
10 49 -9 9
10 49 -8 16
10 49 8 9
10 49 9 9
10 49 10 9
10 49 11 9
11 49 -10 9
11 49 -9 9
11 49 9 9
11 49 10 16
12 49 -1 16
12 49 0 9
12 49 1 9
13 49 -1 16
13 49 0 9
13 49 1 9
14 49 -1 9
14 49 0 9
14 49 1 9
-14 50 -1 9
-14 50 0 9
-14 50 1 9
-13 50 -1 9
-13 50 0 9
-13 50 1 16
-12 50 -1 9
-12 50 0 9
-12 50 1 9
-11 50 -10 0
-11 50 -9 16
-11 50 9 9
-11 50 10 0
-10 50 -11 4
-10 50 -10 9
-10 50 -9 9
-10 50 -8 9
-10 50 8 9
-10 50 9 9
-10 50 10 9
-10 50 11 5
-9 50 -11 9
-9 50 -10 9
-9 50 -9 16
-9 50 -8 9
-9 50 -7 16
-9 50 -3 9
-9 50 -2 9
-9 50 -1 9
-9 50 0 15
-9 50 1 9
-9 50 2 16
-9 50 3 9
-9 50 7 9
-9 50 8 9
-9 50 9 9
-9 50 10 9
-9 50 11 9
-8 50 -10 16
-8 50 -9 9
-8 50 -8 9
-8 50 -5 16
-8 50 -4 9
-8 50 -3 53
-8 50 -2 9
-8 50 -1 9
-8 50 0 15
-8 50 1 16
-8 50 2 9
-8 50 3 53
-8 50 4 16
-8 50 5 16
-8 50 8 9
-8 50 9 16
-8 50 10 9
-7 50 -9 9
-7 50 -6 17
-7 50 -5 9
-7 50 -4 9
-7 50 -3 18
-7 50 -2 18
-7 50 -1 18
-7 50 0 18
-7 50 1 18
-7 50 2 18
-7 50 3 18
-7 50 4 9
-7 50 5 9
-7 50 6 17
-7 50 9 9
-6 50 -7 17
-6 50 -6 9
-6 50 -5 16
-6 50 -4 18
-6 50 -3 18
-6 50 -2 18
-6 50 -1 18
-6 50 0 18
-6 50 1 18
-6 50 2 18
-6 50 3 18
-6 50 4 18
-6 50 5 9
-6 50 6 9
-6 50 7 17
-5 50 -8 16
-5 50 -7 9
-5 50 -6 9
-5 50 -5 18
-5 50 -4 18
-5 50 -3 18
-5 50 -2 18
-5 50 -1 18
-5 50 0 18
-5 50 1 18
-5 50 2 18
-5 50 3 18
-5 50 4 18
-5 50 5 18
-5 50 6 16
-5 50 7 9
-5 50 8 9
-4 50 -8 9
-4 50 -7 16
-4 50 -6 18
-4 50 -5 18
-4 50 -4 18
-4 50 -3 18
-4 50 -2 18
-4 50 -1 18
-4 50 0 18
-4 50 1 18
-4 50 2 18
-4 50 3 18
-4 50 4 18
-4 50 5 18
-4 50 6 18
-4 50 7 9
-4 50 8 9
-3 50 -9 9
-3 50 -8 54
-3 50 -7 18
-3 50 -6 18
-3 50 -5 18
-3 50 -4 18
-3 50 -3 18
-3 50 -2 18
-3 50 -1 18
-3 50 0 18
-3 50 1 18
-3 50 2 18
-3 50 3 18
-3 50 4 18
-3 50 5 18
-3 50 6 18
-3 50 7 18
-3 50 8 55
-3 50 9 16
-2 50 -9 9
-2 50 -8 9
-2 50 -7 18
-2 50 -6 18
-2 50 -5 18
-2 50 -4 18
-2 50 -3 18
-2 50 -2 18
-2 50 -1 18
-2 50 0 4
-2 50 1 1
-2 50 2 1
-2 50 3 18
-2 50 4 18
-2 50 5 18
-2 50 6 18
-2 50 7 18
-2 50 8 9
-2 50 9 9
-1 50 -14 9
-1 50 -13 16
-1 50 -12 9
-1 50 -9 9
-1 50 -8 9
-1 50 -7 18
-1 50 -6 18
-1 50 -5 18
-1 50 -4 18
-1 50 -3 18
-1 50 -2 18
-1 50 -1 18
-1 50 0 4
-1 50 1 1
-1 50 2 1
-1 50 3 18
-1 50 4 18
-1 50 5 18
-1 50 6 18
-1 50 7 18
-1 50 8 9
-1 50 9 9
0 50 -14 9
0 50 -13 9
0 50 -12 9
0 50 -9 15
0 50 -8 15
0 50 -7 18
0 50 -6 18
0 50 -5 18
0 50 -4 18
0 50 -3 18
0 50 -2 18
0 50 -1 18
0 50 0 17
0 50 1 18
0 50 2 18
0 50 3 18
0 50 4 18
0 50 5 18
0 50 6 18
0 50 7 18
0 50 8 15
0 50 9 15
1 50 -14 9
1 50 -13 9
1 50 -12 9
1 50 -9 9
1 50 -8 9
1 50 -7 18
1 50 -6 18
1 50 -5 18
1 50 -4 18
1 50 -3 18
1 50 -2 18
1 50 -1 18
1 50 0 18
1 50 1 18
1 50 2 18
1 50 3 18
1 50 4 18
1 50 5 18
1 50 6 18
1 50 7 18
1 50 8 9
1 50 9 9
2 50 -9 16
2 50 -8 16
2 50 -7 18
2 50 -6 18
2 50 -5 18
2 50 -4 18
2 50 -3 18
2 50 -2 18
2 50 -1 18
2 50 0 18
2 50 1 18
2 50 2 18
2 50 3 18
2 50 4 18
2 50 5 18
2 50 6 18
2 50 7 18
2 50 8 9
2 50 9 16
3 50 -9 16
3 50 -8 54
3 50 -7 18
3 50 -6 18
3 50 -5 18
3 50 -4 18
3 50 -3 18
3 50 -2 18
3 50 -1 18
3 50 0 18
3 50 1 18
3 50 2 18
3 50 3 18
3 50 4 18
3 50 5 18
3 50 6 18
3 50 7 18
3 50 8 55
3 50 9 9
4 50 -8 9
4 50 -7 9
4 50 -6 18
4 50 -5 18
4 50 -4 18
4 50 -3 18
4 50 -2 18
4 50 -1 18
4 50 0 18
4 50 1 18
4 50 2 18
4 50 3 18
4 50 4 18
4 50 5 18
4 50 6 18
4 50 7 9
4 50 8 16
5 50 -8 9
5 50 -7 9
5 50 -6 9
5 50 -5 18
5 50 -4 18
5 50 -3 18
5 50 -2 18
5 50 -1 18
5 50 0 18
5 50 1 18
5 50 2 18
5 50 3 18
5 50 4 18
5 50 5 18
5 50 6 9
5 50 7 9
5 50 8 9
6 50 -7 17
6 50 -6 9
6 50 -5 9
6 50 -4 18
6 50 -3 18
6 50 -2 18
6 50 -1 18
6 50 0 18
6 50 1 18
6 50 2 18
6 50 3 18
6 50 4 18
6 50 5 9
6 50 6 9
6 50 7 17
7 50 -9 9
7 50 -6 17
7 50 -5 9
7 50 -4 9
7 50 -3 18
7 50 -2 18
7 50 -1 18
7 50 0 18
7 50 1 18
7 50 2 18
7 50 3 18
7 50 4 9
7 50 5 9
7 50 6 17
7 50 9 9
8 50 -10 9
8 50 -9 9
8 50 -8 9
8 50 -5 9
8 50 -4 9
8 50 -3 56
8 50 -2 9
8 50 -1 9
8 50 0 15
8 50 1 9
8 50 2 9
8 50 3 56
8 50 4 16
8 50 5 16
8 50 8 9
8 50 9 9
8 50 10 9
9 50 -11 9
9 50 -10 9
9 50 -9 9
9 50 -8 9
9 50 -7 9
9 50 -3 9
9 50 -2 9
9 50 -1 9
9 50 0 15
9 50 1 9
9 50 2 9
9 50 3 9
9 50 7 16
9 50 8 9
9 50 9 16
9 50 10 9
9 50 11 9
10 50 -11 4
10 50 -10 9
10 50 -9 9
10 50 -8 9
10 50 8 9
10 50 9 9
10 50 10 9
10 50 11 5
11 50 -10 7
11 50 -9 9
11 50 9 16
11 50 10 7
12 50 -1 9
12 50 0 9
12 50 1 9
13 50 -1 16
13 50 0 9
13 50 1 9
14 50 -1 9
14 50 0 9
14 50 1 9
-14 51 -1 9
-14 51 0 16
-14 51 1 9
-13 51 -1 16
-13 51 0 9
-13 51 1 16
-12 51 -1 9
-12 51 0 16
-12 51 1 9
-11 51 -9 16
-11 51 9 9
-10 51 -10 9
-10 51 -9 9
-10 51 -8 9
-10 51 8 9
-10 51 9 9
-10 51 10 9
-9 51 -11 9
-9 51 -10 9
-9 51 -9 16
-9 51 -8 9
-9 51 -7 9
-9 51 -3 16
-9 51 -2 9
-9 51 -1 9
-9 51 0 17
-9 51 1 9
-9 51 2 9
-9 51 3 16
-9 51 7 9
-9 51 8 9
-9 51 9 9
-9 51 10 16
-9 51 11 16
-8 51 -10 9
-8 51 -9 16
-8 51 -8 16
-8 51 -5 9
-8 51 -4 16
-8 51 -3 53
-8 51 -2 16
-8 51 -1 9
-8 51 0 16
-8 51 1 9
-8 51 2 9
-8 51 3 53
-8 51 4 9
-8 51 5 9
-8 51 8 9
-8 51 9 9
-8 51 10 9
-7 51 -9 9
-7 51 -6 17
-7 51 -5 9
-7 51 -4 9
-7 51 -3 18
-7 51 -2 18
-7 51 -1 18
-7 51 0 18
-7 51 1 18
-7 51 2 18
-7 51 3 18
-7 51 4 9
-7 51 5 9
-7 51 6 17
-7 51 9 9
-6 51 -7 17
-6 51 -6 9
-6 51 -5 9
-6 51 -4 18
-6 51 -3 18
-6 51 -2 18
-6 51 -1 18
-6 51 0 18
-6 51 1 18
-6 51 2 18
-6 51 3 18
-6 51 4 18
-6 51 5 9
-6 51 6 9
-6 51 7 17
-5 51 -8 9
-5 51 -7 9
-5 51 -6 9
-5 51 -5 18
-5 51 -4 18
-5 51 -3 18
-5 51 -2 18
-5 51 -1 18
-5 51 0 18
-5 51 1 18
-5 51 2 18
-5 51 3 18
-5 51 4 18
-5 51 5 18
-5 51 6 16
-5 51 7 16
-5 51 8 9
-4 51 -8 9
-4 51 -7 16
-4 51 -6 18
-4 51 -5 18
-4 51 -4 18
-4 51 -3 18
-4 51 -2 18
-4 51 -1 18
-4 51 0 18
-4 51 1 18
-4 51 2 18
-4 51 3 18
-4 51 4 18
-4 51 5 18
-4 51 6 18
-4 51 7 16
-4 51 8 9
-3 51 -9 9
-3 51 -8 54
-3 51 -7 18
-3 51 -6 18
-3 51 -5 18
-3 51 -4 18
-3 51 -3 18
-3 51 -2 18
-3 51 -1 18
-3 51 0 18
-3 51 1 18
-3 51 2 18
-3 51 3 18
-3 51 4 18
-3 51 5 18
-3 51 6 18
-3 51 7 18
-3 51 8 55
-3 51 9 9
-2 51 -9 9
-2 51 -8 9
-2 51 -7 18
-2 51 -6 18
-2 51 -5 18
-2 51 -4 18
-2 51 -3 18
-2 51 -2 18
-2 51 -1 18
-2 51 0 18
-2 51 1 18
-2 51 2 18
-2 51 3 18
-2 51 4 18
-2 51 5 18
-2 51 6 18
-2 51 7 18
-2 51 8 9
-2 51 9 9
-1 51 -14 9
-1 51 -13 9
-1 51 -12 16
-1 51 -9 9
-1 51 -8 9
-1 51 -7 18
-1 51 -6 18
-1 51 -5 18
-1 51 -4 18
-1 51 -3 18
-1 51 -2 18
-1 51 -1 18
-1 51 0 18
-1 51 1 18
-1 51 2 18
-1 51 3 18
-1 51 4 18
-1 51 5 18
-1 51 6 18
-1 51 7 18
-1 51 8 16
-1 51 9 16
0 51 -14 9
0 51 -13 9
0 51 -12 9
0 51 -9 17
0 51 -8 9
0 51 -7 18
0 51 -6 18
0 51 -5 18
0 51 -4 18
0 51 -3 18
0 51 -2 18
0 51 -1 18
0 51 0 17
0 51 1 0
0 51 2 0
0 51 3 18
0 51 4 18
0 51 5 18
0 51 6 18
0 51 7 18
0 51 8 9
0 51 9 17
1 51 -14 9
1 51 -13 9
1 51 -12 9
1 51 -9 16
1 51 -8 9
1 51 -7 18
1 51 -6 18
1 51 -5 18
1 51 -4 18
1 51 -3 18
1 51 -2 18
1 51 -1 18
1 51 0 18
1 51 1 1
1 51 2 1
1 51 3 18
1 51 4 18
1 51 5 18
1 51 6 18
1 51 7 18
1 51 8 9
1 51 9 9
2 51 -9 9
2 51 -8 9
2 51 -7 18
2 51 -6 18
2 51 -5 18
2 51 -4 18
2 51 -3 18
2 51 -2 18
2 51 -1 18
2 51 0 18
2 51 1 1
2 51 2 1
2 51 3 18
2 51 4 18
2 51 5 18
2 51 6 18
2 51 7 18
2 51 8 9
2 51 9 9
3 51 -9 9
3 51 -8 54
3 51 -7 18
3 51 -6 18
3 51 -5 18
3 51 -4 18
3 51 -3 18
3 51 -2 18
3 51 -1 18
3 51 0 18
3 51 1 18
3 51 2 18
3 51 3 18
3 51 4 18
3 51 5 18
3 51 6 18
3 51 7 18
3 51 8 55
3 51 9 9
4 51 -8 16
4 51 -7 9
4 51 -6 18
4 51 -5 18
4 51 -4 18
4 51 -3 18
4 51 -2 18
4 51 -1 18
4 51 0 18
4 51 1 18
4 51 2 18
4 51 3 18
4 51 4 18
4 51 5 18
4 51 6 18
4 51 7 9
4 51 8 9
5 51 -8 9
5 51 -7 16
5 51 -6 9
5 51 -5 18
5 51 -4 18
5 51 -3 18
5 51 -2 18
5 51 -1 18
5 51 0 18
5 51 1 18
5 51 2 18
5 51 3 18
5 51 4 18
5 51 5 18
5 51 6 9
5 51 7 9
5 51 8 16
6 51 -7 17
6 51 -6 9
6 51 -5 9
6 51 -4 18
6 51 -3 18
6 51 -2 18
6 51 -1 18
6 51 0 18
6 51 1 18
6 51 2 18
6 51 3 18
6 51 4 18
6 51 5 16
6 51 6 9
6 51 7 17
7 51 -9 9
7 51 -6 17
7 51 -5 9
7 51 -4 16
7 51 -3 18
7 51 -2 18
7 51 -1 18
7 51 0 18
7 51 1 18
7 51 2 18
7 51 3 18
7 51 4 9
7 51 5 9
7 51 6 17
7 51 9 9
8 51 -10 9
8 51 -9 9
8 51 -8 9
8 51 -5 9
8 51 -4 9
8 51 -3 56
8 51 -2 16
8 51 -1 9
8 51 0 16
8 51 1 9
8 51 2 9
8 51 3 56
8 51 4 9
8 51 5 9
8 51 8 16
8 51 9 9
8 51 10 16
9 51 -11 16
9 51 -10 9
9 51 -9 9
9 51 -8 9
9 51 -7 9
9 51 -3 16
9 51 -2 16
9 51 -1 9
9 51 0 17
9 51 1 9
9 51 2 16
9 51 3 16
9 51 7 9
9 51 8 9
9 51 9 16
9 51 10 9
9 51 11 9
10 51 -10 9
10 51 -9 16
10 51 -8 9
10 51 8 9
10 51 9 16
10 51 10 9
11 51 -9 9
11 51 9 16
12 51 -1 9
12 51 0 9
12 51 1 9
13 51 -1 16
13 51 0 9
13 51 1 16
14 51 -1 9
14 51 0 16
14 51 1 9
-14 52 -1 9
-14 52 0 9
-14 52 1 9
-13 52 -1 16
-13 52 0 9
-13 52 1 9
-12 52 -1 9
-12 52 0 9
-12 52 1 9
-11 52 -9 0
-11 52 9 0
-10 52 -10 9
-10 52 -9 9
-10 52 -8 9
-10 52 8 9
-10 52 9 16
-10 52 10 9
-9 52 -11 4
-9 52 -10 9
-9 52 -9 9
-9 52 -8 9
-9 52 -7 9
-9 52 -3 9
-9 52 -2 9
-9 52 -1 9
-9 52 0 17
-9 52 1 9
-9 52 2 9
-9 52 3 16
-9 52 7 9
-9 52 8 9
-9 52 9 9
-9 52 10 16
-9 52 11 5
-8 52 -10 9
-8 52 -9 9
-8 52 -8 9
-8 52 -5 9
-8 52 -4 9
-8 52 -3 9
-8 52 -2 9
-8 52 -1 9
-8 52 0 9
-8 52 1 9
-8 52 2 9
-8 52 3 9
-8 52 4 9
-8 52 5 9
-8 52 8 9
-8 52 9 16
-8 52 10 9
-7 52 -9 9
-7 52 -6 17
-7 52 -5 9
-7 52 -4 9
-7 52 -3 9
-7 52 -2 18
-7 52 -1 18
-7 52 0 18
-7 52 1 18
-7 52 2 18
-7 52 3 9
-7 52 4 9
-7 52 5 16
-7 52 6 17
-7 52 9 9
-6 52 -7 17
-6 52 -6 9
-6 52 -5 9
-6 52 -4 18
-6 52 -3 18
-6 52 -2 18
-6 52 -1 18
-6 52 0 18
-6 52 1 18
-6 52 2 18
-6 52 3 18
-6 52 4 18
-6 52 5 16
-6 52 6 9
-6 52 7 17
-5 52 -8 9
-5 52 -7 16
-5 52 -6 9
-5 52 -5 18
-5 52 -4 18
-5 52 -3 18
-5 52 -2 18
-5 52 -1 18
-5 52 0 18
-5 52 1 18
-5 52 2 18
-5 52 3 18
-5 52 4 18
-5 52 5 18
-5 52 6 9
-5 52 7 9
-5 52 8 16
-4 52 -8 9
-4 52 -7 9
-4 52 -6 18
-4 52 -5 18
-4 52 -4 18
-4 52 -3 18
-4 52 -2 18
-4 52 -1 18
-4 52 0 18
-4 52 1 18
-4 52 2 18
-4 52 3 18
-4 52 4 18
-4 52 5 18
-4 52 6 18
-4 52 7 9
-4 52 8 9
-3 52 -9 9
-3 52 -8 9
-3 52 -7 9
-3 52 -6 18
-3 52 -5 18
-3 52 -4 18
-3 52 -3 18
-3 52 -2 18
-3 52 -1 18
-3 52 0 18
-3 52 1 18
-3 52 2 18
-3 52 3 18
-3 52 4 18
-3 52 5 18
-3 52 6 18
-3 52 7 9
-3 52 8 16
-3 52 9 9
-2 52 -9 9
-2 52 -8 9
-2 52 -7 18
-2 52 -6 18
-2 52 -5 18
-2 52 -4 18
-2 52 -3 18
-2 52 -2 18
-2 52 -1 18
-2 52 0 18
-2 52 1 18
-2 52 2 18
-2 52 3 18
-2 52 4 18
-2 52 5 18
-2 52 6 18
-2 52 7 18
-2 52 8 9
-2 52 9 9
-1 52 -14 9
-1 52 -13 9
-1 52 -12 9
-1 52 -9 16
-1 52 -8 9
-1 52 -7 18
-1 52 -6 18
-1 52 -5 18
-1 52 -4 18
-1 52 -3 18
-1 52 -2 18
-1 52 -1 18
-1 52 0 18
-1 52 1 18
-1 52 2 18
-1 52 3 18
-1 52 4 18
-1 52 5 18
-1 52 6 18
-1 52 7 18
-1 52 8 9
-1 52 9 9
0 52 -14 9
0 52 -13 9
0 52 -12 16
0 52 -9 17
0 52 -8 9
0 52 -7 18
0 52 -6 18
0 52 -5 18
0 52 -4 18
0 52 -3 18
0 52 -2 18
0 52 -1 18
0 52 0 17
0 52 1 18
0 52 2 18
0 52 3 18
0 52 4 18
0 52 5 18
0 52 6 18
0 52 7 18
0 52 8 9
0 52 9 17
1 52 -14 9
1 52 -13 9
1 52 -12 9
1 52 -9 9
1 52 -8 9
1 52 -7 18
1 52 -6 18
1 52 -5 18
1 52 -4 18
1 52 -3 18
1 52 -2 1
1 52 -1 1
1 52 0 5
1 52 1 18
1 52 2 18
1 52 3 18
1 52 4 18
1 52 5 18
1 52 6 18
1 52 7 18
1 52 8 9
1 52 9 16
2 52 -9 9
2 52 -8 9
2 52 -7 18
2 52 -6 18
2 52 -5 18
2 52 -4 18
2 52 -3 18
2 52 -2 1
2 52 -1 1
2 52 0 5
2 52 1 18
2 52 2 18
2 52 3 18
2 52 4 18
2 52 5 18
2 52 6 18
2 52 7 18
2 52 8 9
2 52 9 9
3 52 -9 9
3 52 -8 16
3 52 -7 9
3 52 -6 18
3 52 -5 18
3 52 -4 18
3 52 -3 18
3 52 -2 18
3 52 -1 18
3 52 0 18
3 52 1 18
3 52 2 18
3 52 3 18
3 52 4 18
3 52 5 18
3 52 6 18
3 52 7 9
3 52 8 16
3 52 9 9
4 52 -8 9
4 52 -7 16
4 52 -6 18
4 52 -5 18
4 52 -4 18
4 52 -3 18
4 52 -2 18
4 52 -1 18
4 52 0 18
4 52 1 18
4 52 2 18
4 52 3 18
4 52 4 18
4 52 5 18
4 52 6 18
4 52 7 9
4 52 8 9
5 52 -8 9
5 52 -7 9
5 52 -6 9
5 52 -5 18
5 52 -4 18
5 52 -3 18
5 52 -2 18
5 52 -1 18
5 52 0 18
5 52 1 18
5 52 2 18
5 52 3 18
5 52 4 18
5 52 5 18
5 52 6 16
5 52 7 16
5 52 8 9
6 52 -7 17
6 52 -6 9
6 52 -5 9
6 52 -4 18
6 52 -3 18
6 52 -2 18
6 52 -1 18
6 52 0 18
6 52 1 18
6 52 2 18
6 52 3 18
6 52 4 18
6 52 5 16
6 52 6 9
6 52 7 17
7 52 -9 9
7 52 -6 17
7 52 -5 16
7 52 -4 16
7 52 -3 9
7 52 -2 18
7 52 -1 18
7 52 0 18
7 52 1 18
7 52 2 18
7 52 3 9
7 52 4 9
7 52 5 9
7 52 6 17
7 52 9 9
8 52 -10 9
8 52 -9 9
8 52 -8 9
8 52 -5 9
8 52 -4 9
8 52 -3 9
8 52 -2 16
8 52 -1 9
8 52 0 9
8 52 1 9
8 52 2 9
8 52 3 9
8 52 4 9
8 52 5 9
8 52 8 9
8 52 9 9
8 52 10 9
9 52 -11 4
9 52 -10 9
9 52 -9 9
9 52 -8 9
9 52 -7 9
9 52 -3 16
9 52 -2 16
9 52 -1 9
9 52 0 17
9 52 1 9
9 52 2 9
9 52 3 9
9 52 7 9
9 52 8 9
9 52 9 9
9 52 10 9
9 52 11 5
10 52 -10 9
10 52 -9 9
10 52 -8 16
10 52 8 9
10 52 9 9
10 52 10 9
11 52 -9 7
11 52 9 7
12 52 -1 9
12 52 0 9
12 52 1 9
13 52 -1 9
13 52 0 16
13 52 1 16
14 52 -1 9
14 52 0 9
14 52 1 16
-14 53 -1 9
-14 53 0 9
-14 53 1 9
-13 53 -1 9
-13 53 0 9
-13 53 1 16
-12 53 -1 9
-12 53 0 16
-12 53 1 9
-10 53 -10 9
-10 53 -9 9
-10 53 -8 9
-10 53 8 9
-10 53 9 16
-10 53 10 9
-9 53 -10 9
-9 53 -9 9
-9 53 -8 9
-9 53 -7 9
-9 53 -3 15
-9 53 -2 15
-9 53 -1 15
-9 53 0 15
-9 53 1 1
-9 53 2 1
-9 53 3 1
-9 53 7 9
-9 53 8 16
-9 53 9 9
-9 53 10 9
-8 53 -10 9
-8 53 -9 9
-8 53 -8 9
-8 53 -5 1
-8 53 -4 1
-8 53 -3 16
-8 53 -2 9
-8 53 -1 9
-8 53 0 9
-8 53 1 9
-8 53 2 9
-8 53 3 9
-8 53 4 15
-8 53 5 15
-8 53 8 9
-8 53 9 9
-8 53 10 16
-7 53 -9 9
-7 53 -6 1
-7 53 -5 1
-7 53 -4 9
-7 53 -3 9
-7 53 -2 18
-7 53 -1 18
-7 53 0 18
-7 53 1 18
-7 53 2 18
-7 53 3 16
-7 53 4 9
-7 53 5 15
-7 53 6 15
-7 53 9 16
-6 53 -7 15
-6 53 -6 9
-6 53 -5 9
-6 53 -4 18
-6 53 -3 18
-6 53 -2 18
-6 53 -1 18
-6 53 0 18
-6 53 1 18
-6 53 2 18
-6 53 3 18
-6 53 4 18
-6 53 5 16
-6 53 6 9
-6 53 7 1
-5 53 -8 15
-5 53 -7 15
-5 53 -6 9
-5 53 -5 18
-5 53 -4 18
-5 53 -3 18
-5 53 -2 18
-5 53 -1 18
-5 53 0 18
-5 53 1 18
-5 53 2 18
-5 53 3 18
-5 53 4 18
-5 53 5 18
-5 53 6 9
-5 53 7 1
-5 53 8 1
-4 53 -8 15
-4 53 -7 16
-4 53 -6 18
-4 53 -5 18
-4 53 -4 18
-4 53 -3 18
-4 53 -2 18
-4 53 -1 18
-4 53 0 18
-4 53 1 18
-4 53 2 18
-4 53 3 18
-4 53 4 18
-4 53 5 18
-4 53 6 18
-4 53 7 9
-4 53 8 1
-3 53 -9 1
-3 53 -8 9
-3 53 -7 9
-3 53 -6 18
-3 53 -5 18
-3 53 -4 18
-3 53 -3 18
-3 53 -2 18
-3 53 -1 18
-3 53 0 18
-3 53 1 18
-3 53 2 18
-3 53 3 18
-3 53 4 18
-3 53 5 18
-3 53 6 18
-3 53 7 9
-3 53 8 9
-3 53 9 15
-2 53 -9 1
-2 53 -8 9
-2 53 -7 18
-2 53 -6 18
-2 53 -5 18
-2 53 -4 18
-2 53 -3 18
-2 53 -2 1
-2 53 -1 1
-2 53 0 18
-2 53 1 18
-2 53 2 18
-2 53 3 18
-2 53 4 18
-2 53 5 18
-2 53 6 18
-2 53 7 18
-2 53 8 9
-2 53 9 15
-1 53 -14 9
-1 53 -13 16
-1 53 -12 9
-1 53 -9 1
-1 53 -8 9
-1 53 -7 18
-1 53 -6 18
-1 53 -5 18
-1 53 -4 18
-1 53 -3 18
-1 53 -2 1
-1 53 -1 1
-1 53 0 18
-1 53 1 18
-1 53 2 18
-1 53 3 18
-1 53 4 18
-1 53 5 18
-1 53 6 18
-1 53 7 18
-1 53 8 16
-1 53 9 15
0 53 -14 16
0 53 -13 9
0 53 -12 16
0 53 -9 15
0 53 -8 9
0 53 -7 18
0 53 -6 18
0 53 -5 18
0 53 -4 18
0 53 -3 18
0 53 -2 7
0 53 -1 7
0 53 0 17
0 53 1 18
0 53 2 18
0 53 3 18
0 53 4 18
0 53 5 18
0 53 6 18
0 53 7 18
0 53 8 9
0 53 9 15
1 53 -14 16
1 53 -13 9
1 53 -12 9
1 53 -9 15
1 53 -8 9
1 53 -7 18
1 53 -6 18
1 53 -5 18
1 53 -4 18
1 53 -3 18
1 53 -2 18
1 53 -1 18
1 53 0 18
1 53 1 18
1 53 2 18
1 53 3 18
1 53 4 18
1 53 5 18
1 53 6 18
1 53 7 18
1 53 8 9
1 53 9 1
2 53 -9 15
2 53 -8 9
2 53 -7 18
2 53 -6 18
2 53 -5 18
2 53 -4 18
2 53 -3 18
2 53 -2 18
2 53 -1 18
2 53 0 18
2 53 1 18
2 53 2 18
2 53 3 18
2 53 4 18
2 53 5 18
2 53 6 18
2 53 7 18
2 53 8 9
2 53 9 1
3 53 -9 15
3 53 -8 9
3 53 -7 9
3 53 -6 18
3 53 -5 18
3 53 -4 18
3 53 -3 18
3 53 -2 18
3 53 -1 18
3 53 0 18
3 53 1 18
3 53 2 18
3 53 3 18
3 53 4 18
3 53 5 18
3 53 6 18
3 53 7 9
3 53 8 9
3 53 9 1
4 53 -8 1
4 53 -7 9
4 53 -6 18
4 53 -5 18
4 53 -4 18
4 53 -3 18
4 53 -2 18
4 53 -1 18
4 53 0 18
4 53 1 18
4 53 2 18
4 53 3 18
4 53 4 18
4 53 5 18
4 53 6 18
4 53 7 9
4 53 8 15
5 53 -8 1
5 53 -7 1
5 53 -6 9
5 53 -5 18
5 53 -4 18
5 53 -3 18
5 53 -2 18
5 53 -1 18
5 53 0 18
5 53 1 18
5 53 2 18
5 53 3 18
5 53 4 18
5 53 5 18
5 53 6 9
5 53 7 15
5 53 8 15
6 53 -7 1
6 53 -6 9
6 53 -5 9
6 53 -4 18
6 53 -3 18
6 53 -2 18
6 53 -1 18
6 53 0 18
6 53 1 18
6 53 2 18
6 53 3 18
6 53 4 18
6 53 5 9
6 53 6 9
6 53 7 15
7 53 -9 16
7 53 -6 15
7 53 -5 15
7 53 -4 16
7 53 -3 16
7 53 -2 18
7 53 -1 18
7 53 0 18
7 53 1 18
7 53 2 18
7 53 3 9
7 53 4 9
7 53 5 1
7 53 6 1
7 53 9 9
8 53 -10 9
8 53 -9 9
8 53 -8 9
8 53 -5 15
8 53 -4 15
8 53 -3 9
8 53 -2 9
8 53 -1 16
8 53 0 9
8 53 1 9
8 53 2 9
8 53 3 9
8 53 4 1
8 53 5 1
8 53 8 9
8 53 9 9
8 53 10 9
9 53 -10 9
9 53 -9 9
9 53 -8 9
9 53 -7 9
9 53 -3 1
9 53 -2 1
9 53 -1 1
9 53 0 15
9 53 1 15
9 53 2 15
9 53 3 15
9 53 7 9
9 53 8 9
9 53 9 9
9 53 10 9
10 53 -10 9
10 53 -9 9
10 53 -8 16
10 53 8 9
10 53 9 9
10 53 10 9
12 53 -1 9
12 53 0 16
12 53 1 9
13 53 -1 16
13 53 0 16
13 53 1 9
14 53 -1 9
14 53 0 16
14 53 1 9
-14 54 -1 0
-14 54 0 9
-14 54 1 0
-13 54 -1 9
-13 54 0 9
-13 54 1 16
-12 54 -1 9
-12 54 0 9
-12 54 1 9
-10 54 -10 16
-10 54 -9 0
-10 54 -8 16
-10 54 8 9
-10 54 9 0
-10 54 10 9
-9 54 -10 4
-9 54 -9 16
-9 54 -8 9
-9 54 -7 9
-9 54 -3 9
-9 54 -2 9
-9 54 -1 9
-9 54 0 17
-9 54 1 9
-9 54 2 9
-9 54 3 9
-9 54 7 16
-9 54 8 9
-9 54 9 9
-9 54 10 5
-8 54 -10 16
-8 54 -9 9
-8 54 -8 9
-8 54 -5 9
-8 54 -4 16
-8 54 -3 9
-8 54 -2 9
-8 54 -1 16
-8 54 0 9
-8 54 1 9
-8 54 2 9
-8 54 3 16
-8 54 4 9
-8 54 5 9
-8 54 8 9
-8 54 9 9
-8 54 10 9
-7 54 -9 16
-7 54 -6 17
-7 54 -5 9
-7 54 -4 9
-7 54 -3 9
-7 54 -2 18
-7 54 -1 18
-7 54 0 18
-7 54 1 18
-7 54 2 18
-7 54 3 9
-7 54 4 16
-7 54 5 9
-7 54 6 17
-7 54 9 9
-6 54 -7 17
-6 54 -6 9
-6 54 -5 9
-6 54 -4 18
-6 54 -3 18
-6 54 -2 18
-6 54 -1 18
-6 54 0 18
-6 54 1 18
-6 54 2 18
-6 54 3 18
-6 54 4 18
-6 54 5 9
-6 54 6 16
-6 54 7 17
-5 54 -8 9
-5 54 -7 16
-5 54 -6 16
-5 54 -5 18
-5 54 -4 18
-5 54 -3 18
-5 54 -2 18
-5 54 -1 18
-5 54 0 18
-5 54 1 18
-5 54 2 18
-5 54 3 18
-5 54 4 18
-5 54 5 18
-5 54 6 9
-5 54 7 9
-5 54 8 9
-4 54 -8 9
-4 54 -7 9
-4 54 -6 18
-4 54 -5 18
-4 54 -4 18
-4 54 -3 18
-4 54 -2 18
-4 54 -1 18
-4 54 0 18
-4 54 1 18
-4 54 2 18
-4 54 3 18
-4 54 4 18
-4 54 5 18
-4 54 6 18
-4 54 7 9
-4 54 8 9
-3 54 -9 9
-3 54 -8 16
-3 54 -7 9
-3 54 -6 18
-3 54 -5 18
-3 54 -4 18
-3 54 -3 18
-3 54 -2 18
-3 54 -1 18
-3 54 0 18
-3 54 1 18
-3 54 2 18
-3 54 3 18
-3 54 4 18
-3 54 5 18
-3 54 6 18
-3 54 7 9
-3 54 8 9
-3 54 9 9
-2 54 -9 9
-2 54 -8 9
-2 54 -7 18
-2 54 -6 18
-2 54 -5 18
-2 54 -4 18
-2 54 -3 18
-2 54 -2 18
-2 54 -1 18
-2 54 0 4
-2 54 1 1
-2 54 2 1
-2 54 3 18
-2 54 4 18
-2 54 5 18
-2 54 6 18
-2 54 7 18
-2 54 8 9
-2 54 9 16
-1 54 -14 4
-1 54 -13 9
-1 54 -12 9
-1 54 -9 9
-1 54 -8 9
-1 54 -7 18
-1 54 -6 18
-1 54 -5 18
-1 54 -4 18
-1 54 -3 18
-1 54 -2 18
-1 54 -1 18
-1 54 0 4
-1 54 1 1
-1 54 2 1
-1 54 3 18
-1 54 4 18
-1 54 5 18
-1 54 6 18
-1 54 7 18
-1 54 8 9
-1 54 9 9
0 54 -14 9
0 54 -13 9
0 54 -12 16
0 54 -9 17
0 54 -8 9
0 54 -7 18
0 54 -6 18
0 54 -5 18
0 54 -4 18
0 54 -3 18
0 54 -2 18
0 54 -1 18
0 54 0 17
0 54 1 18
0 54 2 18
0 54 3 18
0 54 4 18
0 54 5 18
0 54 6 18
0 54 7 18
0 54 8 9
0 54 9 17
1 54 -14 4
1 54 -13 9
1 54 -12 16
1 54 -9 9
1 54 -8 9
1 54 -7 18
1 54 -6 18
1 54 -5 18
1 54 -4 18
1 54 -3 18
1 54 -2 18
1 54 -1 18
1 54 0 18
1 54 1 18
1 54 2 18
1 54 3 18
1 54 4 18
1 54 5 18
1 54 6 18
1 54 7 18
1 54 8 16
1 54 9 9
2 54 -9 9
2 54 -8 9
2 54 -7 18
2 54 -6 18
2 54 -5 18
2 54 -4 18
2 54 -3 18
2 54 -2 18
2 54 -1 18
2 54 0 18
2 54 1 18
2 54 2 18
2 54 3 18
2 54 4 18
2 54 5 18
2 54 6 18
2 54 7 18
2 54 8 16
2 54 9 9
3 54 -9 9
3 54 -8 9
3 54 -7 9
3 54 -6 18
3 54 -5 18
3 54 -4 18
3 54 -3 18
3 54 -2 18
3 54 -1 18
3 54 0 18
3 54 1 18
3 54 2 18
3 54 3 18
3 54 4 18
3 54 5 18
3 54 6 18
3 54 7 9
3 54 8 9
3 54 9 9
4 54 -8 9
4 54 -7 16
4 54 -6 18
4 54 -5 18
4 54 -4 18
4 54 -3 18
4 54 -2 18
4 54 -1 18
4 54 0 18
4 54 1 18
4 54 2 18
4 54 3 18
4 54 4 18
4 54 5 18
4 54 6 18
4 54 7 16
4 54 8 9
5 54 -8 9
5 54 -7 9
5 54 -6 9
5 54 -5 18
5 54 -4 18
5 54 -3 18
5 54 -2 18
5 54 -1 18
5 54 0 18
5 54 1 18
5 54 2 18
5 54 3 18
5 54 4 18
5 54 5 18
5 54 6 9
5 54 7 16
5 54 8 9
6 54 -7 17
6 54 -6 16
6 54 -5 9
6 54 -4 18
6 54 -3 18
6 54 -2 18
6 54 -1 18
6 54 0 18
6 54 1 18
6 54 2 18
6 54 3 18
6 54 4 18
6 54 5 16
6 54 6 9
6 54 7 17
7 54 -9 9
7 54 -6 17
7 54 -5 9
7 54 -4 9
7 54 -3 9
7 54 -2 18
7 54 -1 18
7 54 0 18
7 54 1 18
7 54 2 18
7 54 3 9
7 54 4 16
7 54 5 9
7 54 6 17
7 54 9 16
8 54 -10 9
8 54 -9 9
8 54 -8 9
8 54 -5 9
8 54 -4 16
8 54 -3 9
8 54 -2 16
8 54 -1 9
8 54 0 9
8 54 1 16
8 54 2 9
8 54 3 9
8 54 4 9
8 54 5 16
8 54 8 9
8 54 9 9
8 54 10 9
9 54 -10 4
9 54 -9 9
9 54 -8 16
9 54 -7 16
9 54 -3 9
9 54 -2 16
9 54 -1 9
9 54 0 17
9 54 1 9
9 54 2 9
9 54 3 9
9 54 7 9
9 54 8 16
9 54 9 16
9 54 10 5
10 54 -10 9
10 54 -9 7
10 54 -8 16
10 54 8 9
10 54 9 7
10 54 10 16
12 54 -1 9
12 54 0 9
12 54 1 9
13 54 -1 16
13 54 0 9
13 54 1 9
14 54 -1 7
14 54 0 16
14 54 1 7
-14 55 0 0
-13 55 -1 9
-13 55 0 16
-13 55 1 9
-12 55 -1 9
-12 55 0 9
-12 55 1 9
-10 55 -10 4
-10 55 -8 9
-10 55 8 9
-10 55 10 5
-9 55 -9 9
-9 55 -8 9
-9 55 -7 9
-9 55 -3 9
-9 55 -2 16
-9 55 -1 9
-9 55 0 17
-9 55 1 9
-9 55 2 9
-9 55 3 9
-9 55 7 9
-9 55 8 9
-9 55 9 9
-8 55 -10 9
-8 55 -9 9
-8 55 -8 16
-8 55 -5 9
-8 55 -4 9
-8 55 -3 9
-8 55 -2 9
-8 55 -1 9
-8 55 0 9
-8 55 1 9
-8 55 2 9
-8 55 3 9
-8 55 4 9
-8 55 5 9
-8 55 8 9
-8 55 9 9
-8 55 10 9
-7 55 -9 16
-7 55 -6 17
-7 55 -5 9
-7 55 -4 9
-7 55 -3 16
-7 55 -2 18
-7 55 -1 18
-7 55 0 18
-7 55 1 18
-7 55 2 18
-7 55 3 9
-7 55 4 9
-7 55 5 9
-7 55 6 17
-7 55 9 9
-6 55 -7 17
-6 55 -6 9
-6 55 -5 16
-6 55 -4 18
-6 55 -3 18
-6 55 -2 18
-6 55 -1 18
-6 55 0 18
-6 55 1 18
-6 55 2 18
-6 55 3 18
-6 55 4 18
-6 55 5 16
-6 55 6 9
-6 55 7 17
-5 55 -8 9
-5 55 -7 9
-5 55 -6 9
-5 55 -5 18
-5 55 -4 18
-5 55 -3 18
-5 55 -2 18
-5 55 -1 18
-5 55 0 18
-5 55 1 18
-5 55 2 18
-5 55 3 18
-5 55 4 18
-5 55 5 18
-5 55 6 9
-5 55 7 9
-5 55 8 16
-4 55 -8 9
-4 55 -7 9
-4 55 -6 18
-4 55 -5 18
-4 55 -4 18
-4 55 -3 18
-4 55 -2 18
-4 55 -1 18
-4 55 0 18
-4 55 1 18
-4 55 2 18
-4 55 3 18
-4 55 4 18
-4 55 5 18
-4 55 6 18
-4 55 7 16
-4 55 8 16
-3 55 -9 9
-3 55 -8 9
-3 55 -7 16
-3 55 -6 18
-3 55 -5 18
-3 55 -4 18
-3 55 -3 18
-3 55 -2 18
-3 55 -1 18
-3 55 0 18
-3 55 1 18
-3 55 2 18
-3 55 3 18
-3 55 4 18
-3 55 5 18
-3 55 6 18
-3 55 7 9
-3 55 8 9
-3 55 9 9
-2 55 -9 9
-2 55 -8 16
-2 55 -7 18
-2 55 -6 18
-2 55 -5 18
-2 55 -4 18
-2 55 -3 18
-2 55 -2 18
-2 55 -1 18
-2 55 0 18
-2 55 1 18
-2 55 2 18
-2 55 3 18
-2 55 4 18
-2 55 5 18
-2 55 6 18
-2 55 7 18
-2 55 8 9
-2 55 9 9
-1 55 -13 16
-1 55 -12 9
-1 55 -9 16
-1 55 -8 9
-1 55 -7 18
-1 55 -6 18
-1 55 -5 18
-1 55 -4 18
-1 55 -3 18
-1 55 -2 18
-1 55 -1 18
-1 55 0 18
-1 55 1 18
-1 55 2 18
-1 55 3 18
-1 55 4 18
-1 55 5 18
-1 55 6 18
-1 55 7 18
-1 55 8 9
-1 55 9 16
0 55 -14 4
0 55 -13 9
0 55 -12 9
0 55 -9 17
0 55 -8 9
0 55 -7 18
0 55 -6 18
0 55 -5 18
0 55 -4 18
0 55 -3 18
0 55 -2 18
0 55 -1 18
0 55 0 17
0 55 1 0
0 55 2 0
0 55 3 18
0 55 4 18
0 55 5 18
0 55 6 18
0 55 7 18
0 55 8 9
0 55 9 17
1 55 -13 9
1 55 -12 9
1 55 -9 16
1 55 -8 16
1 55 -7 18
1 55 -6 18
1 55 -5 18
1 55 -4 18
1 55 -3 18
1 55 -2 18
1 55 -1 18
1 55 0 18
1 55 1 1
1 55 2 1
1 55 3 18
1 55 4 18
1 55 5 18
1 55 6 18
1 55 7 18
1 55 8 16
1 55 9 16
2 55 -9 9
2 55 -8 16
2 55 -7 18
2 55 -6 18
2 55 -5 18
2 55 -4 18
2 55 -3 18
2 55 -2 18
2 55 -1 18
2 55 0 18
2 55 1 1
2 55 2 1
2 55 3 18
2 55 4 18
2 55 5 18
2 55 6 18
2 55 7 18
2 55 8 9
2 55 9 16
3 55 -9 9
3 55 -8 16
3 55 -7 9
3 55 -6 18
3 55 -5 18
3 55 -4 18
3 55 -3 18
3 55 -2 18
3 55 -1 18
3 55 0 18
3 55 1 18
3 55 2 18
3 55 3 18
3 55 4 18
3 55 5 18
3 55 6 18
3 55 7 16
3 55 8 9
3 55 9 9
4 55 -8 9
4 55 -7 9
4 55 -6 18
4 55 -5 18
4 55 -4 18
4 55 -3 18
4 55 -2 18
4 55 -1 18
4 55 0 18
4 55 1 18
4 55 2 18
4 55 3 18
4 55 4 18
4 55 5 18
4 55 6 18
4 55 7 9
4 55 8 9
5 55 -8 9
5 55 -7 9
5 55 -6 16
5 55 -5 18
5 55 -4 18
5 55 -3 18
5 55 -2 18
5 55 -1 18
5 55 0 18
5 55 1 18
5 55 2 18
5 55 3 18
5 55 4 18
5 55 5 18
5 55 6 9
5 55 7 9
5 55 8 9
6 55 -7 17
6 55 -6 9
6 55 -5 9
6 55 -4 18
6 55 -3 18
6 55 -2 18
6 55 -1 18
6 55 0 18
6 55 1 18
6 55 2 18
6 55 3 18
6 55 4 18
6 55 5 9
6 55 6 9
6 55 7 17
7 55 -9 9
7 55 -6 17
7 55 -5 9
7 55 -4 9
7 55 -3 9
7 55 -2 18
7 55 -1 18
7 55 0 18
7 55 1 18
7 55 2 18
7 55 3 16
7 55 4 9
7 55 5 9
7 55 6 17
7 55 9 16
8 55 -10 9
8 55 -9 9
8 55 -8 9
8 55 -5 9
8 55 -4 9
8 55 -3 9
8 55 -2 9
8 55 -1 9
8 55 0 9
8 55 1 9
8 55 2 16
8 55 3 16
8 55 4 9
8 55 5 16
8 55 8 16
8 55 9 9
8 55 10 9
9 55 -9 9
9 55 -8 9
9 55 -7 9
9 55 -3 9
9 55 -2 9
9 55 -1 9
9 55 0 17
9 55 1 9
9 55 2 9
9 55 3 9
9 55 7 9
9 55 8 9
9 55 9 9
10 55 -10 4
10 55 -8 9
10 55 8 9
10 55 10 5
12 55 -1 9
12 55 0 9
12 55 1 9
13 55 -1 9
13 55 0 9
13 55 1 9
14 55 0 7
-13 56 -1 16
-13 56 0 9
-13 56 1 9
-12 56 -1 16
-12 56 0 9
-12 56 1 16
-10 56 -8 16
-10 56 8 9
-9 56 -9 9
-9 56 -8 9
-9 56 -7 9
-9 56 -3 9
-9 56 -2 9
-9 56 -1 9
-9 56 0 17
-9 56 1 9
-9 56 2 9
-9 56 3 9
-9 56 7 9
-9 56 8 9
-9 56 9 16
-8 56 -10 9
-8 56 -9 9
-8 56 -8 9
-8 56 -5 9
-8 56 -4 9
-8 56 -3 16
-8 56 -2 16
-8 56 -1 9
-8 56 0 9
-8 56 1 9
-8 56 2 9
-8 56 3 9
-8 56 4 9
-8 56 5 9
-8 56 8 9
-8 56 9 9
-8 56 10 9
-7 56 -9 9
-7 56 -6 17
-7 56 -5 16
-7 56 -4 9
-7 56 -3 9
-7 56 -2 18
-7 56 -1 18
-7 56 0 18
-7 56 1 18
-7 56 2 18
-7 56 3 16
-7 56 4 16
-7 56 5 9
-7 56 6 17
-7 56 9 9
-6 56 -7 17
-6 56 -6 9
-6 56 -5 9
-6 56 -4 18
-6 56 -3 18
-6 56 -2 18
-6 56 -1 18
-6 56 0 18
-6 56 1 18
-6 56 2 18
-6 56 3 18
-6 56 4 18
-6 56 5 9
-6 56 6 9
-6 56 7 17
-5 56 -8 9
-5 56 -7 9
-5 56 -6 9
-5 56 -5 18
-5 56 -4 18
-5 56 -3 18
-5 56 -2 18
-5 56 -1 18
-5 56 0 18
-5 56 1 18
-5 56 2 18
-5 56 3 18
-5 56 4 18
-5 56 5 18
-5 56 6 9
-5 56 7 9
-5 56 8 9
-4 56 -8 9
-4 56 -7 16
-4 56 -6 18
-4 56 -5 18
-4 56 -4 18
-4 56 -3 18
-4 56 -2 18
-4 56 -1 18
-4 56 0 18
-4 56 1 18
-4 56 2 18
-4 56 3 18
-4 56 4 18
-4 56 5 18
-4 56 6 18
-4 56 7 9
-4 56 8 9
-3 56 -9 16
-3 56 -8 9
-3 56 -7 16
-3 56 -6 18
-3 56 -5 18
-3 56 -4 18
-3 56 -3 18
-3 56 -2 18
-3 56 -1 18
-3 56 0 18
-3 56 1 18
-3 56 2 18
-3 56 3 18
-3 56 4 18
-3 56 5 18
-3 56 6 18
-3 56 7 9
-3 56 8 9
-3 56 9 9
-2 56 -9 9
-2 56 -8 16
-2 56 -7 18
-2 56 -6 18
-2 56 -5 18
-2 56 -4 18
-2 56 -3 18
-2 56 -2 18
-2 56 -1 18
-2 56 0 18
-2 56 1 18
-2 56 2 18
-2 56 3 18
-2 56 4 18
-2 56 5 18
-2 56 6 18
-2 56 7 18
-2 56 8 9
-2 56 9 9
-1 56 -13 9
-1 56 -12 16
-1 56 -9 9
-1 56 -8 16
-1 56 -7 18
-1 56 -6 18
-1 56 -5 18
-1 56 -4 18
-1 56 -3 18
-1 56 -2 18
-1 56 -1 18
-1 56 0 18
-1 56 1 18
-1 56 2 18
-1 56 3 18
-1 56 4 18
-1 56 5 18
-1 56 6 18
-1 56 7 18
-1 56 8 9
-1 56 9 16
0 56 -13 16
0 56 -12 9
0 56 -9 17
0 56 -8 9
0 56 -7 18
0 56 -6 18
0 56 -5 18
0 56 -4 18
0 56 -3 18
0 56 -2 18
0 56 -1 18
0 56 0 17
0 56 1 18
0 56 2 18
0 56 3 18
0 56 4 18
0 56 5 18
0 56 6 18
0 56 7 18
0 56 8 9
0 56 9 17
1 56 -13 9
1 56 -12 9
1 56 -9 16
1 56 -8 9
1 56 -7 18
1 56 -6 18
1 56 -5 18
1 56 -4 18
1 56 -3 18
1 56 -2 1
1 56 -1 1
1 56 0 5
1 56 1 18
1 56 2 18
1 56 3 18
1 56 4 18
1 56 5 18
1 56 6 18
1 56 7 18
1 56 8 9
1 56 9 9
2 56 -9 9
2 56 -8 16
2 56 -7 18
2 56 -6 18
2 56 -5 18
2 56 -4 18
2 56 -3 18
2 56 -2 1
2 56 -1 1
2 56 0 5
2 56 1 18
2 56 2 18
2 56 3 18
2 56 4 18
2 56 5 18
2 56 6 18
2 56 7 18
2 56 8 9
2 56 9 9
3 56 -9 9
3 56 -8 16
3 56 -7 9
3 56 -6 18
3 56 -5 18
3 56 -4 18
3 56 -3 18
3 56 -2 18
3 56 -1 18
3 56 0 18
3 56 1 18
3 56 2 18
3 56 3 18
3 56 4 18
3 56 5 18
3 56 6 18
3 56 7 16
3 56 8 9
3 56 9 16
4 56 -8 16
4 56 -7 9
4 56 -6 18
4 56 -5 18
4 56 -4 18
4 56 -3 18
4 56 -2 18
4 56 -1 18
4 56 0 18
4 56 1 18
4 56 2 18
4 56 3 18
4 56 4 18
4 56 5 18
4 56 6 18
4 56 7 9
4 56 8 9
5 56 -8 9
5 56 -7 9
5 56 -6 16
5 56 -5 18
5 56 -4 18
5 56 -3 18
5 56 -2 18
5 56 -1 18
5 56 0 18
5 56 1 18
5 56 2 18
5 56 3 18
5 56 4 18
5 56 5 18
5 56 6 9
5 56 7 9
5 56 8 16
6 56 -7 17
6 56 -6 9
6 56 -5 9
6 56 -4 18
6 56 -3 18
6 56 -2 18
6 56 -1 18
6 56 0 18
6 56 1 18
6 56 2 18
6 56 3 18
6 56 4 18
6 56 5 9
6 56 6 9
6 56 7 17
7 56 -9 9
7 56 -6 17
7 56 -5 9
7 56 -4 9
7 56 -3 16
7 56 -2 18
7 56 -1 18
7 56 0 18
7 56 1 18
7 56 2 18
7 56 3 9
7 56 4 16
7 56 5 16
7 56 6 17
7 56 9 9
8 56 -10 9
8 56 -9 16
8 56 -8 9
8 56 -5 16
8 56 -4 9
8 56 -3 16
8 56 -2 16
8 56 -1 16
8 56 0 9
8 56 1 9
8 56 2 9
8 56 3 9
8 56 4 9
8 56 5 9
8 56 8 9
8 56 9 9
8 56 10 9
9 56 -9 16
9 56 -8 9
9 56 -7 9
9 56 -3 9
9 56 -2 16
9 56 -1 9
9 56 0 17
9 56 1 9
9 56 2 16
9 56 3 9
9 56 7 9
9 56 8 9
9 56 9 9
10 56 -8 9
10 56 8 9
12 56 -1 9
12 56 0 9
12 56 1 9
13 56 -1 9
13 56 0 9
13 56 1 16
-13 57 -1 0
-13 57 0 9
-13 57 1 0
-12 57 -1 16
-12 57 0 9
-12 57 1 16
-10 57 -8 9
-10 57 8 9
-9 57 -9 9
-9 57 -8 9
-9 57 -7 9
-9 57 -3 9
-9 57 -2 9
-9 57 -1 9
-9 57 0 17
-9 57 1 9
-9 57 2 16
-9 57 3 16
-9 57 7 9
-9 57 8 9
-9 57 9 9
-8 57 -10 9
-8 57 -9 9
-8 57 -8 9
-8 57 -5 9
-8 57 -4 16
-8 57 -3 16
-8 57 -2 16
-8 57 -1 9
-8 57 0 9
-8 57 1 9
-8 57 2 9
-8 57 3 9
-8 57 4 16
-8 57 5 9
-8 57 8 16
-8 57 9 9
-8 57 10 9
-7 57 -9 16
-7 57 -6 17
-7 57 -5 9
-7 57 -4 9
-7 57 -3 9
-7 57 -2 18
-7 57 -1 18
-7 57 0 18
-7 57 1 18
-7 57 2 18
-7 57 3 16
-7 57 4 9
-7 57 5 9
-7 57 6 17
-7 57 9 9
-6 57 -7 17
-6 57 -6 9
-6 57 -5 16
-6 57 -4 18
-6 57 -3 18
-6 57 -2 18
-6 57 -1 18
-6 57 0 18
-6 57 1 18
-6 57 2 18
-6 57 3 18
-6 57 4 18
-6 57 5 9
-6 57 6 9
-6 57 7 17
-5 57 -8 9
-5 57 -7 9
-5 57 -6 16
-5 57 -5 18
-5 57 -4 18
-5 57 -3 18
-5 57 -2 18
-5 57 -1 18
-5 57 0 18
-5 57 1 18
-5 57 2 18
-5 57 3 18
-5 57 4 18
-5 57 5 18
-5 57 6 9
-5 57 7 9
-5 57 8 16
-4 57 -8 16
-4 57 -7 9
-4 57 -6 18
-4 57 -5 18
-4 57 -4 18
-4 57 -3 18
-4 57 -2 18
-4 57 -1 18
-4 57 0 18
-4 57 1 18
-4 57 2 18
-4 57 3 18
-4 57 4 18
-4 57 5 18
-4 57 6 18
-4 57 7 9
-4 57 8 16
-3 57 -9 16
-3 57 -8 9
-3 57 -7 9
-3 57 -6 18
-3 57 -5 18
-3 57 -4 18
-3 57 -3 18
-3 57 -2 18
-3 57 -1 18
-3 57 0 18
-3 57 1 18
-3 57 2 18
-3 57 3 18
-3 57 4 18
-3 57 5 18
-3 57 6 18
-3 57 7 16
-3 57 8 9
-3 57 9 9
-2 57 -9 9
-2 57 -8 16
-2 57 -7 18
-2 57 -6 18
-2 57 -5 18
-2 57 -4 18
-2 57 -3 18
-2 57 -2 1
-2 57 -1 1
-2 57 0 18
-2 57 1 18
-2 57 2 18
-2 57 3 18
-2 57 4 18
-2 57 5 18
-2 57 6 18
-2 57 7 18
-2 57 8 9
-2 57 9 9
-1 57 -13 4
-1 57 -12 9
-1 57 -9 9
-1 57 -8 16
-1 57 -7 18
-1 57 -6 18
-1 57 -5 18
-1 57 -4 18
-1 57 -3 18
-1 57 -2 1
-1 57 -1 1
-1 57 0 18
-1 57 1 18
-1 57 2 18
-1 57 3 18
-1 57 4 18
-1 57 5 18
-1 57 6 18
-1 57 7 18
-1 57 8 9
-1 57 9 16
0 57 -13 9
0 57 -12 16
0 57 -9 17
0 57 -8 16
0 57 -7 18
0 57 -6 18
0 57 -5 18
0 57 -4 18
0 57 -3 18
0 57 -2 7
0 57 -1 7
0 57 0 17
0 57 1 18
0 57 2 18
0 57 3 18
0 57 4 18
0 57 5 18
0 57 6 18
0 57 7 18
0 57 8 9
0 57 9 17
1 57 -13 4
1 57 -12 16
1 57 -9 16
1 57 -8 16
1 57 -7 18
1 57 -6 18
1 57 -5 18
1 57 -4 18
1 57 -3 18
1 57 -2 18
1 57 -1 18
1 57 0 18
1 57 1 18
1 57 2 18
1 57 3 18
1 57 4 18
1 57 5 18
1 57 6 18
1 57 7 18
1 57 8 9
1 57 9 9
2 57 -9 9
2 57 -8 9
2 57 -7 18
2 57 -6 18
2 57 -5 18
2 57 -4 18
2 57 -3 18
2 57 -2 18
2 57 -1 18
2 57 0 18
2 57 1 18
2 57 2 18
2 57 3 18
2 57 4 18
2 57 5 18
2 57 6 18
2 57 7 18
2 57 8 9
2 57 9 9
3 57 -9 9
3 57 -8 9
3 57 -7 16
3 57 -6 18
3 57 -5 18
3 57 -4 18
3 57 -3 18
3 57 -2 18
3 57 -1 18
3 57 0 18
3 57 1 18
3 57 2 18
3 57 3 18
3 57 4 18
3 57 5 18
3 57 6 18
3 57 7 9
3 57 8 9
3 57 9 16
4 57 -8 9
4 57 -7 9
4 57 -6 18
4 57 -5 18
4 57 -4 18
4 57 -3 18
4 57 -2 18
4 57 -1 18
4 57 0 18
4 57 1 18
4 57 2 18
4 57 3 18
4 57 4 18
4 57 5 18
4 57 6 18
4 57 7 9
4 57 8 9
5 57 -8 9
5 57 -7 9
5 57 -6 9
5 57 -5 18
5 57 -4 18
5 57 -3 18
5 57 -2 18
5 57 -1 18
5 57 0 18
5 57 1 18
5 57 2 18
5 57 3 18
5 57 4 18
5 57 5 18
5 57 6 9
5 57 7 9
5 57 8 9
6 57 -7 17
6 57 -6 9
6 57 -5 16
6 57 -4 18
6 57 -3 18
6 57 -2 18
6 57 -1 18
6 57 0 18
6 57 1 18
6 57 2 18
6 57 3 18
6 57 4 18
6 57 5 9
6 57 6 9
6 57 7 17
7 57 -9 9
7 57 -6 17
7 57 -5 9
7 57 -4 16
7 57 -3 16
7 57 -2 18
7 57 -1 18
7 57 0 18
7 57 1 18
7 57 2 18
7 57 3 9
7 57 4 9
7 57 5 9
7 57 6 17
7 57 9 16
8 57 -10 9
8 57 -9 9
8 57 -8 16
8 57 -5 16
8 57 -4 9
8 57 -3 9
8 57 -2 9
8 57 -1 9
8 57 0 9
8 57 1 9
8 57 2 9
8 57 3 9
8 57 4 9
8 57 5 16
8 57 8 9
8 57 9 9
8 57 10 9
9 57 -9 9
9 57 -8 9
9 57 -7 9
9 57 -3 16
9 57 -2 9
9 57 -1 9
9 57 0 17
9 57 1 9
9 57 2 9
9 57 3 9
9 57 7 9
9 57 8 9
9 57 9 9
10 57 -8 9
10 57 8 9
12 57 -1 9
12 57 0 9
12 57 1 9
13 57 -1 7
13 57 0 9
13 57 1 7
-13 58 0 0
-12 58 -1 9
-12 58 0 9
-12 58 1 9
-10 58 -8 9
-10 58 8 9
-9 58 -9 9
-9 58 -8 9
-9 58 -7 9
-9 58 -3 9
-9 58 -2 9
-9 58 -1 9
-9 58 0 17
-9 58 1 9
-9 58 2 9
-9 58 3 9
-9 58 7 9
-9 58 8 9
-9 58 9 9
-8 58 -10 16
-8 58 -9 9
-8 58 -8 9
-8 58 -5 9
-8 58 -4 9
-8 58 -3 9
-8 58 -2 9
-8 58 -1 9
-8 58 0 9
-8 58 1 9
-8 58 2 9
-8 58 3 9
-8 58 4 16
-8 58 5 16
-8 58 8 9
-8 58 9 16
-8 58 10 9
-7 58 -9 9
-7 58 -6 17
-7 58 -5 9
-7 58 -4 9
-7 58 -3 9
-7 58 -2 18
-7 58 -1 18
-7 58 0 18
-7 58 1 18
-7 58 2 18
-7 58 3 9
-7 58 4 9
-7 58 5 9
-7 58 6 17
-7 58 9 9
-6 58 -7 17
-6 58 -6 9
-6 58 -5 9
-6 58 -4 18
-6 58 -3 18
-6 58 -2 18
-6 58 -1 18
-6 58 0 18
-6 58 1 18
-6 58 2 18
-6 58 3 18
-6 58 4 18
-6 58 5 9
-6 58 6 9
-6 58 7 17
-5 58 -8 16
-5 58 -7 16
-5 58 -6 16
-5 58 -5 18
-5 58 -4 18
-5 58 -3 18
-5 58 -2 18
-5 58 -1 18
-5 58 0 18
-5 58 1 18
-5 58 2 18
-5 58 3 18
-5 58 4 18
-5 58 5 18
-5 58 6 9
-5 58 7 9
-5 58 8 16
-4 58 -8 9
-4 58 -7 9
-4 58 -6 18
-4 58 -5 18
-4 58 -4 18
-4 58 -3 18
-4 58 -2 18
-4 58 -1 18
-4 58 0 18
-4 58 1 18
-4 58 2 18
-4 58 3 18
-4 58 4 18
-4 58 5 18
-4 58 6 18
-4 58 7 9
-4 58 8 16
-3 58 -9 16
-3 58 -8 9
-3 58 -7 16
-3 58 -6 18
-3 58 -5 18
-3 58 -4 18
-3 58 -3 18
-3 58 -2 18
-3 58 -1 18
-3 58 0 18
-3 58 1 18
-3 58 2 18
-3 58 3 18
-3 58 4 18
-3 58 5 18
-3 58 6 18
-3 58 7 9
-3 58 8 9
-3 58 9 16
-2 58 -9 9
-2 58 -8 9
-2 58 -7 18
-2 58 -6 18
-2 58 -5 18
-2 58 -4 18
-2 58 -3 18
-2 58 -2 18
-2 58 -1 18
-2 58 0 4
-2 58 1 1
-2 58 2 1
-2 58 3 18
-2 58 4 18
-2 58 5 18
-2 58 6 18
-2 58 7 18
-2 58 8 16
-2 58 9 9
-1 58 -12 9
-1 58 -9 9
-1 58 -8 16
-1 58 -7 18
-1 58 -6 18
-1 58 -5 18
-1 58 -4 18
-1 58 -3 18
-1 58 -2 18
-1 58 -1 18
-1 58 0 4
-1 58 1 1
-1 58 2 1
-1 58 3 18
-1 58 4 18
-1 58 5 18
-1 58 6 18
-1 58 7 18
-1 58 8 9
-1 58 9 16
0 58 -13 4
0 58 -12 9
0 58 -9 17
0 58 -8 9
0 58 -7 18
0 58 -6 18
0 58 -5 18
0 58 -4 18
0 58 -3 18
0 58 -2 18
0 58 -1 18
0 58 0 17
0 58 1 18
0 58 2 18
0 58 3 18
0 58 4 18
0 58 5 18
0 58 6 18
0 58 7 18
0 58 8 9
0 58 9 17
1 58 -12 9
1 58 -9 16
1 58 -8 9
1 58 -7 18
1 58 -6 18
1 58 -5 18
1 58 -4 18
1 58 -3 18
1 58 -2 18
1 58 -1 18
1 58 0 18
1 58 1 18
1 58 2 18
1 58 3 18
1 58 4 18
1 58 5 18
1 58 6 18
1 58 7 18
1 58 8 9
1 58 9 9
2 58 -9 9
2 58 -8 9
2 58 -7 18
2 58 -6 18
2 58 -5 18
2 58 -4 18
2 58 -3 18
2 58 -2 18
2 58 -1 18
2 58 0 18
2 58 1 18
2 58 2 18
2 58 3 18
2 58 4 18
2 58 5 18
2 58 6 18
2 58 7 18
2 58 8 16
2 58 9 9
3 58 -9 16
3 58 -8 9
3 58 -7 9
3 58 -6 18
3 58 -5 18
3 58 -4 18
3 58 -3 18
3 58 -2 18
3 58 -1 18
3 58 0 18
3 58 1 18
3 58 2 18
3 58 3 18
3 58 4 18
3 58 5 18
3 58 6 18
3 58 7 16
3 58 8 16
3 58 9 16
4 58 -8 9
4 58 -7 16
4 58 -6 18
4 58 -5 18
4 58 -4 18
4 58 -3 18
4 58 -2 18
4 58 -1 18
4 58 0 18
4 58 1 18
4 58 2 18
4 58 3 18
4 58 4 18
4 58 5 18
4 58 6 18
4 58 7 9
4 58 8 16
5 58 -8 9
5 58 -7 9
5 58 -6 16
5 58 -5 18
5 58 -4 18
5 58 -3 18
5 58 -2 18
5 58 -1 18
5 58 0 18
5 58 1 18
5 58 2 18
5 58 3 18
5 58 4 18
5 58 5 18
5 58 6 9
5 58 7 16
5 58 8 16
6 58 -7 17
6 58 -6 9
6 58 -5 16
6 58 -4 18
6 58 -3 18
6 58 -2 18
6 58 -1 18
6 58 0 18
6 58 1 18
6 58 2 18
6 58 3 18
6 58 4 18
6 58 5 9
6 58 6 9
6 58 7 17
7 58 -9 9
7 58 -6 17
7 58 -5 9
7 58 -4 9
7 58 -3 9
7 58 -2 18
7 58 -1 18
7 58 0 18
7 58 1 18
7 58 2 18
7 58 3 9
7 58 4 16
7 58 5 9
7 58 6 17
7 58 9 9
8 58 -10 16
8 58 -9 9
8 58 -8 9
8 58 -5 9
8 58 -4 9
8 58 -3 9
8 58 -2 9
8 58 -1 9
8 58 0 16
8 58 1 9
8 58 2 9
8 58 3 9
8 58 4 16
8 58 5 9
8 58 8 9
8 58 9 16
8 58 10 9
9 58 -9 9
9 58 -8 9
9 58 -7 9
9 58 -3 9
9 58 -2 9
9 58 -1 9
9 58 0 17
9 58 1 9
9 58 2 16
9 58 3 9
9 58 7 9
9 58 8 9
9 58 9 9
10 58 -8 16
10 58 8 9
12 58 -1 16
12 58 0 9
12 58 1 16
13 58 0 7
-12 59 -1 9
-12 59 0 9
-12 59 1 9
-10 59 -8 0
-10 59 8 0
-9 59 -9 9
-9 59 -8 9
-9 59 -7 9
-9 59 -3 9
-9 59 -2 9
-9 59 -1 16
-9 59 0 17
-9 59 1 9
-9 59 2 9
-9 59 3 9
-9 59 7 16
-9 59 8 16
-9 59 9 9
-8 59 -10 4
-8 59 -9 16
-8 59 -8 9
-8 59 -5 9
-8 59 -4 9
-8 59 -3 9
-8 59 -2 9
-8 59 -1 16
-8 59 0 9
-8 59 1 9
-8 59 2 16
-8 59 3 9
-8 59 4 9
-8 59 5 9
-8 59 8 9
-8 59 9 9
-8 59 10 5
-7 59 -9 9
-7 59 -6 17
-7 59 -5 9
-7 59 -4 9
-7 59 -3 9
-7 59 -2 18
-7 59 -1 18
-7 59 0 18
-7 59 1 18
-7 59 2 18
-7 59 3 9
-7 59 4 9
-7 59 5 9
-7 59 6 17
-7 59 9 9
-6 59 -7 17
-6 59 -6 9
-6 59 -5 16
-6 59 -4 18
-6 59 -3 18
-6 59 -2 18
-6 59 -1 18
-6 59 0 18
-6 59 1 18
-6 59 2 18
-6 59 3 18
-6 59 4 18
-6 59 5 9
-6 59 6 9
-6 59 7 17
-5 59 -8 9
-5 59 -7 9
-5 59 -6 9
-5 59 -5 18
-5 59 -4 18
-5 59 -3 18
-5 59 -2 18
-5 59 -1 18
-5 59 0 18
-5 59 1 18
-5 59 2 18
-5 59 3 18
-5 59 4 18
-5 59 5 18
-5 59 6 9
-5 59 7 9
-5 59 8 9
-4 59 -8 9
-4 59 -7 9
-4 59 -6 18
-4 59 -5 18
-4 59 -4 18
-4 59 -3 18
-4 59 -2 18
-4 59 -1 18
-4 59 0 18
-4 59 1 18
-4 59 2 18
-4 59 3 18
-4 59 4 18
-4 59 5 18
-4 59 6 18
-4 59 7 16
-4 59 8 9
-3 59 -9 9
-3 59 -8 9
-3 59 -7 16
-3 59 -6 18
-3 59 -5 18
-3 59 -4 18
-3 59 -3 18
-3 59 -2 18
-3 59 -1 18
-3 59 0 18
-3 59 1 18
-3 59 2 18
-3 59 3 18
-3 59 4 18
-3 59 5 18
-3 59 6 18
-3 59 7 9
-3 59 8 9
-3 59 9 16
-2 59 -9 16
-2 59 -8 9
-2 59 -7 18
-2 59 -6 18
-2 59 -5 18
-2 59 -4 18
-2 59 -3 18
-2 59 -2 18
-2 59 -1 18
-2 59 0 18
-2 59 1 18
-2 59 2 18
-2 59 3 18
-2 59 4 18
-2 59 5 18
-2 59 6 18
-2 59 7 18
-2 59 8 9
-2 59 9 16
-1 59 -12 16
-1 59 -9 9
-1 59 -8 9
-1 59 -7 18
-1 59 -6 18
-1 59 -5 18
-1 59 -4 18
-1 59 -3 18
-1 59 -2 18
-1 59 -1 18
-1 59 0 18
-1 59 1 18
-1 59 2 18
-1 59 3 18
-1 59 4 18
-1 59 5 18
-1 59 6 18
-1 59 7 18
-1 59 8 9
-1 59 9 9
0 59 -12 16
0 59 -9 17
0 59 -8 9
0 59 -7 18
0 59 -6 18
0 59 -5 18
0 59 -4 18
0 59 -3 18
0 59 -2 18
0 59 -1 18
0 59 0 17
0 59 1 0
0 59 2 0
0 59 3 18
0 59 4 18
0 59 5 18
0 59 6 18
0 59 7 18
0 59 8 16
0 59 9 17
1 59 -12 16
1 59 -9 9
1 59 -8 9
1 59 -7 18
1 59 -6 18
1 59 -5 18
1 59 -4 18
1 59 -3 18
1 59 -2 18
1 59 -1 18
1 59 0 18
1 59 1 1
1 59 2 1
1 59 3 18
1 59 4 18
1 59 5 18
1 59 6 18
1 59 7 18
1 59 8 9
1 59 9 9
2 59 -9 9
2 59 -8 9
2 59 -7 18
2 59 -6 18
2 59 -5 18
2 59 -4 18
2 59 -3 18
2 59 -2 18
2 59 -1 18
2 59 0 18
2 59 1 1
2 59 2 1
2 59 3 18
2 59 4 18
2 59 5 18
2 59 6 18
2 59 7 18
2 59 8 9
2 59 9 9
3 59 -9 16
3 59 -8 9
3 59 -7 9
3 59 -6 18
3 59 -5 18
3 59 -4 18
3 59 -3 18
3 59 -2 18
3 59 -1 18
3 59 0 18
3 59 1 18
3 59 2 18
3 59 3 18
3 59 4 18
3 59 5 18
3 59 6 18
3 59 7 16
3 59 8 9
3 59 9 9
4 59 -8 16
4 59 -7 16
4 59 -6 18
4 59 -5 18
4 59 -4 18
4 59 -3 18
4 59 -2 18
4 59 -1 18
4 59 0 18
4 59 1 18
4 59 2 18
4 59 3 18
4 59 4 18
4 59 5 18
4 59 6 18
4 59 7 9
4 59 8 9
5 59 -8 9
5 59 -7 9
5 59 -6 16
5 59 -5 18
5 59 -4 18
5 59 -3 18
5 59 -2 18
5 59 -1 18
5 59 0 18
5 59 1 18
5 59 2 18
5 59 3 18
5 59 4 18
5 59 5 18
5 59 6 9
5 59 7 9
5 59 8 9
6 59 -7 17
6 59 -6 9
6 59 -5 9
6 59 -4 18
6 59 -3 18
6 59 -2 18
6 59 -1 18
6 59 0 18
6 59 1 18
6 59 2 18
6 59 3 18
6 59 4 18
6 59 5 9
6 59 6 9
6 59 7 17
7 59 -9 9
7 59 -6 17
7 59 -5 9
7 59 -4 9
7 59 -3 9
7 59 -2 18
7 59 -1 18
7 59 0 18
7 59 1 18
7 59 2 18
7 59 3 9
7 59 4 9
7 59 5 9
7 59 6 17
7 59 9 9
8 59 -10 4
8 59 -9 9
8 59 -8 9
8 59 -5 9
8 59 -4 9
8 59 -3 16
8 59 -2 9
8 59 -1 9
8 59 0 9
8 59 1 9
8 59 2 16
8 59 3 9
8 59 4 16
8 59 5 16
8 59 8 9
8 59 9 9
8 59 10 5
9 59 -9 9
9 59 -8 16
9 59 -7 16
9 59 -3 9
9 59 -2 9
9 59 -1 9
9 59 0 17
9 59 1 16
9 59 2 9
9 59 3 9
9 59 7 9
9 59 8 9
9 59 9 9
10 59 -8 7
10 59 8 7
12 59 -1 9
12 59 0 9
12 59 1 9
-12 60 -1 9
-12 60 0 9
-12 60 1 9
-9 60 -9 4
-9 60 -8 16
-9 60 -7 16
-9 60 -3 9
-9 60 -2 9
-9 60 -1 16
-9 60 0 17
-9 60 1 9
-9 60 2 9
-9 60 3 9
-9 60 7 9
-9 60 8 9
-9 60 9 5
-8 60 -9 16
-8 60 -8 9
-8 60 -5 9
-8 60 -4 16
-8 60 -3 9
-8 60 -2 16
-8 60 -1 9
-8 60 0 9
-8 60 1 9
-8 60 2 16
-8 60 3 9
-8 60 4 9
-8 60 5 9
-8 60 8 9
-8 60 9 9
-7 60 -9 16
-7 60 -6 17
-7 60 -5 9
-7 60 -4 9
-7 60 -3 9
-7 60 -2 18
-7 60 -1 18
-7 60 0 18
-7 60 1 18
-7 60 2 18
-7 60 3 9
-7 60 4 16
-7 60 5 9
-7 60 6 17
-7 60 9 9
-6 60 -7 17
-6 60 -6 9
-6 60 -5 9
-6 60 -4 18
-6 60 -3 18
-6 60 -2 18
-6 60 -1 18
-6 60 0 18
-6 60 1 18
-6 60 2 18
-6 60 3 18
-6 60 4 18
-6 60 5 9
-6 60 6 9
-6 60 7 17
-5 60 -8 9
-5 60 -7 9
-5 60 -6 9
-5 60 -5 18
-5 60 -4 18
-5 60 -3 18
-5 60 -2 18
-5 60 -1 18
-5 60 0 18
-5 60 1 18
-5 60 2 18
-5 60 3 18
-5 60 4 18
-5 60 5 18
-5 60 6 9
-5 60 7 9
-5 60 8 16
-4 60 -8 16
-4 60 -7 9
-4 60 -6 18
-4 60 -5 18
-4 60 -4 18
-4 60 -3 18
-4 60 -2 18
-4 60 -1 18
-4 60 0 18
-4 60 1 18
-4 60 2 18
-4 60 3 18
-4 60 4 18
-4 60 5 18
-4 60 6 18
-4 60 7 9
-4 60 8 9
-3 60 -9 9
-3 60 -8 9
-3 60 -7 9
-3 60 -6 18
-3 60 -5 18
-3 60 -4 18
-3 60 -3 18
-3 60 -2 18
-3 60 -1 18
-3 60 0 18
-3 60 1 18
-3 60 2 18
-3 60 3 18
-3 60 4 18
-3 60 5 18
-3 60 6 18
-3 60 7 16
-3 60 8 9
-3 60 9 9
-2 60 -9 16
-2 60 -8 9
-2 60 -7 18
-2 60 -6 18
-2 60 -5 18
-2 60 -4 18
-2 60 -3 18
-2 60 -2 18
-2 60 -1 18
-2 60 0 18
-2 60 1 18
-2 60 2 18
-2 60 3 18
-2 60 4 18
-2 60 5 18
-2 60 6 18
-2 60 7 18
-2 60 8 9
-2 60 9 9
-1 60 -12 16
-1 60 -9 9
-1 60 -8 9
-1 60 -7 18
-1 60 -6 18
-1 60 -5 18
-1 60 -4 18
-1 60 -3 18
-1 60 -2 18
-1 60 -1 18
-1 60 0 18
-1 60 1 18
-1 60 2 18
-1 60 3 18
-1 60 4 18
-1 60 5 18
-1 60 6 18
-1 60 7 18
-1 60 8 9
-1 60 9 9
0 60 -12 9
0 60 -9 17
0 60 -8 9
0 60 -7 18
0 60 -6 18
0 60 -5 18
0 60 -4 18
0 60 -3 18
0 60 -2 18
0 60 -1 18
0 60 0 17
0 60 1 18
0 60 2 18
0 60 3 18
0 60 4 18
0 60 5 18
0 60 6 18
0 60 7 18
0 60 8 9
0 60 9 17
1 60 -12 9
1 60 -9 9
1 60 -8 9
1 60 -7 18
1 60 -6 18
1 60 -5 18
1 60 -4 18
1 60 -3 18
1 60 -2 1
1 60 -1 1
1 60 0 5
1 60 1 18
1 60 2 18
1 60 3 18
1 60 4 18
1 60 5 18
1 60 6 18
1 60 7 18
1 60 8 9
1 60 9 9
2 60 -9 9
2 60 -8 9
2 60 -7 18
2 60 -6 18
2 60 -5 18
2 60 -4 18
2 60 -3 18
2 60 -2 1
2 60 -1 1
2 60 0 5
2 60 1 18
2 60 2 18
2 60 3 18
2 60 4 18
2 60 5 18
2 60 6 18
2 60 7 18
2 60 8 9
2 60 9 9
3 60 -9 9
3 60 -8 16
3 60 -7 16
3 60 -6 18
3 60 -5 18
3 60 -4 18
3 60 -3 18
3 60 -2 18
3 60 -1 18
3 60 0 18
3 60 1 18
3 60 2 18
3 60 3 18
3 60 4 18
3 60 5 18
3 60 6 18
3 60 7 9
3 60 8 9
3 60 9 9
4 60 -8 9
4 60 -7 9
4 60 -6 18
4 60 -5 18
4 60 -4 18
4 60 -3 18
4 60 -2 18
4 60 -1 18
4 60 0 18
4 60 1 18
4 60 2 18
4 60 3 18
4 60 4 18
4 60 5 18
4 60 6 18
4 60 7 9
4 60 8 9
5 60 -8 9
5 60 -7 9
5 60 -6 16
5 60 -5 18
5 60 -4 18
5 60 -3 18
5 60 -2 18
5 60 -1 18
5 60 0 18
5 60 1 18
5 60 2 18
5 60 3 18
5 60 4 18
5 60 5 18
5 60 6 9
5 60 7 9
5 60 8 9
6 60 -7 17
6 60 -6 9
6 60 -5 9
6 60 -4 18
6 60 -3 18
6 60 -2 18
6 60 -1 18
6 60 0 18
6 60 1 18
6 60 2 18
6 60 3 18
6 60 4 18
6 60 5 16
6 60 6 9
6 60 7 17
7 60 -9 9
7 60 -6 17
7 60 -5 9
7 60 -4 9
7 60 -3 9
7 60 -2 18
7 60 -1 18
7 60 0 18
7 60 1 18
7 60 2 18
7 60 3 9
7 60 4 9
7 60 5 9
7 60 6 17
7 60 9 16
8 60 -9 9
8 60 -8 9
8 60 -5 16
8 60 -4 9
8 60 -3 9
8 60 -2 9
8 60 -1 16
8 60 0 9
8 60 1 9
8 60 2 9
8 60 3 16
8 60 4 9
8 60 5 9
8 60 8 9
8 60 9 9
9 60 -9 4
9 60 -8 9
9 60 -7 9
9 60 -3 9
9 60 -2 9
9 60 -1 9
9 60 0 17
9 60 1 16
9 60 2 9
9 60 3 9
9 60 7 16
9 60 8 16
9 60 9 5
12 60 -1 9
12 60 0 9
12 60 1 16
-12 61 -1 16
-12 61 0 16
-12 61 1 16
-9 61 -8 0
-9 61 -7 9
-9 61 -3 16
-9 61 -2 16
-9 61 -1 9
-9 61 0 17
-9 61 1 9
-9 61 2 9
-9 61 3 16
-9 61 7 9
-9 61 8 0
-8 61 -9 4
-8 61 -8 9
-8 61 -5 9
-8 61 -4 9
-8 61 -3 16
-8 61 -2 16
-8 61 -1 9
-8 61 0 16
-8 61 1 16
-8 61 2 9
-8 61 3 9
-8 61 4 16
-8 61 5 16
-8 61 8 9
-8 61 9 5
-7 61 -9 9
-7 61 -6 17
-7 61 -5 9
-7 61 -4 9
-7 61 -3 9
-7 61 -2 1
-7 61 -1 1
-7 61 0 1
-7 61 1 1
-7 61 2 1
-7 61 3 9
-7 61 4 9
-7 61 5 9
-7 61 6 17
-7 61 9 9
-6 61 -7 17
-6 61 -6 9
-6 61 -5 9
-6 61 -4 1
-6 61 -3 1
-6 61 -2 1
-6 61 -1 1
-6 61 0 1
-6 61 1 1
-6 61 2 1
-6 61 3 1
-6 61 4 1
-6 61 5 9
-6 61 6 9
-6 61 7 17
-5 61 -8 9
-5 61 -7 16
-5 61 -6 9
-5 61 -5 1
-5 61 -4 1
-5 61 -3 1
-5 61 -2 1
-5 61 -1 1
-5 61 0 1
-5 61 1 1
-5 61 2 1
-5 61 3 1
-5 61 4 1
-5 61 5 1
-5 61 6 9
-5 61 7 16
-5 61 8 16
-4 61 -8 16
-4 61 -7 9
-4 61 -6 1
-4 61 -5 1
-4 61 -4 1
-4 61 -3 1
-4 61 -2 1
-4 61 -1 1
-4 61 0 1
-4 61 1 1
-4 61 2 1
-4 61 3 1
-4 61 4 1
-4 61 5 1
-4 61 6 1
-4 61 7 9
-4 61 8 9
-3 61 -9 9
-3 61 -8 16
-3 61 -7 9
-3 61 -6 1
-3 61 -5 1
-3 61 -4 1
-3 61 -3 1
-3 61 -2 1
-3 61 -1 1
-3 61 0 1
-3 61 1 1
-3 61 2 1
-3 61 3 1
-3 61 4 1
-3 61 5 1
-3 61 6 1
-3 61 7 16
-3 61 8 9
-3 61 9 9
-2 61 -9 9
-2 61 -8 9
-2 61 -7 1
-2 61 -6 1
-2 61 -5 1
-2 61 -4 1
-2 61 -3 1
-2 61 -2 1
-2 61 -1 1
-2 61 0 18
-2 61 1 18
-2 61 2 18
-2 61 3 1
-2 61 4 1
-2 61 5 1
-2 61 6 1
-2 61 7 1
-2 61 8 16
-2 61 9 16
-1 61 -12 16
-1 61 -9 9
-1 61 -8 9
-1 61 -7 1
-1 61 -6 1
-1 61 -5 1
-1 61 -4 1
-1 61 -3 1
-1 61 -2 1
-1 61 -1 1
-1 61 0 18
-1 61 1 18
-1 61 2 18
-1 61 3 1
-1 61 4 1
-1 61 5 1
-1 61 6 1
-1 61 7 1
-1 61 8 9
-1 61 9 16
0 61 -12 16
0 61 -9 17
0 61 -8 16
0 61 -7 1
0 61 -6 1
0 61 -5 1
0 61 -4 1
0 61 -3 1
0 61 -2 7
0 61 -1 7
0 61 0 17
0 61 1 18
0 61 2 18
0 61 3 1
0 61 4 1
0 61 5 1
0 61 6 1
0 61 7 1
0 61 8 16
0 61 9 17
1 61 -12 9
1 61 -9 16
1 61 -8 9
1 61 -7 1
1 61 -6 1
1 61 -5 1
1 61 -4 1
1 61 -3 1
1 61 -2 18
1 61 -1 18
1 61 0 18
1 61 1 18
1 61 2 18
1 61 3 1
1 61 4 1
1 61 5 1
1 61 6 1
1 61 7 1
1 61 8 16
1 61 9 9
2 61 -9 9
2 61 -8 9
2 61 -7 1
2 61 -6 1
2 61 -5 1
2 61 -4 1
2 61 -3 1
2 61 -2 18
2 61 -1 18
2 61 0 18
2 61 1 18
2 61 2 18
2 61 3 1
2 61 4 1
2 61 5 1
2 61 6 1
2 61 7 1
2 61 8 16
2 61 9 16
3 61 -9 9
3 61 -8 16
3 61 -7 16
3 61 -6 1
3 61 -5 1
3 61 -4 1
3 61 -3 1
3 61 -2 1
3 61 -1 1
3 61 0 1
3 61 1 1
3 61 2 1
3 61 3 1
3 61 4 1
3 61 5 1
3 61 6 1
3 61 7 9
3 61 8 9
3 61 9 9
4 61 -8 9
4 61 -7 9
4 61 -6 1
4 61 -5 1
4 61 -4 1
4 61 -3 1
4 61 -2 1
4 61 -1 1
4 61 0 1
4 61 1 1
4 61 2 1
4 61 3 1
4 61 4 1
4 61 5 1
4 61 6 1
4 61 7 9
4 61 8 9
5 61 -8 9
5 61 -7 16
5 61 -6 16
5 61 -5 1
5 61 -4 1
5 61 -3 1
5 61 -2 1
5 61 -1 1
5 61 0 1
5 61 1 1
5 61 2 1
5 61 3 1
5 61 4 1
5 61 5 1
5 61 6 9
5 61 7 16
5 61 8 9
6 61 -7 17
6 61 -6 9
6 61 -5 9
6 61 -4 1
6 61 -3 1
6 61 -2 1
6 61 -1 1
6 61 0 1
6 61 1 1
6 61 2 1
6 61 3 1
6 61 4 1
6 61 5 9
6 61 6 9
6 61 7 17
7 61 -9 9
7 61 -6 17
7 61 -5 9
7 61 -4 16
7 61 -3 9
7 61 -2 1
7 61 -1 1
7 61 0 1
7 61 1 1
7 61 2 1
7 61 3 9
7 61 4 9
7 61 5 9
7 61 6 17
7 61 9 9
8 61 -9 4
8 61 -8 9
8 61 -5 9
8 61 -4 9
8 61 -3 9
8 61 -2 9
8 61 -1 16
8 61 0 9
8 61 1 16
8 61 2 9
8 61 3 9
8 61 4 9
8 61 5 9
8 61 8 9
8 61 9 5
9 61 -8 7
9 61 -7 9
9 61 -3 16
9 61 -2 16
9 61 -1 9
9 61 0 17
9 61 1 9
9 61 2 9
9 61 3 16
9 61 7 9
9 61 8 7
12 61 -1 16
12 61 0 16
12 61 1 9
-12 62 -1 9
-12 62 0 9
-12 62 1 16
-9 62 -7 9
-9 62 -3 9
-9 62 -2 9
-9 62 -1 9
-9 62 0 17
-9 62 1 16
-9 62 2 9
-9 62 3 9
-9 62 7 9
-8 62 -8 16
-8 62 -5 16
-8 62 -4 9
-8 62 -3 9
-8 62 -2 9
-8 62 -1 9
-8 62 0 9
-8 62 1 9
-8 62 2 9
-8 62 3 9
-8 62 4 9
-8 62 5 9
-8 62 8 9
-7 62 -9 9
-7 62 -6 17
-7 62 -5 9
-7 62 -4 9
-7 62 -3 9
-7 62 -2 18
-7 62 -1 18
-7 62 0 18
-7 62 1 18
-7 62 2 18
-7 62 3 9
-7 62 4 9
-7 62 5 9
-7 62 6 17
-7 62 9 9
-6 62 -7 17
-6 62 -6 9
-6 62 -5 9
-6 62 -4 18
-6 62 -3 18
-6 62 -2 18
-6 62 -1 18
-6 62 0 18
-6 62 1 18
-6 62 2 18
-6 62 3 18
-6 62 4 18
-6 62 5 9
-6 62 6 9
-6 62 7 17
-5 62 -8 9
-5 62 -7 9
-5 62 -6 16
-5 62 -5 18
-5 62 -4 18
-5 62 -3 18
-5 62 -2 18
-5 62 -1 18
-5 62 0 18
-5 62 1 18
-5 62 2 18
-5 62 3 18
-5 62 4 18
-5 62 5 18
-5 62 6 9
-5 62 7 16
-5 62 8 9
-4 62 -8 9
-4 62 -7 9
-4 62 -6 18
-4 62 -5 18
-4 62 -4 18
-4 62 -3 18
-4 62 -2 18
-4 62 -1 18
-4 62 0 18
-4 62 1 18
-4 62 2 18
-4 62 3 18
-4 62 4 18
-4 62 5 18
-4 62 6 18
-4 62 7 16
-4 62 8 9
-3 62 -9 9
-3 62 -8 9
-3 62 -7 16
-3 62 -6 18
-3 62 -5 18
-3 62 -4 18
-3 62 -3 18
-3 62 -2 18
-3 62 -1 18
-3 62 0 18
-3 62 1 18
-3 62 2 18
-3 62 3 18
-3 62 4 18
-3 62 5 18
-3 62 6 18
-3 62 7 9
-3 62 8 9
-3 62 9 16
-2 62 -9 9
-2 62 -8 9
-2 62 -7 18
-2 62 -6 18
-2 62 -5 18
-2 62 -4 18
-2 62 -3 18
-2 62 -2 18
-2 62 -1 18
-2 62 0 4
-2 62 1 1
-2 62 2 1
-2 62 3 18
-2 62 4 18
-2 62 5 18
-2 62 6 18
-2 62 7 18
-2 62 8 9
-2 62 9 16
-1 62 -12 9
-1 62 -9 9
-1 62 -8 9
-1 62 -7 18
-1 62 -6 18
-1 62 -5 18
-1 62 -4 18
-1 62 -3 18
-1 62 -2 18
-1 62 -1 18
-1 62 0 4
-1 62 1 1
-1 62 2 1
-1 62 3 18
-1 62 4 18
-1 62 5 18
-1 62 6 18
-1 62 7 18
-1 62 8 9
-1 62 9 9
0 62 -12 9
0 62 -9 17
0 62 -8 9
0 62 -7 18
0 62 -6 18
0 62 -5 18
0 62 -4 18
0 62 -3 18
0 62 -2 18
0 62 -1 18
0 62 0 17
0 62 1 18
0 62 2 18
0 62 3 18
0 62 4 18
0 62 5 18
0 62 6 18
0 62 7 18
0 62 8 9
0 62 9 17
1 62 -12 9
1 62 -9 9
1 62 -8 16
1 62 -7 18
1 62 -6 18
1 62 -5 18
1 62 -4 18
1 62 -3 18
1 62 -2 18
1 62 -1 18
1 62 0 18
1 62 1 18
1 62 2 18
1 62 3 18
1 62 4 18
1 62 5 18
1 62 6 18
1 62 7 18
1 62 8 9
1 62 9 9
2 62 -9 9
2 62 -8 9
2 62 -7 18
2 62 -6 18
2 62 -5 18
2 62 -4 18
2 62 -3 18
2 62 -2 18
2 62 -1 18
2 62 0 18
2 62 1 18
2 62 2 18
2 62 3 18
2 62 4 18
2 62 5 18
2 62 6 18
2 62 7 18
2 62 8 9
2 62 9 9
3 62 -9 16
3 62 -8 16
3 62 -7 9
3 62 -6 18
3 62 -5 18
3 62 -4 18
3 62 -3 18
3 62 -2 18
3 62 -1 18
3 62 0 18
3 62 1 18
3 62 2 18
3 62 3 18
3 62 4 18
3 62 5 18
3 62 6 18
3 62 7 16
3 62 8 9
3 62 9 9
4 62 -8 9
4 62 -7 9
4 62 -6 18
4 62 -5 18
4 62 -4 18
4 62 -3 18
4 62 -2 18
4 62 -1 18
4 62 0 18
4 62 1 18
4 62 2 18
4 62 3 18
4 62 4 18
4 62 5 18
4 62 6 18
4 62 7 9
4 62 8 16
5 62 -8 16
5 62 -7 16
5 62 -6 9
5 62 -5 18
5 62 -4 18
5 62 -3 18
5 62 -2 18
5 62 -1 18
5 62 0 18
5 62 1 18
5 62 2 18
5 62 3 18
5 62 4 18
5 62 5 18
5 62 6 9
5 62 7 9
5 62 8 9
6 62 -7 17
6 62 -6 9
6 62 -5 9
6 62 -4 18
6 62 -3 18
6 62 -2 18
6 62 -1 18
6 62 0 18
6 62 1 18
6 62 2 18
6 62 3 18
6 62 4 18
6 62 5 9
6 62 6 9
6 62 7 17
7 62 -9 9
7 62 -6 17
7 62 -5 9
7 62 -4 16
7 62 -3 9
7 62 -2 18
7 62 -1 18
7 62 0 18
7 62 1 18
7 62 2 18
7 62 3 9
7 62 4 9
7 62 5 9
7 62 6 17
7 62 9 9
8 62 -8 9
8 62 -5 9
8 62 -4 16
8 62 -3 9
8 62 -2 9
8 62 -1 9
8 62 0 16
8 62 1 9
8 62 2 9
8 62 3 9
8 62 4 9
8 62 5 9
8 62 8 16
9 62 -7 9
9 62 -3 9
9 62 -2 9
9 62 -1 16
9 62 0 17
9 62 1 9
9 62 2 9
9 62 3 9
9 62 7 9
12 62 -1 16
12 62 0 9
12 62 1 16
-12 63 -1 9
-12 63 0 9
-12 63 1 9
-9 63 -7 9
-9 63 -3 16
-9 63 -2 9
-9 63 -1 9
-9 63 0 17
-9 63 1 9
-9 63 2 9
-9 63 3 9
-9 63 7 9
-8 63 -8 16
-8 63 -5 9
-8 63 -4 16
-8 63 -3 16
-8 63 -2 9
-8 63 -1 9
-8 63 0 9
-8 63 1 16
-8 63 2 9
-8 63 3 9
-8 63 4 9
-8 63 5 9
-8 63 8 9
-7 63 -9 9
-7 63 -6 17
-7 63 -5 9
-7 63 -4 9
-7 63 -3 16
-7 63 -2 18
-7 63 -1 18
-7 63 0 18
-7 63 1 18
-7 63 2 18
-7 63 3 9
-7 63 4 16
-7 63 5 16
-7 63 6 17
-7 63 9 9
-6 63 -7 17
-6 63 -6 9
-6 63 -5 9
-6 63 -4 18
-6 63 -3 18
-6 63 -2 18
-6 63 -1 18
-6 63 0 18
-6 63 1 18
-6 63 2 18
-6 63 3 18
-6 63 4 18
-6 63 5 9
-6 63 6 9
-6 63 7 17
-5 63 -8 9
-5 63 -7 9
-5 63 -6 9
-5 63 -5 18
-5 63 -4 18
-5 63 -3 18
-5 63 -2 18
-5 63 -1 18
-5 63 0 18
-5 63 1 18
-5 63 2 18
-5 63 3 18
-5 63 4 18
-5 63 5 18
-5 63 6 9
-5 63 7 9
-5 63 8 9
-4 63 -8 16
-4 63 -7 16
-4 63 -6 18
-4 63 -5 18
-4 63 -4 18
-4 63 -3 18
-4 63 -2 18
-4 63 -1 18
-4 63 0 18
-4 63 1 18
-4 63 2 18
-4 63 3 18
-4 63 4 18
-4 63 5 18
-4 63 6 18
-4 63 7 16
-4 63 8 16
-3 63 -9 9
-3 63 -8 9
-3 63 -7 9
-3 63 -6 18
-3 63 -5 18
-3 63 -4 18
-3 63 -3 18
-3 63 -2 18
-3 63 -1 18
-3 63 0 18
-3 63 1 18
-3 63 2 18
-3 63 3 18
-3 63 4 18
-3 63 5 18
-3 63 6 18
-3 63 7 16
-3 63 8 9
-3 63 9 9
-2 63 -9 9
-2 63 -8 16
-2 63 -7 18
-2 63 -6 18
-2 63 -5 18
-2 63 -4 18
-2 63 -3 18
-2 63 -2 18
-2 63 -1 18
-2 63 0 18
-2 63 1 18
-2 63 2 18
-2 63 3 18
-2 63 4 18
-2 63 5 18
-2 63 6 18
-2 63 7 18
-2 63 8 9
-2 63 9 9
-1 63 -12 9
-1 63 -9 9
-1 63 -8 9
-1 63 -7 18
-1 63 -6 18
-1 63 -5 18
-1 63 -4 18
-1 63 -3 18
-1 63 -2 18
-1 63 -1 18
-1 63 0 18
-1 63 1 18
-1 63 2 18
-1 63 3 18
-1 63 4 18
-1 63 5 18
-1 63 6 18
-1 63 7 18
-1 63 8 9
-1 63 9 16
0 63 -12 16
0 63 -9 17
0 63 -8 16
0 63 -7 18
0 63 -6 18
0 63 -5 18
0 63 -4 18
0 63 -3 18
0 63 -2 18
0 63 -1 18
0 63 0 17
0 63 1 0
0 63 2 0
0 63 3 18
0 63 4 18
0 63 5 18
0 63 6 18
0 63 7 18
0 63 8 16
0 63 9 17
1 63 -12 9
1 63 -9 16
1 63 -8 9
1 63 -7 18
1 63 -6 18
1 63 -5 18
1 63 -4 18
1 63 -3 18
1 63 -2 18
1 63 -1 18
1 63 0 18
1 63 1 1
1 63 2 1
1 63 3 18
1 63 4 18
1 63 5 18
1 63 6 18
1 63 7 18
1 63 8 9
1 63 9 9
2 63 -9 16
2 63 -8 9
2 63 -7 18
2 63 -6 18
2 63 -5 18
2 63 -4 18
2 63 -3 18
2 63 -2 18
2 63 -1 18
2 63 0 18
2 63 1 1
2 63 2 1
2 63 3 18
2 63 4 18
2 63 5 18
2 63 6 18
2 63 7 18
2 63 8 9
2 63 9 16
3 63 -9 9
3 63 -8 9
3 63 -7 16
3 63 -6 18
3 63 -5 18
3 63 -4 18
3 63 -3 18
3 63 -2 18
3 63 -1 18
3 63 0 18
3 63 1 18
3 63 2 18
3 63 3 18
3 63 4 18
3 63 5 18
3 63 6 18
3 63 7 9
3 63 8 9
3 63 9 9
4 63 -8 9
4 63 -7 9
4 63 -6 18
4 63 -5 18
4 63 -4 18
4 63 -3 18
4 63 -2 18
4 63 -1 18
4 63 0 18
4 63 1 18
4 63 2 18
4 63 3 18
4 63 4 18
4 63 5 18
4 63 6 18
4 63 7 9
4 63 8 9
5 63 -8 16
5 63 -7 9
5 63 -6 9
5 63 -5 18
5 63 -4 18
5 63 -3 18
5 63 -2 18
5 63 -1 18
5 63 0 18
5 63 1 18
5 63 2 18
5 63 3 18
5 63 4 18
5 63 5 18
5 63 6 9
5 63 7 9
5 63 8 9
6 63 -7 17
6 63 -6 9
6 63 -5 9
6 63 -4 18
6 63 -3 18
6 63 -2 18
6 63 -1 18
6 63 0 18
6 63 1 18
6 63 2 18
6 63 3 18
6 63 4 18
6 63 5 9
6 63 6 9
6 63 7 17
7 63 -9 9
7 63 -6 17
7 63 -5 16
7 63 -4 9
7 63 -3 9
7 63 -2 18
7 63 -1 18
7 63 0 18
7 63 1 18
7 63 2 18
7 63 3 16
7 63 4 9
7 63 5 9
7 63 6 17
7 63 9 9
8 63 -8 9
8 63 -5 9
8 63 -4 9
8 63 -3 9
8 63 -2 9
8 63 -1 9
8 63 0 9
8 63 1 16
8 63 2 9
8 63 3 9
8 63 4 9
8 63 5 9
8 63 8 16
9 63 -7 9
9 63 -3 9
9 63 -2 9
9 63 -1 9
9 63 0 17
9 63 1 9
9 63 2 9
9 63 3 16
9 63 7 9
12 63 -1 9
12 63 0 9
12 63 1 9
-12 64 -1 0
-12 64 0 9
-12 64 1 0
-9 64 -7 0
-9 64 -3 9
-9 64 -2 9
-9 64 -1 16
-9 64 0 17
-9 64 1 16
-9 64 2 9
-9 64 3 9
-9 64 7 0
-8 64 -8 9
-8 64 -5 9
-8 64 -4 16
-8 64 -3 53
-8 64 -2 9
-8 64 -1 9
-8 64 0 9
-8 64 1 9
-8 64 2 9
-8 64 3 53
-8 64 4 16
-8 64 5 9
-8 64 8 9
-7 64 -9 4
-7 64 -6 17
-7 64 -5 9
-7 64 -4 9
-7 64 -3 18
-7 64 -2 18
-7 64 -1 18
-7 64 0 18
-7 64 1 18
-7 64 2 18
-7 64 3 18
-7 64 4 9
-7 64 5 9
-7 64 6 17
-7 64 9 5
-6 64 -7 17
-6 64 -6 16
-6 64 -5 9
-6 64 -4 18
-6 64 -3 18
-6 64 -2 18
-6 64 -1 18
-6 64 0 18
-6 64 1 18
-6 64 2 18
-6 64 3 18
-6 64 4 18
-6 64 5 9
-6 64 6 9
-6 64 7 17
-5 64 -8 16
-5 64 -7 16
-5 64 -6 9
-5 64 -5 18
-5 64 -4 18
-5 64 -3 18
-5 64 -2 18
-5 64 -1 18
-5 64 0 18
-5 64 1 18
-5 64 2 18
-5 64 3 18
-5 64 4 18
-5 64 5 18
-5 64 6 9
-5 64 7 9
-5 64 8 9
-4 64 -8 9
-4 64 -7 9
-4 64 -6 18
-4 64 -5 18
-4 64 -4 18
-4 64 -3 18
-4 64 -2 18
-4 64 -1 18
-4 64 0 18
-4 64 1 18
-4 64 2 18
-4 64 3 18
-4 64 4 18
-4 64 5 18
-4 64 6 18
-4 64 7 16
-4 64 8 9
-3 64 -9 9
-3 64 -8 54
-3 64 -7 18
-3 64 -6 18
-3 64 -5 18
-3 64 -4 18
-3 64 -3 18
-3 64 -2 18
-3 64 -1 18
-3 64 0 18
-3 64 1 18
-3 64 2 18
-3 64 3 18
-3 64 4 18
-3 64 5 18
-3 64 6 18
-3 64 7 18
-3 64 8 55
-3 64 9 9
-2 64 -9 16
-2 64 -8 9
-2 64 -7 18
-2 64 -6 18
-2 64 -5 18
-2 64 -4 18
-2 64 -3 18
-2 64 -2 18
-2 64 -1 18
-2 64 0 18
-2 64 1 18
-2 64 2 18
-2 64 3 18
-2 64 4 18
-2 64 5 18
-2 64 6 18
-2 64 7 18
-2 64 8 9
-2 64 9 9
-1 64 -12 4
-1 64 -9 9
-1 64 -8 9
-1 64 -7 18
-1 64 -6 18
-1 64 -5 18
-1 64 -4 18
-1 64 -3 18
-1 64 -2 18
-1 64 -1 18
-1 64 0 18
-1 64 1 18
-1 64 2 18
-1 64 3 18
-1 64 4 18
-1 64 5 18
-1 64 6 18
-1 64 7 18
-1 64 8 9
-1 64 9 16
0 64 -12 9
0 64 -9 17
0 64 -8 16
0 64 -7 18
0 64 -6 18
0 64 -5 18
0 64 -4 18
0 64 -3 18
0 64 -2 18
0 64 -1 18
0 64 0 17
0 64 1 18
0 64 2 18
0 64 3 18
0 64 4 18
0 64 5 18
0 64 6 18
0 64 7 18
0 64 8 9
0 64 9 17
1 64 -12 4
1 64 -9 16
1 64 -8 9
1 64 -7 18
1 64 -6 18
1 64 -5 18
1 64 -4 18
1 64 -3 18
1 64 -2 1
1 64 -1 1
1 64 0 5
1 64 1 18
1 64 2 18
1 64 3 18
1 64 4 18
1 64 5 18
1 64 6 18
1 64 7 18
1 64 8 9
1 64 9 9
2 64 -9 9
2 64 -8 9
2 64 -7 18
2 64 -6 18
2 64 -5 18
2 64 -4 18
2 64 -3 18
2 64 -2 1
2 64 -1 1
2 64 0 5
2 64 1 18
2 64 2 18
2 64 3 18
2 64 4 18
2 64 5 18
2 64 6 18
2 64 7 18
2 64 8 16
2 64 9 9
3 64 -9 9
3 64 -8 54
3 64 -7 18
3 64 -6 18
3 64 -5 18
3 64 -4 18
3 64 -3 18
3 64 -2 18
3 64 -1 18
3 64 0 18
3 64 1 18
3 64 2 18
3 64 3 18
3 64 4 18
3 64 5 18
3 64 6 18
3 64 7 18
3 64 8 55
3 64 9 9
4 64 -8 9
4 64 -7 9
4 64 -6 18
4 64 -5 18
4 64 -4 18
4 64 -3 18
4 64 -2 18
4 64 -1 18
4 64 0 18
4 64 1 18
4 64 2 18
4 64 3 18
4 64 4 18
4 64 5 18
4 64 6 18
4 64 7 9
4 64 8 9
5 64 -8 9
5 64 -7 9
5 64 -6 16
5 64 -5 18
5 64 -4 18
5 64 -3 18
5 64 -2 18
5 64 -1 18
5 64 0 18
5 64 1 18
5 64 2 18
5 64 3 18
5 64 4 18
5 64 5 18
5 64 6 9
5 64 7 16
5 64 8 9
6 64 -7 17
6 64 -6 9
6 64 -5 9
6 64 -4 18
6 64 -3 18
6 64 -2 18
6 64 -1 18
6 64 0 18
6 64 1 18
6 64 2 18
6 64 3 18
6 64 4 18
6 64 5 9
6 64 6 16
6 64 7 17
7 64 -9 4
7 64 -6 17
7 64 -5 9
7 64 -4 9
7 64 -3 18
7 64 -2 18
7 64 -1 18
7 64 0 18
7 64 1 18
7 64 2 18
7 64 3 18
7 64 4 16
7 64 5 9
7 64 6 17
7 64 9 5
8 64 -8 9
8 64 -5 9
8 64 -4 9
8 64 -3 56
8 64 -2 9
8 64 -1 16
8 64 0 9
8 64 1 9
8 64 2 9
8 64 3 56
8 64 4 9
8 64 5 16
8 64 8 9
9 64 -7 7
9 64 -3 9
9 64 -2 9
9 64 -1 16
9 64 0 17
9 64 1 16
9 64 2 16
9 64 3 9
9 64 7 7
12 64 -1 7
12 64 0 9
12 64 1 7
-12 65 0 0
-9 65 -3 9
-9 65 -2 9
-9 65 -1 16
-9 65 0 17
-9 65 1 9
-9 65 2 9
-9 65 3 9
-8 65 -8 4
-8 65 -5 9
-8 65 -4 9
-8 65 -3 53
-8 65 -2 9
-8 65 -1 9
-8 65 0 9
-8 65 1 9
-8 65 2 9
-8 65 3 53
-8 65 4 9
-8 65 5 9
-8 65 8 5
-7 65 -6 17
-7 65 -5 9
-7 65 -4 9
-7 65 -3 18
-7 65 -2 18
-7 65 -1 18
-7 65 0 18
-7 65 1 18
-7 65 2 18
-7 65 3 18
-7 65 4 9
-7 65 5 16
-7 65 6 17
-6 65 -7 17
-6 65 -6 9
-6 65 -5 9
-6 65 -4 18
-6 65 -3 18
-6 65 -2 18
-6 65 -1 18
-6 65 0 18
-6 65 1 18
-6 65 2 18
-6 65 3 18
-6 65 4 18
-6 65 5 9
-6 65 6 9
-6 65 7 17
-5 65 -8 9
-5 65 -7 9
-5 65 -6 16
-5 65 -5 18
-5 65 -4 18
-5 65 -3 18
-5 65 -2 18
-5 65 -1 18
-5 65 0 18
-5 65 1 18
-5 65 2 18
-5 65 3 18
-5 65 4 18
-5 65 5 18
-5 65 6 9
-5 65 7 9
-5 65 8 9
-4 65 -8 9
-4 65 -7 9
-4 65 -6 18
-4 65 -5 18
-4 65 -4 18
-4 65 -3 18
-4 65 -2 18
-4 65 -1 18
-4 65 0 18
-4 65 1 18
-4 65 2 18
-4 65 3 18
-4 65 4 18
-4 65 5 18
-4 65 6 18
-4 65 7 9
-4 65 8 9
-3 65 -9 16
-3 65 -8 54
-3 65 -7 18
-3 65 -6 18
-3 65 -5 18
-3 65 -4 18
-3 65 -3 18
-3 65 -2 18
-3 65 -1 18
-3 65 0 18
-3 65 1 18
-3 65 2 18
-3 65 3 18
-3 65 4 18
-3 65 5 18
-3 65 6 18
-3 65 7 18
-3 65 8 55
-3 65 9 9
-2 65 -9 16
-2 65 -8 9
-2 65 -7 18
-2 65 -6 18
-2 65 -5 18
-2 65 -4 18
-2 65 -3 18
-2 65 -2 1
-2 65 -1 1
-2 65 0 18
-2 65 1 18
-2 65 2 18
-2 65 3 18
-2 65 4 18
-2 65 5 18
-2 65 6 18
-2 65 7 18
-2 65 8 9
-2 65 9 9
-1 65 -9 9
-1 65 -8 9
-1 65 -7 18
-1 65 -6 18
-1 65 -5 18
-1 65 -4 18
-1 65 -3 18
-1 65 -2 1
-1 65 -1 1
-1 65 0 18
-1 65 1 18
-1 65 2 18
-1 65 3 18
-1 65 4 18
-1 65 5 18
-1 65 6 18
-1 65 7 18
-1 65 8 9
-1 65 9 9
0 65 -12 4
0 65 -9 17
0 65 -8 9
0 65 -7 18
0 65 -6 18
0 65 -5 18
0 65 -4 18
0 65 -3 18
0 65 -2 7
0 65 -1 7
0 65 0 17
0 65 1 18
0 65 2 18
0 65 3 18
0 65 4 18
0 65 5 18
0 65 6 18
0 65 7 18
0 65 8 9
0 65 9 17
1 65 -9 9
1 65 -8 9
1 65 -7 18
1 65 -6 18
1 65 -5 18
1 65 -4 18
1 65 -3 18
1 65 -2 18
1 65 -1 18
1 65 0 18
1 65 1 18
1 65 2 18
1 65 3 18
1 65 4 18
1 65 5 18
1 65 6 18
1 65 7 18
1 65 8 9
1 65 9 9
2 65 -9 16
2 65 -8 16
2 65 -7 18
2 65 -6 18
2 65 -5 18
2 65 -4 18
2 65 -3 18
2 65 -2 18
2 65 -1 18
2 65 0 18
2 65 1 18
2 65 2 18
2 65 3 18
2 65 4 18
2 65 5 18
2 65 6 18
2 65 7 18
2 65 8 9
2 65 9 9
3 65 -9 9
3 65 -8 54
3 65 -7 18
3 65 -6 18
3 65 -5 18
3 65 -4 18
3 65 -3 18
3 65 -2 18
3 65 -1 18
3 65 0 18
3 65 1 18
3 65 2 18
3 65 3 18
3 65 4 18
3 65 5 18
3 65 6 18
3 65 7 18
3 65 8 55
3 65 9 16
4 65 -8 9
4 65 -7 9
4 65 -6 18
4 65 -5 18
4 65 -4 18
4 65 -3 18
4 65 -2 18
4 65 -1 18
4 65 0 18
4 65 1 18
4 65 2 18
4 65 3 18
4 65 4 18
4 65 5 18
4 65 6 18
4 65 7 9
4 65 8 16
5 65 -8 16
5 65 -7 9
5 65 -6 9
5 65 -5 18
5 65 -4 18
5 65 -3 18
5 65 -2 18
5 65 -1 18
5 65 0 18
5 65 1 18
5 65 2 18
5 65 3 18
5 65 4 18
5 65 5 18
5 65 6 9
5 65 7 9
5 65 8 9
6 65 -7 17
6 65 -6 9
6 65 -5 9
6 65 -4 18
6 65 -3 18
6 65 -2 18
6 65 -1 18
6 65 0 18
6 65 1 18
6 65 2 18
6 65 3 18
6 65 4 18
6 65 5 9
6 65 6 9
6 65 7 17
7 65 -6 17
7 65 -5 16
7 65 -4 9
7 65 -3 18
7 65 -2 18
7 65 -1 18
7 65 0 18
7 65 1 18
7 65 2 18
7 65 3 18
7 65 4 9
7 65 5 9
7 65 6 17
8 65 -8 4
8 65 -5 9
8 65 -4 16
8 65 -3 56
8 65 -2 16
8 65 -1 9
8 65 0 9
8 65 1 9
8 65 2 16
8 65 3 56
8 65 4 16
8 65 5 9
8 65 8 5
9 65 -3 9
9 65 -2 16
9 65 -1 9
9 65 0 17
9 65 1 16
9 65 2 9
9 65 3 9
12 65 0 7
-9 66 -3 16
-9 66 -2 9
-9 66 -1 9
-9 66 0 17
-9 66 1 9
-9 66 2 9
-9 66 3 9
-8 66 -5 9
-8 66 -4 9
-8 66 -3 53
-8 66 -2 9
-8 66 -1 9
-8 66 0 9
-8 66 1 9
-8 66 2 9
-8 66 3 53
-8 66 4 9
-8 66 5 9
-7 66 -6 17
-7 66 -5 9
-7 66 -4 9
-7 66 -3 18
-7 66 -2 18
-7 66 -1 18
-7 66 0 18
-7 66 1 18
-7 66 2 18
-7 66 3 18
-7 66 4 16
-7 66 5 9
-7 66 6 17
-6 66 -7 17
-6 66 -6 9
-6 66 -5 9
-6 66 -4 18
-6 66 -3 18
-6 66 -2 18
-6 66 -1 18
-6 66 0 18
-6 66 1 18
-6 66 2 18
-6 66 3 18
-6 66 4 18
-6 66 5 9
-6 66 6 16
-6 66 7 17
-5 66 -8 9
-5 66 -7 9
-5 66 -6 9
-5 66 -5 18
-5 66 -4 18
-5 66 -3 18
-5 66 -2 18
-5 66 -1 18
-5 66 0 18
-5 66 1 18
-5 66 2 18
-5 66 3 18
-5 66 4 18
-5 66 5 18
-5 66 6 9
-5 66 7 16
-5 66 8 9
-4 66 -8 9
-4 66 -7 9
-4 66 -6 18
-4 66 -5 18
-4 66 -4 18
-4 66 -3 18
-4 66 -2 18
-4 66 -1 18
-4 66 0 18
-4 66 1 18
-4 66 2 18
-4 66 3 18
-4 66 4 18
-4 66 5 18
-4 66 6 18
-4 66 7 9
-4 66 8 9
-3 66 -9 16
-3 66 -8 54
-3 66 -7 18
-3 66 -6 18
-3 66 -5 18
-3 66 -4 18
-3 66 -3 18
-3 66 -2 18
-3 66 -1 18
-3 66 0 18
-3 66 1 18
-3 66 2 18
-3 66 3 18
-3 66 4 18
-3 66 5 18
-3 66 6 18
-3 66 7 18
-3 66 8 55
-3 66 9 16
-2 66 -9 9
-2 66 -8 9
-2 66 -7 18
-2 66 -6 18
-2 66 -5 18
-2 66 -4 18
-2 66 -3 18
-2 66 -2 18
-2 66 -1 18
-2 66 0 4
-2 66 1 1
-2 66 2 1
-2 66 3 18
-2 66 4 18
-2 66 5 18
-2 66 6 18
-2 66 7 18
-2 66 8 9
-2 66 9 9
-1 66 -9 9
-1 66 -8 9
-1 66 -7 18
-1 66 -6 18
-1 66 -5 18
-1 66 -4 18
-1 66 -3 18
-1 66 -2 18
-1 66 -1 18
-1 66 0 4
-1 66 1 1
-1 66 2 1
-1 66 3 18
-1 66 4 18
-1 66 5 18
-1 66 6 18
-1 66 7 18
-1 66 8 9
-1 66 9 9
0 66 -9 17
0 66 -8 9
0 66 -7 18
0 66 -6 18
0 66 -5 18
0 66 -4 18
0 66 -3 18
0 66 -2 18
0 66 -1 18
0 66 0 17
0 66 1 18
0 66 2 18
0 66 3 18
0 66 4 18
0 66 5 18
0 66 6 18
0 66 7 18
0 66 8 9
0 66 9 17
1 66 -9 9
1 66 -8 9
1 66 -7 18
1 66 -6 18
1 66 -5 18
1 66 -4 18
1 66 -3 18
1 66 -2 18
1 66 -1 18
1 66 0 18
1 66 1 18
1 66 2 18
1 66 3 18
1 66 4 18
1 66 5 18
1 66 6 18
1 66 7 18
1 66 8 16
1 66 9 9
2 66 -9 9
2 66 -8 9
2 66 -7 18
2 66 -6 18
2 66 -5 18
2 66 -4 18
2 66 -3 18
2 66 -2 18
2 66 -1 18
2 66 0 18
2 66 1 18
2 66 2 18
2 66 3 18
2 66 4 18
2 66 5 18
2 66 6 18
2 66 7 18
2 66 8 9
2 66 9 9
3 66 -9 16
3 66 -8 54
3 66 -7 18
3 66 -6 18
3 66 -5 18
3 66 -4 18
3 66 -3 18
3 66 -2 18
3 66 -1 18
3 66 0 18
3 66 1 18
3 66 2 18
3 66 3 18
3 66 4 18
3 66 5 18
3 66 6 18
3 66 7 18
3 66 8 55
3 66 9 16
4 66 -8 9
4 66 -7 9
4 66 -6 18
4 66 -5 18
4 66 -4 18
4 66 -3 18
4 66 -2 18
4 66 -1 18
4 66 0 18
4 66 1 18
4 66 2 18
4 66 3 18
4 66 4 18
4 66 5 18
4 66 6 18
4 66 7 9
4 66 8 9
5 66 -8 16
5 66 -7 16
5 66 -6 16
5 66 -5 18
5 66 -4 18
5 66 -3 18
5 66 -2 18
5 66 -1 18
5 66 0 18
5 66 1 18
5 66 2 18
5 66 3 18
5 66 4 18
5 66 5 18
5 66 6 9
5 66 7 9
5 66 8 9
6 66 -7 17
6 66 -6 16
6 66 -5 16
6 66 -4 18
6 66 -3 18
6 66 -2 18
6 66 -1 18
6 66 0 18
6 66 1 18
6 66 2 18
6 66 3 18
6 66 4 18
6 66 5 16
6 66 6 9
6 66 7 17
7 66 -6 17
7 66 -5 9
7 66 -4 9
7 66 -3 18
7 66 -2 18
7 66 -1 18
7 66 0 18
7 66 1 18
7 66 2 18
7 66 3 18
7 66 4 9
7 66 5 9
7 66 6 17
8 66 -5 9
8 66 -4 16
8 66 -3 56
8 66 -2 16
8 66 -1 16
8 66 0 9
8 66 1 9
8 66 2 16
8 66 3 56
8 66 4 9
8 66 5 9
9 66 -3 9
9 66 -2 16
9 66 -1 9
9 66 0 17
9 66 1 9
9 66 2 9
9 66 3 16
-9 67 -3 9
-9 67 -2 9
-9 67 -1 9
-9 67 0 17
-9 67 1 9
-9 67 2 16
-9 67 3 9
-8 67 -5 9
-8 67 -4 9
-8 67 -3 9
-8 67 -2 16
-8 67 -1 9
-8 67 0 9
-8 67 1 9
-8 67 2 9
-8 67 3 16
-8 67 4 9
-8 67 5 9
-7 67 -6 17
-7 67 -5 9
-7 67 -4 9
-7 67 -3 9
-7 67 -2 18
-7 67 -1 18
-7 67 0 18
-7 67 1 18
-7 67 2 18
-7 67 3 9
-7 67 4 9
-7 67 5 9
-7 67 6 17
-6 67 -7 17
-6 67 -6 9
-6 67 -5 9
-6 67 -4 18
-6 67 -3 18
-6 67 -2 18
-6 67 -1 18
-6 67 0 18
-6 67 1 18
-6 67 2 18
-6 67 3 18
-6 67 4 18
-6 67 5 9
-6 67 6 16
-6 67 7 17
-5 67 -8 9
-5 67 -7 9
-5 67 -6 16
-5 67 -5 18
-5 67 -4 18
-5 67 -3 18
-5 67 -2 18
-5 67 -1 18
-5 67 0 18
-5 67 1 18
-5 67 2 18
-5 67 3 18
-5 67 4 18
-5 67 5 18
-5 67 6 9
-5 67 7 9
-5 67 8 9
-4 67 -8 9
-4 67 -7 16
-4 67 -6 18
-4 67 -5 18
-4 67 -4 18
-4 67 -3 18
-4 67 -2 18
-4 67 -1 18
-4 67 0 18
-4 67 1 18
-4 67 2 18
-4 67 3 18
-4 67 4 18
-4 67 5 18
-4 67 6 18
-4 67 7 9
-4 67 8 9
-3 67 -9 16
-3 67 -8 9
-3 67 -7 16
-3 67 -6 18
-3 67 -5 18
-3 67 -4 18
-3 67 -3 18
-3 67 -2 18
-3 67 -1 18
-3 67 0 18
-3 67 1 18
-3 67 2 18
-3 67 3 18
-3 67 4 18
-3 67 5 18
-3 67 6 18
-3 67 7 9
-3 67 8 9
-3 67 9 9
-2 67 -9 9
-2 67 -8 9
-2 67 -7 18
-2 67 -6 18
-2 67 -5 18
-2 67 -4 18
-2 67 -3 18
-2 67 -2 18
-2 67 -1 18
-2 67 0 18
-2 67 1 18
-2 67 2 18
-2 67 3 18
-2 67 4 18
-2 67 5 18
-2 67 6 18
-2 67 7 18
-2 67 8 16
-2 67 9 9
-1 67 -9 9
-1 67 -8 9
-1 67 -7 18
-1 67 -6 18
-1 67 -5 18
-1 67 -4 18
-1 67 -3 18
-1 67 -2 18
-1 67 -1 18
-1 67 0 18
-1 67 1 18
-1 67 2 18
-1 67 3 18
-1 67 4 18
-1 67 5 18
-1 67 6 18
-1 67 7 18
-1 67 8 9
-1 67 9 9
0 67 -9 17
0 67 -8 9
0 67 -7 18
0 67 -6 18
0 67 -5 18
0 67 -4 18
0 67 -3 18
0 67 -2 18
0 67 -1 18
0 67 0 17
0 67 1 0
0 67 2 0
0 67 3 18
0 67 4 18
0 67 5 18
0 67 6 18
0 67 7 18
0 67 8 9
0 67 9 17
1 67 -9 9
1 67 -8 9
1 67 -7 18
1 67 -6 18
1 67 -5 18
1 67 -4 18
1 67 -3 18
1 67 -2 18
1 67 -1 18
1 67 0 18
1 67 1 1
1 67 2 1
1 67 3 18
1 67 4 18
1 67 5 18
1 67 6 18
1 67 7 18
1 67 8 16
1 67 9 9
2 67 -9 9
2 67 -8 9
2 67 -7 18
2 67 -6 18
2 67 -5 18
2 67 -4 18
2 67 -3 18
2 67 -2 18
2 67 -1 18
2 67 0 18
2 67 1 1
2 67 2 1
2 67 3 18
2 67 4 18
2 67 5 18
2 67 6 18
2 67 7 18
2 67 8 9
2 67 9 9
3 67 -9 9
3 67 -8 9
3 67 -7 9
3 67 -6 18
3 67 -5 18
3 67 -4 18
3 67 -3 18
3 67 -2 18
3 67 -1 18
3 67 0 18
3 67 1 18
3 67 2 18
3 67 3 18
3 67 4 18
3 67 5 18
3 67 6 18
3 67 7 16
3 67 8 9
3 67 9 16
4 67 -8 9
4 67 -7 9
4 67 -6 18
4 67 -5 18
4 67 -4 18
4 67 -3 18
4 67 -2 18
4 67 -1 18
4 67 0 18
4 67 1 18
4 67 2 18
4 67 3 18
4 67 4 18
4 67 5 18
4 67 6 18
4 67 7 16
4 67 8 9
5 67 -8 9
5 67 -7 9
5 67 -6 9
5 67 -5 18
5 67 -4 18
5 67 -3 18
5 67 -2 18
5 67 -1 18
5 67 0 18
5 67 1 18
5 67 2 18
5 67 3 18
5 67 4 18
5 67 5 18
5 67 6 9
5 67 7 9
5 67 8 9
6 67 -7 17
6 67 -6 16
6 67 -5 9
6 67 -4 18
6 67 -3 18
6 67 -2 18
6 67 -1 18
6 67 0 18
6 67 1 18
6 67 2 18
6 67 3 18
6 67 4 18
6 67 5 9
6 67 6 9
6 67 7 17
7 67 -6 17
7 67 -5 9
7 67 -4 16
7 67 -3 9
7 67 -2 18
7 67 -1 18
7 67 0 18
7 67 1 18
7 67 2 18
7 67 3 9
7 67 4 9
7 67 5 9
7 67 6 17
8 67 -5 9
8 67 -4 9
8 67 -3 9
8 67 -2 9
8 67 -1 16
8 67 0 9
8 67 1 9
8 67 2 9
8 67 3 9
8 67 4 9
8 67 5 9
9 67 -3 9
9 67 -2 9
9 67 -1 9
9 67 0 17
9 67 1 9
9 67 2 9
9 67 3 9
-9 68 -3 15
-9 68 -2 15
-9 68 -1 15
-9 68 0 15
-9 68 1 1
-9 68 2 1
-9 68 3 1
-8 68 -5 1
-8 68 -4 1
-8 68 -3 9
-8 68 -2 16
-8 68 -1 9
-8 68 0 16
-8 68 1 9
-8 68 2 9
-8 68 3 9
-8 68 4 15
-8 68 5 15
-7 68 -6 1
-7 68 -5 1
-7 68 -4 9
-7 68 -3 9
-7 68 -2 18
-7 68 -1 18
-7 68 0 18
-7 68 1 18
-7 68 2 18
-7 68 3 9
-7 68 4 9
-7 68 5 15
-7 68 6 15
-6 68 -7 15
-6 68 -6 9
-6 68 -5 9
-6 68 -4 18
-6 68 -3 18
-6 68 -2 18
-6 68 -1 18
-6 68 0 18
-6 68 1 18
-6 68 2 18
-6 68 3 18
-6 68 4 18
-6 68 5 9
-6 68 6 9
-6 68 7 1
-5 68 -8 15
-5 68 -7 15
-5 68 -6 16
-5 68 -5 18
-5 68 -4 18
-5 68 -3 18
-5 68 -2 18
-5 68 -1 18
-5 68 0 18
-5 68 1 18
-5 68 2 18
-5 68 3 18
-5 68 4 18
-5 68 5 18
-5 68 6 9
-5 68 7 1
-5 68 8 1
-4 68 -8 15
-4 68 -7 9
-4 68 -6 18
-4 68 -5 18
-4 68 -4 18
-4 68 -3 18
-4 68 -2 18
-4 68 -1 18
-4 68 0 18
-4 68 1 18
-4 68 2 18
-4 68 3 18
-4 68 4 18
-4 68 5 18
-4 68 6 18
-4 68 7 9
-4 68 8 1
-3 68 -9 1
-3 68 -8 9
-3 68 -7 9
-3 68 -6 18
-3 68 -5 18
-3 68 -4 18
-3 68 -3 18
-3 68 -2 18
-3 68 -1 18
-3 68 0 18
-3 68 1 18
-3 68 2 18
-3 68 3 18
-3 68 4 18
-3 68 5 18
-3 68 6 18
-3 68 7 9
-3 68 8 9
-3 68 9 15
-2 68 -9 1
-2 68 -8 9
-2 68 -7 18
-2 68 -6 18
-2 68 -5 18
-2 68 -4 18
-2 68 -3 18
-2 68 -2 18
-2 68 -1 18
-2 68 0 18
-2 68 1 18
-2 68 2 18
-2 68 3 18
-2 68 4 18
-2 68 5 18
-2 68 6 18
-2 68 7 18
-2 68 8 9
-2 68 9 15
-1 68 -9 1
-1 68 -8 9
-1 68 -7 18
-1 68 -6 18
-1 68 -5 18
-1 68 -4 18
-1 68 -3 18
-1 68 -2 18
-1 68 -1 18
-1 68 0 18
-1 68 1 18
-1 68 2 18
-1 68 3 18
-1 68 4 18
-1 68 5 18
-1 68 6 18
-1 68 7 18
-1 68 8 9
-1 68 9 15
0 68 -9 15
0 68 -8 9
0 68 -7 18
0 68 -6 18
0 68 -5 18
0 68 -4 18
0 68 -3 18
0 68 -2 18
0 68 -1 18
0 68 0 17
0 68 1 18
0 68 2 18
0 68 3 18
0 68 4 18
0 68 5 18
0 68 6 18
0 68 7 18
0 68 8 9
0 68 9 15
1 68 -9 15
1 68 -8 9
1 68 -7 18
1 68 -6 18
1 68 -5 18
1 68 -4 18
1 68 -3 18
1 68 -2 1
1 68 -1 1
1 68 0 5
1 68 1 18
1 68 2 18
1 68 3 18
1 68 4 18
1 68 5 18
1 68 6 18
1 68 7 18
1 68 8 16
1 68 9 1
2 68 -9 15
2 68 -8 16
2 68 -7 18
2 68 -6 18
2 68 -5 18
2 68 -4 18
2 68 -3 18
2 68 -2 1
2 68 -1 1
2 68 0 5
2 68 1 18
2 68 2 18
2 68 3 18
2 68 4 18
2 68 5 18
2 68 6 18
2 68 7 18
2 68 8 9
2 68 9 1
3 68 -9 15
3 68 -8 9
3 68 -7 9
3 68 -6 18
3 68 -5 18
3 68 -4 18
3 68 -3 18
3 68 -2 18
3 68 -1 18
3 68 0 18
3 68 1 18
3 68 2 18
3 68 3 18
3 68 4 18
3 68 5 18
3 68 6 18
3 68 7 9
3 68 8 9
3 68 9 1
4 68 -8 1
4 68 -7 9
4 68 -6 18
4 68 -5 18
4 68 -4 18
4 68 -3 18
4 68 -2 18
4 68 -1 18
4 68 0 18
4 68 1 18
4 68 2 18
4 68 3 18
4 68 4 18
4 68 5 18
4 68 6 18
4 68 7 9
4 68 8 15
5 68 -8 1
5 68 -7 1
5 68 -6 9
5 68 -5 18
5 68 -4 18
5 68 -3 18
5 68 -2 18
5 68 -1 18
5 68 0 18
5 68 1 18
5 68 2 18
5 68 3 18
5 68 4 18
5 68 5 18
5 68 6 9
5 68 7 15
5 68 8 15
6 68 -7 1
6 68 -6 9
6 68 -5 16
6 68 -4 18
6 68 -3 18
6 68 -2 18
6 68 -1 18
6 68 0 18
6 68 1 18
6 68 2 18
6 68 3 18
6 68 4 18
6 68 5 9
6 68 6 9
6 68 7 15
7 68 -6 15
7 68 -5 15
7 68 -4 9
7 68 -3 9
7 68 -2 18
7 68 -1 18
7 68 0 18
7 68 1 18
7 68 2 18
7 68 3 9
7 68 4 9
7 68 5 1
7 68 6 1
8 68 -5 15
8 68 -4 15
8 68 -3 9
8 68 -2 9
8 68 -1 16
8 68 0 9
8 68 1 9
8 68 2 9
8 68 3 9
8 68 4 1
8 68 5 1
9 68 -3 1
9 68 -2 1
9 68 -1 1
9 68 0 15
9 68 1 15
9 68 2 15
9 68 3 15
-9 69 -3 9
-9 69 -2 9
-9 69 -1 16
-9 69 0 17
-9 69 1 9
-9 69 2 9
-9 69 3 16
-8 69 -5 16
-8 69 -4 9
-8 69 -3 9
-8 69 -2 9
-8 69 -1 9
-8 69 0 9
-8 69 1 16
-8 69 2 9
-8 69 3 9
-8 69 4 9
-8 69 5 9
-7 69 -6 17
-7 69 -5 9
-7 69 -4 9
-7 69 -3 9
-7 69 -2 18
-7 69 -1 18
-7 69 0 18
-7 69 1 18
-7 69 2 18
-7 69 3 9
-7 69 4 9
-7 69 5 9
-7 69 6 17
-6 69 -7 17
-6 69 -6 9
-6 69 -5 9
-6 69 -4 18
-6 69 -3 18
-6 69 -2 18
-6 69 -1 18
-6 69 0 18
-6 69 1 18
-6 69 2 18
-6 69 3 18
-6 69 4 18
-6 69 5 9
-6 69 6 9
-6 69 7 17
-5 69 -8 9
-5 69 -7 9
-5 69 -6 9
-5 69 -5 18
-5 69 -4 18
-5 69 -3 18
-5 69 -2 18
-5 69 -1 18
-5 69 0 18
-5 69 1 18
-5 69 2 18
-5 69 3 18
-5 69 4 18
-5 69 5 18
-5 69 6 9
-5 69 7 9
-5 69 8 9
-4 69 -8 16
-4 69 -7 16
-4 69 -6 18
-4 69 -5 18
-4 69 -4 18
-4 69 -3 18
-4 69 -2 18
-4 69 -1 18
-4 69 0 18
-4 69 1 18
-4 69 2 18
-4 69 3 18
-4 69 4 18
-4 69 5 18
-4 69 6 18
-4 69 7 9
-4 69 8 16
-3 69 -9 9
-3 69 -8 9
-3 69 -7 9
-3 69 -6 18
-3 69 -5 18
-3 69 -4 18
-3 69 -3 18
-3 69 -2 18
-3 69 -1 18
-3 69 0 18
-3 69 1 18
-3 69 2 18
-3 69 3 18
-3 69 4 18
-3 69 5 18
-3 69 6 18
-3 69 7 9
-3 69 8 16
-3 69 9 9
-2 69 -9 16
-2 69 -8 16
-2 69 -7 18
-2 69 -6 18
-2 69 -5 18
-2 69 -4 18
-2 69 -3 18
-2 69 -2 1
-2 69 -1 1
-2 69 0 18
-2 69 1 18
-2 69 2 18
-2 69 3 18
-2 69 4 18
-2 69 5 18
-2 69 6 18
-2 69 7 18
-2 69 8 9
-2 69 9 16
-1 69 -9 9
-1 69 -8 9
-1 69 -7 18
-1 69 -6 18
-1 69 -5 18
-1 69 -4 18
-1 69 -3 18
-1 69 -2 1
-1 69 -1 1
-1 69 0 18
-1 69 1 18
-1 69 2 18
-1 69 3 18
-1 69 4 18
-1 69 5 18
-1 69 6 18
-1 69 7 18
-1 69 8 9
-1 69 9 9
0 69 -9 17
0 69 -8 9
0 69 -7 18
0 69 -6 18
0 69 -5 18
0 69 -4 18
0 69 -3 18
0 69 -2 7
0 69 -1 7
0 69 0 17
0 69 1 18
0 69 2 18
0 69 3 18
0 69 4 18
0 69 5 18
0 69 6 18
0 69 7 18
0 69 8 9
0 69 9 17
1 69 -9 9
1 69 -8 16
1 69 -7 18
1 69 -6 18
1 69 -5 18
1 69 -4 18
1 69 -3 18
1 69 -2 18
1 69 -1 18
1 69 0 18
1 69 1 18
1 69 2 18
1 69 3 18
1 69 4 18
1 69 5 18
1 69 6 18
1 69 7 18
1 69 8 9
1 69 9 9
2 69 -9 9
2 69 -8 9
2 69 -7 18
2 69 -6 18
2 69 -5 18
2 69 -4 18
2 69 -3 18
2 69 -2 18
2 69 -1 18
2 69 0 18
2 69 1 18
2 69 2 18
2 69 3 18
2 69 4 18
2 69 5 18
2 69 6 18
2 69 7 18
2 69 8 16
2 69 9 9
3 69 -9 9
3 69 -8 9
3 69 -7 9
3 69 -6 18
3 69 -5 18
3 69 -4 18
3 69 -3 18
3 69 -2 18
3 69 -1 18
3 69 0 18
3 69 1 18
3 69 2 18
3 69 3 18
3 69 4 18
3 69 5 18
3 69 6 18
3 69 7 9
3 69 8 9
3 69 9 9
4 69 -8 9
4 69 -7 9
4 69 -6 18
4 69 -5 18
4 69 -4 18
4 69 -3 18
4 69 -2 18
4 69 -1 18
4 69 0 18
4 69 1 18
4 69 2 18
4 69 3 18
4 69 4 18
4 69 5 18
4 69 6 18
4 69 7 9
4 69 8 9
5 69 -8 9
5 69 -7 9
5 69 -6 9
5 69 -5 18
5 69 -4 18
5 69 -3 18
5 69 -2 18
5 69 -1 18
5 69 0 18
5 69 1 18
5 69 2 18
5 69 3 18
5 69 4 18
5 69 5 18
5 69 6 9
5 69 7 9
5 69 8 9
6 69 -7 17
6 69 -6 9
6 69 -5 9
6 69 -4 18
6 69 -3 18
6 69 -2 18
6 69 -1 18
6 69 0 18
6 69 1 18
6 69 2 18
6 69 3 18
6 69 4 18
6 69 5 9
6 69 6 9
6 69 7 17
7 69 -6 17
7 69 -5 9
7 69 -4 9
7 69 -3 9
7 69 -2 18
7 69 -1 18
7 69 0 18
7 69 1 18
7 69 2 18
7 69 3 9
7 69 4 9
7 69 5 9
7 69 6 17
8 69 -5 9
8 69 -4 9
8 69 -3 9
8 69 -2 9
8 69 -1 16
8 69 0 9
8 69 1 9
8 69 2 9
8 69 3 9
8 69 4 16
8 69 5 9
9 69 -3 16
9 69 -2 9
9 69 -1 9
9 69 0 17
9 69 1 16
9 69 2 16
9 69 3 9
-9 70 -3 16
-9 70 -2 9
-9 70 -1 9
-9 70 0 17
-9 70 1 16
-9 70 2 9
-9 70 3 9
-8 70 -5 9
-8 70 -4 9
-8 70 -3 9
-8 70 -2 9
-8 70 -1 9
-8 70 0 9
-8 70 1 16
-8 70 2 9
-8 70 3 9
-8 70 4 9
-8 70 5 16
-7 70 -6 17
-7 70 -5 9
-7 70 -4 16
-7 70 -3 16
-7 70 -2 18
-7 70 -1 18
-7 70 0 18
-7 70 1 18
-7 70 2 18
-7 70 3 9
-7 70 4 9
-7 70 5 9
-7 70 6 17
-6 70 -7 17
-6 70 -6 9
-6 70 -5 9
-6 70 -4 18
-6 70 -3 18
-6 70 -2 18
-6 70 -1 18
-6 70 0 18
-6 70 1 18
-6 70 2 18
-6 70 3 18
-6 70 4 18
-6 70 5 9
-6 70 6 9
-6 70 7 17
-5 70 -8 9
-5 70 -7 9
-5 70 -6 9
-5 70 -5 18
-5 70 -4 18
-5 70 -3 18
-5 70 -2 18
-5 70 -1 18
-5 70 0 18
-5 70 1 18
-5 70 2 18
-5 70 3 18
-5 70 4 18
-5 70 5 18
-5 70 6 16
-5 70 7 16
-5 70 8 9
-4 70 -8 9
-4 70 -7 9
-4 70 -6 18
-4 70 -5 18
-4 70 -4 18
-4 70 -3 18
-4 70 -2 18
-4 70 -1 18
-4 70 0 18
-4 70 1 18
-4 70 2 18
-4 70 3 18
-4 70 4 18
-4 70 5 18
-4 70 6 18
-4 70 7 16
-4 70 8 16
-3 70 -9 16
-3 70 -8 9
-3 70 -7 16
-3 70 -6 18
-3 70 -5 18
-3 70 -4 18
-3 70 -3 18
-3 70 -2 18
-3 70 -1 18
-3 70 0 18
-3 70 1 18
-3 70 2 18
-3 70 3 18
-3 70 4 18
-3 70 5 18
-3 70 6 18
-3 70 7 9
-3 70 8 9
-3 70 9 9
-2 70 -9 9
-2 70 -8 16
-2 70 -7 18
-2 70 -6 18
-2 70 -5 18
-2 70 -4 18
-2 70 -3 18
-2 70 -2 18
-2 70 -1 18
-2 70 0 4
-2 70 1 1
-2 70 2 1
-2 70 3 18
-2 70 4 18
-2 70 5 18
-2 70 6 18
-2 70 7 18
-2 70 8 9
-2 70 9 9
-1 70 -9 16
-1 70 -8 9
-1 70 -7 18
-1 70 -6 18
-1 70 -5 18
-1 70 -4 18
-1 70 -3 18
-1 70 -2 18
-1 70 -1 18
-1 70 0 4
-1 70 1 1
-1 70 2 1
-1 70 3 18
-1 70 4 18
-1 70 5 18
-1 70 6 18
-1 70 7 18
-1 70 8 9
-1 70 9 16
0 70 -9 17
0 70 -8 9
0 70 -7 18
0 70 -6 18
0 70 -5 18
0 70 -4 18
0 70 -3 18
0 70 -2 18
0 70 -1 18
0 70 0 17
0 70 1 18
0 70 2 18
0 70 3 18
0 70 4 18
0 70 5 18
0 70 6 18
0 70 7 18
0 70 8 9
0 70 9 17
1 70 -9 16
1 70 -8 9
1 70 -7 18
1 70 -6 18
1 70 -5 18
1 70 -4 18
1 70 -3 18
1 70 -2 18
1 70 -1 18
1 70 0 18
1 70 1 18
1 70 2 18
1 70 3 18
1 70 4 18
1 70 5 18
1 70 6 18
1 70 7 18
1 70 8 9
1 70 9 16
2 70 -9 9
2 70 -8 16
2 70 -7 18
2 70 -6 18
2 70 -5 18
2 70 -4 18
2 70 -3 18
2 70 -2 18
2 70 -1 18
2 70 0 18
2 70 1 18
2 70 2 18
2 70 3 18
2 70 4 18
2 70 5 18
2 70 6 18
2 70 7 18
2 70 8 9
2 70 9 9
3 70 -9 9
3 70 -8 16
3 70 -7 9
3 70 -6 18
3 70 -5 18
3 70 -4 18
3 70 -3 18
3 70 -2 18
3 70 -1 18
3 70 0 18
3 70 1 18
3 70 2 18
3 70 3 18
3 70 4 18
3 70 5 18
3 70 6 18
3 70 7 16
3 70 8 9
3 70 9 16
4 70 -8 9
4 70 -7 9
4 70 -6 18
4 70 -5 18
4 70 -4 18
4 70 -3 18
4 70 -2 18
4 70 -1 18
4 70 0 18
4 70 1 18
4 70 2 18
4 70 3 18
4 70 4 18
4 70 5 18
4 70 6 18
4 70 7 9
4 70 8 9
5 70 -8 9
5 70 -7 16
5 70 -6 9
5 70 -5 18
5 70 -4 18
5 70 -3 18
5 70 -2 18
5 70 -1 18
5 70 0 18
5 70 1 18
5 70 2 18
5 70 3 18
5 70 4 18
5 70 5 18
5 70 6 9
5 70 7 9
5 70 8 9
6 70 -7 17
6 70 -6 9
6 70 -5 16
6 70 -4 18
6 70 -3 18
6 70 -2 18
6 70 -1 18
6 70 0 18
6 70 1 18
6 70 2 18
6 70 3 18
6 70 4 18
6 70 5 16
6 70 6 9
6 70 7 17
7 70 -6 17
7 70 -5 9
7 70 -4 9
7 70 -3 9
7 70 -2 18
7 70 -1 18
7 70 0 18
7 70 1 18
7 70 2 18
7 70 3 16
7 70 4 9
7 70 5 9
7 70 6 17
8 70 -5 9
8 70 -4 9
8 70 -3 16
8 70 -2 9
8 70 -1 9
8 70 0 9
8 70 1 9
8 70 2 9
8 70 3 16
8 70 4 9
8 70 5 9
9 70 -3 9
9 70 -2 16
9 70 -1 16
9 70 0 17
9 70 1 9
9 70 2 9
9 70 3 16
-9 71 -3 16
-9 71 -2 9
-9 71 -1 9
-9 71 0 17
-9 71 1 9
-9 71 2 9
-9 71 3 9
-8 71 -5 9
-8 71 -4 9
-8 71 -3 9
-8 71 -2 9
-8 71 -1 9
-8 71 0 9
-8 71 1 9
-8 71 2 9
-8 71 3 9
-8 71 4 9
-8 71 5 9
-7 71 -6 17
-7 71 -5 9
-7 71 -4 16
-7 71 -3 16
-7 71 -2 18
-7 71 -1 18
-7 71 0 18
-7 71 1 18
-7 71 2 18
-7 71 3 9
-7 71 4 9
-7 71 5 16
-7 71 6 17
-6 71 -7 17
-6 71 -6 16
-6 71 -5 9
-6 71 -4 18
-6 71 -3 18
-6 71 -2 18
-6 71 -1 18
-6 71 0 18
-6 71 1 18
-6 71 2 18
-6 71 3 18
-6 71 4 18
-6 71 5 9
-6 71 6 9
-6 71 7 17
-5 71 -8 9
-5 71 -7 9
-5 71 -6 9
-5 71 -5 18
-5 71 -4 18
-5 71 -3 18
-5 71 -2 18
-5 71 -1 18
-5 71 0 18
-5 71 1 18
-5 71 2 18
-5 71 3 18
-5 71 4 18
-5 71 5 18
-5 71 6 9
-5 71 7 16
-5 71 8 9
-4 71 -8 9
-4 71 -7 9
-4 71 -6 18
-4 71 -5 18
-4 71 -4 18
-4 71 -3 18
-4 71 -2 18
-4 71 -1 18
-4 71 0 18
-4 71 1 18
-4 71 2 18
-4 71 3 18
-4 71 4 18
-4 71 5 18
-4 71 6 18
-4 71 7 9
-4 71 8 9
-3 71 -9 9
-3 71 -8 9
-3 71 -7 16
-3 71 -6 18
-3 71 -5 18
-3 71 -4 18
-3 71 -3 18
-3 71 -2 18
-3 71 -1 18
-3 71 0 18
-3 71 1 18
-3 71 2 18
-3 71 3 18
-3 71 4 18
-3 71 5 18
-3 71 6 18
-3 71 7 9
-3 71 8 9
-3 71 9 9
-2 71 -9 9
-2 71 -8 9
-2 71 -7 18
-2 71 -6 18
-2 71 -5 18
-2 71 -4 18
-2 71 -3 18
-2 71 -2 18
-2 71 -1 18
-2 71 0 18
-2 71 1 18
-2 71 2 18
-2 71 3 18
-2 71 4 18
-2 71 5 18
-2 71 6 18
-2 71 7 18
-2 71 8 9
-2 71 9 16
-1 71 -9 9
-1 71 -8 9
-1 71 -7 18
-1 71 -6 18
-1 71 -5 18
-1 71 -4 18
-1 71 -3 18
-1 71 -2 18
-1 71 -1 18
-1 71 0 18
-1 71 1 18
-1 71 2 18
-1 71 3 18
-1 71 4 18
-1 71 5 18
-1 71 6 18
-1 71 7 18
-1 71 8 9
-1 71 9 9
0 71 -9 17
0 71 -8 9
0 71 -7 18
0 71 -6 18
0 71 -5 18
0 71 -4 18
0 71 -3 18
0 71 -2 18
0 71 -1 18
0 71 0 17
0 71 1 0
0 71 2 0
0 71 3 18
0 71 4 18
0 71 5 18
0 71 6 18
0 71 7 18
0 71 8 9
0 71 9 17
1 71 -9 9
1 71 -8 9
1 71 -7 18
1 71 -6 18
1 71 -5 18
1 71 -4 18
1 71 -3 18
1 71 -2 18
1 71 -1 18
1 71 0 18
1 71 1 1
1 71 2 1
1 71 3 18
1 71 4 18
1 71 5 18
1 71 6 18
1 71 7 18
1 71 8 9
1 71 9 9
2 71 -9 9
2 71 -8 9
2 71 -7 18
2 71 -6 18
2 71 -5 18
2 71 -4 18
2 71 -3 18
2 71 -2 18
2 71 -1 18
2 71 0 18
2 71 1 1
2 71 2 1
2 71 3 18
2 71 4 18
2 71 5 18
2 71 6 18
2 71 7 18
2 71 8 9
2 71 9 9
3 71 -9 9
3 71 -8 16
3 71 -7 9
3 71 -6 18
3 71 -5 18
3 71 -4 18
3 71 -3 18
3 71 -2 18
3 71 -1 18
3 71 0 18
3 71 1 18
3 71 2 18
3 71 3 18
3 71 4 18
3 71 5 18
3 71 6 18
3 71 7 16
3 71 8 9
3 71 9 9
4 71 -8 16
4 71 -7 9
4 71 -6 18
4 71 -5 18
4 71 -4 18
4 71 -3 18
4 71 -2 18
4 71 -1 18
4 71 0 18
4 71 1 18
4 71 2 18
4 71 3 18
4 71 4 18
4 71 5 18
4 71 6 18
4 71 7 16
4 71 8 9
5 71 -8 16
5 71 -7 16
5 71 -6 9
5 71 -5 18
5 71 -4 18
5 71 -3 18
5 71 -2 18
5 71 -1 18
5 71 0 18
5 71 1 18
5 71 2 18
5 71 3 18
5 71 4 18
5 71 5 18
5 71 6 9
5 71 7 9
5 71 8 9
6 71 -7 17
6 71 -6 9
6 71 -5 9
6 71 -4 18
6 71 -3 18
6 71 -2 18
6 71 -1 18
6 71 0 18
6 71 1 18
6 71 2 18
6 71 3 18
6 71 4 18
6 71 5 9
6 71 6 16
6 71 7 17
7 71 -6 17
7 71 -5 16
7 71 -4 9
7 71 -3 9
7 71 -2 18
7 71 -1 18
7 71 0 18
7 71 1 18
7 71 2 18
7 71 3 16
7 71 4 9
7 71 5 9
7 71 6 17
8 71 -5 9
8 71 -4 9
8 71 -3 16
8 71 -2 16
8 71 -1 16
8 71 0 16
8 71 1 9
8 71 2 9
8 71 3 9
8 71 4 16
8 71 5 9
9 71 -3 9
9 71 -2 9
9 71 -1 9
9 71 0 17
9 71 1 9
9 71 2 16
9 71 3 16
-9 72 -3 9
-9 72 -2 9
-9 72 -1 9
-9 72 0 17
-9 72 1 9
-9 72 2 9
-9 72 3 9
-8 72 -5 9
-8 72 -4 9
-8 72 -3 9
-8 72 -2 9
-8 72 -1 9
-8 72 0 9
-8 72 1 9
-8 72 2 16
-8 72 3 9
-8 72 4 9
-8 72 5 9
-7 72 -6 17
-7 72 -5 9
-7 72 -4 9
-7 72 -3 9
-7 72 -2 18
-7 72 -1 18
-7 72 0 18
-7 72 1 18
-7 72 2 18
-7 72 3 9
-7 72 4 9
-7 72 5 9
-7 72 6 17
-6 72 -7 17
-6 72 -6 9
-6 72 -5 9
-6 72 -4 18
-6 72 -3 18
-6 72 -2 18
-6 72 -1 18
-6 72 0 18
-6 72 1 18
-6 72 2 18
-6 72 3 18
-6 72 4 18
-6 72 5 9
-6 72 6 16
-6 72 7 17
-5 72 -8 9
-5 72 -7 9
-5 72 -6 9
-5 72 -5 18
-5 72 -4 18
-5 72 -3 18
-5 72 -2 18
-5 72 -1 18
-5 72 0 18
-5 72 1 18
-5 72 2 18
-5 72 3 18
-5 72 4 18
-5 72 5 18
-5 72 6 9
-5 72 7 9
-5 72 8 16
-4 72 -8 9
-4 72 -7 9
-4 72 -6 18
-4 72 -5 18
-4 72 -4 18
-4 72 -3 18
-4 72 -2 18
-4 72 -1 18
-4 72 0 18
-4 72 1 18
-4 72 2 18
-4 72 3 18
-4 72 4 18
-4 72 5 18
-4 72 6 18
-4 72 7 16
-4 72 8 9
-3 72 -9 9
-3 72 -8 9
-3 72 -7 9
-3 72 -6 18
-3 72 -5 18
-3 72 -4 18
-3 72 -3 18
-3 72 -2 18
-3 72 -1 18
-3 72 0 18
-3 72 1 18
-3 72 2 18
-3 72 3 18
-3 72 4 18
-3 72 5 18
-3 72 6 18
-3 72 7 16
-3 72 8 9
-3 72 9 9
-2 72 -9 16
-2 72 -8 9
-2 72 -7 18
-2 72 -6 18
-2 72 -5 18
-2 72 -4 18
-2 72 -3 18
-2 72 -2 18
-2 72 -1 18
-2 72 0 18
-2 72 1 18
-2 72 2 18
-2 72 3 18
-2 72 4 18
-2 72 5 18
-2 72 6 18
-2 72 7 18
-2 72 8 16
-2 72 9 9
-1 72 -9 9
-1 72 -8 9
-1 72 -7 18
-1 72 -6 18
-1 72 -5 18
-1 72 -4 18
-1 72 -3 18
-1 72 -2 18
-1 72 -1 18
-1 72 0 18
-1 72 1 18
-1 72 2 18
-1 72 3 18
-1 72 4 18
-1 72 5 18
-1 72 6 18
-1 72 7 18
-1 72 8 9
-1 72 9 16
0 72 -9 17
0 72 -8 9
0 72 -7 18
0 72 -6 18
0 72 -5 18
0 72 -4 18
0 72 -3 18
0 72 -2 18
0 72 -1 18
0 72 0 17
0 72 1 18
0 72 2 18
0 72 3 18
0 72 4 18
0 72 5 18
0 72 6 18
0 72 7 18
0 72 8 9
0 72 9 17
1 72 -9 16
1 72 -8 9
1 72 -7 18
1 72 -6 18
1 72 -5 18
1 72 -4 18
1 72 -3 18
1 72 -2 1
1 72 -1 1
1 72 0 5
1 72 1 18
1 72 2 18
1 72 3 18
1 72 4 18
1 72 5 18
1 72 6 18
1 72 7 18
1 72 8 9
1 72 9 9
2 72 -9 9
2 72 -8 9
2 72 -7 18
2 72 -6 18
2 72 -5 18
2 72 -4 18
2 72 -3 18
2 72 -2 1
2 72 -1 1
2 72 0 5
2 72 1 18
2 72 2 18
2 72 3 18
2 72 4 18
2 72 5 18
2 72 6 18
2 72 7 18
2 72 8 16
2 72 9 9
3 72 -9 9
3 72 -8 9
3 72 -7 16
3 72 -6 18
3 72 -5 18
3 72 -4 18
3 72 -3 18
3 72 -2 18
3 72 -1 18
3 72 0 18
3 72 1 18
3 72 2 18
3 72 3 18
3 72 4 18
3 72 5 18
3 72 6 18
3 72 7 9
3 72 8 9
3 72 9 9
4 72 -8 9
4 72 -7 9
4 72 -6 18
4 72 -5 18
4 72 -4 18
4 72 -3 18
4 72 -2 18
4 72 -1 18
4 72 0 18
4 72 1 18
4 72 2 18
4 72 3 18
4 72 4 18
4 72 5 18
4 72 6 18
4 72 7 16
4 72 8 9
5 72 -8 9
5 72 -7 9
5 72 -6 9
5 72 -5 18
5 72 -4 18
5 72 -3 18
5 72 -2 18
5 72 -1 18
5 72 0 18
5 72 1 18
5 72 2 18
5 72 3 18
5 72 4 18
5 72 5 18
5 72 6 9
5 72 7 9
5 72 8 9
6 72 -7 17
6 72 -6 16
6 72 -5 9
6 72 -4 18
6 72 -3 18
6 72 -2 18
6 72 -1 18
6 72 0 18
6 72 1 18
6 72 2 18
6 72 3 18
6 72 4 18
6 72 5 9
6 72 6 9
6 72 7 17
7 72 -6 17
7 72 -5 9
7 72 -4 9
7 72 -3 9
7 72 -2 18
7 72 -1 18
7 72 0 18
7 72 1 18
7 72 2 18
7 72 3 9
7 72 4 9
7 72 5 9
7 72 6 17
8 72 -5 9
8 72 -4 16
8 72 -3 9
8 72 -2 9
8 72 -1 9
8 72 0 9
8 72 1 9
8 72 2 16
8 72 3 9
8 72 4 9
8 72 5 16
9 72 -3 9
9 72 -2 16
9 72 -1 9
9 72 0 17
9 72 1 9
9 72 2 9
9 72 3 9
-9 73 -3 9
-9 73 -2 16
-9 73 -1 9
-9 73 0 17
-9 73 1 9
-9 73 2 9
-9 73 3 9
-8 73 -5 9
-8 73 -4 16
-8 73 -3 16
-8 73 -2 9
-8 73 -1 16
-8 73 0 9
-8 73 1 9
-8 73 2 16
-8 73 3 9
-8 73 4 9
-8 73 5 9
-7 73 -6 17
-7 73 -5 16
-7 73 -4 9
-7 73 -3 9
-7 73 -2 18
-7 73 -1 18
-7 73 0 18
-7 73 1 18
-7 73 2 18
-7 73 3 9
-7 73 4 16
-7 73 5 9
-7 73 6 17
-6 73 -7 17
-6 73 -6 9
-6 73 -5 16
-6 73 -4 18
-6 73 -3 18
-6 73 -2 18
-6 73 -1 18
-6 73 0 18
-6 73 1 18
-6 73 2 18
-6 73 3 18
-6 73 4 18
-6 73 5 9
-6 73 6 9
-6 73 7 17
-5 73 -8 16
-5 73 -7 16
-5 73 -6 16
-5 73 -5 18
-5 73 -4 18
-5 73 -3 18
-5 73 -2 18
-5 73 -1 18
-5 73 0 18
-5 73 1 18
-5 73 2 18
-5 73 3 18
-5 73 4 18
-5 73 5 18
-5 73 6 16
-5 73 7 9
-5 73 8 16
-4 73 -8 9
-4 73 -7 16
-4 73 -6 18
-4 73 -5 18
-4 73 -4 18
-4 73 -3 18
-4 73 -2 18
-4 73 -1 18
-4 73 0 18
-4 73 1 18
-4 73 2 18
-4 73 3 18
-4 73 4 18
-4 73 5 18
-4 73 6 18
-4 73 7 9
-4 73 8 9
-3 73 -9 16
-3 73 -8 9
-3 73 -7 9
-3 73 -6 18
-3 73 -5 18
-3 73 -4 18
-3 73 -3 18
-3 73 -2 18
-3 73 -1 18
-3 73 0 18
-3 73 1 18
-3 73 2 18
-3 73 3 18
-3 73 4 18
-3 73 5 18
-3 73 6 18
-3 73 7 9
-3 73 8 16
-3 73 9 9
-2 73 -9 16
-2 73 -8 9
-2 73 -7 18
-2 73 -6 18
-2 73 -5 18
-2 73 -4 18
-2 73 -3 18
-2 73 -2 1
-2 73 -1 1
-2 73 0 18
-2 73 1 18
-2 73 2 18
-2 73 3 18
-2 73 4 18
-2 73 5 18
-2 73 6 18
-2 73 7 18
-2 73 8 9
-2 73 9 9
-1 73 -9 16
-1 73 -8 16
-1 73 -7 18
-1 73 -6 18
-1 73 -5 18
-1 73 -4 18
-1 73 -3 18
-1 73 -2 1
-1 73 -1 1
-1 73 0 18
-1 73 1 18
-1 73 2 18
-1 73 3 18
-1 73 4 18
-1 73 5 18
-1 73 6 18
-1 73 7 18
-1 73 8 9
-1 73 9 9
0 73 -9 17
0 73 -8 9
0 73 -7 18
0 73 -6 18
0 73 -5 18
0 73 -4 18
0 73 -3 18
0 73 -2 7
0 73 -1 7
0 73 0 17
0 73 1 18
0 73 2 18
0 73 3 18
0 73 4 18
0 73 5 18
0 73 6 18
0 73 7 18
0 73 8 9
0 73 9 17
1 73 -9 9
1 73 -8 9
1 73 -7 18
1 73 -6 18
1 73 -5 18
1 73 -4 18
1 73 -3 18
1 73 -2 18
1 73 -1 18
1 73 0 18
1 73 1 18
1 73 2 18
1 73 3 18
1 73 4 18
1 73 5 18
1 73 6 18
1 73 7 18
1 73 8 9
1 73 9 16
2 73 -9 16
2 73 -8 9
2 73 -7 18
2 73 -6 18
2 73 -5 18
2 73 -4 18
2 73 -3 18
2 73 -2 18
2 73 -1 18
2 73 0 18
2 73 1 18
2 73 2 18
2 73 3 18
2 73 4 18
2 73 5 18
2 73 6 18
2 73 7 18
2 73 8 9
2 73 9 9
3 73 -9 9
3 73 -8 9
3 73 -7 9
3 73 -6 18
3 73 -5 18
3 73 -4 18
3 73 -3 18
3 73 -2 18
3 73 -1 18
3 73 0 18
3 73 1 18
3 73 2 18
3 73 3 18
3 73 4 18
3 73 5 18
3 73 6 18
3 73 7 9
3 73 8 9
3 73 9 16
4 73 -8 9
4 73 -7 9
4 73 -6 18
4 73 -5 18
4 73 -4 18
4 73 -3 18
4 73 -2 18
4 73 -1 18
4 73 0 18
4 73 1 18
4 73 2 18
4 73 3 18
4 73 4 18
4 73 5 18
4 73 6 18
4 73 7 16
4 73 8 9
5 73 -8 9
5 73 -7 9
5 73 -6 9
5 73 -5 18
5 73 -4 18
5 73 -3 18
5 73 -2 18
5 73 -1 18
5 73 0 18
5 73 1 18
5 73 2 18
5 73 3 18
5 73 4 18
5 73 5 18
5 73 6 9
5 73 7 16
5 73 8 9
6 73 -7 17
6 73 -6 9
6 73 -5 9
6 73 -4 18
6 73 -3 18
6 73 -2 18
6 73 -1 18
6 73 0 18
6 73 1 18
6 73 2 18
6 73 3 18
6 73 4 18
6 73 5 9
6 73 6 9
6 73 7 17
7 73 -6 17
7 73 -5 9
7 73 -4 9
7 73 -3 9
7 73 -2 18
7 73 -1 18
7 73 0 18
7 73 1 18
7 73 2 18
7 73 3 9
7 73 4 9
7 73 5 16
7 73 6 17
8 73 -5 9
8 73 -4 9
8 73 -3 9
8 73 -2 9
8 73 -1 9
8 73 0 9
8 73 1 9
8 73 2 9
8 73 3 16
8 73 4 9
8 73 5 9
9 73 -3 9
9 73 -2 16
9 73 -1 9
9 73 0 17
9 73 1 9
9 73 2 9
9 73 3 9
-9 74 -3 9
-9 74 -2 9
-9 74 -1 9
-9 74 0 17
-9 74 1 9
-9 74 2 16
-9 74 3 16
-8 74 -5 9
-8 74 -4 9
-8 74 -3 9
-8 74 -2 9
-8 74 -1 9
-8 74 0 16
-8 74 1 9
-8 74 2 16
-8 74 3 9
-8 74 4 16
-8 74 5 9
-7 74 -6 17
-7 74 -5 9
-7 74 -4 9
-7 74 -3 9
-7 74 -2 18
-7 74 -1 18
-7 74 0 18
-7 74 1 18
-7 74 2 18
-7 74 3 16
-7 74 4 9
-7 74 5 9
-7 74 6 17
-6 74 -7 17
-6 74 -6 9
-6 74 -5 9
-6 74 -4 18
-6 74 -3 18
-6 74 -2 18
-6 74 -1 18
-6 74 0 18
-6 74 1 18
-6 74 2 18
-6 74 3 18
-6 74 4 18
-6 74 5 9
-6 74 6 9
-6 74 7 17
-5 74 -8 9
-5 74 -7 9
-5 74 -6 9
-5 74 -5 18
-5 74 -4 18
-5 74 -3 18
-5 74 -2 18
-5 74 -1 18
-5 74 0 18
-5 74 1 18
-5 74 2 18
-5 74 3 18
-5 74 4 18
-5 74 5 18
-5 74 6 9
-5 74 7 9
-5 74 8 9
-4 74 -8 9
-4 74 -7 9
-4 74 -6 18
-4 74 -5 18
-4 74 -4 18
-4 74 -3 18
-4 74 -2 18
-4 74 -1 18
-4 74 0 18
-4 74 1 18
-4 74 2 18
-4 74 3 18
-4 74 4 18
-4 74 5 18
-4 74 6 18
-4 74 7 9
-4 74 8 9
-3 74 -9 9
-3 74 -8 9
-3 74 -7 16
-3 74 -6 18
-3 74 -5 18
-3 74 -4 18
-3 74 -3 18
-3 74 -2 18
-3 74 -1 18
-3 74 0 18
-3 74 1 18
-3 74 2 18
-3 74 3 18
-3 74 4 18
-3 74 5 18
-3 74 6 18
-3 74 7 9
-3 74 8 16
-3 74 9 9
-2 74 -9 9
-2 74 -8 9
-2 74 -7 18
-2 74 -6 18
-2 74 -5 18
-2 74 -4 18
-2 74 -3 18
-2 74 -2 18
-2 74 -1 18
-2 74 0 4
-2 74 1 1
-2 74 2 1
-2 74 3 18
-2 74 4 18
-2 74 5 18
-2 74 6 18
-2 74 7 18
-2 74 8 9
-2 74 9 9
-1 74 -9 9
-1 74 -8 16
-1 74 -7 18
-1 74 -6 18
-1 74 -5 18
-1 74 -4 18
-1 74 -3 18
-1 74 -2 18
-1 74 -1 18
-1 74 0 4
-1 74 1 1
-1 74 2 1
-1 74 3 18
-1 74 4 18
-1 74 5 18
-1 74 6 18
-1 74 7 18
-1 74 8 9
-1 74 9 9
0 74 -9 17
0 74 -8 9
0 74 -7 18
0 74 -6 18
0 74 -5 18
0 74 -4 18
0 74 -3 18
0 74 -2 18
0 74 -1 18
0 74 0 17
0 74 1 18
0 74 2 18
0 74 3 18
0 74 4 18
0 74 5 18
0 74 6 18
0 74 7 18
0 74 8 9
0 74 9 17
1 74 -9 9
1 74 -8 9
1 74 -7 18
1 74 -6 18
1 74 -5 18
1 74 -4 18
1 74 -3 18
1 74 -2 18
1 74 -1 18
1 74 0 18
1 74 1 18
1 74 2 18
1 74 3 18
1 74 4 18
1 74 5 18
1 74 6 18
1 74 7 18
1 74 8 9
1 74 9 9
2 74 -9 9
2 74 -8 9
2 74 -7 18
2 74 -6 18
2 74 -5 18
2 74 -4 18
2 74 -3 18
2 74 -2 18
2 74 -1 18
2 74 0 18
2 74 1 18
2 74 2 18
2 74 3 18
2 74 4 18
2 74 5 18
2 74 6 18
2 74 7 18
2 74 8 16
2 74 9 16
3 74 -9 9
3 74 -8 9
3 74 -7 9
3 74 -6 18
3 74 -5 18
3 74 -4 18
3 74 -3 18
3 74 -2 18
3 74 -1 18
3 74 0 18
3 74 1 18
3 74 2 18
3 74 3 18
3 74 4 18
3 74 5 18
3 74 6 18
3 74 7 16
3 74 8 9
3 74 9 9
4 74 -8 9
4 74 -7 9
4 74 -6 18
4 74 -5 18
4 74 -4 18
4 74 -3 18
4 74 -2 18
4 74 -1 18
4 74 0 18
4 74 1 18
4 74 2 18
4 74 3 18
4 74 4 18
4 74 5 18
4 74 6 18
4 74 7 9
4 74 8 16
5 74 -8 9
5 74 -7 9
5 74 -6 9
5 74 -5 18
5 74 -4 18
5 74 -3 18
5 74 -2 18
5 74 -1 18
5 74 0 18
5 74 1 18
5 74 2 18
5 74 3 18
5 74 4 18
5 74 5 18
5 74 6 9
5 74 7 9
5 74 8 9
6 74 -7 17
6 74 -6 9
6 74 -5 9
6 74 -4 18
6 74 -3 18
6 74 -2 18
6 74 -1 18
6 74 0 18
6 74 1 18
6 74 2 18
6 74 3 18
6 74 4 18
6 74 5 9
6 74 6 9
6 74 7 17
7 74 -6 17
7 74 -5 9
7 74 -4 9
7 74 -3 16
7 74 -2 18
7 74 -1 18
7 74 0 18
7 74 1 18
7 74 2 18
7 74 3 9
7 74 4 9
7 74 5 9
7 74 6 17
8 74 -5 16
8 74 -4 9
8 74 -3 9
8 74 -2 9
8 74 -1 9
8 74 0 9
8 74 1 9
8 74 2 9
8 74 3 9
8 74 4 9
8 74 5 9
9 74 -3 16
9 74 -2 9
9 74 -1 9
9 74 0 17
9 74 1 9
9 74 2 16
9 74 3 9
-9 75 -3 9
-9 75 -2 16
-9 75 -1 9
-9 75 0 17
-9 75 1 16
-9 75 2 16
-9 75 3 16
-8 75 -5 9
-8 75 -4 16
-8 75 -3 9
-8 75 -2 9
-8 75 -1 9
-8 75 0 9
-8 75 1 9
-8 75 2 9
-8 75 3 9
-8 75 4 9
-8 75 5 16
-7 75 -6 17
-7 75 -5 16
-7 75 -4 9
-7 75 -3 9
-7 75 -2 18
-7 75 -1 18
-7 75 0 18
-7 75 1 18
-7 75 2 18
-7 75 3 9
-7 75 4 9
-7 75 5 16
-7 75 6 17
-6 75 -7 17
-6 75 -6 9
-6 75 -5 9
-6 75 -4 18
-6 75 -3 18
-6 75 -2 18
-6 75 -1 18
-6 75 0 18
-6 75 1 18
-6 75 2 18
-6 75 3 18
-6 75 4 18
-6 75 5 9
-6 75 6 16
-6 75 7 17
-5 75 -8 16
-5 75 -7 9
-5 75 -6 9
-5 75 -5 18
-5 75 -4 18
-5 75 -3 18
-5 75 -2 18
-5 75 -1 18
-5 75 0 18
-5 75 1 18
-5 75 2 18
-5 75 3 18
-5 75 4 18
-5 75 5 18
-5 75 6 9
-5 75 7 16
-5 75 8 16
-4 75 -8 9
-4 75 -7 16
-4 75 -6 18
-4 75 -5 18
-4 75 -4 18
-4 75 -3 18
-4 75 -2 18
-4 75 -1 18
-4 75 0 18
-4 75 1 18
-4 75 2 18
-4 75 3 18
-4 75 4 18
-4 75 5 18
-4 75 6 18
-4 75 7 9
-4 75 8 16
-3 75 -9 9
-3 75 -8 9
-3 75 -7 9
-3 75 -6 18
-3 75 -5 18
-3 75 -4 18
-3 75 -3 18
-3 75 -2 18
-3 75 -1 18
-3 75 0 18
-3 75 1 18
-3 75 2 18
-3 75 3 18
-3 75 4 18
-3 75 5 18
-3 75 6 18
-3 75 7 9
-3 75 8 16
-3 75 9 16
-2 75 -9 16
-2 75 -8 9
-2 75 -7 18
-2 75 -6 18
-2 75 -5 18
-2 75 -4 18
-2 75 -3 18
-2 75 -2 18
-2 75 -1 18
-2 75 0 18
-2 75 1 18
-2 75 2 18
-2 75 3 18
-2 75 4 18
-2 75 5 18
-2 75 6 18
-2 75 7 18
-2 75 8 9
-2 75 9 9
-1 75 -9 9
-1 75 -8 16
-1 75 -7 18
-1 75 -6 18
-1 75 -5 18
-1 75 -4 18
-1 75 -3 18
-1 75 -2 18
-1 75 -1 18
-1 75 0 18
-1 75 1 18
-1 75 2 18
-1 75 3 18
-1 75 4 18
-1 75 5 18
-1 75 6 18
-1 75 7 18
-1 75 8 9
-1 75 9 16
0 75 -9 17
0 75 -8 9
0 75 -7 18
0 75 -6 18
0 75 -5 18
0 75 -4 18
0 75 -3 18
0 75 -2 18
0 75 -1 18
0 75 0 17
0 75 1 0
0 75 2 0
0 75 3 18
0 75 4 18
0 75 5 18
0 75 6 18
0 75 7 18
0 75 8 9
0 75 9 17
1 75 -9 16
1 75 -8 16
1 75 -7 18
1 75 -6 18
1 75 -5 18
1 75 -4 18
1 75 -3 18
1 75 -2 18
1 75 -1 18
1 75 0 18
1 75 1 1
1 75 2 1
1 75 3 18
1 75 4 18
1 75 5 18
1 75 6 18
1 75 7 18
1 75 8 9
1 75 9 9
2 75 -9 16
2 75 -8 16
2 75 -7 18
2 75 -6 18
2 75 -5 18
2 75 -4 18
2 75 -3 18
2 75 -2 18
2 75 -1 18
2 75 0 18
2 75 1 1
2 75 2 1
2 75 3 18
2 75 4 18
2 75 5 18
2 75 6 18
2 75 7 18
2 75 8 9
2 75 9 9
3 75 -9 16
3 75 -8 16
3 75 -7 9
3 75 -6 18
3 75 -5 18
3 75 -4 18
3 75 -3 18
3 75 -2 18
3 75 -1 18
3 75 0 18
3 75 1 18
3 75 2 18
3 75 3 18
3 75 4 18
3 75 5 18
3 75 6 18
3 75 7 9
3 75 8 9
3 75 9 9
4 75 -8 9
4 75 -7 9
4 75 -6 18
4 75 -5 18
4 75 -4 18
4 75 -3 18
4 75 -2 18
4 75 -1 18
4 75 0 18
4 75 1 18
4 75 2 18
4 75 3 18
4 75 4 18
4 75 5 18
4 75 6 18
4 75 7 9
4 75 8 9
5 75 -8 16
5 75 -7 16
5 75 -6 9
5 75 -5 18
5 75 -4 18
5 75 -3 18
5 75 -2 18
5 75 -1 18
5 75 0 18
5 75 1 18
5 75 2 18
5 75 3 18
5 75 4 18
5 75 5 18
5 75 6 9
5 75 7 9
5 75 8 16
6 75 -7 17
6 75 -6 16
6 75 -5 9
6 75 -4 18
6 75 -3 18
6 75 -2 18
6 75 -1 18
6 75 0 18
6 75 1 18
6 75 2 18
6 75 3 18
6 75 4 18
6 75 5 9
6 75 6 9
6 75 7 17
7 75 -6 17
7 75 -5 16
7 75 -4 9
7 75 -3 9
7 75 -2 18
7 75 -1 18
7 75 0 18
7 75 1 18
7 75 2 18
7 75 3 9
7 75 4 9
7 75 5 16
7 75 6 17
8 75 -5 16
8 75 -4 9
8 75 -3 16
8 75 -2 9
8 75 -1 9
8 75 0 16
8 75 1 16
8 75 2 9
8 75 3 9
8 75 4 9
8 75 5 9
9 75 -3 16
9 75 -2 9
9 75 -1 16
9 75 0 17
9 75 1 9
9 75 2 9
9 75 3 9
-9 76 -3 9
-9 76 -2 16
-9 76 -1 9
-9 76 0 17
-9 76 1 9
-9 76 2 9
-9 76 3 16
-8 76 -5 9
-8 76 -4 16
-8 76 -3 9
-8 76 -2 9
-8 76 -1 16
-8 76 0 9
-8 76 1 9
-8 76 2 16
-8 76 3 16
-8 76 4 9
-8 76 5 9
-7 76 -6 17
-7 76 -5 9
-7 76 -4 9
-7 76 -3 9
-7 76 -2 1
-7 76 -1 1
-7 76 0 1
-7 76 1 1
-7 76 2 1
-7 76 3 9
-7 76 4 9
-7 76 5 9
-7 76 6 17
-6 76 -7 17
-6 76 -6 9
-6 76 -5 9
-6 76 -4 1
-6 76 -3 1
-6 76 -2 1
-6 76 -1 1
-6 76 0 1
-6 76 1 1
-6 76 2 1
-6 76 3 1
-6 76 4 1
-6 76 5 9
-6 76 6 16
-6 76 7 17
-5 76 -8 9
-5 76 -7 9
-5 76 -6 9
-5 76 -5 1
-5 76 -4 1
-5 76 -3 1
-5 76 -2 1
-5 76 -1 1
-5 76 0 1
-5 76 1 1
-5 76 2 1
-5 76 3 1
-5 76 4 1
-5 76 5 1
-5 76 6 9
-5 76 7 9
-5 76 8 9
-4 76 -8 9
-4 76 -7 9
-4 76 -6 1
-4 76 -5 1
-4 76 -4 1
-4 76 -3 1
-4 76 -2 1
-4 76 -1 1
-4 76 0 1
-4 76 1 1
-4 76 2 1
-4 76 3 1
-4 76 4 1
-4 76 5 1
-4 76 6 1
-4 76 7 9
-4 76 8 9
-3 76 -9 9
-3 76 -8 9
-3 76 -7 16
-3 76 -6 1
-3 76 -5 1
-3 76 -4 1
-3 76 -3 1
-3 76 -2 1
-3 76 -1 1
-3 76 0 1
-3 76 1 1
-3 76 2 1
-3 76 3 1
-3 76 4 1
-3 76 5 1
-3 76 6 1
-3 76 7 9
-3 76 8 9
-3 76 9 9
-2 76 -9 9
-2 76 -8 9
-2 76 -7 1
-2 76 -6 1
-2 76 -5 1
-2 76 -4 1
-2 76 -3 1
-2 76 -2 18
-2 76 -1 18
-2 76 0 18
-2 76 1 18
-2 76 2 18
-2 76 3 1
-2 76 4 1
-2 76 5 1
-2 76 6 1
-2 76 7 1
-2 76 8 16
-2 76 9 9
-1 76 -9 16
-1 76 -8 9
-1 76 -7 1
-1 76 -6 1
-1 76 -5 1
-1 76 -4 1
-1 76 -3 1
-1 76 -2 18
-1 76 -1 18
-1 76 0 18
-1 76 1 18
-1 76 2 18
-1 76 3 1
-1 76 4 1
-1 76 5 1
-1 76 6 1
-1 76 7 1
-1 76 8 9
-1 76 9 9
0 76 -9 17
0 76 -8 9
0 76 -7 1
0 76 -6 1
0 76 -5 1
0 76 -4 1
0 76 -3 1
0 76 -2 18
0 76 -1 18
0 76 0 17
0 76 1 18
0 76 2 18
0 76 3 1
0 76 4 1
0 76 5 1
0 76 6 1
0 76 7 1
0 76 8 16
0 76 9 17
1 76 -9 9
1 76 -8 9
1 76 -7 1
1 76 -6 1
1 76 -5 1
1 76 -4 1
1 76 -3 1
1 76 -2 1
1 76 -1 1
1 76 0 5
1 76 1 18
1 76 2 18
1 76 3 1
1 76 4 1
1 76 5 1
1 76 6 1
1 76 7 1
1 76 8 9
1 76 9 16
2 76 -9 9
2 76 -8 9
2 76 -7 1
2 76 -6 1
2 76 -5 1
2 76 -4 1
2 76 -3 1
2 76 -2 1
2 76 -1 1
2 76 0 5
2 76 1 18
2 76 2 18
2 76 3 1
2 76 4 1
2 76 5 1
2 76 6 1
2 76 7 1
2 76 8 9
2 76 9 9
3 76 -9 9
3 76 -8 9
3 76 -7 9
3 76 -6 1
3 76 -5 1
3 76 -4 1
3 76 -3 1
3 76 -2 1
3 76 -1 1
3 76 0 1
3 76 1 1
3 76 2 1
3 76 3 1
3 76 4 1
3 76 5 1
3 76 6 1
3 76 7 16
3 76 8 16
3 76 9 9
4 76 -8 9
4 76 -7 16
4 76 -6 1
4 76 -5 1
4 76 -4 1
4 76 -3 1
4 76 -2 1
4 76 -1 1
4 76 0 1
4 76 1 1
4 76 2 1
4 76 3 1
4 76 4 1
4 76 5 1
4 76 6 1
4 76 7 9
4 76 8 9
5 76 -8 9
5 76 -7 9
5 76 -6 16
5 76 -5 1
5 76 -4 1
5 76 -3 1
5 76 -2 1
5 76 -1 1
5 76 0 1
5 76 1 1
5 76 2 1
5 76 3 1
5 76 4 1
5 76 5 1
5 76 6 9
5 76 7 9
5 76 8 9
6 76 -7 17
6 76 -6 16
6 76 -5 9
6 76 -4 1
6 76 -3 1
6 76 -2 1
6 76 -1 1
6 76 0 1
6 76 1 1
6 76 2 1
6 76 3 1
6 76 4 1
6 76 5 9
6 76 6 9
6 76 7 17
7 76 -6 17
7 76 -5 9
7 76 -4 9
7 76 -3 9
7 76 -2 1
7 76 -1 1
7 76 0 1
7 76 1 1
7 76 2 1
7 76 3 9
7 76 4 9
7 76 5 9
7 76 6 17
8 76 -5 9
8 76 -4 16
8 76 -3 16
8 76 -2 9
8 76 -1 9
8 76 0 9
8 76 1 9
8 76 2 9
8 76 3 9
8 76 4 9
8 76 5 9
9 76 -3 16
9 76 -2 9
9 76 -1 9
9 76 0 17
9 76 1 9
9 76 2 9
9 76 3 9
-9 77 -3 9
-9 77 -2 9
-9 77 -1 9
-9 77 0 17
-9 77 1 9
-9 77 2 9
-9 77 3 9
-8 77 -5 9
-8 77 -4 9
-8 77 -3 9
-8 77 -2 16
-8 77 -1 9
-8 77 0 9
-8 77 1 9
-8 77 2 16
-8 77 3 9
-8 77 4 9
-8 77 5 9
-7 77 -6 17
-7 77 -5 9
-7 77 -4 9
-7 77 -3 9
-7 77 -2 18
-7 77 -1 18
-7 77 0 18
-7 77 1 18
-7 77 2 18
-7 77 3 9
-7 77 4 16
-7 77 5 9
-7 77 6 17
-6 77 -7 17
-6 77 -6 9
-6 77 -5 16
-6 77 -4 18
-6 77 -3 18
-6 77 -2 18
-6 77 -1 18
-6 77 0 18
-6 77 1 18
-6 77 2 18
-6 77 3 18
-6 77 4 18
-6 77 5 9
-6 77 6 9
-6 77 7 17
-5 77 -8 16
-5 77 -7 16
-5 77 -6 16
-5 77 -5 18
-5 77 -4 18
-5 77 -3 18
-5 77 -2 18
-5 77 -1 18
-5 77 0 18
-5 77 1 18
-5 77 2 18
-5 77 3 18
-5 77 4 18
-5 77 5 18
-5 77 6 9
-5 77 7 9
-5 77 8 9
-4 77 -8 16
-4 77 -7 9
-4 77 -6 18
-4 77 -5 18
-4 77 -4 18
-4 77 -3 18
-4 77 -2 18
-4 77 -1 18
-4 77 0 18
-4 77 1 18
-4 77 2 18
-4 77 3 18
-4 77 4 18
-4 77 5 18
-4 77 6 18
-4 77 7 9
-4 77 8 9
-3 77 -9 9
-3 77 -8 16
-3 77 -7 9
-3 77 -6 18
-3 77 -5 18
-3 77 -4 18
-3 77 -3 18
-3 77 -2 18
-3 77 -1 18
-3 77 0 18
-3 77 1 18
-3 77 2 18
-3 77 3 18
-3 77 4 18
-3 77 5 18
-3 77 6 18
-3 77 7 9
-3 77 8 9
-3 77 9 9
-2 77 -9 9
-2 77 -8 9
-2 77 -7 18
-2 77 -6 18
-2 77 -5 18
-2 77 -4 18
-2 77 -3 18
-2 77 -2 1
-2 77 -1 1
-2 77 0 18
-2 77 1 18
-2 77 2 18
-2 77 3 18
-2 77 4 18
-2 77 5 18
-2 77 6 18
-2 77 7 18
-2 77 8 9
-2 77 9 16
-1 77 -9 9
-1 77 -8 9
-1 77 -7 18
-1 77 -6 18
-1 77 -5 18
-1 77 -4 18
-1 77 -3 18
-1 77 -2 1
-1 77 -1 1
-1 77 0 18
-1 77 1 18
-1 77 2 18
-1 77 3 18
-1 77 4 18
-1 77 5 18
-1 77 6 18
-1 77 7 18
-1 77 8 16
-1 77 9 16
0 77 -9 17
0 77 -8 16
0 77 -7 18
0 77 -6 18
0 77 -5 18
0 77 -4 18
0 77 -3 18
0 77 -2 7
0 77 -1 7
0 77 0 17
0 77 1 18
0 77 2 18
0 77 3 18
0 77 4 18
0 77 5 18
0 77 6 18
0 77 7 18
0 77 8 9
0 77 9 17
1 77 -9 16
1 77 -8 9
1 77 -7 18
1 77 -6 18
1 77 -5 18
1 77 -4 18
1 77 -3 18
1 77 -2 18
1 77 -1 18
1 77 0 18
1 77 1 18
1 77 2 18
1 77 3 18
1 77 4 18
1 77 5 18
1 77 6 18
1 77 7 18
1 77 8 16
1 77 9 9
2 77 -9 9
2 77 -8 16
2 77 -7 18
2 77 -6 18
2 77 -5 18
2 77 -4 18
2 77 -3 18
2 77 -2 18
2 77 -1 18
2 77 0 18
2 77 1 18
2 77 2 18
2 77 3 18
2 77 4 18
2 77 5 18
2 77 6 18
2 77 7 18
2 77 8 16
2 77 9 9
3 77 -9 9
3 77 -8 9
3 77 -7 9
3 77 -6 18
3 77 -5 18
3 77 -4 18
3 77 -3 18
3 77 -2 18
3 77 -1 18
3 77 0 18
3 77 1 18
3 77 2 18
3 77 3 18
3 77 4 18
3 77 5 18
3 77 6 18
3 77 7 9
3 77 8 9
3 77 9 9
4 77 -8 16
4 77 -7 9
4 77 -6 18
4 77 -5 18
4 77 -4 18
4 77 -3 18
4 77 -2 18
4 77 -1 18
4 77 0 18
4 77 1 18
4 77 2 18
4 77 3 18
4 77 4 18
4 77 5 18
4 77 6 18
4 77 7 9
4 77 8 9
5 77 -8 9
5 77 -7 9
5 77 -6 9
5 77 -5 18
5 77 -4 18
5 77 -3 18
5 77 -2 18
5 77 -1 18
5 77 0 18
5 77 1 18
5 77 2 18
5 77 3 18
5 77 4 18
5 77 5 18
5 77 6 9
5 77 7 16
5 77 8 9
6 77 -7 17
6 77 -6 9
6 77 -5 9
6 77 -4 18
6 77 -3 18
6 77 -2 18
6 77 -1 18
6 77 0 18
6 77 1 18
6 77 2 18
6 77 3 18
6 77 4 18
6 77 5 9
6 77 6 9
6 77 7 17
7 77 -6 17
7 77 -5 9
7 77 -4 9
7 77 -3 9
7 77 -2 18
7 77 -1 18
7 77 0 18
7 77 1 18
7 77 2 18
7 77 3 9
7 77 4 9
7 77 5 9
7 77 6 17
8 77 -5 16
8 77 -4 16
8 77 -3 9
8 77 -2 16
8 77 -1 9
8 77 0 9
8 77 1 9
8 77 2 9
8 77 3 9
8 77 4 9
8 77 5 9
9 77 -3 9
9 77 -2 9
9 77 -1 9
9 77 0 17
9 77 1 9
9 77 2 16
9 77 3 9
-9 78 -3 9
-9 78 -2 9
-9 78 -1 16
-9 78 0 17
-9 78 1 9
-9 78 2 16
-9 78 3 9
-8 78 -5 9
-8 78 -4 16
-8 78 -3 9
-8 78 -2 9
-8 78 -1 9
-8 78 0 9
-8 78 1 9
-8 78 2 9
-8 78 3 9
-8 78 4 9
-8 78 5 9
-7 78 -6 17
-7 78 -5 9
-7 78 -4 9
-7 78 -3 9
-7 78 -2 18
-7 78 -1 18
-7 78 0 18
-7 78 1 18
-7 78 2 18
-7 78 3 9
-7 78 4 9
-7 78 5 9
-7 78 6 17
-6 78 -7 17
-6 78 -6 9
-6 78 -5 9
-6 78 -4 18
-6 78 -3 18
-6 78 -2 18
-6 78 -1 18
-6 78 0 18
-6 78 1 18
-6 78 2 18
-6 78 3 18
-6 78 4 18
-6 78 5 16
-6 78 6 9
-6 78 7 17
-5 78 -8 9
-5 78 -7 9
-5 78 -6 16
-5 78 -5 18
-5 78 -4 18
-5 78 -3 18
-5 78 -2 18
-5 78 -1 18
-5 78 0 18
-5 78 1 18
-5 78 2 18
-5 78 3 18
-5 78 4 18
-5 78 5 18
-5 78 6 16
-5 78 7 9
-5 78 8 9
-4 78 -8 9
-4 78 -7 9
-4 78 -6 18
-4 78 -5 18
-4 78 -4 18
-4 78 -3 18
-4 78 -2 18
-4 78 -1 18
-4 78 0 18
-4 78 1 18
-4 78 2 18
-4 78 3 18
-4 78 4 18
-4 78 5 18
-4 78 6 18
-4 78 7 16
-4 78 8 9
-3 78 -9 9
-3 78 -8 9
-3 78 -7 9
-3 78 -6 18
-3 78 -5 18
-3 78 -4 18
-3 78 -3 18
-3 78 -2 18
-3 78 -1 18
-3 78 0 18
-3 78 1 18
-3 78 2 18
-3 78 3 18
-3 78 4 18
-3 78 5 18
-3 78 6 18
-3 78 7 16
-3 78 8 9
-3 78 9 9
-2 78 -9 9
-2 78 -8 16
-2 78 -7 18
-2 78 -6 18
-2 78 -5 18
-2 78 -4 18
-2 78 -3 18
-2 78 -2 18
-2 78 -1 18
-2 78 0 4
-2 78 1 1
-2 78 2 1
-2 78 3 18
-2 78 4 18
-2 78 5 18
-2 78 6 18
-2 78 7 18
-2 78 8 9
-2 78 9 16
-1 78 -9 9
-1 78 -8 9
-1 78 -7 18
-1 78 -6 18
-1 78 -5 18
-1 78 -4 18
-1 78 -3 18
-1 78 -2 18
-1 78 -1 18
-1 78 0 4
-1 78 1 1
-1 78 2 1
-1 78 3 18
-1 78 4 18
-1 78 5 18
-1 78 6 18
-1 78 7 18
-1 78 8 9
-1 78 9 9
0 78 -9 17
0 78 -8 9
0 78 -7 18
0 78 -6 18
0 78 -5 18
0 78 -4 18
0 78 -3 18
0 78 -2 18
0 78 -1 18
0 78 0 17
0 78 1 18
0 78 2 18
0 78 3 18
0 78 4 18
0 78 5 18
0 78 6 18
0 78 7 18
0 78 8 9
0 78 9 17
1 78 -9 9
1 78 -8 9
1 78 -7 18
1 78 -6 18
1 78 -5 18
1 78 -4 18
1 78 -3 18
1 78 -2 18
1 78 -1 18
1 78 0 18
1 78 1 18
1 78 2 18
1 78 3 18
1 78 4 18
1 78 5 18
1 78 6 18
1 78 7 18
1 78 8 9
1 78 9 9
2 78 -9 9
2 78 -8 9
2 78 -7 18
2 78 -6 18
2 78 -5 18
2 78 -4 18
2 78 -3 18
2 78 -2 18
2 78 -1 18
2 78 0 18
2 78 1 18
2 78 2 18
2 78 3 18
2 78 4 18
2 78 5 18
2 78 6 18
2 78 7 18
2 78 8 9
2 78 9 9
3 78 -9 9
3 78 -8 9
3 78 -7 16
3 78 -6 18
3 78 -5 18
3 78 -4 18
3 78 -3 18
3 78 -2 18
3 78 -1 18
3 78 0 18
3 78 1 18
3 78 2 18
3 78 3 18
3 78 4 18
3 78 5 18
3 78 6 18
3 78 7 9
3 78 8 16
3 78 9 9
4 78 -8 16
4 78 -7 9
4 78 -6 18
4 78 -5 18
4 78 -4 18
4 78 -3 18
4 78 -2 18
4 78 -1 18
4 78 0 18
4 78 1 18
4 78 2 18
4 78 3 18
4 78 4 18
4 78 5 18
4 78 6 18
4 78 7 9
4 78 8 9
5 78 -8 9
5 78 -7 9
5 78 -6 9
5 78 -5 18
5 78 -4 18
5 78 -3 18
5 78 -2 18
5 78 -1 18
5 78 0 18
5 78 1 18
5 78 2 18
5 78 3 18
5 78 4 18
5 78 5 18
5 78 6 9
5 78 7 9
5 78 8 16
6 78 -7 17
6 78 -6 9
6 78 -5 9
6 78 -4 18
6 78 -3 18
6 78 -2 18
6 78 -1 18
6 78 0 18
6 78 1 18
6 78 2 18
6 78 3 18
6 78 4 18
6 78 5 16
6 78 6 9
6 78 7 17
7 78 -6 17
7 78 -5 9
7 78 -4 16
7 78 -3 9
7 78 -2 18
7 78 -1 18
7 78 0 18
7 78 1 18
7 78 2 18
7 78 3 9
7 78 4 9
7 78 5 9
7 78 6 17
8 78 -5 9
8 78 -4 9
8 78 -3 9
8 78 -2 9
8 78 -1 9
8 78 0 9
8 78 1 9
8 78 2 16
8 78 3 9
8 78 4 9
8 78 5 9
9 78 -3 9
9 78 -2 9
9 78 -1 9
9 78 0 17
9 78 1 16
9 78 2 16
9 78 3 9
-9 79 -3 16
-9 79 -2 16
-9 79 -1 9
-9 79 0 17
-9 79 1 9
-9 79 2 9
-9 79 3 9
-8 79 -5 16
-8 79 -4 9
-8 79 -3 53
-8 79 -2 9
-8 79 -1 9
-8 79 0 9
-8 79 1 9
-8 79 2 16
-8 79 3 53
-8 79 4 9
-8 79 5 16
-7 79 -6 17
-7 79 -5 9
-7 79 -4 9
-7 79 -3 18
-7 79 -2 18
-7 79 -1 18
-7 79 0 18
-7 79 1 18
-7 79 2 18
-7 79 3 18
-7 79 4 16
-7 79 5 9
-7 79 6 17
-6 79 -7 17
-6 79 -6 9
-6 79 -5 9
-6 79 -4 18
-6 79 -3 18
-6 79 -2 18
-6 79 -1 18
-6 79 0 18
-6 79 1 18
-6 79 2 18
-6 79 3 18
-6 79 4 18
-6 79 5 16
-6 79 6 16
-6 79 7 17
-5 79 -8 9
-5 79 -7 9
-5 79 -6 9
-5 79 -5 18
-5 79 -4 18
-5 79 -3 18
-5 79 -2 18
-5 79 -1 18
-5 79 0 18
-5 79 1 18
-5 79 2 18
-5 79 3 18
-5 79 4 18
-5 79 5 18
-5 79 6 9
-5 79 7 9
-5 79 8 9
-4 79 -8 9
-4 79 -7 9
-4 79 -6 18
-4 79 -5 18
-4 79 -4 18
-4 79 -3 18
-4 79 -2 18
-4 79 -1 18
-4 79 0 18
-4 79 1 18
-4 79 2 18
-4 79 3 18
-4 79 4 18
-4 79 5 18
-4 79 6 18
-4 79 7 9
-4 79 8 9
-3 79 -9 9
-3 79 -8 54
-3 79 -7 18
-3 79 -6 18
-3 79 -5 18
-3 79 -4 18
-3 79 -3 18
-3 79 -2 18
-3 79 -1 18
-3 79 0 18
-3 79 1 18
-3 79 2 18
-3 79 3 18
-3 79 4 18
-3 79 5 18
-3 79 6 18
-3 79 7 18
-3 79 8 55
-3 79 9 9
-2 79 -9 9
-2 79 -8 9
-2 79 -7 18
-2 79 -6 18
-2 79 -5 18
-2 79 -4 18
-2 79 -3 18
-2 79 -2 18
-2 79 -1 18
-2 79 0 18
-2 79 1 18
-2 79 2 18
-2 79 3 18
-2 79 4 18
-2 79 5 18
-2 79 6 18
-2 79 7 18
-2 79 8 9
-2 79 9 9
-1 79 -9 9
-1 79 -8 9
-1 79 -7 18
-1 79 -6 18
-1 79 -5 18
-1 79 -4 18
-1 79 -3 18
-1 79 -2 18
-1 79 -1 18
-1 79 0 18
-1 79 1 18
-1 79 2 18
-1 79 3 18
-1 79 4 18
-1 79 5 18
-1 79 6 18
-1 79 7 18
-1 79 8 9
-1 79 9 9
0 79 -9 17
0 79 -8 9
0 79 -7 18
0 79 -6 18
0 79 -5 18
0 79 -4 18
0 79 -3 18
0 79 -2 18
0 79 -1 18
0 79 0 17
0 79 1 0
0 79 2 0
0 79 3 18
0 79 4 18
0 79 5 18
0 79 6 18
0 79 7 18
0 79 8 16
0 79 9 17
1 79 -9 9
1 79 -8 9
1 79 -7 18
1 79 -6 18
1 79 -5 18
1 79 -4 18
1 79 -3 18
1 79 -2 18
1 79 -1 18
1 79 0 18
1 79 1 1
1 79 2 1
1 79 3 18
1 79 4 18
1 79 5 18
1 79 6 18
1 79 7 18
1 79 8 9
1 79 9 9
2 79 -9 9
2 79 -8 16
2 79 -7 18
2 79 -6 18
2 79 -5 18
2 79 -4 18
2 79 -3 18
2 79 -2 18
2 79 -1 18
2 79 0 18
2 79 1 1
2 79 2 1
2 79 3 18
2 79 4 18
2 79 5 18
2 79 6 18
2 79 7 18
2 79 8 9
2 79 9 16
3 79 -9 9
3 79 -8 54
3 79 -7 18
3 79 -6 18
3 79 -5 18
3 79 -4 18
3 79 -3 18
3 79 -2 18
3 79 -1 18
3 79 0 18
3 79 1 18
3 79 2 18
3 79 3 18
3 79 4 18
3 79 5 18
3 79 6 18
3 79 7 18
3 79 8 55
3 79 9 9
4 79 -8 9
4 79 -7 9
4 79 -6 18
4 79 -5 18
4 79 -4 18
4 79 -3 18
4 79 -2 18
4 79 -1 18
4 79 0 18
4 79 1 18
4 79 2 18
4 79 3 18
4 79 4 18
4 79 5 18
4 79 6 18
4 79 7 9
4 79 8 9
5 79 -8 9
5 79 -7 9
5 79 -6 9
5 79 -5 18
5 79 -4 18
5 79 -3 18
5 79 -2 18
5 79 -1 18
5 79 0 18
5 79 1 18
5 79 2 18
5 79 3 18
5 79 4 18
5 79 5 18
5 79 6 9
5 79 7 9
5 79 8 9
6 79 -7 17
6 79 -6 16
6 79 -5 9
6 79 -4 18
6 79 -3 18
6 79 -2 18
6 79 -1 18
6 79 0 18
6 79 1 18
6 79 2 18
6 79 3 18
6 79 4 18
6 79 5 9
6 79 6 9
6 79 7 17
7 79 -6 17
7 79 -5 9
7 79 -4 9
7 79 -3 18
7 79 -2 18
7 79 -1 18
7 79 0 18
7 79 1 18
7 79 2 18
7 79 3 18
7 79 4 9
7 79 5 9
7 79 6 17
8 79 -5 9
8 79 -4 16
8 79 -3 56
8 79 -2 9
8 79 -1 9
8 79 0 9
8 79 1 9
8 79 2 9
8 79 3 56
8 79 4 9
8 79 5 16
9 79 -3 9
9 79 -2 16
9 79 -1 9
9 79 0 17
9 79 1 9
9 79 2 9
9 79 3 16
-9 80 -3 9
-9 80 -2 9
-9 80 -1 9
-9 80 0 17
-9 80 1 16
-9 80 2 9
-9 80 3 16
-8 80 -5 9
-8 80 -4 9
-8 80 -3 53
-8 80 -2 16
-8 80 -1 9
-8 80 0 9
-8 80 1 16
-8 80 2 9
-8 80 3 53
-8 80 4 9
-8 80 5 9
-7 80 -6 17
-7 80 -5 9
-7 80 -4 9
-7 80 -3 18
-7 80 -2 18
-7 80 -1 18
-7 80 0 18
-7 80 1 18
-7 80 2 18
-7 80 3 18
-7 80 4 9
-7 80 5 16
-7 80 6 17
-6 80 -7 17
-6 80 -6 16
-6 80 -5 9
-6 80 -4 18
-6 80 -3 18
-6 80 -2 18
-6 80 -1 18
-6 80 0 18
-6 80 1 18
-6 80 2 18
-6 80 3 18
-6 80 4 18
-6 80 5 9
-6 80 6 9
-6 80 7 17
-5 80 -8 9
-5 80 -7 16
-5 80 -6 9
-5 80 -5 18
-5 80 -4 18
-5 80 -3 18
-5 80 -2 18
-5 80 -1 18
-5 80 0 18
-5 80 1 18
-5 80 2 18
-5 80 3 18
-5 80 4 18
-5 80 5 18
-5 80 6 9
-5 80 7 9
-5 80 8 9
-4 80 -8 16
-4 80 -7 16
-4 80 -6 18
-4 80 -5 18
-4 80 -4 18
-4 80 -3 18
-4 80 -2 18
-4 80 -1 18
-4 80 0 18
-4 80 1 18
-4 80 2 18
-4 80 3 18
-4 80 4 18
-4 80 5 18
-4 80 6 18
-4 80 7 9
-4 80 8 9
-3 80 -9 9
-3 80 -8 54
-3 80 -7 18
-3 80 -6 18
-3 80 -5 18
-3 80 -4 18
-3 80 -3 18
-3 80 -2 18
-3 80 -1 18
-3 80 0 18
-3 80 1 18
-3 80 2 18
-3 80 3 18
-3 80 4 18
-3 80 5 18
-3 80 6 18
-3 80 7 18
-3 80 8 55
-3 80 9 9
-2 80 -9 9
-2 80 -8 9
-2 80 -7 18
-2 80 -6 18
-2 80 -5 18
-2 80 -4 18
-2 80 -3 18
-2 80 -2 18
-2 80 -1 18
-2 80 0 18
-2 80 1 18
-2 80 2 18
-2 80 3 18
-2 80 4 18
-2 80 5 18
-2 80 6 18
-2 80 7 18
-2 80 8 16
-2 80 9 9
-1 80 -9 9
-1 80 -8 16
-1 80 -7 18
-1 80 -6 18
-1 80 -5 18
-1 80 -4 18
-1 80 -3 18
-1 80 -2 18
-1 80 -1 18
-1 80 0 18
-1 80 1 18
-1 80 2 18
-1 80 3 18
-1 80 4 18
-1 80 5 18
-1 80 6 18
-1 80 7 18
-1 80 8 9
-1 80 9 9
0 80 -9 17
0 80 -8 9
0 80 -7 18
0 80 -6 18
0 80 -5 18
0 80 -4 18
0 80 -3 18
0 80 -2 18
0 80 -1 18
0 80 0 17
0 80 1 18
0 80 2 18
0 80 3 18
0 80 4 18
0 80 5 18
0 80 6 18
0 80 7 18
0 80 8 9
0 80 9 17
1 80 -9 9
1 80 -8 9
1 80 -7 18
1 80 -6 18
1 80 -5 18
1 80 -4 18
1 80 -3 18
1 80 -2 1
1 80 -1 1
1 80 0 5
1 80 1 18
1 80 2 18
1 80 3 18
1 80 4 18
1 80 5 18
1 80 6 18
1 80 7 18
1 80 8 16
1 80 9 9
2 80 -9 16
2 80 -8 9
2 80 -7 18
2 80 -6 18
2 80 -5 18
2 80 -4 18
2 80 -3 18
2 80 -2 1
2 80 -1 1
2 80 0 5
2 80 1 18
2 80 2 18
2 80 3 18
2 80 4 18
2 80 5 18
2 80 6 18
2 80 7 18
2 80 8 9
2 80 9 9
3 80 -9 9
3 80 -8 54
3 80 -7 18
3 80 -6 18
3 80 -5 18
3 80 -4 18
3 80 -3 18
3 80 -2 18
3 80 -1 18
3 80 0 18
3 80 1 18
3 80 2 18
3 80 3 18
3 80 4 18
3 80 5 18
3 80 6 18
3 80 7 18
3 80 8 55
3 80 9 9
4 80 -8 9
4 80 -7 9
4 80 -6 18
4 80 -5 18
4 80 -4 18
4 80 -3 18
4 80 -2 18
4 80 -1 18
4 80 0 18
4 80 1 18
4 80 2 18
4 80 3 18
4 80 4 18
4 80 5 18
4 80 6 18
4 80 7 9
4 80 8 9
5 80 -8 16
5 80 -7 9
5 80 -6 9
5 80 -5 18
5 80 -4 18
5 80 -3 18
5 80 -2 18
5 80 -1 18
5 80 0 18
5 80 1 18
5 80 2 18
5 80 3 18
5 80 4 18
5 80 5 18
5 80 6 16
5 80 7 16
5 80 8 9
6 80 -7 17
6 80 -6 9
6 80 -5 9
6 80 -4 18
6 80 -3 18
6 80 -2 18
6 80 -1 18
6 80 0 18
6 80 1 18
6 80 2 18
6 80 3 18
6 80 4 18
6 80 5 9
6 80 6 16
6 80 7 17
7 80 -6 17
7 80 -5 16
7 80 -4 9
7 80 -3 18
7 80 -2 18
7 80 -1 18
7 80 0 18
7 80 1 18
7 80 2 18
7 80 3 18
7 80 4 9
7 80 5 9
7 80 6 17
8 80 -5 9
8 80 -4 16
8 80 -3 56
8 80 -2 16
8 80 -1 9
8 80 0 16
8 80 1 9
8 80 2 9
8 80 3 56
8 80 4 9
8 80 5 16
9 80 -3 16
9 80 -2 9
9 80 -1 16
9 80 0 17
9 80 1 9
9 80 2 9
9 80 3 9
-9 81 -3 9
-9 81 -2 9
-9 81 -1 9
-9 81 0 17
-9 81 1 9
-9 81 2 9
-9 81 3 9
-8 81 -5 16
-8 81 -4 9
-8 81 -3 53
-8 81 -2 16
-8 81 -1 9
-8 81 0 9
-8 81 1 9
-8 81 2 9
-8 81 3 53
-8 81 4 9
-8 81 5 9
-7 81 -6 17
-7 81 -5 9
-7 81 -4 16
-7 81 -3 18
-7 81 -2 18
-7 81 -1 18
-7 81 0 18
-7 81 1 18
-7 81 2 18
-7 81 3 18
-7 81 4 9
-7 81 5 9
-7 81 6 17
-6 81 -7 17
-6 81 -6 9
-6 81 -5 9
-6 81 -4 18
-6 81 -3 18
-6 81 -2 18
-6 81 -1 18
-6 81 0 18
-6 81 1 18
-6 81 2 18
-6 81 3 18
-6 81 4 18
-6 81 5 9
-6 81 6 16
-6 81 7 17
-5 81 -8 9
-5 81 -7 9
-5 81 -6 9
-5 81 -5 18
-5 81 -4 18
-5 81 -3 18
-5 81 -2 18
-5 81 -1 18
-5 81 0 18
-5 81 1 18
-5 81 2 18
-5 81 3 18
-5 81 4 18
-5 81 5 18
-5 81 6 16
-5 81 7 9
-5 81 8 9
-4 81 -8 9
-4 81 -7 9
-4 81 -6 18
-4 81 -5 18
-4 81 -4 18
-4 81 -3 18
-4 81 -2 18
-4 81 -1 18
-4 81 0 18
-4 81 1 18
-4 81 2 18
-4 81 3 18
-4 81 4 18
-4 81 5 18
-4 81 6 18
-4 81 7 16
-4 81 8 9
-3 81 -9 9
-3 81 -8 54
-3 81 -7 18
-3 81 -6 18
-3 81 -5 18
-3 81 -4 18
-3 81 -3 18
-3 81 -2 18
-3 81 -1 18
-3 81 0 18
-3 81 1 18
-3 81 2 18
-3 81 3 18
-3 81 4 18
-3 81 5 18
-3 81 6 18
-3 81 7 18
-3 81 8 55
-3 81 9 9
-2 81 -9 9
-2 81 -8 9
-2 81 -7 18
-2 81 -6 18
-2 81 -5 18
-2 81 -4 18
-2 81 -3 18
-2 81 -2 1
-2 81 -1 1
-2 81 0 18
-2 81 1 18
-2 81 2 18
-2 81 3 18
-2 81 4 18
-2 81 5 18
-2 81 6 18
-2 81 7 18
-2 81 8 9
-2 81 9 16
-1 81 -9 9
-1 81 -8 9
-1 81 -7 18
-1 81 -6 18
-1 81 -5 18
-1 81 -4 18
-1 81 -3 18
-1 81 -2 1
-1 81 -1 1
-1 81 0 18
-1 81 1 18
-1 81 2 18
-1 81 3 18
-1 81 4 18
-1 81 5 18
-1 81 6 18
-1 81 7 18
-1 81 8 9
-1 81 9 9
0 81 -9 17
0 81 -8 9
0 81 -7 18
0 81 -6 18
0 81 -5 18
0 81 -4 18
0 81 -3 18
0 81 -2 7
0 81 -1 7
0 81 0 17
0 81 1 18
0 81 2 18
0 81 3 18
0 81 4 18
0 81 5 18
0 81 6 18
0 81 7 18
0 81 8 9
0 81 9 17
1 81 -9 9
1 81 -8 9
1 81 -7 18
1 81 -6 18
1 81 -5 18
1 81 -4 18
1 81 -3 18
1 81 -2 18
1 81 -1 18
1 81 0 18
1 81 1 18
1 81 2 18
1 81 3 18
1 81 4 18
1 81 5 18
1 81 6 18
1 81 7 18
1 81 8 16
1 81 9 9
2 81 -9 9
2 81 -8 16
2 81 -7 18
2 81 -6 18
2 81 -5 18
2 81 -4 18
2 81 -3 18
2 81 -2 18
2 81 -1 18
2 81 0 18
2 81 1 18
2 81 2 18
2 81 3 18
2 81 4 18
2 81 5 18
2 81 6 18
2 81 7 18
2 81 8 9
2 81 9 16
3 81 -9 9
3 81 -8 54
3 81 -7 18
3 81 -6 18
3 81 -5 18
3 81 -4 18
3 81 -3 18
3 81 -2 18
3 81 -1 18
3 81 0 18
3 81 1 18
3 81 2 18
3 81 3 18
3 81 4 18
3 81 5 18
3 81 6 18
3 81 7 18
3 81 8 55
3 81 9 9
4 81 -8 9
4 81 -7 9
4 81 -6 18
4 81 -5 18
4 81 -4 18
4 81 -3 18
4 81 -2 18
4 81 -1 18
4 81 0 18
4 81 1 18
4 81 2 18
4 81 3 18
4 81 4 18
4 81 5 18
4 81 6 18
4 81 7 16
4 81 8 16
5 81 -8 9
5 81 -7 9
5 81 -6 9
5 81 -5 18
5 81 -4 18
5 81 -3 18
5 81 -2 18
5 81 -1 18
5 81 0 18
5 81 1 18
5 81 2 18
5 81 3 18
5 81 4 18
5 81 5 18
5 81 6 9
5 81 7 9
5 81 8 9
6 81 -7 17
6 81 -6 16
6 81 -5 16
6 81 -4 18
6 81 -3 18
6 81 -2 18
6 81 -1 18
6 81 0 18
6 81 1 18
6 81 2 18
6 81 3 18
6 81 4 18
6 81 5 16
6 81 6 9
6 81 7 17
7 81 -6 17
7 81 -5 9
7 81 -4 9
7 81 -3 18
7 81 -2 18
7 81 -1 18
7 81 0 18
7 81 1 18
7 81 2 18
7 81 3 18
7 81 4 9
7 81 5 9
7 81 6 17
8 81 -5 9
8 81 -4 9
8 81 -3 56
8 81 -2 16
8 81 -1 16
8 81 0 9
8 81 1 9
8 81 2 9
8 81 3 56
8 81 4 9
8 81 5 16
9 81 -3 9
9 81 -2 9
9 81 -1 9
9 81 0 17
9 81 1 9
9 81 2 9
9 81 3 9
-9 82 -3 9
-9 82 -2 9
-9 82 -1 9
-9 82 0 17
-9 82 1 16
-9 82 2 9
-9 82 3 9
-8 82 -5 9
-8 82 -4 9
-8 82 -3 9
-8 82 -2 9
-8 82 -1 9
-8 82 0 16
-8 82 1 9
-8 82 2 9
-8 82 3 9
-8 82 4 9
-8 82 5 9
-7 82 -6 17
-7 82 -5 16
-7 82 -4 9
-7 82 -3 9
-7 82 -2 18
-7 82 -1 18
-7 82 0 18
-7 82 1 18
-7 82 2 18
-7 82 3 9
-7 82 4 9
-7 82 5 9
-7 82 6 17
-6 82 -7 17
-6 82 -6 9
-6 82 -5 16
-6 82 -4 18
-6 82 -3 18
-6 82 -2 18
-6 82 -1 18
-6 82 0 18
-6 82 1 18
-6 82 2 18
-6 82 3 18
-6 82 4 18
-6 82 5 9
-6 82 6 16
-6 82 7 17
-5 82 -8 9
-5 82 -7 9
-5 82 -6 9
-5 82 -5 18
-5 82 -4 18
-5 82 -3 18
-5 82 -2 18
-5 82 -1 18
-5 82 0 18
-5 82 1 18
-5 82 2 18
-5 82 3 18
-5 82 4 18
-5 82 5 18
-5 82 6 16
-5 82 7 9
-5 82 8 16
-4 82 -8 9
-4 82 -7 9
-4 82 -6 18
-4 82 -5 18
-4 82 -4 18
-4 82 -3 18
-4 82 -2 18
-4 82 -1 18
-4 82 0 18
-4 82 1 18
-4 82 2 18
-4 82 3 18
-4 82 4 18
-4 82 5 18
-4 82 6 18
-4 82 7 9
-4 82 8 9
-3 82 -9 9
-3 82 -8 9
-3 82 -7 16
-3 82 -6 18
-3 82 -5 18
-3 82 -4 18
-3 82 -3 18
-3 82 -2 18
-3 82 -1 18
-3 82 0 18
-3 82 1 18
-3 82 2 18
-3 82 3 18
-3 82 4 18
-3 82 5 18
-3 82 6 18
-3 82 7 9
-3 82 8 9
-3 82 9 9
-2 82 -9 9
-2 82 -8 9
-2 82 -7 18
-2 82 -6 18
-2 82 -5 18
-2 82 -4 18
-2 82 -3 18
-2 82 -2 18
-2 82 -1 18
-2 82 0 4
-2 82 1 1
-2 82 2 1
-2 82 3 18
-2 82 4 18
-2 82 5 18
-2 82 6 18
-2 82 7 18
-2 82 8 9
-2 82 9 9
-1 82 -9 9
-1 82 -8 9
-1 82 -7 18
-1 82 -6 18
-1 82 -5 18
-1 82 -4 18
-1 82 -3 18
-1 82 -2 18
-1 82 -1 18
-1 82 0 4
-1 82 1 1
-1 82 2 1
-1 82 3 18
-1 82 4 18
-1 82 5 18
-1 82 6 18
-1 82 7 18
-1 82 8 9
-1 82 9 9
0 82 -9 17
0 82 -8 9
0 82 -7 18
0 82 -6 18
0 82 -5 18
0 82 -4 18
0 82 -3 18
0 82 -2 18
0 82 -1 18
0 82 0 17
0 82 1 18
0 82 2 18
0 82 3 18
0 82 4 18
0 82 5 18
0 82 6 18
0 82 7 18
0 82 8 9
0 82 9 17
1 82 -9 9
1 82 -8 9
1 82 -7 18
1 82 -6 18
1 82 -5 18
1 82 -4 18
1 82 -3 18
1 82 -2 18
1 82 -1 18
1 82 0 18
1 82 1 18
1 82 2 18
1 82 3 18
1 82 4 18
1 82 5 18
1 82 6 18
1 82 7 18
1 82 8 9
1 82 9 9
2 82 -9 9
2 82 -8 16
2 82 -7 18
2 82 -6 18
2 82 -5 18
2 82 -4 18
2 82 -3 18
2 82 -2 18
2 82 -1 18
2 82 0 18
2 82 1 18
2 82 2 18
2 82 3 18
2 82 4 18
2 82 5 18
2 82 6 18
2 82 7 18
2 82 8 9
2 82 9 16
3 82 -9 9
3 82 -8 9
3 82 -7 9
3 82 -6 18
3 82 -5 18
3 82 -4 18
3 82 -3 18
3 82 -2 18
3 82 -1 18
3 82 0 18
3 82 1 18
3 82 2 18
3 82 3 18
3 82 4 18
3 82 5 18
3 82 6 18
3 82 7 16
3 82 8 9
3 82 9 9
4 82 -8 9
4 82 -7 9
4 82 -6 18
4 82 -5 18
4 82 -4 18
4 82 -3 18
4 82 -2 18
4 82 -1 18
4 82 0 18
4 82 1 18
4 82 2 18
4 82 3 18
4 82 4 18
4 82 5 18
4 82 6 18
4 82 7 16
4 82 8 9
5 82 -8 16
5 82 -7 9
5 82 -6 9
5 82 -5 18
5 82 -4 18
5 82 -3 18
5 82 -2 18
5 82 -1 18
5 82 0 18
5 82 1 18
5 82 2 18
5 82 3 18
5 82 4 18
5 82 5 18
5 82 6 9
5 82 7 9
5 82 8 16
6 82 -7 17
6 82 -6 16
6 82 -5 9
6 82 -4 18
6 82 -3 18
6 82 -2 18
6 82 -1 18
6 82 0 18
6 82 1 18
6 82 2 18
6 82 3 18
6 82 4 18
6 82 5 9
6 82 6 9
6 82 7 17
7 82 -6 17
7 82 -5 9
7 82 -4 9
7 82 -3 9
7 82 -2 18
7 82 -1 18
7 82 0 18
7 82 1 18
7 82 2 18
7 82 3 9
7 82 4 9
7 82 5 16
7 82 6 17
8 82 -5 9
8 82 -4 16
8 82 -3 9
8 82 -2 16
8 82 -1 16
8 82 0 9
8 82 1 9
8 82 2 16
8 82 3 16
8 82 4 9
8 82 5 9
9 82 -3 9
9 82 -2 9
9 82 -1 16
9 82 0 17
9 82 1 9
9 82 2 9
9 82 3 9
-9 83 -3 15
-9 83 -2 15
-9 83 -1 15
-9 83 0 15
-9 83 1 1
-9 83 2 1
-9 83 3 1
-8 83 -5 1
-8 83 -4 1
-8 83 -3 9
-8 83 -2 9
-8 83 -1 9
-8 83 0 16
-8 83 1 16
-8 83 2 16
-8 83 3 16
-8 83 4 15
-8 83 5 15
-7 83 -6 1
-7 83 -5 1
-7 83 -4 9
-7 83 -3 9
-7 83 -2 18
-7 83 -1 18
-7 83 0 18
-7 83 1 18
-7 83 2 18
-7 83 3 9
-7 83 4 9
-7 83 5 15
-7 83 6 15
-6 83 -7 15
-6 83 -6 9
-6 83 -5 9
-6 83 -4 18
-6 83 -3 18
-6 83 -2 18
-6 83 -1 18
-6 83 0 18
-6 83 1 18
-6 83 2 18
-6 83 3 18
-6 83 4 18
-6 83 5 9
-6 83 6 9
-6 83 7 1
-5 83 -8 15
-5 83 -7 15
-5 83 -6 9
-5 83 -5 18
-5 83 -4 18
-5 83 -3 18
-5 83 -2 18
-5 83 -1 18
-5 83 0 18
-5 83 1 18
-5 83 2 18
-5 83 3 18
-5 83 4 18
-5 83 5 18
-5 83 6 16
-5 83 7 1
-5 83 8 1
-4 83 -8 15
-4 83 -7 9
-4 83 -6 18
-4 83 -5 18
-4 83 -4 18
-4 83 -3 18
-4 83 -2 18
-4 83 -1 18
-4 83 0 18
-4 83 1 18
-4 83 2 18
-4 83 3 18
-4 83 4 18
-4 83 5 18
-4 83 6 18
-4 83 7 9
-4 83 8 1
-3 83 -9 1
-3 83 -8 9
-3 83 -7 16
-3 83 -6 18
-3 83 -5 18
-3 83 -4 18
-3 83 -3 18
-3 83 -2 18
-3 83 -1 18
-3 83 0 18
-3 83 1 18
-3 83 2 18
-3 83 3 18
-3 83 4 18
-3 83 5 18
-3 83 6 18
-3 83 7 9
-3 83 8 9
-3 83 9 15
-2 83 -9 1
-2 83 -8 9
-2 83 -7 18
-2 83 -6 18
-2 83 -5 18
-2 83 -4 18
-2 83 -3 18
-2 83 -2 18
-2 83 -1 18
-2 83 0 18
-2 83 1 18
-2 83 2 18
-2 83 3 18
-2 83 4 18
-2 83 5 18
-2 83 6 18
-2 83 7 18
-2 83 8 9
-2 83 9 15
-1 83 -9 1
-1 83 -8 9
-1 83 -7 18
-1 83 -6 18
-1 83 -5 18
-1 83 -4 18
-1 83 -3 18
-1 83 -2 18
-1 83 -1 18
-1 83 0 18
-1 83 1 18
-1 83 2 18
-1 83 3 18
-1 83 4 18
-1 83 5 18
-1 83 6 18
-1 83 7 18
-1 83 8 9
-1 83 9 15
0 83 -9 15
0 83 -8 9
0 83 -7 18
0 83 -6 18
0 83 -5 18
0 83 -4 18
0 83 -3 18
0 83 -2 18
0 83 -1 18
0 83 0 17
0 83 1 0
0 83 2 0
0 83 3 18
0 83 4 18
0 83 5 18
0 83 6 18
0 83 7 18
0 83 8 9
0 83 9 15
1 83 -9 15
1 83 -8 16
1 83 -7 18
1 83 -6 18
1 83 -5 18
1 83 -4 18
1 83 -3 18
1 83 -2 18
1 83 -1 18
1 83 0 18
1 83 1 1
1 83 2 1
1 83 3 18
1 83 4 18
1 83 5 18
1 83 6 18
1 83 7 18
1 83 8 16
1 83 9 1
2 83 -9 15
2 83 -8 9
2 83 -7 18
2 83 -6 18
2 83 -5 18
2 83 -4 18
2 83 -3 18
2 83 -2 18
2 83 -1 18
2 83 0 18
2 83 1 1
2 83 2 1
2 83 3 18
2 83 4 18
2 83 5 18
2 83 6 18
2 83 7 18
2 83 8 9
2 83 9 1
3 83 -9 15
3 83 -8 9
3 83 -7 9
3 83 -6 18
3 83 -5 18
3 83 -4 18
3 83 -3 18
3 83 -2 18
3 83 -1 18
3 83 0 18
3 83 1 18
3 83 2 18
3 83 3 18
3 83 4 18
3 83 5 18
3 83 6 18
3 83 7 16
3 83 8 9
3 83 9 1
4 83 -8 1
4 83 -7 16
4 83 -6 18
4 83 -5 18
4 83 -4 18
4 83 -3 18
4 83 -2 18
4 83 -1 18
4 83 0 18
4 83 1 18
4 83 2 18
4 83 3 18
4 83 4 18
4 83 5 18
4 83 6 18
4 83 7 9
4 83 8 15
5 83 -8 1
5 83 -7 1
5 83 -6 9
5 83 -5 18
5 83 -4 18
5 83 -3 18
5 83 -2 18
5 83 -1 18
5 83 0 18
5 83 1 18
5 83 2 18
5 83 3 18
5 83 4 18
5 83 5 18
5 83 6 9
5 83 7 15
5 83 8 15
6 83 -7 1
6 83 -6 9
6 83 -5 16
6 83 -4 18
6 83 -3 18
6 83 -2 18
6 83 -1 18
6 83 0 18
6 83 1 18
6 83 2 18
6 83 3 18
6 83 4 18
6 83 5 16
6 83 6 9
6 83 7 15
7 83 -6 15
7 83 -5 15
7 83 -4 9
7 83 -3 9
7 83 -2 18
7 83 -1 18
7 83 0 18
7 83 1 18
7 83 2 18
7 83 3 9
7 83 4 16
7 83 5 1
7 83 6 1
8 83 -5 15
8 83 -4 15
8 83 -3 9
8 83 -2 9
8 83 -1 9
8 83 0 9
8 83 1 16
8 83 2 9
8 83 3 9
8 83 4 1
8 83 5 1
9 83 -3 1
9 83 -2 1
9 83 -1 1
9 83 0 15
9 83 1 15
9 83 2 15
9 83 3 15
-9 84 -3 9
-9 84 -2 16
-9 84 -1 9
-9 84 0 17
-9 84 1 9
-9 84 2 16
-9 84 3 16
-8 84 -5 16
-8 84 -4 9
-8 84 -3 9
-8 84 -2 9
-8 84 -1 9
-8 84 0 9
-8 84 1 9
-8 84 2 9
-8 84 3 16
-8 84 4 9
-8 84 5 9
-7 84 -6 17
-7 84 -5 16
-7 84 -4 16
-7 84 -3 9
-7 84 -2 18
-7 84 -1 18
-7 84 0 18
-7 84 1 18
-7 84 2 18
-7 84 3 9
-7 84 4 9
-7 84 5 9
-7 84 6 17
-6 84 -7 17
-6 84 -6 16
-6 84 -5 9
-6 84 -4 18
-6 84 -3 18
-6 84 -2 18
-6 84 -1 18
-6 84 0 18
-6 84 1 18
-6 84 2 18
-6 84 3 18
-6 84 4 18
-6 84 5 9
-6 84 6 9
-6 84 7 17
-5 84 -8 9
-5 84 -7 16
-5 84 -6 9
-5 84 -5 18
-5 84 -4 18
-5 84 -3 18
-5 84 -2 18
-5 84 -1 18
-5 84 0 18
-5 84 1 18
-5 84 2 18
-5 84 3 18
-5 84 4 18
-5 84 5 18
-5 84 6 9
-5 84 7 9
-5 84 8 9
-4 84 -8 9
-4 84 -7 9
-4 84 -6 18
-4 84 -5 18
-4 84 -4 18
-4 84 -3 18
-4 84 -2 18
-4 84 -1 18
-4 84 0 18
-4 84 1 18
-4 84 2 18
-4 84 3 18
-4 84 4 18
-4 84 5 18
-4 84 6 18
-4 84 7 9
-4 84 8 9
-3 84 -9 9
-3 84 -8 9
-3 84 -7 9
-3 84 -6 18
-3 84 -5 18
-3 84 -4 18
-3 84 -3 18
-3 84 -2 18
-3 84 -1 18
-3 84 0 18
-3 84 1 18
-3 84 2 18
-3 84 3 18
-3 84 4 18
-3 84 5 18
-3 84 6 18
-3 84 7 16
-3 84 8 9
-3 84 9 9
-2 84 -9 16
-2 84 -8 9
-2 84 -7 18
-2 84 -6 18
-2 84 -5 18
-2 84 -4 18
-2 84 -3 18
-2 84 -2 18
-2 84 -1 18
-2 84 0 18
-2 84 1 18
-2 84 2 18
-2 84 3 18
-2 84 4 18
-2 84 5 18
-2 84 6 18
-2 84 7 18
-2 84 8 9
-2 84 9 9
-1 84 -9 9
-1 84 -8 9
-1 84 -7 18
-1 84 -6 18
-1 84 -5 18
-1 84 -4 18
-1 84 -3 18
-1 84 -2 18
-1 84 -1 18
-1 84 0 18
-1 84 1 18
-1 84 2 18
-1 84 3 18
-1 84 4 18
-1 84 5 18
-1 84 6 18
-1 84 7 18
-1 84 8 9
-1 84 9 9
0 84 -9 17
0 84 -8 9
0 84 -7 18
0 84 -6 18
0 84 -5 18
0 84 -4 18
0 84 -3 18
0 84 -2 18
0 84 -1 18
0 84 0 17
0 84 1 18
0 84 2 18
0 84 3 18
0 84 4 18
0 84 5 18
0 84 6 18
0 84 7 18
0 84 8 9
0 84 9 17
1 84 -9 9
1 84 -8 9
1 84 -7 18
1 84 -6 18
1 84 -5 18
1 84 -4 18
1 84 -3 18
1 84 -2 1
1 84 -1 1
1 84 0 5
1 84 1 18
1 84 2 18
1 84 3 18
1 84 4 18
1 84 5 18
1 84 6 18
1 84 7 18
1 84 8 9
1 84 9 9
2 84 -9 16
2 84 -8 16
2 84 -7 18
2 84 -6 18
2 84 -5 18
2 84 -4 18
2 84 -3 18
2 84 -2 1
2 84 -1 1
2 84 0 5
2 84 1 18
2 84 2 18
2 84 3 18
2 84 4 18
2 84 5 18
2 84 6 18
2 84 7 18
2 84 8 9
2 84 9 9
3 84 -9 9
3 84 -8 9
3 84 -7 16
3 84 -6 18
3 84 -5 18
3 84 -4 18
3 84 -3 18
3 84 -2 18
3 84 -1 18
3 84 0 18
3 84 1 18
3 84 2 18
3 84 3 18
3 84 4 18
3 84 5 18
3 84 6 18
3 84 7 9
3 84 8 9
3 84 9 9
4 84 -8 9
4 84 -7 9
4 84 -6 18
4 84 -5 18
4 84 -4 18
4 84 -3 18
4 84 -2 18
4 84 -1 18
4 84 0 18
4 84 1 18
4 84 2 18
4 84 3 18
4 84 4 18
4 84 5 18
4 84 6 18
4 84 7 9
4 84 8 16
5 84 -8 9
5 84 -7 9
5 84 -6 9
5 84 -5 18
5 84 -4 18
5 84 -3 18
5 84 -2 18
5 84 -1 18
5 84 0 18
5 84 1 18
5 84 2 18
5 84 3 18
5 84 4 18
5 84 5 18
5 84 6 9
5 84 7 16
5 84 8 9
6 84 -7 17
6 84 -6 9
6 84 -5 9
6 84 -4 18
6 84 -3 18
6 84 -2 18
6 84 -1 18
6 84 0 18
6 84 1 18
6 84 2 18
6 84 3 18
6 84 4 18
6 84 5 9
6 84 6 16
6 84 7 17
7 84 -6 17
7 84 -5 9
7 84 -4 9
7 84 -3 9
7 84 -2 18
7 84 -1 18
7 84 0 18
7 84 1 18
7 84 2 18
7 84 3 9
7 84 4 9
7 84 5 16
7 84 6 17
8 84 -5 16
8 84 -4 9
8 84 -3 9
8 84 -2 9
8 84 -1 9
8 84 0 9
8 84 1 9
8 84 2 9
8 84 3 9
8 84 4 16
8 84 5 9
9 84 -3 16
9 84 -2 9
9 84 -1 9
9 84 0 17
9 84 1 9
9 84 2 9
9 84 3 9
-9 85 -3 9
-9 85 -2 9
-9 85 -1 9
-9 85 0 17
-9 85 1 9
-9 85 2 9
-9 85 3 9
-8 85 -5 16
-8 85 -4 9
-8 85 -3 9
-8 85 -2 9
-8 85 -1 9
-8 85 0 9
-8 85 1 9
-8 85 2 9
-8 85 3 9
-8 85 4 9
-8 85 5 16
-7 85 -6 17
-7 85 -5 9
-7 85 -4 9
-7 85 -3 16
-7 85 -2 18
-7 85 -1 18
-7 85 0 18
-7 85 1 18
-7 85 2 18
-7 85 3 9
-7 85 4 9
-7 85 5 9
-7 85 6 17
-6 85 -7 17
-6 85 -6 9
-6 85 -5 16
-6 85 -4 18
-6 85 -3 18
-6 85 -2 18
-6 85 -1 18
-6 85 0 18
-6 85 1 18
-6 85 2 18
-6 85 3 18
-6 85 4 18
-6 85 5 16
-6 85 6 9
-6 85 7 17
-5 85 -8 9
-5 85 -7 16
-5 85 -6 9
-5 85 -5 18
-5 85 -4 18
-5 85 -3 18
-5 85 -2 18
-5 85 -1 18
-5 85 0 18
-5 85 1 18
-5 85 2 18
-5 85 3 18
-5 85 4 18
-5 85 5 18
-5 85 6 9
-5 85 7 16
-5 85 8 9
-4 85 -8 9
-4 85 -7 9
-4 85 -6 18
-4 85 -5 18
-4 85 -4 18
-4 85 -3 18
-4 85 -2 18
-4 85 -1 18
-4 85 0 18
-4 85 1 18
-4 85 2 18
-4 85 3 18
-4 85 4 18
-4 85 5 18
-4 85 6 18
-4 85 7 9
-4 85 8 9
-3 85 -9 9
-3 85 -8 9
-3 85 -7 9
-3 85 -6 18
-3 85 -5 18
-3 85 -4 18
-3 85 -3 18
-3 85 -2 18
-3 85 -1 18
-3 85 0 18
-3 85 1 18
-3 85 2 18
-3 85 3 18
-3 85 4 18
-3 85 5 18
-3 85 6 18
-3 85 7 16
-3 85 8 9
-3 85 9 9
-2 85 -9 9
-2 85 -8 9
-2 85 -7 18
-2 85 -6 18
-2 85 -5 18
-2 85 -4 18
-2 85 -3 18
-2 85 -2 1
-2 85 -1 1
-2 85 0 18
-2 85 1 18
-2 85 2 18
-2 85 3 18
-2 85 4 18
-2 85 5 18
-2 85 6 18
-2 85 7 18
-2 85 8 9
-2 85 9 9
-1 85 -9 9
-1 85 -8 9
-1 85 -7 18
-1 85 -6 18
-1 85 -5 18
-1 85 -4 18
-1 85 -3 18
-1 85 -2 1
-1 85 -1 1
-1 85 0 18
-1 85 1 18
-1 85 2 18
-1 85 3 18
-1 85 4 18
-1 85 5 18
-1 85 6 18
-1 85 7 18
-1 85 8 9
-1 85 9 9
0 85 -9 17
0 85 -8 16
0 85 -7 18
0 85 -6 18
0 85 -5 18
0 85 -4 18
0 85 -3 18
0 85 -2 7
0 85 -1 7
0 85 0 17
0 85 1 18
0 85 2 18
0 85 3 18
0 85 4 18
0 85 5 18
0 85 6 18
0 85 7 18
0 85 8 16
0 85 9 17
1 85 -9 9
1 85 -8 9
1 85 -7 18
1 85 -6 18
1 85 -5 18
1 85 -4 18
1 85 -3 18
1 85 -2 18
1 85 -1 18
1 85 0 18
1 85 1 18
1 85 2 18
1 85 3 18
1 85 4 18
1 85 5 18
1 85 6 18
1 85 7 18
1 85 8 9
1 85 9 9
2 85 -9 9
2 85 -8 9
2 85 -7 18
2 85 -6 18
2 85 -5 18
2 85 -4 18
2 85 -3 18
2 85 -2 18
2 85 -1 18
2 85 0 18
2 85 1 18
2 85 2 18
2 85 3 18
2 85 4 18
2 85 5 18
2 85 6 18
2 85 7 18
2 85 8 9
2 85 9 9
3 85 -9 9
3 85 -8 9
3 85 -7 16
3 85 -6 18
3 85 -5 18
3 85 -4 18
3 85 -3 18
3 85 -2 18
3 85 -1 18
3 85 0 18
3 85 1 18
3 85 2 18
3 85 3 18
3 85 4 18
3 85 5 18
3 85 6 18
3 85 7 9
3 85 8 16
3 85 9 9
4 85 -8 9
4 85 -7 9
4 85 -6 18
4 85 -5 18
4 85 -4 18
4 85 -3 18
4 85 -2 18
4 85 -1 18
4 85 0 18
4 85 1 18
4 85 2 18
4 85 3 18
4 85 4 18
4 85 5 18
4 85 6 18
4 85 7 9
4 85 8 9
5 85 -8 16
5 85 -7 16
5 85 -6 16
5 85 -5 18
5 85 -4 18
5 85 -3 18
5 85 -2 18
5 85 -1 18
5 85 0 18
5 85 1 18
5 85 2 18
5 85 3 18
5 85 4 18
5 85 5 18
5 85 6 16
5 85 7 16
5 85 8 9
6 85 -7 17
6 85 -6 9
6 85 -5 9
6 85 -4 18
6 85 -3 18
6 85 -2 18
6 85 -1 18
6 85 0 18
6 85 1 18
6 85 2 18
6 85 3 18
6 85 4 18
6 85 5 9
6 85 6 9
6 85 7 17
7 85 -6 17
7 85 -5 9
7 85 -4 9
7 85 -3 9
7 85 -2 18
7 85 -1 18
7 85 0 18
7 85 1 18
7 85 2 18
7 85 3 16
7 85 4 9
7 85 5 9
7 85 6 17
8 85 -5 9
8 85 -4 9
8 85 -3 9
8 85 -2 16
8 85 -1 9
8 85 0 9
8 85 1 9
8 85 2 9
8 85 3 9
8 85 4 9
8 85 5 9
9 85 -3 9
9 85 -2 9
9 85 -1 9
9 85 0 17
9 85 1 9
9 85 2 9
9 85 3 9
-9 86 -3 9
-9 86 -2 9
-9 86 -1 16
-9 86 0 17
-9 86 1 9
-9 86 2 9
-9 86 3 9
-8 86 -5 9
-8 86 -4 9
-8 86 -3 9
-8 86 -2 9
-8 86 -1 9
-8 86 0 16
-8 86 1 9
-8 86 2 16
-8 86 3 9
-8 86 4 9
-8 86 5 9
-7 86 -6 17
-7 86 -5 9
-7 86 -4 9
-7 86 -3 16
-7 86 -2 18
-7 86 -1 18
-7 86 0 18
-7 86 1 18
-7 86 2 18
-7 86 3 9
-7 86 4 9
-7 86 5 9
-7 86 6 17
-6 86 -7 17
-6 86 -6 16
-6 86 -5 9
-6 86 -4 18
-6 86 -3 18
-6 86 -2 18
-6 86 -1 18
-6 86 0 18
-6 86 1 18
-6 86 2 18
-6 86 3 18
-6 86 4 18
-6 86 5 9
-6 86 6 9
-6 86 7 17
-5 86 -8 9
-5 86 -7 9
-5 86 -6 9
-5 86 -5 18
-5 86 -4 18
-5 86 -3 18
-5 86 -2 18
-5 86 -1 18
-5 86 0 18
-5 86 1 18
-5 86 2 18
-5 86 3 18
-5 86 4 18
-5 86 5 18
-5 86 6 9
-5 86 7 9
-5 86 8 9
-4 86 -8 9
-4 86 -7 9
-4 86 -6 18
-4 86 -5 18
-4 86 -4 18
-4 86 -3 18
-4 86 -2 18
-4 86 -1 18
-4 86 0 18
-4 86 1 18
-4 86 2 18
-4 86 3 18
-4 86 4 18
-4 86 5 18
-4 86 6 18
-4 86 7 16
-4 86 8 9
-3 86 -9 9
-3 86 -8 9
-3 86 -7 9
-3 86 -6 18
-3 86 -5 18
-3 86 -4 18
-3 86 -3 18
-3 86 -2 18
-3 86 -1 18
-3 86 0 18
-3 86 1 18
-3 86 2 18
-3 86 3 18
-3 86 4 18
-3 86 5 18
-3 86 6 18
-3 86 7 9
-3 86 8 9
-3 86 9 9
-2 86 -9 9
-2 86 -8 9
-2 86 -7 18
-2 86 -6 18
-2 86 -5 18
-2 86 -4 18
-2 86 -3 18
-2 86 -2 18
-2 86 -1 18
-2 86 0 4
-2 86 1 1
-2 86 2 1
-2 86 3 18
-2 86 4 18
-2 86 5 18
-2 86 6 18
-2 86 7 18
-2 86 8 9
-2 86 9 9
-1 86 -9 9
-1 86 -8 16
-1 86 -7 18
-1 86 -6 18
-1 86 -5 18
-1 86 -4 18
-1 86 -3 18
-1 86 -2 18
-1 86 -1 18
-1 86 0 4
-1 86 1 1
-1 86 2 1
-1 86 3 18
-1 86 4 18
-1 86 5 18
-1 86 6 18
-1 86 7 18
-1 86 8 16
-1 86 9 9
0 86 -9 17
0 86 -8 16
0 86 -7 18
0 86 -6 18
0 86 -5 18
0 86 -4 18
0 86 -3 18
0 86 -2 18
0 86 -1 18
0 86 0 17
0 86 1 18
0 86 2 18
0 86 3 18
0 86 4 18
0 86 5 18
0 86 6 18
0 86 7 18
0 86 8 9
0 86 9 17
1 86 -9 9
1 86 -8 16
1 86 -7 18
1 86 -6 18
1 86 -5 18
1 86 -4 18
1 86 -3 18
1 86 -2 18
1 86 -1 18
1 86 0 18
1 86 1 18
1 86 2 18
1 86 3 18
1 86 4 18
1 86 5 18
1 86 6 18
1 86 7 18
1 86 8 9
1 86 9 9
2 86 -9 9
2 86 -8 16
2 86 -7 18
2 86 -6 18
2 86 -5 18
2 86 -4 18
2 86 -3 18
2 86 -2 18
2 86 -1 18
2 86 0 18
2 86 1 18
2 86 2 18
2 86 3 18
2 86 4 18
2 86 5 18
2 86 6 18
2 86 7 18
2 86 8 9
2 86 9 9
3 86 -9 9
3 86 -8 16
3 86 -7 9
3 86 -6 18
3 86 -5 18
3 86 -4 18
3 86 -3 18
3 86 -2 18
3 86 -1 18
3 86 0 18
3 86 1 18
3 86 2 18
3 86 3 18
3 86 4 18
3 86 5 18
3 86 6 18
3 86 7 9
3 86 8 9
3 86 9 9
4 86 -8 9
4 86 -7 9
4 86 -6 18
4 86 -5 18
4 86 -4 18
4 86 -3 18
4 86 -2 18
4 86 -1 18
4 86 0 18
4 86 1 18
4 86 2 18
4 86 3 18
4 86 4 18
4 86 5 18
4 86 6 18
4 86 7 9
4 86 8 16
5 86 -8 16
5 86 -7 9
5 86 -6 9
5 86 -5 18
5 86 -4 18
5 86 -3 18
5 86 -2 18
5 86 -1 18
5 86 0 18
5 86 1 18
5 86 2 18
5 86 3 18
5 86 4 18
5 86 5 18
5 86 6 9
5 86 7 9
5 86 8 9
6 86 -7 17
6 86 -6 9
6 86 -5 9
6 86 -4 18
6 86 -3 18
6 86 -2 18
6 86 -1 18
6 86 0 18
6 86 1 18
6 86 2 18
6 86 3 18
6 86 4 18
6 86 5 9
6 86 6 16
6 86 7 17
7 86 -6 17
7 86 -5 9
7 86 -4 9
7 86 -3 9
7 86 -2 18
7 86 -1 18
7 86 0 18
7 86 1 18
7 86 2 18
7 86 3 16
7 86 4 9
7 86 5 9
7 86 6 17
8 86 -5 9
8 86 -4 9
8 86 -3 9
8 86 -2 9
8 86 -1 9
8 86 0 9
8 86 1 16
8 86 2 9
8 86 3 9
8 86 4 9
8 86 5 9
9 86 -3 9
9 86 -2 9
9 86 -1 9
9 86 0 17
9 86 1 16
9 86 2 16
9 86 3 9
-9 87 -3 9
-9 87 -2 16
-9 87 -1 16
-9 87 0 17
-9 87 1 9
-9 87 2 9
-9 87 3 16
-8 87 -5 9
-8 87 -4 9
-8 87 -3 9
-8 87 -2 9
-8 87 -1 16
-8 87 0 16
-8 87 1 9
-8 87 2 9
-8 87 3 9
-8 87 4 9
-8 87 5 9
-7 87 -7 27
-7 87 -6 17
-7 87 -5 9
-7 87 -4 9
-7 87 -3 9
-7 87 -2 18
-7 87 -1 18
-7 87 0 18
-7 87 1 18
-7 87 2 18
-7 87 3 9
-7 87 4 9
-7 87 5 9
-7 87 6 17
-7 87 7 27
-6 87 -7 17
-6 87 -6 9
-6 87 -5 9
-6 87 -4 18
-6 87 -3 18
-6 87 -2 18
-6 87 -1 18
-6 87 0 18
-6 87 1 18
-6 87 2 18
-6 87 3 18
-6 87 4 18
-6 87 5 9
-6 87 6 9
-6 87 7 17
-5 87 -8 9
-5 87 -7 9
-5 87 -6 9
-5 87 -5 18
-5 87 -4 18
-5 87 -3 18
-5 87 -2 18
-5 87 -1 18
-5 87 0 18
-5 87 1 18
-5 87 2 18
-5 87 3 18
-5 87 4 18
-5 87 5 18
-5 87 6 9
-5 87 7 9
-5 87 8 9
-4 87 -8 16
-4 87 -7 9
-4 87 -6 18
-4 87 -5 18
-4 87 -4 18
-4 87 -3 18
-4 87 -2 18
-4 87 -1 18
-4 87 0 18
-4 87 1 18
-4 87 2 18
-4 87 3 18
-4 87 4 18
-4 87 5 18
-4 87 6 18
-4 87 7 9
-4 87 8 9
-3 87 -9 9
-3 87 -8 9
-3 87 -7 16
-3 87 -6 18
-3 87 -5 18
-3 87 -4 18
-3 87 -3 18
-3 87 -2 18
-3 87 -1 18
-3 87 0 18
-3 87 1 18
-3 87 2 18
-3 87 3 18
-3 87 4 18
-3 87 5 18
-3 87 6 18
-3 87 7 9
-3 87 8 16
-3 87 9 9
-2 87 -9 9
-2 87 -8 9
-2 87 -7 18
-2 87 -6 18
-2 87 -5 18
-2 87 -4 18
-2 87 -3 18
-2 87 -2 18
-2 87 -1 18
-2 87 0 18
-2 87 1 18
-2 87 2 18
-2 87 3 18
-2 87 4 18
-2 87 5 18
-2 87 6 18
-2 87 7 18
-2 87 8 9
-2 87 9 16
-1 87 -9 9
-1 87 -8 16
-1 87 -7 18
-1 87 -6 18
-1 87 -5 18
-1 87 -4 18
-1 87 -3 18
-1 87 -2 18
-1 87 -1 18
-1 87 0 18
-1 87 1 18
-1 87 2 18
-1 87 3 18
-1 87 4 18
-1 87 5 18
-1 87 6 18
-1 87 7 18
-1 87 8 9
-1 87 9 9
0 87 -9 17
0 87 -8 9
0 87 -7 18
0 87 -6 18
0 87 -5 18
0 87 -4 18
0 87 -3 18
0 87 -2 18
0 87 -1 18
0 87 0 17
0 87 1 0
0 87 2 0
0 87 3 18
0 87 4 18
0 87 5 18
0 87 6 18
0 87 7 18
0 87 8 9
0 87 9 17
1 87 -9 9
1 87 -8 16
1 87 -7 18
1 87 -6 18
1 87 -5 18
1 87 -4 18
1 87 -3 18
1 87 -2 18
1 87 -1 18
1 87 0 18
1 87 1 1
1 87 2 1
1 87 3 18
1 87 4 18
1 87 5 18
1 87 6 18
1 87 7 18
1 87 8 9
1 87 9 9
2 87 -9 9
2 87 -8 9
2 87 -7 18
2 87 -6 18
2 87 -5 18
2 87 -4 18
2 87 -3 18
2 87 -2 18
2 87 -1 18
2 87 0 18
2 87 1 1
2 87 2 1
2 87 3 18
2 87 4 18
2 87 5 18
2 87 6 18
2 87 7 18
2 87 8 9
2 87 9 16
3 87 -9 9
3 87 -8 9
3 87 -7 9
3 87 -6 18
3 87 -5 18
3 87 -4 18
3 87 -3 18
3 87 -2 18
3 87 -1 18
3 87 0 18
3 87 1 18
3 87 2 18
3 87 3 18
3 87 4 18
3 87 5 18
3 87 6 18
3 87 7 16
3 87 8 9
3 87 9 9
4 87 -8 9
4 87 -7 16
4 87 -6 18
4 87 -5 18
4 87 -4 18
4 87 -3 18
4 87 -2 18
4 87 -1 18
4 87 0 18
4 87 1 18
4 87 2 18
4 87 3 18
4 87 4 18
4 87 5 18
4 87 6 18
4 87 7 16
4 87 8 9
5 87 -8 16
5 87 -7 9
5 87 -6 16
5 87 -5 18
5 87 -4 18
5 87 -3 18
5 87 -2 18
5 87 -1 18
5 87 0 18
5 87 1 18
5 87 2 18
5 87 3 18
5 87 4 18
5 87 5 18
5 87 6 16
5 87 7 9
5 87 8 9
6 87 -7 17
6 87 -6 9
6 87 -5 9
6 87 -4 18
6 87 -3 18
6 87 -2 18
6 87 -1 18
6 87 0 18
6 87 1 18
6 87 2 18
6 87 3 18
6 87 4 18
6 87 5 16
6 87 6 9
6 87 7 17
7 87 -7 27
7 87 -6 17
7 87 -5 9
7 87 -4 16
7 87 -3 9
7 87 -2 18
7 87 -1 18
7 87 0 18
7 87 1 18
7 87 2 18
7 87 3 9
7 87 4 9
7 87 5 9
7 87 6 17
7 87 7 27
8 87 -5 16
8 87 -4 9
8 87 -3 9
8 87 -2 9
8 87 -1 9
8 87 0 9
8 87 1 16
8 87 2 9
8 87 3 16
8 87 4 16
8 87 5 9
9 87 -3 16
9 87 -2 9
9 87 -1 9
9 87 0 17
9 87 1 16
9 87 2 9
9 87 3 9
-9 88 -3 9
-9 88 -2 9
-9 88 -1 16
-9 88 0 17
-9 88 1 9
-9 88 2 9
-9 88 3 9
-8 88 -5 16
-8 88 -4 9
-8 88 -3 9
-8 88 -2 16
-8 88 -1 9
-8 88 0 9
-8 88 1 9
-8 88 2 9
-8 88 3 9
-8 88 4 16
-8 88 5 9
-7 88 -7 30
-7 88 -6 17
-7 88 -5 9
-7 88 -4 9
-7 88 -3 9
-7 88 -2 18
-7 88 -1 18
-7 88 0 18
-7 88 1 18
-7 88 2 18
-7 88 3 9
-7 88 4 9
-7 88 5 16
-7 88 6 17
-7 88 7 30
-6 88 -7 17
-6 88 -6 9
-6 88 -5 9
-6 88 -4 18
-6 88 -3 18
-6 88 -2 18
-6 88 -1 18
-6 88 0 18
-6 88 1 18
-6 88 2 18
-6 88 3 18
-6 88 4 18
-6 88 5 16
-6 88 6 9
-6 88 7 17
-5 88 -8 9
-5 88 -7 9
-5 88 -6 9
-5 88 -5 18
-5 88 -4 18
-5 88 -3 18
-5 88 -2 18
-5 88 -1 18
-5 88 0 18
-5 88 1 18
-5 88 2 18
-5 88 3 18
-5 88 4 18
-5 88 5 18
-5 88 6 9
-5 88 7 16
-5 88 8 16
-4 88 -8 9
-4 88 -7 9
-4 88 -6 18
-4 88 -5 18
-4 88 -4 18
-4 88 -3 18
-4 88 -2 18
-4 88 -1 18
-4 88 0 18
-4 88 1 18
-4 88 2 18
-4 88 3 18
-4 88 4 18
-4 88 5 18
-4 88 6 18
-4 88 7 9
-4 88 8 9
-3 88 -9 9
-3 88 -8 16
-3 88 -7 9
-3 88 -6 18
-3 88 -5 18
-3 88 -4 18
-3 88 -3 18
-3 88 -2 18
-3 88 -1 18
-3 88 0 18
-3 88 1 18
-3 88 2 18
-3 88 3 18
-3 88 4 18
-3 88 5 18
-3 88 6 18
-3 88 7 16
-3 88 8 9
-3 88 9 9
-2 88 -9 16
-2 88 -8 9
-2 88 -7 18
-2 88 -6 18
-2 88 -5 18
-2 88 -4 18
-2 88 -3 18
-2 88 -2 18
-2 88 -1 18
-2 88 0 18
-2 88 1 18
-2 88 2 18
-2 88 3 18
-2 88 4 18
-2 88 5 18
-2 88 6 18
-2 88 7 18
-2 88 8 9
-2 88 9 16
-1 88 -9 9
-1 88 -8 16
-1 88 -7 18
-1 88 -6 18
-1 88 -5 18
-1 88 -4 18
-1 88 -3 18
-1 88 -2 18
-1 88 -1 18
-1 88 0 18
-1 88 1 18
-1 88 2 18
-1 88 3 18
-1 88 4 18
-1 88 5 18
-1 88 6 18
-1 88 7 18
-1 88 8 16
-1 88 9 9
0 88 -9 17
0 88 -8 9
0 88 -7 18
0 88 -6 18
0 88 -5 18
0 88 -4 18
0 88 -3 18
0 88 -2 18
0 88 -1 18
0 88 0 17
0 88 1 18
0 88 2 18
0 88 3 18
0 88 4 18
0 88 5 18
0 88 6 18
0 88 7 18
0 88 8 9
0 88 9 17
1 88 -9 9
1 88 -8 16
1 88 -7 18
1 88 -6 18
1 88 -5 18
1 88 -4 18
1 88 -3 18
1 88 -2 1
1 88 -1 1
1 88 0 5
1 88 1 18
1 88 2 18
1 88 3 18
1 88 4 18
1 88 5 18
1 88 6 18
1 88 7 18
1 88 8 16
1 88 9 9
2 88 -9 9
2 88 -8 9
2 88 -7 18
2 88 -6 18
2 88 -5 18
2 88 -4 18
2 88 -3 18
2 88 -2 1
2 88 -1 1
2 88 0 5
2 88 1 18
2 88 2 18
2 88 3 18
2 88 4 18
2 88 5 18
2 88 6 18
2 88 7 18
2 88 8 16
2 88 9 9
3 88 -9 9
3 88 -8 9
3 88 -7 16
3 88 -6 18
3 88 -5 18
3 88 -4 18
3 88 -3 18
3 88 -2 18
3 88 -1 18
3 88 0 18
3 88 1 18
3 88 2 18
3 88 3 18
3 88 4 18
3 88 5 18
3 88 6 18
3 88 7 9
3 88 8 9
3 88 9 9
4 88 -8 9
4 88 -7 9
4 88 -6 18
4 88 -5 18
4 88 -4 18
4 88 -3 18
4 88 -2 18
4 88 -1 18
4 88 0 18
4 88 1 18
4 88 2 18
4 88 3 18
4 88 4 18
4 88 5 18
4 88 6 18
4 88 7 16
4 88 8 16
5 88 -8 9
5 88 -7 16
5 88 -6 16
5 88 -5 18
5 88 -4 18
5 88 -3 18
5 88 -2 18
5 88 -1 18
5 88 0 18
5 88 1 18
5 88 2 18
5 88 3 18
5 88 4 18
5 88 5 18
5 88 6 9
5 88 7 9
5 88 8 9
6 88 -7 17
6 88 -6 9
6 88 -5 9
6 88 -4 18
6 88 -3 18
6 88 -2 18
6 88 -1 18
6 88 0 18
6 88 1 18
6 88 2 18
6 88 3 18
6 88 4 18
6 88 5 16
6 88 6 9
6 88 7 17
7 88 -7 30
7 88 -6 17
7 88 -5 16
7 88 -4 9
7 88 -3 9
7 88 -2 18
7 88 -1 18
7 88 0 18
7 88 1 18
7 88 2 18
7 88 3 9
7 88 4 9
7 88 5 9
7 88 6 17
7 88 7 30
8 88 -5 16
8 88 -4 9
8 88 -3 9
8 88 -2 9
8 88 -1 9
8 88 0 9
8 88 1 9
8 88 2 9
8 88 3 9
8 88 4 9
8 88 5 9
9 88 -3 9
9 88 -2 16
9 88 -1 9
9 88 0 17
9 88 1 16
9 88 2 9
9 88 3 9
-9 89 -3 16
-9 89 -2 9
-9 89 -1 9
-9 89 0 17
-9 89 1 9
-9 89 2 9
-9 89 3 9
-8 89 -5 9
-8 89 -4 9
-8 89 -3 9
-8 89 -2 16
-8 89 -1 9
-8 89 0 9
-8 89 1 9
-8 89 2 9
-8 89 3 9
-8 89 4 9
-8 89 5 9
-7 89 -7 30
-7 89 -6 17
-7 89 -5 9
-7 89 -4 9
-7 89 -3 16
-7 89 -2 18
-7 89 -1 18
-7 89 0 18
-7 89 1 18
-7 89 2 18
-7 89 3 9
-7 89 4 16
-7 89 5 9
-7 89 6 17
-7 89 7 30
-6 89 -7 17
-6 89 -6 9
-6 89 -5 16
-6 89 -4 18
-6 89 -3 18
-6 89 -2 18
-6 89 -1 18
-6 89 0 18
-6 89 1 18
-6 89 2 18
-6 89 3 18
-6 89 4 18
-6 89 5 16
-6 89 6 9
-6 89 7 17
-5 89 -8 9
-5 89 -7 9
-5 89 -6 9
-5 89 -5 18
-5 89 -4 18
-5 89 -3 18
-5 89 -2 18
-5 89 -1 18
-5 89 0 18
-5 89 1 18
-5 89 2 18
-5 89 3 18
-5 89 4 18
-5 89 5 18
-5 89 6 9
-5 89 7 9
-5 89 8 16
-4 89 -8 9
-4 89 -7 9
-4 89 -6 18
-4 89 -5 18
-4 89 -4 18
-4 89 -3 18
-4 89 -2 18
-4 89 -1 18
-4 89 0 18
-4 89 1 18
-4 89 2 18
-4 89 3 18
-4 89 4 18
-4 89 5 18
-4 89 6 18
-4 89 7 9
-4 89 8 9
-3 89 -9 9
-3 89 -8 9
-3 89 -7 16
-3 89 -6 18
-3 89 -5 18
-3 89 -4 18
-3 89 -3 18
-3 89 -2 18
-3 89 -1 18
-3 89 0 18
-3 89 1 18
-3 89 2 18
-3 89 3 18
-3 89 4 18
-3 89 5 18
-3 89 6 18
-3 89 7 9
-3 89 8 9
-3 89 9 16
-2 89 -9 16
-2 89 -8 9
-2 89 -7 18
-2 89 -6 18
-2 89 -5 18
-2 89 -4 18
-2 89 -3 18
-2 89 -2 1
-2 89 -1 1
-2 89 0 18
-2 89 1 18
-2 89 2 18
-2 89 3 18
-2 89 4 18
-2 89 5 18
-2 89 6 18
-2 89 7 18
-2 89 8 9
-2 89 9 9
-1 89 -9 9
-1 89 -8 9
-1 89 -7 18
-1 89 -6 18
-1 89 -5 18
-1 89 -4 18
-1 89 -3 18
-1 89 -2 1
-1 89 -1 1
-1 89 0 18
-1 89 1 18
-1 89 2 18
-1 89 3 18
-1 89 4 18
-1 89 5 18
-1 89 6 18
-1 89 7 18
-1 89 8 16
-1 89 9 9
0 89 -9 17
0 89 -8 9
0 89 -7 18
0 89 -6 18
0 89 -5 18
0 89 -4 18
0 89 -3 18
0 89 -2 7
0 89 -1 7
0 89 0 17
0 89 1 18
0 89 2 18
0 89 3 18
0 89 4 18
0 89 5 18
0 89 6 18
0 89 7 18
0 89 8 9
0 89 9 17
1 89 -9 9
1 89 -8 9
1 89 -7 18
1 89 -6 18
1 89 -5 18
1 89 -4 18
1 89 -3 18
1 89 -2 18
1 89 -1 18
1 89 0 18
1 89 1 18
1 89 2 18
1 89 3 18
1 89 4 18
1 89 5 18
1 89 6 18
1 89 7 18
1 89 8 9
1 89 9 9
2 89 -9 9
2 89 -8 9
2 89 -7 18
2 89 -6 18
2 89 -5 18
2 89 -4 18
2 89 -3 18
2 89 -2 18
2 89 -1 18
2 89 0 18
2 89 1 18
2 89 2 18
2 89 3 18
2 89 4 18
2 89 5 18
2 89 6 18
2 89 7 18
2 89 8 9
2 89 9 9
3 89 -9 16
3 89 -8 9
3 89 -7 9
3 89 -6 18
3 89 -5 18
3 89 -4 18
3 89 -3 18
3 89 -2 18
3 89 -1 18
3 89 0 18
3 89 1 18
3 89 2 18
3 89 3 18
3 89 4 18
3 89 5 18
3 89 6 18
3 89 7 16
3 89 8 9
3 89 9 9
4 89 -8 9
4 89 -7 9
4 89 -6 18
4 89 -5 18
4 89 -4 18
4 89 -3 18
4 89 -2 18
4 89 -1 18
4 89 0 18
4 89 1 18
4 89 2 18
4 89 3 18
4 89 4 18
4 89 5 18
4 89 6 18
4 89 7 9
4 89 8 9
5 89 -8 9
5 89 -7 9
5 89 -6 9
5 89 -5 18
5 89 -4 18
5 89 -3 18
5 89 -2 18
5 89 -1 18
5 89 0 18
5 89 1 18
5 89 2 18
5 89 3 18
5 89 4 18
5 89 5 18
5 89 6 9
5 89 7 9
5 89 8 9
6 89 -7 17
6 89 -6 9
6 89 -5 9
6 89 -4 18
6 89 -3 18
6 89 -2 18
6 89 -1 18
6 89 0 18
6 89 1 18
6 89 2 18
6 89 3 18
6 89 4 18
6 89 5 9
6 89 6 9
6 89 7 17
7 89 -7 30
7 89 -6 17
7 89 -5 9
7 89 -4 9
7 89 -3 9
7 89 -2 18
7 89 -1 18
7 89 0 18
7 89 1 18
7 89 2 18
7 89 3 16
7 89 4 16
7 89 5 9
7 89 6 17
7 89 7 30
8 89 -5 9
8 89 -4 9
8 89 -3 9
8 89 -2 9
8 89 -1 9
8 89 0 9
8 89 1 9
8 89 2 9
8 89 3 9
8 89 4 9
8 89 5 9
9 89 -3 9
9 89 -2 9
9 89 -1 9
9 89 0 17
9 89 1 9
9 89 2 16
9 89 3 16
-10 90 -2 31
-10 90 -1 31
-10 90 0 31
-10 90 1 31
-10 90 2 31
-9 90 -4 31
-9 90 -3 31
-9 90 -2 31
-9 90 -1 9
-9 90 0 17
-9 90 1 9
-9 90 2 31
-9 90 3 31
-9 90 4 31
-8 90 -6 31
-8 90 -5 31
-8 90 -4 16
-8 90 -3 16
-8 90 -2 16
-8 90 -1 16
-8 90 0 16
-8 90 1 9
-8 90 2 9
-8 90 3 9
-8 90 4 9
-8 90 5 31
-8 90 6 31
-7 90 -7 57
-7 90 -6 31
-7 90 -5 9
-7 90 -4 9
-7 90 -3 9
-7 90 -2 18
-7 90 -1 18
-7 90 0 18
-7 90 1 18
-7 90 2 18
-7 90 3 9
-7 90 4 16
-7 90 5 9
-7 90 6 31
-7 90 7 58
-6 90 -8 34
-6 90 -7 34
-6 90 -6 16
-6 90 -5 16
-6 90 -4 18
-6 90 -3 18
-6 90 -2 18
-6 90 -1 18
-6 90 0 18
-6 90 1 18
-6 90 2 18
-6 90 3 18
-6 90 4 18
-6 90 5 9
-6 90 6 9
-6 90 7 35
-6 90 8 35
-5 90 -8 34
-5 90 -7 9
-5 90 -6 9
-5 90 -5 18
-5 90 -4 18
-5 90 -3 18
-5 90 -2 18
-5 90 -1 18
-5 90 0 18
-5 90 1 18
-5 90 2 18
-5 90 3 18
-5 90 4 18
-5 90 5 18
-5 90 6 9
-5 90 7 16
-5 90 8 35
-4 90 -9 34
-4 90 -8 9
-4 90 -7 9
-4 90 -6 18
-4 90 -5 18
-4 90 -4 18
-4 90 -3 18
-4 90 -2 18
-4 90 -1 18
-4 90 0 18
-4 90 1 18
-4 90 2 18
-4 90 3 18
-4 90 4 18
-4 90 5 18
-4 90 6 18
-4 90 7 9
-4 90 8 9
-4 90 9 35
-3 90 -9 34
-3 90 -8 16
-3 90 -7 9
-3 90 -6 18
-3 90 -5 18
-3 90 -4 18
-3 90 -3 18
-3 90 -2 18
-3 90 -1 18
-3 90 0 18
-3 90 1 18
-3 90 2 18
-3 90 3 18
-3 90 4 18
-3 90 5 18
-3 90 6 18
-3 90 7 9
-3 90 8 9
-3 90 9 35
-2 90 -10 34
-2 90 -9 34
-2 90 -8 9
-2 90 -7 18
-2 90 -6 18
-2 90 -5 18
-2 90 -4 18
-2 90 -3 18
-2 90 -2 18
-2 90 -1 18
-2 90 0 4
-2 90 1 1
-2 90 2 1
-2 90 3 18
-2 90 4 18
-2 90 5 18
-2 90 6 18
-2 90 7 18
-2 90 8 9
-2 90 9 35
-2 90 10 35
-1 90 -10 34
-1 90 -9 16
-1 90 -8 16
-1 90 -7 18
-1 90 -6 18
-1 90 -5 18
-1 90 -4 18
-1 90 -3 18
-1 90 -2 18
-1 90 -1 18
-1 90 0 4
-1 90 1 1
-1 90 2 1
-1 90 3 18
-1 90 4 18
-1 90 5 18
-1 90 6 18
-1 90 7 18
-1 90 8 9
-1 90 9 9
-1 90 10 35
0 90 -10 34
0 90 -9 17
0 90 -8 9
0 90 -7 18
0 90 -6 18
0 90 -5 18
0 90 -4 18
0 90 -3 18
0 90 -2 18
0 90 -1 18
0 90 0 17
0 90 1 18
0 90 2 18
0 90 3 18
0 90 4 18
0 90 5 18
0 90 6 18
0 90 7 18
0 90 8 9
0 90 9 17
0 90 10 35
1 90 -10 34
1 90 -9 9
1 90 -8 9
1 90 -7 18
1 90 -6 18
1 90 -5 18
1 90 -4 18
1 90 -3 18
1 90 -2 18
1 90 -1 18
1 90 0 18
1 90 1 18
1 90 2 18
1 90 3 18
1 90 4 18
1 90 5 18
1 90 6 18
1 90 7 18
1 90 8 9
1 90 9 16
1 90 10 35
2 90 -10 34
2 90 -9 34
2 90 -8 9
2 90 -7 18
2 90 -6 18
2 90 -5 18
2 90 -4 18
2 90 -3 18
2 90 -2 18
2 90 -1 18
2 90 0 18
2 90 1 18
2 90 2 18
2 90 3 18
2 90 4 18
2 90 5 18
2 90 6 18
2 90 7 18
2 90 8 16
2 90 9 35
2 90 10 35
3 90 -9 34
3 90 -8 9
3 90 -7 9
3 90 -6 18
3 90 -5 18
3 90 -4 18
3 90 -3 18
3 90 -2 18
3 90 -1 18
3 90 0 18
3 90 1 18
3 90 2 18
3 90 3 18
3 90 4 18
3 90 5 18
3 90 6 18
3 90 7 9
3 90 8 9
3 90 9 35
4 90 -9 34
4 90 -8 16
4 90 -7 9
4 90 -6 18
4 90 -5 18
4 90 -4 18
4 90 -3 18
4 90 -2 18
4 90 -1 18
4 90 0 18
4 90 1 18
4 90 2 18
4 90 3 18
4 90 4 18
4 90 5 18
4 90 6 18
4 90 7 9
4 90 8 9
4 90 9 35
5 90 -8 34
5 90 -7 16
5 90 -6 9
5 90 -5 18
5 90 -4 18
5 90 -3 18
5 90 -2 18
5 90 -1 18
5 90 0 18
5 90 1 18
5 90 2 18
5 90 3 18
5 90 4 18
5 90 5 18
5 90 6 9
5 90 7 9
5 90 8 35
6 90 -8 34
6 90 -7 34
6 90 -6 9
6 90 -5 16
6 90 -4 18
6 90 -3 18
6 90 -2 18
6 90 -1 18
6 90 0 18
6 90 1 18
6 90 2 18
6 90 3 18
6 90 4 18
6 90 5 9
6 90 6 16
6 90 7 35
6 90 8 35
7 90 -7 59
7 90 -6 37
7 90 -5 9
7 90 -4 9
7 90 -3 9
7 90 -2 18
7 90 -1 18
7 90 0 18
7 90 1 18
7 90 2 18
7 90 3 9
7 90 4 9
7 90 5 9
7 90 6 37
7 90 7 60
8 90 -6 37
8 90 -5 37
8 90 -4 9
8 90 -3 9
8 90 -2 9
8 90 -1 9
8 90 0 9
8 90 1 9
8 90 2 16
8 90 3 16
8 90 4 9
8 90 5 37
8 90 6 37
9 90 -4 37
9 90 -3 37
9 90 -2 37
9 90 -1 9
9 90 0 17
9 90 1 9
9 90 2 37
9 90 3 37
9 90 4 37
10 90 -2 37
10 90 -1 37
10 90 0 37
10 90 1 37
10 90 2 37
-10 91 -2 1
-10 91 -1 1
-10 91 0 1
-10 91 1 1
-10 91 2 1
-9 91 -4 1
-9 91 -3 1
-9 91 -2 1
-9 91 -1 1
-9 91 0 1
-9 91 1 1
-9 91 2 1
-9 91 3 1
-9 91 4 1
-8 91 -6 1
-8 91 -5 1
-8 91 -4 1
-8 91 -3 1
-8 91 -2 1
-8 91 -1 1
-8 91 0 1
-8 91 1 1
-8 91 2 1
-8 91 3 1
-8 91 4 1
-8 91 5 1
-8 91 6 1
-7 91 -7 1
-7 91 -6 1
-7 91 -5 1
-7 91 -4 1
-7 91 -3 1
-7 91 -2 16
-7 91 -1 9
-7 91 0 17
-7 91 1 9
-7 91 2 16
-7 91 3 1
-7 91 4 1
-7 91 5 1
-7 91 6 1
-7 91 7 1
-6 91 -8 1
-6 91 -7 1
-6 91 -6 1
-6 91 -5 1
-6 91 -4 9
-6 91 -3 9
-6 91 -2 16
-6 91 -1 9
-6 91 0 9
-6 91 1 9
-6 91 2 16
-6 91 3 16
-6 91 4 9
-6 91 5 1
-6 91 6 1
-6 91 7 1
-6 91 8 1
-5 91 -8 1
-5 91 -7 1
-5 91 -6 1
-5 91 -5 17
-5 91 -4 9
-5 91 -3 9
-5 91 -2 9
-5 91 -1 1
-5 91 0 1
-5 91 1 1
-5 91 2 16
-5 91 3 9
-5 91 4 16
-5 91 5 17
-5 91 6 1
-5 91 7 1
-5 91 8 1
-4 91 -9 1
-4 91 -8 1
-4 91 -7 1
-4 91 -6 9
-4 91 -5 9
-4 91 -4 9
-4 91 -3 1
-4 91 -2 1
-4 91 -1 1
-4 91 0 1
-4 91 1 1
-4 91 2 1
-4 91 3 1
-4 91 4 9
-4 91 5 9
-4 91 6 9
-4 91 7 1
-4 91 8 1
-4 91 9 1
-3 91 -9 1
-3 91 -8 1
-3 91 -7 1
-3 91 -6 9
-3 91 -5 16
-3 91 -4 1
-3 91 -3 1
-3 91 -2 1
-3 91 -1 1
-3 91 0 1
-3 91 1 1
-3 91 2 1
-3 91 3 1
-3 91 4 1
-3 91 5 16
-3 91 6 16
-3 91 7 1
-3 91 8 1
-3 91 9 1
-2 91 -10 1
-2 91 -9 1
-2 91 -8 1
-2 91 -7 16
-2 91 -6 9
-2 91 -5 9
-2 91 -4 1
-2 91 -3 1
-2 91 -2 18
-2 91 -1 18
-2 91 0 18
-2 91 1 18
-2 91 2 18
-2 91 3 1
-2 91 4 1
-2 91 5 9
-2 91 6 9
-2 91 7 9
-2 91 8 1
-2 91 9 1
-2 91 10 1
-1 91 -10 1
-1 91 -9 1
-1 91 -8 1
-1 91 -7 9
-1 91 -6 16
-1 91 -5 1
-1 91 -4 1
-1 91 -3 1
-1 91 -2 18
-1 91 -1 18
-1 91 0 18
-1 91 1 18
-1 91 2 18
-1 91 3 1
-1 91 4 1
-1 91 5 1
-1 91 6 16
-1 91 7 9
-1 91 8 1
-1 91 9 1
-1 91 10 1
0 91 -10 1
0 91 -9 1
0 91 -8 1
0 91 -7 17
0 91 -6 9
0 91 -5 1
0 91 -4 1
0 91 -3 1
0 91 -2 18
0 91 -1 18
0 91 0 17
0 91 1 0
0 91 2 0
0 91 3 1
0 91 4 1
0 91 5 1
0 91 6 9
0 91 7 17
0 91 8 1
0 91 9 1
0 91 10 1
1 91 -10 1
1 91 -9 1
1 91 -8 1
1 91 -7 9
1 91 -6 9
1 91 -5 1
1 91 -4 1
1 91 -3 1
1 91 -2 18
1 91 -1 18
1 91 0 18
1 91 1 1
1 91 2 1
1 91 3 1
1 91 4 1
1 91 5 1
1 91 6 9
1 91 7 9
1 91 8 1
1 91 9 1
1 91 10 1
2 91 -10 1
2 91 -9 1
2 91 -8 1
2 91 -7 9
2 91 -6 9
2 91 -5 9
2 91 -4 1
2 91 -3 1
2 91 -2 18
2 91 -1 18
2 91 0 18
2 91 1 1
2 91 2 1
2 91 3 1
2 91 4 1
2 91 5 9
2 91 6 9
2 91 7 9
2 91 8 1
2 91 9 1
2 91 10 1
3 91 -9 1
3 91 -8 1
3 91 -7 1
3 91 -6 9
3 91 -5 16
3 91 -4 1
3 91 -3 1
3 91 -2 1
3 91 -1 1
3 91 0 1
3 91 1 1
3 91 2 1
3 91 3 1
3 91 4 1
3 91 5 16
3 91 6 9
3 91 7 1
3 91 8 1
3 91 9 1
4 91 -9 1
4 91 -8 1
4 91 -7 1
4 91 -6 9
4 91 -5 9
4 91 -4 9
4 91 -3 1
4 91 -2 1
4 91 -1 1
4 91 0 1
4 91 1 1
4 91 2 1
4 91 3 1
4 91 4 9
4 91 5 9
4 91 6 9
4 91 7 1
4 91 8 1
4 91 9 1
5 91 -8 1
5 91 -7 1
5 91 -6 1
5 91 -5 17
5 91 -4 9
5 91 -3 9
5 91 -2 9
5 91 -1 1
5 91 0 1
5 91 1 1
5 91 2 9
5 91 3 9
5 91 4 16
5 91 5 17
5 91 6 1
5 91 7 1
5 91 8 1
6 91 -8 1
6 91 -7 1
6 91 -6 1
6 91 -5 1
6 91 -4 9
6 91 -3 9
6 91 -2 16
6 91 -1 9
6 91 0 9
6 91 1 16
6 91 2 16
6 91 3 9
6 91 4 9
6 91 5 1
6 91 6 1
6 91 7 1
6 91 8 1
7 91 -7 1
7 91 -6 1
7 91 -5 1
7 91 -4 1
7 91 -3 1
7 91 -2 9
7 91 -1 9
7 91 0 17
7 91 1 9
7 91 2 9
7 91 3 1
7 91 4 1
7 91 5 1
7 91 6 1
7 91 7 1
8 91 -6 1
8 91 -5 1
8 91 -4 1
8 91 -3 1
8 91 -2 1
8 91 -1 1
8 91 0 1
8 91 1 1
8 91 2 1
8 91 3 1
8 91 4 1
8 91 5 1
8 91 6 1
9 91 -4 1
9 91 -3 1
9 91 -2 1
9 91 -1 1
9 91 0 1
9 91 1 1
9 91 2 1
9 91 3 1
9 91 4 1
10 91 -2 1
10 91 -1 1
10 91 0 1
10 91 1 1
10 91 2 1
-10 92 -2 61
-10 92 -1 9
-10 92 0 16
-10 92 1 41
-10 92 2 62
-9 92 -4 40
-9 92 -3 41
-9 92 -2 63
-9 92 2 64
-9 92 3 41
-9 92 4 9
-8 92 -6 9
-8 92 -5 9
-8 92 5 40
-8 92 6 62
-7 92 -7 61
-7 92 -6 63
-7 92 -2 9
-7 92 -1 9
-7 92 0 18
-7 92 1 9
-7 92 2 16
-7 92 6 64
-7 92 7 62
-6 92 -8 61
-6 92 -7 63
-6 92 -4 16
-6 92 -3 9
-6 92 -2 9
-6 92 -1 9
-6 92 0 18
-6 92 1 16
-6 92 2 9
-6 92 3 9
-6 92 4 9
-6 92 7 64
-6 92 8 9
-5 92 -8 48
-5 92 -5 17
-5 92 -4 9
-5 92 -3 16
-5 92 -2 16
-5 92 -1 18
-5 92 0 18
-5 92 1 18
-5 92 2 9
-5 92 3 9
-5 92 4 9
-5 92 5 17
-5 92 8 16
-4 92 -9 9
-4 92 -6 9
-4 92 -5 9
-4 92 -4 9
-4 92 -3 18
-4 92 -2 18
-4 92 -1 18
-4 92 0 18
-4 92 1 18
-4 92 2 18
-4 92 3 18
-4 92 4 9
-4 92 5 9
-4 92 6 9
-4 92 9 46
-3 92 -9 47
-3 92 -6 16
-3 92 -5 9
-3 92 -4 18
-3 92 -3 18
-3 92 -2 18
-3 92 -1 18
-3 92 0 18
-3 92 1 18
-3 92 2 18
-3 92 3 18
-3 92 4 18
-3 92 5 9
-3 92 6 16
-3 92 9 47
-2 92 -10 61
-2 92 -9 63
-2 92 -7 9
-2 92 -6 16
-2 92 -5 9
-2 92 -4 18
-2 92 -3 18
-2 92 -2 18
-2 92 -1 18
-2 92 0 18
-2 92 1 18
-2 92 2 18
-2 92 3 18
-2 92 4 18
-2 92 5 16
-2 92 6 9
-2 92 7 9
-2 92 9 64
-2 92 10 62
-1 92 -10 47
-1 92 -7 9
-1 92 -6 16
-1 92 -5 18
-1 92 -4 18
-1 92 -3 18
-1 92 -2 18
-1 92 -1 18
-1 92 0 18
-1 92 1 18
-1 92 2 18
-1 92 3 18
-1 92 4 18
-1 92 5 18
-1 92 6 16
-1 92 7 16
-1 92 10 9
0 92 -10 9
0 92 -7 18
0 92 -6 18
0 92 -5 18
0 92 -4 18
0 92 -3 18
0 92 -2 18
0 92 -1 18
0 92 0 17
0 92 1 18
0 92 2 18
0 92 3 18
0 92 4 18
0 92 5 18
0 92 6 18
0 92 7 18
0 92 10 16
1 92 -10 9
1 92 -7 16
1 92 -6 9
1 92 -5 18
1 92 -4 18
1 92 -3 18
1 92 -2 1
1 92 -1 1
1 92 0 5
1 92 1 18
1 92 2 18
1 92 3 18
1 92 4 18
1 92 5 18
1 92 6 9
1 92 7 9
1 92 10 47
2 92 -10 64
2 92 -9 62
2 92 -7 16
2 92 -6 9
2 92 -5 9
2 92 -4 18
2 92 -3 18
2 92 -2 1
2 92 -1 1
2 92 0 5
2 92 1 18
2 92 2 18
2 92 3 18
2 92 4 18
2 92 5 9
2 92 6 16
2 92 7 16
2 92 9 61
2 92 10 63
3 92 -9 47
3 92 -6 9
3 92 -5 9
3 92 -4 18
3 92 -3 18
3 92 -2 18
3 92 -1 18
3 92 0 18
3 92 1 18
3 92 2 18
3 92 3 18
3 92 4 18
3 92 5 9
3 92 6 9
3 92 9 47
4 92 -9 48
4 92 -6 9
4 92 -5 9
4 92 -4 9
4 92 -3 18
4 92 -2 18
4 92 -1 18
4 92 0 18
4 92 1 18
4 92 2 18
4 92 3 18
4 92 4 9
4 92 5 9
4 92 6 9
4 92 9 16
5 92 -8 16
5 92 -5 17
5 92 -4 9
5 92 -3 9
5 92 -2 9
5 92 -1 18
5 92 0 18
5 92 1 18
5 92 2 9
5 92 3 16
5 92 4 9
5 92 5 17
5 92 8 46
6 92 -8 9
6 92 -7 62
6 92 -4 16
6 92 -3 9
6 92 -2 9
6 92 -1 9
6 92 0 18
6 92 1 9
6 92 2 9
6 92 3 9
6 92 4 16
6 92 7 61
6 92 8 63
7 92 -7 64
7 92 -6 62
7 92 -2 9
7 92 -1 9
7 92 0 18
7 92 1 9
7 92 2 9
7 92 6 61
7 92 7 63
8 92 -6 64
8 92 -5 39
8 92 5 9
8 92 6 9
9 92 -4 9
9 92 -3 41
9 92 -2 62
9 92 2 61
9 92 3 41
9 92 4 39
10 92 -2 64
10 92 -1 41
10 92 0 9
10 92 1 9
10 92 2 63
-10 93 -1 52
-10 93 0 52
-9 93 4 52
-8 93 -6 52
-8 93 -5 52
-7 93 -2 9
-7 93 -1 9
-7 93 0 18
-7 93 1 16
-7 93 2 9
-6 93 -4 16
-6 93 -3 9
-6 93 -2 16
-6 93 -1 9
-6 93 0 18
-6 93 1 16
-6 93 2 9
-6 93 3 9
-6 93 4 9
-6 93 8 52
-5 93 -5 17
-5 93 -4 9
-5 93 -3 9
-5 93 -2 16
-5 93 -1 18
-5 93 0 18
-5 93 1 18
-5 93 2 9
-5 93 3 9
-5 93 4 16
-5 93 5 17
-5 93 8 52
-4 93 -9 52
-4 93 -6 9
-4 93 -5 9
-4 93 -4 9
-4 93 -3 18
-4 93 -2 18
-4 93 -1 18
-4 93 0 18
-4 93 1 18
-4 93 2 18
-4 93 3 18
-4 93 4 9
-4 93 5 9
-4 93 6 9
-3 93 -6 9
-3 93 -5 9
-3 93 -4 18
-3 93 -3 18
-3 93 -2 18
-3 93 -1 18
-3 93 0 18
-3 93 1 18
-3 93 2 18
-3 93 3 18
-3 93 4 18
-3 93 5 9
-3 93 6 9
-2 93 -7 9
-2 93 -6 9
-2 93 -5 9
-2 93 -4 18
-2 93 -3 18
-2 93 -2 1
-2 93 -1 1
-2 93 0 18
-2 93 1 18
-2 93 2 18
-2 93 3 18
-2 93 4 18
-2 93 5 9
-2 93 6 9
-2 93 7 9
-1 93 -7 9
-1 93 -6 16
-1 93 -5 18
-1 93 -4 18
-1 93 -3 18
-1 93 -2 1
-1 93 -1 1
-1 93 0 18
-1 93 1 18
-1 93 2 18
-1 93 3 18
-1 93 4 18
-1 93 5 18
-1 93 6 9
-1 93 7 16
-1 93 10 52
0 93 -10 52
0 93 -7 18
0 93 -6 18
0 93 -5 18
0 93 -4 18
0 93 -3 18
0 93 -2 7
0 93 -1 7
0 93 0 17
0 93 1 18
0 93 2 18
0 93 3 18
0 93 4 18
0 93 5 18
0 93 6 18
0 93 7 18
0 93 10 52
1 93 -10 52
1 93 -7 16
1 93 -6 9
1 93 -5 18
1 93 -4 18
1 93 -3 18
1 93 -2 18
1 93 -1 18
1 93 0 18
1 93 1 18
1 93 2 18
1 93 3 18
1 93 4 18
1 93 5 18
1 93 6 9
1 93 7 9
2 93 -7 9
2 93 -6 9
2 93 -5 9
2 93 -4 18
2 93 -3 18
2 93 -2 18
2 93 -1 18
2 93 0 18
2 93 1 18
2 93 2 18
2 93 3 18
2 93 4 18
2 93 5 9
2 93 6 9
2 93 7 9
3 93 -6 9
3 93 -5 9
3 93 -4 18
3 93 -3 18
3 93 -2 18
3 93 -1 18
3 93 0 18
3 93 1 18
3 93 2 18
3 93 3 18
3 93 4 18
3 93 5 9
3 93 6 16
4 93 -6 9
4 93 -5 9
4 93 -4 9
4 93 -3 18
4 93 -2 18
4 93 -1 18
4 93 0 18
4 93 1 18
4 93 2 18
4 93 3 18
4 93 4 9
4 93 5 16
4 93 6 9
4 93 9 52
5 93 -8 52
5 93 -5 17
5 93 -4 9
5 93 -3 9
5 93 -2 9
5 93 -1 18
5 93 0 18
5 93 1 18
5 93 2 9
5 93 3 9
5 93 4 16
5 93 5 17
6 93 -8 52
6 93 -4 9
6 93 -3 9
6 93 -2 9
6 93 -1 9
6 93 0 18
6 93 1 9
6 93 2 16
6 93 3 16
6 93 4 9
7 93 -2 9
7 93 -1 16
7 93 0 18
7 93 1 9
7 93 2 9
8 93 5 52
8 93 6 52
9 93 -4 52
10 93 0 52
10 93 1 52
-7 94 -2 9
-7 94 -1 9
-7 94 0 18
-7 94 1 9
-7 94 2 9
-6 94 -4 9
-6 94 -3 9
-6 94 -2 18
-6 94 -1 9
-6 94 0 18
-6 94 1 9
-6 94 2 18
-6 94 3 9
-6 94 4 9
-5 94 -5 17
-5 94 -4 9
-5 94 -3 9
-5 94 -2 9
-5 94 -1 18
-5 94 0 18
-5 94 1 18
-5 94 2 9
-5 94 3 9
-5 94 4 9
-5 94 5 17
-4 94 -6 16
-4 94 -5 9
-4 94 -4 9
-4 94 -3 18
-4 94 -2 18
-4 94 -1 18
-4 94 0 18
-4 94 1 18
-4 94 2 18
-4 94 3 18
-4 94 4 9
-4 94 5 9
-4 94 6 9
-3 94 -6 9
-3 94 -5 16
-3 94 -4 18
-3 94 -3 18
-3 94 -2 18
-3 94 -1 18
-3 94 0 18
-3 94 1 18
-3 94 2 18
-3 94 3 18
-3 94 4 18
-3 94 5 9
-3 94 6 16
-2 94 -7 9
-2 94 -6 18
-2 94 -5 16
-2 94 -4 18
-2 94 -3 18
-2 94 -2 18
-2 94 -1 18
-2 94 0 4
-2 94 1 1
-2 94 2 1
-2 94 3 18
-2 94 4 18
-2 94 5 16
-2 94 6 18
-2 94 7 9
-1 94 -7 9
-1 94 -6 9
-1 94 -5 18
-1 94 -4 18
-1 94 -3 18
-1 94 -2 18
-1 94 -1 18
-1 94 0 4
-1 94 1 1
-1 94 2 1
-1 94 3 18
-1 94 4 18
-1 94 5 18
-1 94 6 9
-1 94 7 9
0 94 -7 18
0 94 -6 18
0 94 -5 18
0 94 -4 18
0 94 -3 18
0 94 -2 18
0 94 -1 18
0 94 0 17
0 94 1 18
0 94 2 18
0 94 3 18
0 94 4 18
0 94 5 18
0 94 6 18
0 94 7 18
1 94 -7 9
1 94 -6 16
1 94 -5 18
1 94 -4 18
1 94 -3 18
1 94 -2 18
1 94 -1 18
1 94 0 18
1 94 1 18
1 94 2 18
1 94 3 18
1 94 4 18
1 94 5 18
1 94 6 9
1 94 7 9
2 94 -7 9
2 94 -6 18
2 94 -5 9
2 94 -4 18
2 94 -3 18
2 94 -2 18
2 94 -1 18
2 94 0 18
2 94 1 18
2 94 2 18
2 94 3 18
2 94 4 18
2 94 5 9
2 94 6 18
2 94 7 9
3 94 -6 9
3 94 -5 9
3 94 -4 18
3 94 -3 18
3 94 -2 18
3 94 -1 18
3 94 0 18
3 94 1 18
3 94 2 18
3 94 3 18
3 94 4 18
3 94 5 16
3 94 6 16
4 94 -6 9
4 94 -5 16
4 94 -4 9
4 94 -3 18
4 94 -2 18
4 94 -1 18
4 94 0 18
4 94 1 18
4 94 2 18
4 94 3 18
4 94 4 9
4 94 5 9
4 94 6 16
5 94 -5 17
5 94 -4 9
5 94 -3 9
5 94 -2 16
5 94 -1 18
5 94 0 18
5 94 1 18
5 94 2 9
5 94 3 9
5 94 4 16
5 94 5 17
6 94 -4 9
6 94 -3 9
6 94 -2 18
6 94 -1 9
6 94 0 18
6 94 1 9
6 94 2 18
6 94 3 16
6 94 4 9
7 94 -2 9
7 94 -1 9
7 94 0 18
7 94 1 9
7 94 2 9
-7 95 -2 9
-7 95 -1 9
-7 95 0 15
-7 95 1 16
-7 95 2 9
-6 95 -4 9
-6 95 -3 9
-6 95 -2 18
-6 95 -1 9
-6 95 0 15
-6 95 1 9
-6 95 2 18
-6 95 3 9
-6 95 4 9
-5 95 -5 17
-5 95 -4 9
-5 95 -3 9
-5 95 -2 9
-5 95 -1 18
-5 95 0 18
-5 95 1 18
-5 95 2 9
-5 95 3 9
-5 95 4 9
-5 95 5 17
-4 95 -6 9
-4 95 -5 9
-4 95 -4 16
-4 95 -3 18
-4 95 -2 18
-4 95 -1 18
-4 95 0 18
-4 95 1 18
-4 95 2 18
-4 95 3 18
-4 95 4 9
-4 95 5 9
-4 95 6 16
-3 95 -6 9
-3 95 -5 9
-3 95 -4 18
-3 95 -3 18
-3 95 -2 18
-3 95 -1 18
-3 95 0 18
-3 95 1 18
-3 95 2 18
-3 95 3 18
-3 95 4 18
-3 95 5 9
-3 95 6 9
-2 95 -7 9
-2 95 -6 18
-2 95 -5 16
-2 95 -4 18
-2 95 -3 18
-2 95 -2 18
-2 95 -1 18
-2 95 0 18
-2 95 1 18
-2 95 2 18
-2 95 3 18
-2 95 4 18
-2 95 5 16
-2 95 6 18
-2 95 7 9
-1 95 -7 9
-1 95 -6 9
-1 95 -5 18
-1 95 -4 18
-1 95 -3 18
-1 95 -2 18
-1 95 -1 18
-1 95 0 18
-1 95 1 18
-1 95 2 18
-1 95 3 18
-1 95 4 18
-1 95 5 18
-1 95 6 9
-1 95 7 9
0 95 -7 15
0 95 -6 15
0 95 -5 18
0 95 -4 18
0 95 -3 18
0 95 -2 18
0 95 -1 18
0 95 0 17
0 95 1 0
0 95 2 0
0 95 3 18
0 95 4 18
0 95 5 18
0 95 6 15
0 95 7 15
1 95 -7 9
1 95 -6 9
1 95 -5 18
1 95 -4 18
1 95 -3 18
1 95 -2 18
1 95 -1 18
1 95 0 18
1 95 1 1
1 95 2 1
1 95 3 18
1 95 4 18
1 95 5 18
1 95 6 16
1 95 7 9
2 95 -7 16
2 95 -6 18
2 95 -5 9
2 95 -4 18
2 95 -3 18
2 95 -2 18
2 95 -1 18
2 95 0 18
2 95 1 1
2 95 2 1
2 95 3 18
2 95 4 18
2 95 5 9
2 95 6 18
2 95 7 9
3 95 -6 9
3 95 -5 9
3 95 -4 18
3 95 -3 18
3 95 -2 18
3 95 -1 18
3 95 0 18
3 95 1 18
3 95 2 18
3 95 3 18
3 95 4 18
3 95 5 9
3 95 6 9
4 95 -6 9
4 95 -5 16
4 95 -4 9
4 95 -3 18
4 95 -2 18
4 95 -1 18
4 95 0 18
4 95 1 18
4 95 2 18
4 95 3 18
4 95 4 16
4 95 5 9
4 95 6 9
5 95 -5 17
5 95 -4 9
5 95 -3 9
5 95 -2 16
5 95 -1 18
5 95 0 18
5 95 1 18
5 95 2 16
5 95 3 9
5 95 4 9
5 95 5 17
6 95 -4 9
6 95 -3 16
6 95 -2 18
6 95 -1 9
6 95 0 15
6 95 1 16
6 95 2 18
6 95 3 9
6 95 4 9
7 95 -2 9
7 95 -1 16
7 95 0 15
7 95 1 9
7 95 2 16
-7 96 -2 9
-7 96 -1 16
-7 96 0 17
-7 96 1 16
-7 96 2 9
-6 96 -4 16
-6 96 -3 9
-6 96 -2 18
-6 96 -1 9
-6 96 0 9
-6 96 1 9
-6 96 2 18
-6 96 3 9
-6 96 4 16
-5 96 -5 17
-5 96 -4 9
-5 96 -3 9
-5 96 -2 9
-5 96 -1 18
-5 96 0 18
-5 96 1 18
-5 96 2 9
-5 96 3 9
-5 96 4 9
-5 96 5 17
-4 96 -6 9
-4 96 -5 9
-4 96 -4 9
-4 96 -3 18
-4 96 -2 18
-4 96 -1 18
-4 96 0 18
-4 96 1 18
-4 96 2 18
-4 96 3 18
-4 96 4 9
-4 96 5 9
-4 96 6 16
-3 96 -6 9
-3 96 -5 9
-3 96 -4 18
-3 96 -3 18
-3 96 -2 18
-3 96 -1 18
-3 96 0 18
-3 96 1 18
-3 96 2 18
-3 96 3 18
-3 96 4 18
-3 96 5 9
-3 96 6 9
-2 96 -7 9
-2 96 -6 18
-2 96 -5 9
-2 96 -4 18
-2 96 -3 18
-2 96 -2 18
-2 96 -1 18
-2 96 0 18
-2 96 1 18
-2 96 2 18
-2 96 3 18
-2 96 4 18
-2 96 5 9
-2 96 6 18
-2 96 7 9
-1 96 -7 9
-1 96 -6 16
-1 96 -5 18
-1 96 -4 18
-1 96 -3 18
-1 96 -2 18
-1 96 -1 18
-1 96 0 18
-1 96 1 18
-1 96 2 18
-1 96 3 18
-1 96 4 18
-1 96 5 18
-1 96 6 9
-1 96 7 9
0 96 -7 17
0 96 -6 9
0 96 -5 18
0 96 -4 18
0 96 -3 18
0 96 -2 18
0 96 -1 18
0 96 0 17
0 96 1 18
0 96 2 18
0 96 3 18
0 96 4 18
0 96 5 18
0 96 6 9
0 96 7 17
1 96 -7 9
1 96 -6 9
1 96 -5 18
1 96 -4 18
1 96 -3 18
1 96 -2 1
1 96 -1 1
1 96 0 5
1 96 1 18
1 96 2 18
1 96 3 18
1 96 4 18
1 96 5 18
1 96 6 9
1 96 7 9
2 96 -7 16
2 96 -6 18
2 96 -5 9
2 96 -4 18
2 96 -3 18
2 96 -2 1
2 96 -1 1
2 96 0 5
2 96 1 18
2 96 2 18
2 96 3 18
2 96 4 18
2 96 5 16
2 96 6 18
2 96 7 9
3 96 -6 16
3 96 -5 9
3 96 -4 18
3 96 -3 18
3 96 -2 18
3 96 -1 18
3 96 0 18
3 96 1 18
3 96 2 18
3 96 3 18
3 96 4 18
3 96 5 9
3 96 6 16
4 96 -6 9
4 96 -5 9
4 96 -4 9
4 96 -3 18
4 96 -2 18
4 96 -1 18
4 96 0 18
4 96 1 18
4 96 2 18
4 96 3 18
4 96 4 9
4 96 5 9
4 96 6 9
5 96 -5 17
5 96 -4 9
5 96 -3 9
5 96 -2 9
5 96 -1 18
5 96 0 18
5 96 1 18
5 96 2 9
5 96 3 9
5 96 4 9
5 96 5 17
6 96 -4 9
6 96 -3 16
6 96 -2 18
6 96 -1 9
6 96 0 16
6 96 1 16
6 96 2 18
6 96 3 16
6 96 4 9
7 96 -2 9
7 96 -1 16
7 96 0 17
7 96 1 16
7 96 2 16
-7 97 -2 9
-7 97 -1 9
-7 97 0 17
-7 97 1 16
-7 97 2 9
-6 97 -4 9
-6 97 -3 9
-6 97 -2 16
-6 97 -1 9
-6 97 0 9
-6 97 1 9
-6 97 2 9
-6 97 3 9
-6 97 4 16
-5 97 -5 17
-5 97 -4 9
-5 97 -3 16
-5 97 -2 9
-5 97 -1 18
-5 97 0 18
-5 97 1 18
-5 97 2 9
-5 97 3 9
-5 97 4 16
-5 97 5 17
-4 97 -6 9
-4 97 -5 9
-4 97 -4 16
-4 97 -3 18
-4 97 -2 18
-4 97 -1 18
-4 97 0 18
-4 97 1 18
-4 97 2 18
-4 97 3 18
-4 97 4 16
-4 97 5 9
-4 97 6 9
-3 97 -6 9
-3 97 -5 9
-3 97 -4 18
-3 97 -3 18
-3 97 -2 18
-3 97 -1 18
-3 97 0 18
-3 97 1 18
-3 97 2 18
-3 97 3 18
-3 97 4 18
-3 97 5 9
-3 97 6 9
-2 97 -7 9
-2 97 -6 9
-2 97 -5 9
-2 97 -4 18
-2 97 -3 18
-2 97 -2 1
-2 97 -1 1
-2 97 0 18
-2 97 1 18
-2 97 2 18
-2 97 3 18
-2 97 4 18
-2 97 5 9
-2 97 6 9
-2 97 7 16
-1 97 -7 9
-1 97 -6 9
-1 97 -5 18
-1 97 -4 18
-1 97 -3 18
-1 97 -2 1
-1 97 -1 1
-1 97 0 18
-1 97 1 18
-1 97 2 18
-1 97 3 18
-1 97 4 18
-1 97 5 18
-1 97 6 9
-1 97 7 9
0 97 -7 17
0 97 -6 9
0 97 -5 18
0 97 -4 18
0 97 -3 18
0 97 -2 7
0 97 -1 7
0 97 0 17
0 97 1 18
0 97 2 18
0 97 3 18
0 97 4 18
0 97 5 18
0 97 6 9
0 97 7 17
1 97 -7 9
1 97 -6 16
1 97 -5 18
1 97 -4 18
1 97 -3 18
1 97 -2 18
1 97 -1 18
1 97 0 18
1 97 1 18
1 97 2 18
1 97 3 18
1 97 4 18
1 97 5 18
1 97 6 9
1 97 7 9
2 97 -7 9
2 97 -6 9
2 97 -5 16
2 97 -4 18
2 97 -3 18
2 97 -2 18
2 97 -1 18
2 97 0 18
2 97 1 18
2 97 2 18
2 97 3 18
2 97 4 18
2 97 5 16
2 97 6 9
2 97 7 9
3 97 -6 9
3 97 -5 9
3 97 -4 18
3 97 -3 18
3 97 -2 18
3 97 -1 18
3 97 0 18
3 97 1 18
3 97 2 18
3 97 3 18
3 97 4 18
3 97 5 9
3 97 6 9
4 97 -6 9
4 97 -5 16
4 97 -4 16
4 97 -3 18
4 97 -2 18
4 97 -1 18
4 97 0 18
4 97 1 18
4 97 2 18
4 97 3 18
4 97 4 16
4 97 5 9
4 97 6 9
5 97 -5 17
5 97 -4 9
5 97 -3 9
5 97 -2 9
5 97 -1 18
5 97 0 18
5 97 1 18
5 97 2 9
5 97 3 16
5 97 4 16
5 97 5 17
6 97 -4 9
6 97 -3 9
6 97 -2 9
6 97 -1 16
6 97 0 9
6 97 1 16
6 97 2 16
6 97 3 9
6 97 4 9
7 97 -2 9
7 97 -1 16
7 97 0 17
7 97 1 9
7 97 2 16
-7 98 -2 15
-7 98 -1 15
-7 98 0 15
-7 98 1 1
-7 98 2 1
-6 98 -4 1
-6 98 -3 1
-6 98 -2 9
-6 98 -1 9
-6 98 0 9
-6 98 1 9
-6 98 2 9
-6 98 3 15
-6 98 4 15
-5 98 -5 15
-5 98 -4 9
-5 98 -3 16
-5 98 -2 9
-5 98 -1 18
-5 98 0 18
-5 98 1 18
-5 98 2 9
-5 98 3 16
-5 98 4 9
-5 98 5 15
-4 98 -6 15
-4 98 -5 9
-4 98 -4 9
-4 98 -3 18
-4 98 -2 18
-4 98 -1 18
-4 98 0 18
-4 98 1 18
-4 98 2 18
-4 98 3 18
-4 98 4 9
-4 98 5 9
-4 98 6 1
-3 98 -6 15
-3 98 -5 16
-3 98 -4 18
-3 98 -3 18
-3 98 -2 18
-3 98 -1 18
-3 98 0 18
-3 98 1 18
-3 98 2 18
-3 98 3 18
-3 98 4 18
-3 98 5 9
-3 98 6 1
-2 98 -7 1
-2 98 -6 9
-2 98 -5 16
-2 98 -4 18
-2 98 -3 18
-2 98 -2 18
-2 98 -1 18
-2 98 0 4
-2 98 1 1
-2 98 2 1
-2 98 3 18
-2 98 4 18
-2 98 5 9
-2 98 6 9
-2 98 7 15
-1 98 -7 1
-1 98 -6 9
-1 98 -5 18
-1 98 -4 18
-1 98 -3 18
-1 98 -2 18
-1 98 -1 18
-1 98 0 4
-1 98 1 1
-1 98 2 1
-1 98 3 18
-1 98 4 18
-1 98 5 18
-1 98 6 9
-1 98 7 15
0 98 -7 15
0 98 -6 16
0 98 -5 18
0 98 -4 18
0 98 -3 18
0 98 -2 18
0 98 -1 18
0 98 0 17
0 98 1 18
0 98 2 18
0 98 3 18
0 98 4 18
0 98 5 18
0 98 6 9
0 98 7 15
1 98 -7 15
1 98 -6 9
1 98 -5 18
1 98 -4 18
1 98 -3 18
1 98 -2 18
1 98 -1 18
1 98 0 18
1 98 1 18
1 98 2 18
1 98 3 18
1 98 4 18
1 98 5 18
1 98 6 16
1 98 7 1
2 98 -7 15
2 98 -6 9
2 98 -5 16
2 98 -4 18
2 98 -3 18
2 98 -2 18
2 98 -1 18
2 98 0 18
2 98 1 18
2 98 2 18
2 98 3 18
2 98 4 18
2 98 5 9
2 98 6 9
2 98 7 1
3 98 -6 1
3 98 -5 9
3 98 -4 18
3 98 -3 18
3 98 -2 18
3 98 -1 18
3 98 0 18
3 98 1 18
3 98 2 18
3 98 3 18
3 98 4 18
3 98 5 16
3 98 6 15
4 98 -6 1
4 98 -5 9
4 98 -4 9
4 98 -3 18
4 98 -2 18
4 98 -1 18
4 98 0 18
4 98 1 18
4 98 2 18
4 98 3 18
4 98 4 9
4 98 5 16
4 98 6 15
5 98 -5 15
5 98 -4 9
5 98 -3 16
5 98 -2 9
5 98 -1 18
5 98 0 18
5 98 1 18
5 98 2 9
5 98 3 16
5 98 4 9
5 98 5 15
6 98 -4 15
6 98 -3 15
6 98 -2 9
6 98 -1 9
6 98 0 9
6 98 1 16
6 98 2 9
6 98 3 1
6 98 4 1
7 98 -2 1
7 98 -1 1
7 98 0 15
7 98 1 15
7 98 2 15
-7 99 -2 9
-7 99 -1 16
-7 99 0 17
-7 99 1 16
-7 99 2 16
-6 99 -4 9
-6 99 -3 16
-6 99 -2 16
-6 99 -1 9
-6 99 0 9
-6 99 1 9
-6 99 2 9
-6 99 3 16
-6 99 4 9
-5 99 -5 17
-5 99 -4 9
-5 99 -3 16
-5 99 -2 16
-5 99 -1 18
-5 99 0 18
-5 99 1 18
-5 99 2 9
-5 99 3 16
-5 99 4 9
-5 99 5 17
-4 99 -6 9
-4 99 -5 9
-4 99 -4 9
-4 99 -3 18
-4 99 -2 18
-4 99 -1 18
-4 99 0 18
-4 99 1 18
-4 99 2 18
-4 99 3 18
-4 99 4 9
-4 99 5 9
-4 99 6 9
-3 99 -6 9
-3 99 -5 9
-3 99 -4 18
-3 99 -3 18
-3 99 -2 18
-3 99 -1 18
-3 99 0 18
-3 99 1 18
-3 99 2 18
-3 99 3 18
-3 99 4 18
-3 99 5 9
-3 99 6 9
-2 99 -7 9
-2 99 -6 9
-2 99 -5 9
-2 99 -4 18
-2 99 -3 18
-2 99 -2 18
-2 99 -1 18
-2 99 0 18
-2 99 1 18
-2 99 2 18
-2 99 3 18
-2 99 4 18
-2 99 5 9
-2 99 6 9
-2 99 7 16
-1 99 -7 9
-1 99 -6 16
-1 99 -5 18
-1 99 -4 18
-1 99 -3 18
-1 99 -2 18
-1 99 -1 18
-1 99 0 18
-1 99 1 18
-1 99 2 18
-1 99 3 18
-1 99 4 18
-1 99 5 18
-1 99 6 9
-1 99 7 9
0 99 -7 17
0 99 -6 9
0 99 -5 18
0 99 -4 18
0 99 -3 18
0 99 -2 18
0 99 -1 18
0 99 0 17
0 99 1 0
0 99 2 0
0 99 3 18
0 99 4 18
0 99 5 18
0 99 6 16
0 99 7 17
1 99 -7 9
1 99 -6 16
1 99 -5 18
1 99 -4 18
1 99 -3 18
1 99 -2 18
1 99 -1 18
1 99 0 18
1 99 1 1
1 99 2 1
1 99 3 18
1 99 4 18
1 99 5 18
1 99 6 9
1 99 7 9
2 99 -7 9
2 99 -6 9
2 99 -5 16
2 99 -4 18
2 99 -3 18
2 99 -2 18
2 99 -1 18
2 99 0 18
2 99 1 1
2 99 2 1
2 99 3 18
2 99 4 18
2 99 5 9
2 99 6 9
2 99 7 9
3 99 -6 16
3 99 -5 9
3 99 -4 18
3 99 -3 18
3 99 -2 18
3 99 -1 18
3 99 0 18
3 99 1 18
3 99 2 18
3 99 3 18
3 99 4 18
3 99 5 9
3 99 6 9
4 99 -6 16
4 99 -5 9
4 99 -4 9
4 99 -3 18
4 99 -2 18
4 99 -1 18
4 99 0 18
4 99 1 18
4 99 2 18
4 99 3 18
4 99 4 9
4 99 5 9
4 99 6 9
5 99 -5 17
5 99 -4 9
5 99 -3 16
5 99 -2 9
5 99 -1 18
5 99 0 18
5 99 1 18
5 99 2 9
5 99 3 16
5 99 4 9
5 99 5 17
6 99 -4 9
6 99 -3 9
6 99 -2 9
6 99 -1 9
6 99 0 9
6 99 1 9
6 99 2 16
6 99 3 9
6 99 4 9
7 99 -2 9
7 99 -1 16
7 99 0 17
7 99 1 16
7 99 2 9
-7 100 -2 9
-7 100 -1 16
-7 100 0 17
-7 100 1 9
-7 100 2 9
-6 100 -4 9
-6 100 -3 9
-6 100 -2 9
-6 100 -1 16
-6 100 0 16
-6 100 1 9
-6 100 2 9
-6 100 3 9
-6 100 4 9
-5 100 -5 17
-5 100 -4 9
-5 100 -3 9
-5 100 -2 9
-5 100 -1 18
-5 100 0 18
-5 100 1 18
-5 100 2 9
-5 100 3 9
-5 100 4 9
-5 100 5 17
-4 100 -6 9
-4 100 -5 9
-4 100 -4 9
-4 100 -3 18
-4 100 -2 18
-4 100 -1 18
-4 100 0 18
-4 100 1 18
-4 100 2 18
-4 100 3 18
-4 100 4 9
-4 100 5 16
-4 100 6 9
-3 100 -6 9
-3 100 -5 9
-3 100 -4 18
-3 100 -3 18
-3 100 -2 18
-3 100 -1 18
-3 100 0 18
-3 100 1 18
-3 100 2 18
-3 100 3 18
-3 100 4 18
-3 100 5 9
-3 100 6 9
-2 100 -7 16
-2 100 -6 9
-2 100 -5 9
-2 100 -4 18
-2 100 -3 18
-2 100 -2 18
-2 100 -1 18
-2 100 0 18
-2 100 1 18
-2 100 2 18
-2 100 3 18
-2 100 4 18
-2 100 5 9
-2 100 6 9
-2 100 7 9
-1 100 -7 16
-1 100 -6 9
-1 100 -5 18
-1 100 -4 18
-1 100 -3 18
-1 100 -2 18
-1 100 -1 18
-1 100 0 18
-1 100 1 18
-1 100 2 18
-1 100 3 18
-1 100 4 18
-1 100 5 18
-1 100 6 9
-1 100 7 9
0 100 -7 17
0 100 -6 16
0 100 -5 18
0 100 -4 18
0 100 -3 18
0 100 -2 18
0 100 -1 18
0 100 0 17
0 100 1 18
0 100 2 18
0 100 3 18
0 100 4 18
0 100 5 18
0 100 6 9
0 100 7 17
1 100 -7 9
1 100 -6 9
1 100 -5 18
1 100 -4 18
1 100 -3 18
1 100 -2 1
1 100 -1 1
1 100 0 5
1 100 1 18
1 100 2 18
1 100 3 18
1 100 4 18
1 100 5 18
1 100 6 9
1 100 7 16
2 100 -7 16
2 100 -6 9
2 100 -5 9
2 100 -4 18
2 100 -3 18
2 100 -2 1
2 100 -1 1
2 100 0 5
2 100 1 18
2 100 2 18
2 100 3 18
2 100 4 18
2 100 5 9
2 100 6 9
2 100 7 9
3 100 -6 9
3 100 -5 9
3 100 -4 18
3 100 -3 18
3 100 -2 18
3 100 -1 18
3 100 0 18
3 100 1 18
3 100 2 18
3 100 3 18
3 100 4 18
3 100 5 9
3 100 6 9
4 100 -6 16
4 100 -5 9
4 100 -4 9
4 100 -3 18
4 100 -2 18
4 100 -1 18
4 100 0 18
4 100 1 18
4 100 2 18
4 100 3 18
4 100 4 9
4 100 5 9
4 100 6 9
5 100 -5 17
5 100 -4 9
5 100 -3 9
5 100 -2 9
5 100 -1 18
5 100 0 18
5 100 1 18
5 100 2 9
5 100 3 9
5 100 4 16
5 100 5 17
6 100 -4 9
6 100 -3 16
6 100 -2 9
6 100 -1 9
6 100 0 9
6 100 1 9
6 100 2 9
6 100 3 9
6 100 4 16
7 100 -2 9
7 100 -1 9
7 100 0 17
7 100 1 16
7 100 2 9
-7 101 -2 16
-7 101 -1 9
-7 101 0 17
-7 101 1 9
-7 101 2 9
-6 101 -4 9
-6 101 -3 9
-6 101 -2 9
-6 101 -1 9
-6 101 0 9
-6 101 1 16
-6 101 2 16
-6 101 3 9
-6 101 4 9
-5 101 -5 17
-5 101 -4 9
-5 101 -3 9
-5 101 -2 16
-5 101 -1 18
-5 101 0 18
-5 101 1 18
-5 101 2 9
-5 101 3 9
-5 101 4 9
-5 101 5 17
-4 101 -6 9
-4 101 -5 16
-4 101 -4 9
-4 101 -3 18
-4 101 -2 18
-4 101 -1 18
-4 101 0 18
-4 101 1 18
-4 101 2 18
-4 101 3 18
-4 101 4 9
-4 101 5 9
-4 101 6 16
-3 101 -6 9
-3 101 -5 16
-3 101 -4 18
-3 101 -3 18
-3 101 -2 18
-3 101 -1 18
-3 101 0 18
-3 101 1 18
-3 101 2 18
-3 101 3 18
-3 101 4 18
-3 101 5 9
-3 101 6 16
-2 101 -7 9
-2 101 -6 9
-2 101 -5 9
-2 101 -4 18
-2 101 -3 18
-2 101 -2 1
-2 101 -1 1
-2 101 0 18
-2 101 1 18
-2 101 2 18
-2 101 3 18
-2 101 4 18
-2 101 5 9
-2 101 6 9
-2 101 7 9
-1 101 -7 9
-1 101 -6 9
-1 101 -5 18
-1 101 -4 18
-1 101 -3 18
-1 101 -2 1
-1 101 -1 1
-1 101 0 18
-1 101 1 18
-1 101 2 18
-1 101 3 18
-1 101 4 18
-1 101 5 18
-1 101 6 16
-1 101 7 9
0 101 -7 17
0 101 -6 16
0 101 -5 18
0 101 -4 18
0 101 -3 18
0 101 -2 7
0 101 -1 7
0 101 0 17
0 101 1 18
0 101 2 18
0 101 3 18
0 101 4 18
0 101 5 18
0 101 6 9
0 101 7 17
1 101 -7 9
1 101 -6 9
1 101 -5 18
1 101 -4 18
1 101 -3 18
1 101 -2 18
1 101 -1 18
1 101 0 18
1 101 1 18
1 101 2 18
1 101 3 18
1 101 4 18
1 101 5 18
1 101 6 9
1 101 7 9
2 101 -7 9
2 101 -6 9
2 101 -5 9
2 101 -4 18
2 101 -3 18
2 101 -2 18
2 101 -1 18
2 101 0 18
2 101 1 18
2 101 2 18
2 101 3 18
2 101 4 18
2 101 5 9
2 101 6 9
2 101 7 9
3 101 -6 9
3 101 -5 9
3 101 -4 18
3 101 -3 18
3 101 -2 18
3 101 -1 18
3 101 0 18
3 101 1 18
3 101 2 18
3 101 3 18
3 101 4 18
3 101 5 16
3 101 6 16
4 101 -6 16
4 101 -5 9
4 101 -4 9
4 101 -3 18
4 101 -2 18
4 101 -1 18
4 101 0 18
4 101 1 18
4 101 2 18
4 101 3 18
4 101 4 9
4 101 5 9
4 101 6 9
5 101 -5 17
5 101 -4 9
5 101 -3 9
5 101 -2 9
5 101 -1 18
5 101 0 18
5 101 1 18
5 101 2 9
5 101 3 9
5 101 4 16
5 101 5 17
6 101 -4 9
6 101 -3 9
6 101 -2 16
6 101 -1 9
6 101 0 16
6 101 1 9
6 101 2 9
6 101 3 16
6 101 4 9
7 101 -2 16
7 101 -1 9
7 101 0 17
7 101 1 9
7 101 2 9
-7 102 -2 9
-7 102 -1 9
-7 102 0 17
-7 102 1 9
-7 102 2 9
-6 102 -4 9
-6 102 -3 9
-6 102 -2 9
-6 102 -1 9
-6 102 0 9
-6 102 1 9
-6 102 2 9
-6 102 3 9
-6 102 4 9
-5 102 -5 17
-5 102 -4 16
-5 102 -3 9
-5 102 -2 9
-5 102 -1 18
-5 102 0 18
-5 102 1 18
-5 102 2 9
-5 102 3 16
-5 102 4 9
-5 102 5 17
-4 102 -6 16
-4 102 -5 9
-4 102 -4 9
-4 102 -3 18
-4 102 -2 18
-4 102 -1 18
-4 102 0 18
-4 102 1 18
-4 102 2 18
-4 102 3 18
-4 102 4 16
-4 102 5 9
-4 102 6 9
-3 102 -6 9
-3 102 -5 9
-3 102 -4 18
-3 102 -3 18
-3 102 -2 18
-3 102 -1 18
-3 102 0 18
-3 102 1 18
-3 102 2 18
-3 102 3 18
-3 102 4 18
-3 102 5 9
-3 102 6 9
-2 102 -7 16
-2 102 -6 9
-2 102 -5 9
-2 102 -4 18
-2 102 -3 18
-2 102 -2 18
-2 102 -1 18
-2 102 0 4
-2 102 1 1
-2 102 2 1
-2 102 3 18
-2 102 4 18
-2 102 5 16
-2 102 6 9
-2 102 7 9
-1 102 -7 9
-1 102 -6 9
-1 102 -5 18
-1 102 -4 18
-1 102 -3 18
-1 102 -2 18
-1 102 -1 18
-1 102 0 4
-1 102 1 1
-1 102 2 1
-1 102 3 18
-1 102 4 18
-1 102 5 18
-1 102 6 9
-1 102 7 9
0 102 -7 17
0 102 -6 9
0 102 -5 18
0 102 -4 18
0 102 -3 18
0 102 -2 18
0 102 -1 18
0 102 0 17
0 102 1 18
0 102 2 18
0 102 3 18
0 102 4 18
0 102 5 18
0 102 6 9
0 102 7 17
1 102 -7 9
1 102 -6 9
1 102 -5 18
1 102 -4 18
1 102 -3 18
1 102 -2 18
1 102 -1 18
1 102 0 18
1 102 1 18
1 102 2 18
1 102 3 18
1 102 4 18
1 102 5 18
1 102 6 16
1 102 7 9
2 102 -7 9
2 102 -6 9
2 102 -5 9
2 102 -4 18
2 102 -3 18
2 102 -2 18
2 102 -1 18
2 102 0 18
2 102 1 18
2 102 2 18
2 102 3 18
2 102 4 18
2 102 5 16
2 102 6 9
2 102 7 9
3 102 -6 16
3 102 -5 9
3 102 -4 18
3 102 -3 18
3 102 -2 18
3 102 -1 18
3 102 0 18
3 102 1 18
3 102 2 18
3 102 3 18
3 102 4 18
3 102 5 9
3 102 6 9
4 102 -6 9
4 102 -5 9
4 102 -4 16
4 102 -3 18
4 102 -2 18
4 102 -1 18
4 102 0 18
4 102 1 18
4 102 2 18
4 102 3 18
4 102 4 9
4 102 5 9
4 102 6 9
5 102 -5 17
5 102 -4 9
5 102 -3 16
5 102 -2 16
5 102 -1 18
5 102 0 18
5 102 1 18
5 102 2 9
5 102 3 9
5 102 4 9
5 102 5 17
6 102 -4 16
6 102 -3 16
6 102 -2 9
6 102 -1 9
6 102 0 9
6 102 1 9
6 102 2 9
6 102 3 9
6 102 4 16
7 102 -2 9
7 102 -1 9
7 102 0 17
7 102 1 9
7 102 2 9
-7 103 -2 9
-7 103 -1 16
-7 103 0 17
-7 103 1 9
-7 103 2 9
-6 103 -4 16
-6 103 -3 9
-6 103 -2 9
-6 103 -1 16
-6 103 0 9
-6 103 1 9
-6 103 2 9
-6 103 3 9
-6 103 4 9
-5 103 -5 17
-5 103 -4 9
-5 103 -3 16
-5 103 -2 9
-5 103 -1 18
-5 103 0 18
-5 103 1 18
-5 103 2 9
-5 103 3 9
-5 103 4 9
-5 103 5 17
-4 103 -6 16
-4 103 -5 9
-4 103 -4 16
-4 103 -3 18
-4 103 -2 18
-4 103 -1 18
-4 103 0 18
-4 103 1 18
-4 103 2 18
-4 103 3 18
-4 103 4 9
-4 103 5 9
-4 103 6 16
-3 103 -6 9
-3 103 -5 16
-3 103 -4 18
-3 103 -3 18
-3 103 -2 18
-3 103 -1 18
-3 103 0 18
-3 103 1 18
-3 103 2 18
-3 103 3 18
-3 103 4 18
-3 103 5 9
-3 103 6 9
-2 103 -7 9
-2 103 -6 16
-2 103 -5 9
-2 103 -4 18
-2 103 -3 18
-2 103 -2 18
-2 103 -1 18
-2 103 0 18
-2 103 1 18
-2 103 2 18
-2 103 3 18
-2 103 4 18
-2 103 5 9
-2 103 6 9
-2 103 7 16
-1 103 -7 9
-1 103 -6 16
-1 103 -5 18
-1 103 -4 18
-1 103 -3 18
-1 103 -2 18
-1 103 -1 18
-1 103 0 18
-1 103 1 18
-1 103 2 18
-1 103 3 18
-1 103 4 18
-1 103 5 18
-1 103 6 9
-1 103 7 9
0 103 -7 17
0 103 -6 9
0 103 -5 18
0 103 -4 18
0 103 -3 18
0 103 -2 18
0 103 -1 18
0 103 0 17
0 103 1 0
0 103 2 0
0 103 3 18
0 103 4 18
0 103 5 18
0 103 6 16
0 103 7 17
1 103 -7 9
1 103 -6 9
1 103 -5 18
1 103 -4 18
1 103 -3 18
1 103 -2 18
1 103 -1 18
1 103 0 18
1 103 1 1
1 103 2 1
1 103 3 18
1 103 4 18
1 103 5 18
1 103 6 9
1 103 7 9
2 103 -7 9
2 103 -6 9
2 103 -5 16
2 103 -4 18
2 103 -3 18
2 103 -2 18
2 103 -1 18
2 103 0 18
2 103 1 1
2 103 2 1
2 103 3 18
2 103 4 18
2 103 5 9
2 103 6 16
2 103 7 16
3 103 -6 9
3 103 -5 9
3 103 -4 18
3 103 -3 18
3 103 -2 18
3 103 -1 18
3 103 0 18
3 103 1 18
3 103 2 18
3 103 3 18
3 103 4 18
3 103 5 16
3 103 6 9
4 103 -6 9
4 103 -5 9
4 103 -4 9
4 103 -3 18
4 103 -2 18
4 103 -1 18
4 103 0 18
4 103 1 18
4 103 2 18
4 103 3 18
4 103 4 16
4 103 5 9
4 103 6 9
5 103 -5 17
5 103 -4 9
5 103 -3 9
5 103 -2 16
5 103 -1 18
5 103 0 18
5 103 1 18
5 103 2 16
5 103 3 16
5 103 4 9
5 103 5 17
6 103 -4 9
6 103 -3 9
6 103 -2 9
6 103 -1 9
6 103 0 9
6 103 1 9
6 103 2 9
6 103 3 16
6 103 4 16
7 103 -2 16
7 103 -1 9
7 103 0 17
7 103 1 16
7 103 2 9
-7 104 -2 16
-7 104 -1 9
-7 104 0 17
-7 104 1 9
-7 104 2 9
-6 104 -4 16
-6 104 -3 16
-6 104 -2 9
-6 104 -1 9
-6 104 0 16
-6 104 1 9
-6 104 2 9
-6 104 3 9
-6 104 4 16
-5 104 -5 17
-5 104 -4 16
-5 104 -3 9
-5 104 -2 9
-5 104 -1 18
-5 104 0 18
-5 104 1 18
-5 104 2 9
-5 104 3 9
-5 104 4 9
-5 104 5 17
-4 104 -6 9
-4 104 -5 9
-4 104 -4 9
-4 104 -3 18
-4 104 -2 18
-4 104 -1 18
-4 104 0 18
-4 104 1 18
-4 104 2 18
-4 104 3 18
-4 104 4 9
-4 104 5 9
-4 104 6 9
-3 104 -6 9
-3 104 -5 9
-3 104 -4 18
-3 104 -3 18
-3 104 -2 18
-3 104 -1 18
-3 104 0 18
-3 104 1 18
-3 104 2 18
-3 104 3 18
-3 104 4 18
-3 104 5 9
-3 104 6 9
-2 104 -7 16
-2 104 -6 16
-2 104 -5 9
-2 104 -4 18
-2 104 -3 18
-2 104 -2 18
-2 104 -1 18
-2 104 0 18
-2 104 1 18
-2 104 2 18
-2 104 3 18
-2 104 4 18
-2 104 5 16
-2 104 6 9
-2 104 7 9
-1 104 -7 9
-1 104 -6 16
-1 104 -5 18
-1 104 -4 18
-1 104 -3 18
-1 104 -2 18
-1 104 -1 18
-1 104 0 18
-1 104 1 18
-1 104 2 18
-1 104 3 18
-1 104 4 18
-1 104 5 18
-1 104 6 16
-1 104 7 9
0 104 -7 17
0 104 -6 9
0 104 -5 18
0 104 -4 18
0 104 -3 18
0 104 -2 18
0 104 -1 18
0 104 0 17
0 104 1 18
0 104 2 18
0 104 3 18
0 104 4 18
0 104 5 18
0 104 6 16
0 104 7 17
1 104 -7 9
1 104 -6 9
1 104 -5 18
1 104 -4 18
1 104 -3 18
1 104 -2 1
1 104 -1 1
1 104 0 5
1 104 1 18
1 104 2 18
1 104 3 18
1 104 4 18
1 104 5 18
1 104 6 9
1 104 7 9
2 104 -7 9
2 104 -6 9
2 104 -5 9
2 104 -4 18
2 104 -3 18
2 104 -2 1
2 104 -1 1
2 104 0 5
2 104 1 18
2 104 2 18
2 104 3 18
2 104 4 18
2 104 5 9
2 104 6 16
2 104 7 9
3 104 -6 16
3 104 -5 9
3 104 -4 18
3 104 -3 18
3 104 -2 18
3 104 -1 18
3 104 0 18
3 104 1 18
3 104 2 18
3 104 3 18
3 104 4 18
3 104 5 9
3 104 6 16
4 104 -6 9
4 104 -5 16
4 104 -4 9
4 104 -3 18
4 104 -2 18
4 104 -1 18
4 104 0 18
4 104 1 18
4 104 2 18
4 104 3 18
4 104 4 9
4 104 5 9
4 104 6 9
5 104 -5 17
5 104 -4 9
5 104 -3 9
5 104 -2 9
5 104 -1 18
5 104 0 18
5 104 1 18
5 104 2 9
5 104 3 9
5 104 4 16
5 104 5 17
6 104 -4 9
6 104 -3 16
6 104 -2 9
6 104 -1 9
6 104 0 9
6 104 1 9
6 104 2 9
6 104 3 9
6 104 4 9
7 104 -2 16
7 104 -1 9
7 104 0 17
7 104 1 9
7 104 2 9
-7 105 -2 9
-7 105 -1 9
-7 105 0 17
-7 105 1 9
-7 105 2 9
-6 105 -4 9
-6 105 -3 9
-6 105 -2 9
-6 105 -1 16
-6 105 0 9
-6 105 1 9
-6 105 2 16
-6 105 3 9
-6 105 4 9
-5 105 -5 17
-5 105 -4 9
-5 105 -3 9
-5 105 -2 9
-5 105 -1 18
-5 105 0 18
-5 105 1 18
-5 105 2 16
-5 105 3 9
-5 105 4 9
-5 105 5 17
-4 105 -6 9
-4 105 -5 9
-4 105 -4 9
-4 105 -3 18
-4 105 -2 18
-4 105 -1 18
-4 105 0 18
-4 105 1 18
-4 105 2 18
-4 105 3 18
-4 105 4 9
-4 105 5 16
-4 105 6 9
-3 105 -6 16
-3 105 -5 16
-3 105 -4 18
-3 105 -3 18
-3 105 -2 18
-3 105 -1 18
-3 105 0 18
-3 105 1 18
-3 105 2 18
-3 105 3 18
-3 105 4 18
-3 105 5 9
-3 105 6 9
-2 105 -7 9
-2 105 -6 9
-2 105 -5 9
-2 105 -4 18
-2 105 -3 18
-2 105 -2 1
-2 105 -1 1
-2 105 0 18
-2 105 1 18
-2 105 2 18
-2 105 3 18
-2 105 4 18
-2 105 5 16
-2 105 6 9
-2 105 7 9
-1 105 -7 9
-1 105 -6 9
-1 105 -5 18
-1 105 -4 18
-1 105 -3 18
-1 105 -2 1
-1 105 -1 1
-1 105 0 18
-1 105 1 18
-1 105 2 18
-1 105 3 18
-1 105 4 18
-1 105 5 18
-1 105 6 9
-1 105 7 9
0 105 -7 17
0 105 -6 9
0 105 -5 18
0 105 -4 18
0 105 -3 18
0 105 -2 7
0 105 -1 7
0 105 0 17
0 105 1 18
0 105 2 18
0 105 3 18
0 105 4 18
0 105 5 18
0 105 6 9
0 105 7 17
1 105 -7 9
1 105 -6 9
1 105 -5 18
1 105 -4 18
1 105 -3 18
1 105 -2 18
1 105 -1 18
1 105 0 18
1 105 1 18
1 105 2 18
1 105 3 18
1 105 4 18
1 105 5 18
1 105 6 9
1 105 7 9
2 105 -7 16
2 105 -6 9
2 105 -5 9
2 105 -4 18
2 105 -3 18
2 105 -2 18
2 105 -1 18
2 105 0 18
2 105 1 18
2 105 2 18
2 105 3 18
2 105 4 18
2 105 5 16
2 105 6 9
2 105 7 16
3 105 -6 9
3 105 -5 9
3 105 -4 18
3 105 -3 18
3 105 -2 18
3 105 -1 18
3 105 0 18
3 105 1 18
3 105 2 18
3 105 3 18
3 105 4 18
3 105 5 16
3 105 6 9
4 105 -6 9
4 105 -5 9
4 105 -4 9
4 105 -3 18
4 105 -2 18
4 105 -1 18
4 105 0 18
4 105 1 18
4 105 2 18
4 105 3 18
4 105 4 9
4 105 5 9
4 105 6 9
5 105 -5 17
5 105 -4 9
5 105 -3 9
5 105 -2 9
5 105 -1 18
5 105 0 18
5 105 1 18
5 105 2 9
5 105 3 9
5 105 4 9
5 105 5 17
6 105 -4 9
6 105 -3 9
6 105 -2 16
6 105 -1 9
6 105 0 9
6 105 1 9
6 105 2 9
6 105 3 9
6 105 4 9
7 105 -2 16
7 105 -1 9
7 105 0 17
7 105 1 9
7 105 2 9
-7 106 -2 9
-7 106 -1 9
-7 106 0 17
-7 106 1 9
-7 106 2 9
-6 106 -4 16
-6 106 -3 9
-6 106 -2 16
-6 106 -1 9
-6 106 0 9
-6 106 1 9
-6 106 2 9
-6 106 3 16
-6 106 4 9
-5 106 -5 17
-5 106 -4 16
-5 106 -3 9
-5 106 -2 9
-5 106 -1 1
-5 106 0 1
-5 106 1 1
-5 106 2 9
-5 106 3 16
-5 106 4 9
-5 106 5 17
-4 106 -6 9
-4 106 -5 16
-4 106 -4 9
-4 106 -3 1
-4 106 -2 1
-4 106 -1 1
-4 106 0 1
-4 106 1 1
-4 106 2 1
-4 106 3 1
-4 106 4 16
-4 106 5 16
-4 106 6 9
-3 106 -6 16
-3 106 -5 9
-3 106 -4 1
-3 106 -3 1
-3 106 -2 1
-3 106 -1 1
-3 106 0 1
-3 106 1 1
-3 106 2 1
-3 106 3 1
-3 106 4 1
-3 106 5 9
-3 106 6 9
-2 106 -7 9
-2 106 -6 9
-2 106 -5 9
-2 106 -4 1
-2 106 -3 1
-2 106 -2 18
-2 106 -1 18
-2 106 0 4
-2 106 1 1
-2 106 2 1
-2 106 3 1
-2 106 4 1
-2 106 5 9
-2 106 6 9
-2 106 7 9
-1 106 -7 9
-1 106 -6 9
-1 106 -5 1
-1 106 -4 1
-1 106 -3 1
-1 106 -2 18
-1 106 -1 18
-1 106 0 4
-1 106 1 1
-1 106 2 1
-1 106 3 1
-1 106 4 1
-1 106 5 1
-1 106 6 9
-1 106 7 9
0 106 -7 17
0 106 -6 9
0 106 -5 1
0 106 -4 1
0 106 -3 1
0 106 -2 18
0 106 -1 18
0 106 0 17
0 106 1 18
0 106 2 18
0 106 3 1
0 106 4 1
0 106 5 1
0 106 6 16
0 106 7 17
1 106 -7 9
1 106 -6 9
1 106 -5 1
1 106 -4 1
1 106 -3 1
1 106 -2 18
1 106 -1 18
1 106 0 18
1 106 1 18
1 106 2 18
1 106 3 1
1 106 4 1
1 106 5 1
1 106 6 9
1 106 7 9
2 106 -7 9
2 106 -6 9
2 106 -5 16
2 106 -4 1
2 106 -3 1
2 106 -2 18
2 106 -1 18
2 106 0 18
2 106 1 18
2 106 2 18
2 106 3 1
2 106 4 1
2 106 5 9
2 106 6 9
2 106 7 16
3 106 -6 9
3 106 -5 9
3 106 -4 1
3 106 -3 1
3 106 -2 1
3 106 -1 1
3 106 0 1
3 106 1 1
3 106 2 1
3 106 3 1
3 106 4 1
3 106 5 9
3 106 6 9
4 106 -6 9
4 106 -5 16
4 106 -4 16
4 106 -3 1
4 106 -2 1
4 106 -1 1
4 106 0 1
4 106 1 1
4 106 2 1
4 106 3 1
4 106 4 9
4 106 5 16
4 106 6 9
5 106 -5 17
5 106 -4 9
5 106 -3 16
5 106 -2 16
5 106 -1 1
5 106 0 1
5 106 1 1
5 106 2 9
5 106 3 9
5 106 4 9
5 106 5 17
6 106 -4 9
6 106 -3 9
6 106 -2 9
6 106 -1 9
6 106 0 9
6 106 1 9
6 106 2 16
6 106 3 9
6 106 4 16
7 106 -2 9
7 106 -1 9
7 106 0 17
7 106 1 9
7 106 2 9
-7 107 -2 9
-7 107 -1 9
-7 107 0 17
-7 107 1 9
-7 107 2 9
-6 107 -4 9
-6 107 -3 9
-6 107 -2 9
-6 107 -1 16
-6 107 0 9
-6 107 1 16
-6 107 2 9
-6 107 3 9
-6 107 4 9
-5 107 -5 17
-5 107 -4 16
-5 107 -3 9
-5 107 -2 16
-5 107 -1 18
-5 107 0 18
-5 107 1 18
-5 107 2 9
-5 107 3 9
-5 107 4 9
-5 107 5 17
-4 107 -6 9
-4 107 -5 9
-4 107 -4 9
-4 107 -3 18
-4 107 -2 18
-4 107 -1 18
-4 107 0 18
-4 107 1 18
-4 107 2 18
-4 107 3 18
-4 107 4 9
-4 107 5 9
-4 107 6 9
-3 107 -6 16
-3 107 -5 9
-3 107 -4 18
-3 107 -3 18
-3 107 -2 18
-3 107 -1 18
-3 107 0 18
-3 107 1 18
-3 107 2 18
-3 107 3 18
-3 107 4 18
-3 107 5 9
-3 107 6 9
-2 107 -7 9
-2 107 -6 9
-2 107 -5 16
-2 107 -4 18
-2 107 -3 18
-2 107 -2 18
-2 107 -1 18
-2 107 0 18
-2 107 1 18
-2 107 2 18
-2 107 3 18
-2 107 4 18
-2 107 5 9
-2 107 6 9
-2 107 7 9
-1 107 -7 9
-1 107 -6 9
-1 107 -5 18
-1 107 -4 18
-1 107 -3 18
-1 107 -2 18
-1 107 -1 18
-1 107 0 18
-1 107 1 18
-1 107 2 18
-1 107 3 18
-1 107 4 18
-1 107 5 18
-1 107 6 16
-1 107 7 9
0 107 -7 17
0 107 -6 9
0 107 -5 18
0 107 -4 18
0 107 -3 18
0 107 -2 18
0 107 -1 18
0 107 0 17
0 107 1 0
0 107 2 0
0 107 3 18
0 107 4 18
0 107 5 18
0 107 6 9
0 107 7 17
1 107 -7 9
1 107 -6 9
1 107 -5 18
1 107 -4 18
1 107 -3 18
1 107 -2 18
1 107 -1 18
1 107 0 18
1 107 1 1
1 107 2 1
1 107 3 18
1 107 4 18
1 107 5 18
1 107 6 9
1 107 7 9
2 107 -7 9
2 107 -6 9
2 107 -5 16
2 107 -4 18
2 107 -3 18
2 107 -2 18
2 107 -1 18
2 107 0 18
2 107 1 1
2 107 2 1
2 107 3 18
2 107 4 18
2 107 5 9
2 107 6 9
2 107 7 9
3 107 -6 9
3 107 -5 9
3 107 -4 18
3 107 -3 18
3 107 -2 18
3 107 -1 18
3 107 0 18
3 107 1 18
3 107 2 18
3 107 3 18
3 107 4 18
3 107 5 9
3 107 6 9
4 107 -6 9
4 107 -5 9
4 107 -4 9
4 107 -3 18
4 107 -2 18
4 107 -1 18
4 107 0 18
4 107 1 18
4 107 2 18
4 107 3 18
4 107 4 9
4 107 5 9
4 107 6 9
5 107 -5 17
5 107 -4 16
5 107 -3 9
5 107 -2 9
5 107 -1 18
5 107 0 18
5 107 1 18
5 107 2 9
5 107 3 9
5 107 4 9
5 107 5 17
6 107 -4 9
6 107 -3 16
6 107 -2 9
6 107 -1 9
6 107 0 16
6 107 1 9
6 107 2 9
6 107 3 9
6 107 4 9
7 107 -2 9
7 107 -1 9
7 107 0 17
7 107 1 9
7 107 2 9
-7 108 -2 9
-7 108 -1 9
-7 108 0 17
-7 108 1 16
-7 108 2 9
-6 108 -4 9
-6 108 -3 9
-6 108 -2 9
-6 108 -1 9
-6 108 0 9
-6 108 1 9
-6 108 2 9
-6 108 3 9
-6 108 4 9
-5 108 -5 17
-5 108 -4 16
-5 108 -3 9
-5 108 -2 9
-5 108 -1 18
-5 108 0 18
-5 108 1 18
-5 108 2 9
-5 108 3 9
-5 108 4 9
-5 108 5 17
-4 108 -6 9
-4 108 -5 16
-4 108 -4 16
-4 108 -3 18
-4 108 -2 18
-4 108 -1 18
-4 108 0 18
-4 108 1 18
-4 108 2 18
-4 108 3 18
-4 108 4 9
-4 108 5 16
-4 108 6 9
-3 108 -6 9
-3 108 -5 16
-3 108 -4 18
-3 108 -3 18
-3 108 -2 18
-3 108 -1 18
-3 108 0 18
-3 108 1 18
-3 108 2 18
-3 108 3 18
-3 108 4 18
-3 108 5 16
-3 108 6 9
-2 108 -7 9
-2 108 -6 9
-2 108 -5 9
-2 108 -4 18
-2 108 -3 18
-2 108 -2 18
-2 108 -1 18
-2 108 0 18
-2 108 1 18
-2 108 2 18
-2 108 3 18
-2 108 4 18
-2 108 5 9
-2 108 6 16
-2 108 7 9
-1 108 -7 9
-1 108 -6 9
-1 108 -5 18
-1 108 -4 18
-1 108 -3 18
-1 108 -2 18
-1 108 -1 18
-1 108 0 18
-1 108 1 18
-1 108 2 18
-1 108 3 18
-1 108 4 18
-1 108 5 18
-1 108 6 9
-1 108 7 16
0 108 -7 17
0 108 -6 9
0 108 -5 18
0 108 -4 18
0 108 -3 18
0 108 -2 18
0 108 -1 18
0 108 0 17
0 108 1 18
0 108 2 18
0 108 3 18
0 108 4 18
0 108 5 18
0 108 6 9
0 108 7 17
1 108 -7 16
1 108 -6 16
1 108 -5 18
1 108 -4 18
1 108 -3 18
1 108 -2 1
1 108 -1 1
1 108 0 5
1 108 1 18
1 108 2 18
1 108 3 18
1 108 4 18
1 108 5 18
1 108 6 9
1 108 7 9
2 108 -7 9
2 108 -6 16
2 108 -5 16
2 108 -4 18
2 108 -3 18
2 108 -2 1
2 108 -1 1
2 108 0 5
2 108 1 18
2 108 2 18
2 108 3 18
2 108 4 18
2 108 5 9
2 108 6 9
2 108 7 16
3 108 -6 16
3 108 -5 16
3 108 -4 18
3 108 -3 18
3 108 -2 18
3 108 -1 18
3 108 0 18
3 108 1 18
3 108 2 18
3 108 3 18
3 108 4 18
3 108 5 16
3 108 6 16
4 108 -6 9
4 108 -5 9
4 108 -4 9
4 108 -3 18
4 108 -2 18
4 108 -1 18
4 108 0 18
4 108 1 18
4 108 2 18
4 108 3 18
4 108 4 16
4 108 5 9
4 108 6 9
5 108 -5 17
5 108 -4 16
5 108 -3 9
5 108 -2 9
5 108 -1 18
5 108 0 18
5 108 1 18
5 108 2 9
5 108 3 9
5 108 4 9
5 108 5 17
6 108 -4 9
6 108 -3 16
6 108 -2 9
6 108 -1 9
6 108 0 16
6 108 1 9
6 108 2 9
6 108 3 9
6 108 4 9
7 108 -2 9
7 108 -1 16
7 108 0 17
7 108 1 9
7 108 2 16
-7 109 -2 16
-7 109 -1 9
-7 109 0 17
-7 109 1 9
-7 109 2 9
-6 109 -4 16
-6 109 -3 9
-6 109 -2 18
-6 109 -1 9
-6 109 0 9
-6 109 1 9
-6 109 2 18
-6 109 3 9
-6 109 4 9
-5 109 -5 17
-5 109 -4 9
-5 109 -3 9
-5 109 -2 16
-5 109 -1 18
-5 109 0 18
-5 109 1 18
-5 109 2 9
-5 109 3 9
-5 109 4 16
-5 109 5 17
-4 109 -6 16
-4 109 -5 9
-4 109 -4 9
-4 109 -3 18
-4 109 -2 18
-4 109 -1 18
-4 109 0 18
-4 109 1 18
-4 109 2 18
-4 109 3 18
-4 109 4 16
-4 109 5 9
-4 109 6 9
-3 109 -6 9
-3 109 -5 9
-3 109 -4 18
-3 109 -3 18
-3 109 -2 18
-3 109 -1 18
-3 109 0 18
-3 109 1 18
-3 109 2 18
-3 109 3 18
-3 109 4 18
-3 109 5 16
-3 109 6 9
-2 109 -7 16
-2 109 -6 18
-2 109 -5 9
-2 109 -4 18
-2 109 -3 18
-2 109 -2 1
-2 109 -1 1
-2 109 0 18
-2 109 1 18
-2 109 2 18
-2 109 3 18
-2 109 4 18
-2 109 5 9
-2 109 6 18
-2 109 7 9
-1 109 -7 9
-1 109 -6 16
-1 109 -5 18
-1 109 -4 18
-1 109 -3 18
-1 109 -2 1
-1 109 -1 1
-1 109 0 18
-1 109 1 18
-1 109 2 18
-1 109 3 18
-1 109 4 18
-1 109 5 18
-1 109 6 9
-1 109 7 16
0 109 -7 17
0 109 -6 9
0 109 -5 18
0 109 -4 18
0 109 -3 18
0 109 -2 7
0 109 -1 7
0 109 0 17
0 109 1 18
0 109 2 18
0 109 3 18
0 109 4 18
0 109 5 18
0 109 6 9
0 109 7 17
1 109 -7 16
1 109 -6 9
1 109 -5 18
1 109 -4 18
1 109 -3 18
1 109 -2 18
1 109 -1 18
1 109 0 18
1 109 1 18
1 109 2 18
1 109 3 18
1 109 4 18
1 109 5 18
1 109 6 9
1 109 7 9
2 109 -7 9
2 109 -6 18
2 109 -5 9
2 109 -4 18
2 109 -3 18
2 109 -2 18
2 109 -1 18
2 109 0 18
2 109 1 18
2 109 2 18
2 109 3 18
2 109 4 18
2 109 5 9
2 109 6 18
2 109 7 9
3 109 -6 16
3 109 -5 16
3 109 -4 18
3 109 -3 18
3 109 -2 18
3 109 -1 18
3 109 0 18
3 109 1 18
3 109 2 18
3 109 3 18
3 109 4 18
3 109 5 9
3 109 6 9
4 109 -6 9
4 109 -5 9
4 109 -4 16
4 109 -3 18
4 109 -2 18
4 109 -1 18
4 109 0 18
4 109 1 18
4 109 2 18
4 109 3 18
4 109 4 9
4 109 5 9
4 109 6 9
5 109 -5 17
5 109 -4 9
5 109 -3 9
5 109 -2 16
5 109 -1 18
5 109 0 18
5 109 1 18
5 109 2 9
5 109 3 9
5 109 4 16
5 109 5 17
6 109 -4 9
6 109 -3 9
6 109 -2 18
6 109 -1 16
6 109 0 9
6 109 1 9
6 109 2 18
6 109 3 16
6 109 4 9
7 109 -2 9
7 109 -1 9
7 109 0 17
7 109 1 9
7 109 2 9
-7 110 -2 9
-7 110 -1 16
-7 110 0 17
-7 110 1 9
-7 110 2 9
-6 110 -4 16
-6 110 -3 9
-6 110 -2 18
-6 110 -1 9
-6 110 0 16
-6 110 1 9
-6 110 2 18
-6 110 3 16
-6 110 4 16
-5 110 -5 17
-5 110 -4 9
-5 110 -3 9
-5 110 -2 9
-5 110 -1 18
-5 110 0 18
-5 110 1 18
-5 110 2 9
-5 110 3 9
-5 110 4 16
-5 110 5 17
-4 110 -6 9
-4 110 -5 9
-4 110 -4 16
-4 110 -3 18
-4 110 -2 18
-4 110 -1 18
-4 110 0 18
-4 110 1 18
-4 110 2 18
-4 110 3 18
-4 110 4 9
-4 110 5 9
-4 110 6 9
-3 110 -6 9
-3 110 -5 9
-3 110 -4 18
-3 110 -3 18
-3 110 -2 18
-3 110 -1 18
-3 110 0 18
-3 110 1 18
-3 110 2 18
-3 110 3 18
-3 110 4 18
-3 110 5 9
-3 110 6 9
-2 110 -7 9
-2 110 -6 18
-2 110 -5 16
-2 110 -4 18
-2 110 -3 18
-2 110 -2 18
-2 110 -1 18
-2 110 0 4
-2 110 1 1
-2 110 2 1
-2 110 3 18
-2 110 4 18
-2 110 5 9
-2 110 6 18
-2 110 7 9
-1 110 -7 9
-1 110 -6 16
-1 110 -5 18
-1 110 -4 18
-1 110 -3 18
-1 110 -2 18
-1 110 -1 18
-1 110 0 4
-1 110 1 1
-1 110 2 1
-1 110 3 18
-1 110 4 18
-1 110 5 18
-1 110 6 9
-1 110 7 9
0 110 -7 17
0 110 -6 16
0 110 -5 18
0 110 -4 18
0 110 -3 18
0 110 -2 18
0 110 -1 18
0 110 0 17
0 110 1 18
0 110 2 18
0 110 3 18
0 110 4 18
0 110 5 18
0 110 6 9
0 110 7 17
1 110 -7 9
1 110 -6 9
1 110 -5 18
1 110 -4 18
1 110 -3 18
1 110 -2 18
1 110 -1 18
1 110 0 18
1 110 1 18
1 110 2 18
1 110 3 18
1 110 4 18
1 110 5 18
1 110 6 9
1 110 7 9
2 110 -7 9
2 110 -6 18
2 110 -5 16
2 110 -4 18
2 110 -3 18
2 110 -2 18
2 110 -1 18
2 110 0 18
2 110 1 18
2 110 2 18
2 110 3 18
2 110 4 18
2 110 5 9
2 110 6 18
2 110 7 9
3 110 -6 9
3 110 -5 9
3 110 -4 18
3 110 -3 18
3 110 -2 18
3 110 -1 18
3 110 0 18
3 110 1 18
3 110 2 18
3 110 3 18
3 110 4 18
3 110 5 9
3 110 6 9
4 110 -6 9
4 110 -5 16
4 110 -4 9
4 110 -3 18
4 110 -2 18
4 110 -1 18
4 110 0 18
4 110 1 18
4 110 2 18
4 110 3 18
4 110 4 16
4 110 5 16
4 110 6 16
5 110 -5 17
5 110 -4 9
5 110 -3 9
5 110 -2 9
5 110 -1 18
5 110 0 18
5 110 1 18
5 110 2 16
5 110 3 9
5 110 4 9
5 110 5 17
6 110 -4 9
6 110 -3 9
6 110 -2 18
6 110 -1 9
6 110 0 9
6 110 1 16
6 110 2 18
6 110 3 9
6 110 4 16
7 110 -2 9
7 110 -1 9
7 110 0 17
7 110 1 16
7 110 2 9
-7 111 -2 9
-7 111 -1 9
-7 111 0 17
-7 111 1 9
-7 111 2 16
-6 111 -4 16
-6 111 -3 16
-6 111 -2 18
-6 111 -1 9
-6 111 0 9
-6 111 1 9
-6 111 2 18
-6 111 3 9
-6 111 4 9
-5 111 -5 17
-5 111 -4 9
-5 111 -3 9
-5 111 -2 16
-5 111 -1 18
-5 111 0 18
-5 111 1 18
-5 111 2 9
-5 111 3 16
-5 111 4 16
-5 111 5 17
-4 111 -6 9
-4 111 -5 9
-4 111 -4 9
-4 111 -3 18
-4 111 -2 18
-4 111 -1 18
-4 111 0 18
-4 111 1 18
-4 111 2 18
-4 111 3 18
-4 111 4 16
-4 111 5 9
-4 111 6 9
-3 111 -6 9
-3 111 -5 9
-3 111 -4 18
-3 111 -3 18
-3 111 -2 18
-3 111 -1 18
-3 111 0 18
-3 111 1 18
-3 111 2 18
-3 111 3 18
-3 111 4 18
-3 111 5 9
-3 111 6 9
-2 111 -7 9
-2 111 -6 18
-2 111 -5 9
-2 111 -4 18
-2 111 -3 18
-2 111 -2 18
-2 111 -1 18
-2 111 0 18
-2 111 1 18
-2 111 2 18
-2 111 3 18
-2 111 4 18
-2 111 5 9
-2 111 6 18
-2 111 7 16
-1 111 -7 9
-1 111 -6 9
-1 111 -5 18
-1 111 -4 18
-1 111 -3 18
-1 111 -2 18
-1 111 -1 18
-1 111 0 18
-1 111 1 18
-1 111 2 18
-1 111 3 18
-1 111 4 18
-1 111 5 18
-1 111 6 9
-1 111 7 9
0 111 -7 17
0 111 -6 16
0 111 -5 18
0 111 -4 18
0 111 -3 18
0 111 -2 18
0 111 -1 18
0 111 0 17
0 111 1 0
0 111 2 0
0 111 3 18
0 111 4 18
0 111 5 18
0 111 6 16
0 111 7 17
1 111 -7 9
1 111 -6 9
1 111 -5 18
1 111 -4 18
1 111 -3 18
1 111 -2 18
1 111 -1 18
1 111 0 18
1 111 1 1
1 111 2 1
1 111 3 18
1 111 4 18
1 111 5 18
1 111 6 16
1 111 7 9
2 111 -7 9
2 111 -6 18
2 111 -5 16
2 111 -4 18
2 111 -3 18
2 111 -2 18
2 111 -1 18
2 111 0 18
2 111 1 1
2 111 2 1
2 111 3 18
2 111 4 18
2 111 5 9
2 111 6 18
2 111 7 16
3 111 -6 16
3 111 -5 9
3 111 -4 18
3 111 -3 18
3 111 -2 18
3 111 -1 18
3 111 0 18
3 111 1 18
3 111 2 18
3 111 3 18
3 111 4 18
3 111 5 9
3 111 6 16
4 111 -6 16
4 111 -5 9
4 111 -4 16
4 111 -3 18
4 111 -2 18
4 111 -1 18
4 111 0 18
4 111 1 18
4 111 2 18
4 111 3 18
4 111 4 9
4 111 5 16
4 111 6 16
5 111 -5 17
5 111 -4 9
5 111 -3 16
5 111 -2 9
5 111 -1 18
5 111 0 18
5 111 1 18
5 111 2 9
5 111 3 9
5 111 4 9
5 111 5 17
6 111 -4 9
6 111 -3 9
6 111 -2 18
6 111 -1 9
6 111 0 16
6 111 1 9
6 111 2 18
6 111 3 9
6 111 4 9
7 111 -2 9
7 111 -1 9
7 111 0 17
7 111 1 9
7 111 2 16
-7 112 -2 9
-7 112 -1 9
-7 112 0 17
-7 112 1 9
-7 112 2 9
-6 112 -4 9
-6 112 -3 16
-6 112 -2 9
-6 112 -1 9
-6 112 0 9
-6 112 1 9
-6 112 2 9
-6 112 3 9
-6 112 4 16
-5 112 -5 17
-5 112 -4 9
-5 112 -3 9
-5 112 -2 9
-5 112 -1 18
-5 112 0 18
-5 112 1 18
-5 112 2 9
-5 112 3 9
-5 112 4 16
-5 112 5 17
-4 112 -6 9
-4 112 -5 9
-4 112 -4 9
-4 112 -3 18
-4 112 -2 18
-4 112 -1 18
-4 112 0 18
-4 112 1 18
-4 112 2 18
-4 112 3 18
-4 112 4 9
-4 112 5 16
-4 112 6 9
-3 112 -6 16
-3 112 -5 9
-3 112 -4 18
-3 112 -3 18
-3 112 -2 18
-3 112 -1 18
-3 112 0 18
-3 112 1 18
-3 112 2 18
-3 112 3 18
-3 112 4 18
-3 112 5 9
-3 112 6 9
-2 112 -7 16
-2 112 -6 9
-2 112 -5 9
-2 112 -4 18
-2 112 -3 18
-2 112 -2 18
-2 112 -1 18
-2 112 0 18
-2 112 1 18
-2 112 2 18
-2 112 3 18
-2 112 4 18
-2 112 5 9
-2 112 6 9
-2 112 7 9
-1 112 -7 9
-1 112 -6 16
-1 112 -5 18
-1 112 -4 18
-1 112 -3 18
-1 112 -2 18
-1 112 -1 18
-1 112 0 18
-1 112 1 18
-1 112 2 18
-1 112 3 18
-1 112 4 18
-1 112 5 18
-1 112 6 9
-1 112 7 9
0 112 -7 17
0 112 -6 16
0 112 -5 18
0 112 -4 18
0 112 -3 18
0 112 -2 18
0 112 -1 18
0 112 0 17
0 112 1 18
0 112 2 18
0 112 3 18
0 112 4 18
0 112 5 18
0 112 6 9
0 112 7 17
1 112 -7 9
1 112 -6 9
1 112 -5 18
1 112 -4 18
1 112 -3 18
1 112 -2 1
1 112 -1 1
1 112 0 5
1 112 1 18
1 112 2 18
1 112 3 18
1 112 4 18
1 112 5 18
1 112 6 9
1 112 7 9
2 112 -7 9
2 112 -6 9
2 112 -5 9
2 112 -4 18
2 112 -3 18
2 112 -2 1
2 112 -1 1
2 112 0 5
2 112 1 18
2 112 2 18
2 112 3 18
2 112 4 18
2 112 5 9
2 112 6 9
2 112 7 9
3 112 -6 16
3 112 -5 9
3 112 -4 18
3 112 -3 18
3 112 -2 18
3 112 -1 18
3 112 0 18
3 112 1 18
3 112 2 18
3 112 3 18
3 112 4 18
3 112 5 9
3 112 6 9
4 112 -6 9
4 112 -5 9
4 112 -4 9
4 112 -3 18
4 112 -2 18
4 112 -1 18
4 112 0 18
4 112 1 18
4 112 2 18
4 112 3 18
4 112 4 9
4 112 5 9
4 112 6 9
5 112 -5 17
5 112 -4 9
5 112 -3 9
5 112 -2 9
5 112 -1 18
5 112 0 18
5 112 1 18
5 112 2 9
5 112 3 9
5 112 4 9
5 112 5 17
6 112 -4 9
6 112 -3 9
6 112 -2 9
6 112 -1 16
6 112 0 9
6 112 1 9
6 112 2 9
6 112 3 9
6 112 4 16
7 112 -2 9
7 112 -1 9
7 112 0 17
7 112 1 9
7 112 2 9
-7 113 -2 15
-7 113 -1 15
-7 113 0 15
-7 113 1 1
-7 113 2 1
-6 113 -4 1
-6 113 -3 1
-6 113 -2 9
-6 113 -1 9
-6 113 0 9
-6 113 1 16
-6 113 2 9
-6 113 3 15
-6 113 4 15
-5 113 -5 15
-5 113 -4 16
-5 113 -3 16
-5 113 -2 16
-5 113 -1 18
-5 113 0 18
-5 113 1 18
-5 113 2 9
-5 113 3 16
-5 113 4 9
-5 113 5 15
-4 113 -6 15
-4 113 -5 9
-4 113 -4 9
-4 113 -3 18
-4 113 -2 18
-4 113 -1 18
-4 113 0 18
-4 113 1 18
-4 113 2 18
-4 113 3 18
-4 113 4 9
-4 113 5 9
-4 113 6 1
-3 113 -6 15
-3 113 -5 9
-3 113 -4 18
-3 113 -3 18
-3 113 -2 18
-3 113 -1 18
-3 113 0 18
-3 113 1 18
-3 113 2 18
-3 113 3 18
-3 113 4 18
-3 113 5 9
-3 113 6 1
-2 113 -7 1
-2 113 -6 9
-2 113 -5 9
-2 113 -4 18
-2 113 -3 18
-2 113 -2 1
-2 113 -1 1
-2 113 0 18
-2 113 1 18
-2 113 2 18
-2 113 3 18
-2 113 4 18
-2 113 5 9
-2 113 6 9
-2 113 7 15
-1 113 -7 1
-1 113 -6 9
-1 113 -5 18
-1 113 -4 18
-1 113 -3 18
-1 113 -2 1
-1 113 -1 1
-1 113 0 18
-1 113 1 18
-1 113 2 18
-1 113 3 18
-1 113 4 18
-1 113 5 18
-1 113 6 16
-1 113 7 15
0 113 -7 15
0 113 -6 9
0 113 -5 18
0 113 -4 18
0 113 -3 18
0 113 -2 7
0 113 -1 7
0 113 0 17
0 113 1 18
0 113 2 18
0 113 3 18
0 113 4 18
0 113 5 18
0 113 6 9
0 113 7 15
1 113 -7 15
1 113 -6 9
1 113 -5 18
1 113 -4 18
1 113 -3 18
1 113 -2 18
1 113 -1 18
1 113 0 18
1 113 1 18
1 113 2 18
1 113 3 18
1 113 4 18
1 113 5 18
1 113 6 9
1 113 7 1
2 113 -7 15
2 113 -6 9
2 113 -5 16
2 113 -4 18
2 113 -3 18
2 113 -2 18
2 113 -1 18
2 113 0 18
2 113 1 18
2 113 2 18
2 113 3 18
2 113 4 18
2 113 5 9
2 113 6 9
2 113 7 1
3 113 -6 1
3 113 -5 9
3 113 -4 18
3 113 -3 18
3 113 -2 18
3 113 -1 18
3 113 0 18
3 113 1 18
3 113 2 18
3 113 3 18
3 113 4 18
3 113 5 9
3 113 6 15
4 113 -6 1
4 113 -5 16
4 113 -4 9
4 113 -3 18
4 113 -2 18
4 113 -1 18
4 113 0 18
4 113 1 18
4 113 2 18
4 113 3 18
4 113 4 9
4 113 5 9
4 113 6 15
5 113 -5 15
5 113 -4 16
5 113 -3 16
5 113 -2 9
5 113 -1 18
5 113 0 18
5 113 1 18
5 113 2 9
5 113 3 16
5 113 4 9
5 113 5 15
6 113 -4 15
6 113 -3 15
6 113 -2 9
6 113 -1 9
6 113 0 9
6 113 1 9
6 113 2 9
6 113 3 1
6 113 4 1
7 113 -2 1
7 113 -1 1
7 113 0 15
7 113 1 15
7 113 2 15
-7 114 -2 9
-7 114 -1 16
-7 114 0 17
-7 114 1 9
-7 114 2 9
-6 114 -4 9
-6 114 -3 9
-6 114 -2 16
-6 114 -1 16
-6 114 0 9
-6 114 1 9
-6 114 2 9
-6 114 3 9
-6 114 4 16
-5 114 -5 17
-5 114 -4 9
-5 114 -3 9
-5 114 -2 9
-5 114 -1 18
-5 114 0 18
-5 114 1 18
-5 114 2 9
-5 114 3 16
-5 114 4 9
-5 114 5 17
-4 114 -6 9
-4 114 -5 16
-4 114 -4 9
-4 114 -3 18
-4 114 -2 18
-4 114 -1 18
-4 114 0 18
-4 114 1 18
-4 114 2 18
-4 114 3 18
-4 114 4 9
-4 114 5 9
-4 114 6 9
-3 114 -6 9
-3 114 -5 16
-3 114 -4 18
-3 114 -3 18
-3 114 -2 18
-3 114 -1 18
-3 114 0 18
-3 114 1 18
-3 114 2 18
-3 114 3 18
-3 114 4 18
-3 114 5 16
-3 114 6 9
-2 114 -7 9
-2 114 -6 16
-2 114 -5 9
-2 114 -4 18
-2 114 -3 18
-2 114 -2 18
-2 114 -1 18
-2 114 0 4
-2 114 1 1
-2 114 2 1
-2 114 3 18
-2 114 4 18
-2 114 5 9
-2 114 6 16
-2 114 7 9
-1 114 -7 9
-1 114 -6 16
-1 114 -5 18
-1 114 -4 18
-1 114 -3 18
-1 114 -2 18
-1 114 -1 18
-1 114 0 4
-1 114 1 1
-1 114 2 1
-1 114 3 18
-1 114 4 18
-1 114 5 18
-1 114 6 16
-1 114 7 9
0 114 -7 17
0 114 -6 9
0 114 -5 18
0 114 -4 18
0 114 -3 18
0 114 -2 18
0 114 -1 18
0 114 0 17
0 114 1 18
0 114 2 18
0 114 3 18
0 114 4 18
0 114 5 18
0 114 6 9
0 114 7 17
1 114 -7 9
1 114 -6 9
1 114 -5 18
1 114 -4 18
1 114 -3 18
1 114 -2 18
1 114 -1 18
1 114 0 18
1 114 1 18
1 114 2 18
1 114 3 18
1 114 4 18
1 114 5 18
1 114 6 9
1 114 7 9
2 114 -7 9
2 114 -6 16
2 114 -5 9
2 114 -4 18
2 114 -3 18
2 114 -2 18
2 114 -1 18
2 114 0 18
2 114 1 18
2 114 2 18
2 114 3 18
2 114 4 18
2 114 5 9
2 114 6 16
2 114 7 9
3 114 -6 16
3 114 -5 16
3 114 -4 18
3 114 -3 18
3 114 -2 18
3 114 -1 18
3 114 0 18
3 114 1 18
3 114 2 18
3 114 3 18
3 114 4 18
3 114 5 16
3 114 6 16
4 114 -6 16
4 114 -5 9
4 114 -4 9
4 114 -3 18
4 114 -2 18
4 114 -1 18
4 114 0 18
4 114 1 18
4 114 2 18
4 114 3 18
4 114 4 9
4 114 5 9
4 114 6 9
5 114 -5 17
5 114 -4 9
5 114 -3 16
5 114 -2 16
5 114 -1 18
5 114 0 18
5 114 1 18
5 114 2 16
5 114 3 9
5 114 4 9
5 114 5 17
6 114 -4 16
6 114 -3 9
6 114 -2 9
6 114 -1 9
6 114 0 9
6 114 1 9
6 114 2 16
6 114 3 16
6 114 4 9
7 114 -2 9
7 114 -1 9
7 114 0 17
7 114 1 16
7 114 2 16
-7 115 -2 9
-7 115 -1 16
-7 115 0 17
-7 115 1 9
-7 115 2 16
-6 115 -4 9
-6 115 -3 9
-6 115 -2 9
-6 115 -1 9
-6 115 0 16
-6 115 1 9
-6 115 2 9
-6 115 3 9
-6 115 4 9
-5 115 -5 17
-5 115 -4 9
-5 115 -3 9
-5 115 -2 9
-5 115 -1 18
-5 115 0 18
-5 115 1 18
-5 115 2 9
-5 115 3 9
-5 115 4 16
-5 115 5 17
-4 115 -6 9
-4 115 -5 9
-4 115 -4 9
-4 115 -3 18
-4 115 -2 18
-4 115 -1 18
-4 115 0 18
-4 115 1 18
-4 115 2 18
-4 115 3 18
-4 115 4 9
-4 115 5 9
-4 115 6 9
-3 115 -6 9
-3 115 -5 9
-3 115 -4 18
-3 115 -3 18
-3 115 -2 18
-3 115 -1 18
-3 115 0 18
-3 115 1 18
-3 115 2 18
-3 115 3 18
-3 115 4 18
-3 115 5 16
-3 115 6 16
-2 115 -7 16
-2 115 -6 9
-2 115 -5 16
-2 115 -4 18
-2 115 -3 18
-2 115 -2 18
-2 115 -1 18
-2 115 0 18
-2 115 1 18
-2 115 2 18
-2 115 3 18
-2 115 4 18
-2 115 5 9
-2 115 6 9
-2 115 7 9
-1 115 -7 9
-1 115 -6 9
-1 115 -5 18
-1 115 -4 18
-1 115 -3 18
-1 115 -2 18
-1 115 -1 18
-1 115 0 18
-1 115 1 18
-1 115 2 18
-1 115 3 18
-1 115 4 18
-1 115 5 18
-1 115 6 16
-1 115 7 9
0 115 -7 17
0 115 -6 9
0 115 -5 18
0 115 -4 18
0 115 -3 18
0 115 -2 18
0 115 -1 18
0 115 0 17
0 115 1 0
0 115 2 0
0 115 3 18
0 115 4 18
0 115 5 18
0 115 6 9
0 115 7 17
1 115 -7 9
1 115 -6 9
1 115 -5 18
1 115 -4 18
1 115 -3 18
1 115 -2 18
1 115 -1 18
1 115 0 18
1 115 1 1
1 115 2 1
1 115 3 18
1 115 4 18
1 115 5 18
1 115 6 16
1 115 7 9
2 115 -7 9
2 115 -6 9
2 115 -5 9
2 115 -4 18
2 115 -3 18
2 115 -2 18
2 115 -1 18
2 115 0 18
2 115 1 1
2 115 2 1
2 115 3 18
2 115 4 18
2 115 5 9
2 115 6 9
2 115 7 9
3 115 -6 9
3 115 -5 16
3 115 -4 18
3 115 -3 18
3 115 -2 18
3 115 -1 18
3 115 0 18
3 115 1 18
3 115 2 18
3 115 3 18
3 115 4 18
3 115 5 9
3 115 6 16
4 115 -6 16
4 115 -5 16
4 115 -4 9
4 115 -3 18
4 115 -2 18
4 115 -1 18
4 115 0 18
4 115 1 18
4 115 2 18
4 115 3 18
4 115 4 9
4 115 5 16
4 115 6 9
5 115 -5 17
5 115 -4 9
5 115 -3 9
5 115 -2 16
5 115 -1 18
5 115 0 18
5 115 1 18
5 115 2 16
5 115 3 9
5 115 4 9
5 115 5 17
6 115 -4 9
6 115 -3 9
6 115 -2 9
6 115 -1 9
6 115 0 16
6 115 1 9
6 115 2 9
6 115 3 9
6 115 4 16
7 115 -2 9
7 115 -1 9
7 115 0 17
7 115 1 16
7 115 2 9
-7 116 -2 16
-7 116 -1 9
-7 116 0 17
-7 116 1 9
-7 116 2 9
-6 116 -4 9
-6 116 -3 9
-6 116 -2 16
-6 116 -1 16
-6 116 0 16
-6 116 1 9
-6 116 2 9
-6 116 3 9
-6 116 4 16
-5 116 -5 17
-5 116 -4 16
-5 116 -3 9
-5 116 -2 9
-5 116 -1 18
-5 116 0 18
-5 116 1 18
-5 116 2 9
-5 116 3 9
-5 116 4 9
-5 116 5 17
-4 116 -6 9
-4 116 -5 16
-4 116 -4 9
-4 116 -3 18
-4 116 -2 18
-4 116 -1 18
-4 116 0 18
-4 116 1 18
-4 116 2 18
-4 116 3 18
-4 116 4 9
-4 116 5 16
-4 116 6 9
-3 116 -6 16
-3 116 -5 9
-3 116 -4 18
-3 116 -3 18
-3 116 -2 18
-3 116 -1 18
-3 116 0 18
-3 116 1 18
-3 116 2 18
-3 116 3 18
-3 116 4 18
-3 116 5 16
-3 116 6 9
-2 116 -7 9
-2 116 -6 9
-2 116 -5 9
-2 116 -4 18
-2 116 -3 18
-2 116 -2 18
-2 116 -1 18
-2 116 0 18
-2 116 1 18
-2 116 2 18
-2 116 3 18
-2 116 4 18
-2 116 5 9
-2 116 6 9
-2 116 7 9
-1 116 -7 9
-1 116 -6 9
-1 116 -5 18
-1 116 -4 18
-1 116 -3 18
-1 116 -2 18
-1 116 -1 18
-1 116 0 18
-1 116 1 18
-1 116 2 18
-1 116 3 18
-1 116 4 18
-1 116 5 18
-1 116 6 9
-1 116 7 16
0 116 -7 17
0 116 -6 9
0 116 -5 18
0 116 -4 18
0 116 -3 18
0 116 -2 18
0 116 -1 18
0 116 0 17
0 116 1 18
0 116 2 18
0 116 3 18
0 116 4 18
0 116 5 18
0 116 6 9
0 116 7 17
1 116 -7 16
1 116 -6 9
1 116 -5 18
1 116 -4 18
1 116 -3 18
1 116 -2 1
1 116 -1 1
1 116 0 5
1 116 1 18
1 116 2 18
1 116 3 18
1 116 4 18
1 116 5 18
1 116 6 16
1 116 7 9
2 116 -7 9
2 116 -6 9
2 116 -5 9
2 116 -4 18
2 116 -3 18
2 116 -2 1
2 116 -1 1
2 116 0 5
2 116 1 18
2 116 2 18
2 116 3 18
2 116 4 18
2 116 5 9
2 116 6 9
2 116 7 9
3 116 -6 9
3 116 -5 16
3 116 -4 18
3 116 -3 18
3 116 -2 18
3 116 -1 18
3 116 0 18
3 116 1 18
3 116 2 18
3 116 3 18
3 116 4 18
3 116 5 9
3 116 6 9
4 116 -6 9
4 116 -5 16
4 116 -4 9
4 116 -3 18
4 116 -2 18
4 116 -1 18
4 116 0 18
4 116 1 18
4 116 2 18
4 116 3 18
4 116 4 9
4 116 5 9
4 116 6 9
5 116 -5 17
5 116 -4 9
5 116 -3 9
5 116 -2 9
5 116 -1 18
5 116 0 18
5 116 1 18
5 116 2 9
5 116 3 9
5 116 4 9
5 116 5 17
6 116 -4 9
6 116 -3 9
6 116 -2 9
6 116 -1 16
6 116 0 9
6 116 1 9
6 116 2 16
6 116 3 9
6 116 4 16
7 116 -2 16
7 116 -1 9
7 116 0 17
7 116 1 9
7 116 2 9
-7 117 -2 9
-7 117 -1 9
-7 117 0 17
-7 117 1 9
-7 117 2 9
-6 117 -4 9
-6 117 -3 16
-6 117 -2 9
-6 117 -1 9
-6 117 0 9
-6 117 1 9
-6 117 2 16
-6 117 3 9
-6 117 4 9
-5 117 -5 17
-5 117 -4 16
-5 117 -3 9
-5 117 -2 16
-5 117 -1 18
-5 117 0 18
-5 117 1 18
-5 117 2 9
-5 117 3 9
-5 117 4 9
-5 117 5 17
-4 117 -6 9
-4 117 -5 9
-4 117 -4 9
-4 117 -3 18
-4 117 -2 18
-4 117 -1 18
-4 117 0 18
-4 117 1 18
-4 117 2 18
-4 117 3 18
-4 117 4 9
-4 117 5 9
-4 117 6 9
-3 117 -6 9
-3 117 -5 16
-3 117 -4 18
-3 117 -3 18
-3 117 -2 18
-3 117 -1 18
-3 117 0 18
-3 117 1 18
-3 117 2 18
-3 117 3 18
-3 117 4 18
-3 117 5 16
-3 117 6 9
-2 117 -7 9
-2 117 -6 16
-2 117 -5 9
-2 117 -4 18
-2 117 -3 18
-2 117 -2 1
-2 117 -1 1
-2 117 0 18
-2 117 1 18
-2 117 2 18
-2 117 3 18
-2 117 4 18
-2 117 5 9
-2 117 6 9
-2 117 7 9
-1 117 -7 9
-1 117 -6 9
-1 117 -5 18
-1 117 -4 18
-1 117 -3 18
-1 117 -2 1
-1 117 -1 1
-1 117 0 18
-1 117 1 18
-1 117 2 18
-1 117 3 18
-1 117 4 18
-1 117 5 18
-1 117 6 9
-1 117 7 16
0 117 -7 17
0 117 -6 9
0 117 -5 18
0 117 -4 18
0 117 -3 18
0 117 -2 7
0 117 -1 7
0 117 0 17
0 117 1 18
0 117 2 18
0 117 3 18
0 117 4 18
0 117 5 18
0 117 6 16
0 117 7 17
1 117 -7 16
1 117 -6 9
1 117 -5 18
1 117 -4 18
1 117 -3 18
1 117 -2 18
1 117 -1 18
1 117 0 18
1 117 1 18
1 117 2 18
1 117 3 18
1 117 4 18
1 117 5 18
1 117 6 9
1 117 7 9
2 117 -7 9
2 117 -6 9
2 117 -5 9
2 117 -4 18
2 117 -3 18
2 117 -2 18
2 117 -1 18
2 117 0 18
2 117 1 18
2 117 2 18
2 117 3 18
2 117 4 18
2 117 5 9
2 117 6 16
2 117 7 9
3 117 -6 9
3 117 -5 16
3 117 -4 18
3 117 -3 18
3 117 -2 18
3 117 -1 18
3 117 0 18
3 117 1 18
3 117 2 18
3 117 3 18
3 117 4 18
3 117 5 16
3 117 6 9
4 117 -6 9
4 117 -5 9
4 117 -4 9
4 117 -3 18
4 117 -2 18
4 117 -1 18
4 117 0 18
4 117 1 18
4 117 2 18
4 117 3 18
4 117 4 9
4 117 5 9
4 117 6 16
5 117 -5 17
5 117 -4 9
5 117 -3 9
5 117 -2 9
5 117 -1 18
5 117 0 18
5 117 1 18
5 117 2 9
5 117 3 9
5 117 4 9
5 117 5 17
6 117 -4 9
6 117 -3 16
6 117 -2 16
6 117 -1 16
6 117 0 9
6 117 1 16
6 117 2 9
6 117 3 9
6 117 4 9
7 117 -2 9
7 117 -1 9
7 117 0 17
7 117 1 9
7 117 2 9
-7 118 -2 9
-7 118 -1 16
-7 118 0 17
-7 118 1 9
-7 118 2 9
-6 118 -4 9
-6 118 -3 9
-6 118 -2 9
-6 118 -1 9
-6 118 0 9
-6 118 1 9
-6 118 2 9
-6 118 3 9
-6 118 4 9
-5 118 -5 17
-5 118 -4 9
-5 118 -3 9
-5 118 -2 9
-5 118 -1 18
-5 118 0 18
-5 118 1 18
-5 118 2 16
-5 118 3 9
-5 118 4 9
-5 118 5 17
-4 118 -6 9
-4 118 -5 9
-4 118 -4 9
-4 118 -3 18
-4 118 -2 18
-4 118 -1 18
-4 118 0 18
-4 118 1 18
-4 118 2 18
-4 118 3 18
-4 118 4 16
-4 118 5 9
-4 118 6 9
-3 118 -6 9
-3 118 -5 16
-3 118 -4 18
-3 118 -3 18
-3 118 -2 18
-3 118 -1 18
-3 118 0 18
-3 118 1 18
-3 118 2 18
-3 118 3 18
-3 118 4 18
-3 118 5 9
-3 118 6 16
-2 118 -7 9
-2 118 -6 16
-2 118 -5 9
-2 118 -4 18
-2 118 -3 18
-2 118 -2 18
-2 118 -1 18
-2 118 0 4
-2 118 1 1
-2 118 2 1
-2 118 3 18
-2 118 4 18
-2 118 5 9
-2 118 6 9
-2 118 7 9
-1 118 -7 9
-1 118 -6 16
-1 118 -5 18
-1 118 -4 18
-1 118 -3 18
-1 118 -2 18
-1 118 -1 18
-1 118 0 4
-1 118 1 1
-1 118 2 1
-1 118 3 18
-1 118 4 18
-1 118 5 18
-1 118 6 9
-1 118 7 9
0 118 -7 17
0 118 -6 9
0 118 -5 18
0 118 -4 18
0 118 -3 18
0 118 -2 18
0 118 -1 18
0 118 0 17
0 118 1 18
0 118 2 18
0 118 3 18
0 118 4 18
0 118 5 18
0 118 6 9
0 118 7 17
1 118 -7 9
1 118 -6 16
1 118 -5 18
1 118 -4 18
1 118 -3 18
1 118 -2 18
1 118 -1 18
1 118 0 18
1 118 1 18
1 118 2 18
1 118 3 18
1 118 4 18
1 118 5 18
1 118 6 9
1 118 7 9
2 118 -7 9
2 118 -6 9
2 118 -5 9
2 118 -4 18
2 118 -3 18
2 118 -2 18
2 118 -1 18
2 118 0 18
2 118 1 18
2 118 2 18
2 118 3 18
2 118 4 18
2 118 5 9
2 118 6 16
2 118 7 16
3 118 -6 9
3 118 -5 9
3 118 -4 18
3 118 -3 18
3 118 -2 18
3 118 -1 18
3 118 0 18
3 118 1 18
3 118 2 18
3 118 3 18
3 118 4 18
3 118 5 16
3 118 6 16
4 118 -6 9
4 118 -5 16
4 118 -4 16
4 118 -3 18
4 118 -2 18
4 118 -1 18
4 118 0 18
4 118 1 18
4 118 2 18
4 118 3 18
4 118 4 9
4 118 5 9
4 118 6 9
5 118 -5 17
5 118 -4 9
5 118 -3 9
5 118 -2 9
5 118 -1 18
5 118 0 18
5 118 1 18
5 118 2 9
5 118 3 9
5 118 4 9
5 118 5 17
6 118 -4 16
6 118 -3 9
6 118 -2 9
6 118 -1 9
6 118 0 9
6 118 1 9
6 118 2 9
6 118 3 16
6 118 4 9
7 118 -2 9
7 118 -1 9
7 118 0 17
7 118 1 16
7 118 2 9
-7 119 -2 9
-7 119 -1 16
-7 119 0 17
-7 119 1 16
-7 119 2 9
-6 119 -4 9
-6 119 -3 9
-6 119 -2 9
-6 119 -1 9
-6 119 0 9
-6 119 1 9
-6 119 2 9
-6 119 3 9
-6 119 4 16
-5 119 -5 17
-5 119 -4 16
-5 119 -3 9
-5 119 -2 9
-5 119 -1 18
-5 119 0 18
-5 119 1 18
-5 119 2 9
-5 119 3 9
-5 119 4 16
-5 119 5 17
-4 119 -6 9
-4 119 -5 9
-4 119 -4 9
-4 119 -3 18
-4 119 -2 18
-4 119 -1 18
-4 119 0 18
-4 119 1 18
-4 119 2 18
-4 119 3 18
-4 119 4 9
-4 119 5 9
-4 119 6 16
-3 119 -6 9
-3 119 -5 16
-3 119 -4 18
-3 119 -3 18
-3 119 -2 18
-3 119 -1 18
-3 119 0 18
-3 119 1 18
-3 119 2 18
-3 119 3 18
-3 119 4 18
-3 119 5 9
-3 119 6 16
-2 119 -7 9
-2 119 -6 9
-2 119 -5 9
-2 119 -4 18
-2 119 -3 18
-2 119 -2 18
-2 119 -1 18
-2 119 0 18
-2 119 1 18
-2 119 2 18
-2 119 3 18
-2 119 4 18
-2 119 5 9
-2 119 6 9
-2 119 7 9
-1 119 -7 9
-1 119 -6 9
-1 119 -5 18
-1 119 -4 18
-1 119 -3 18
-1 119 -2 18
-1 119 -1 18
-1 119 0 18
-1 119 1 18
-1 119 2 18
-1 119 3 18
-1 119 4 18
-1 119 5 18
-1 119 6 9
-1 119 7 9
0 119 -7 17
0 119 -6 9
0 119 -5 18
0 119 -4 18
0 119 -3 18
0 119 -2 18
0 119 -1 18
0 119 0 17
0 119 1 0
0 119 2 0
0 119 3 18
0 119 4 18
0 119 5 18
0 119 6 9
0 119 7 17
1 119 -7 9
1 119 -6 9
1 119 -5 18
1 119 -4 18
1 119 -3 18
1 119 -2 18
1 119 -1 18
1 119 0 18
1 119 1 1
1 119 2 1
1 119 3 18
1 119 4 18
1 119 5 18
1 119 6 9
1 119 7 9
2 119 -7 9
2 119 -6 9
2 119 -5 16
2 119 -4 18
2 119 -3 18
2 119 -2 18
2 119 -1 18
2 119 0 18
2 119 1 1
2 119 2 1
2 119 3 18
2 119 4 18
2 119 5 9
2 119 6 9
2 119 7 9
3 119 -6 9
3 119 -5 9
3 119 -4 18
3 119 -3 18
3 119 -2 18
3 119 -1 18
3 119 0 18
3 119 1 18
3 119 2 18
3 119 3 18
3 119 4 18
3 119 5 16
3 119 6 9
4 119 -6 16
4 119 -5 16
4 119 -4 9
4 119 -3 18
4 119 -2 18
4 119 -1 18
4 119 0 18
4 119 1 18
4 119 2 18
4 119 3 18
4 119 4 9
4 119 5 16
4 119 6 16
5 119 -5 17
5 119 -4 9
5 119 -3 9
5 119 -2 16
5 119 -1 18
5 119 0 18
5 119 1 18
5 119 2 9
5 119 3 9
5 119 4 9
5 119 5 17
6 119 -4 9
6 119 -3 9
6 119 -2 9
6 119 -1 9
6 119 0 16
6 119 1 9
6 119 2 9
6 119 3 9
6 119 4 9
7 119 -2 16
7 119 -1 16
7 119 0 17
7 119 1 16
7 119 2 16
-7 120 -2 9
-7 120 -1 9
-7 120 0 17
-7 120 1 9
-7 120 2 9
-6 120 -4 9
-6 120 -3 9
-6 120 -2 16
-6 120 -1 9
-6 120 0 9
-6 120 1 16
-6 120 2 9
-6 120 3 16
-6 120 4 9
-5 120 -5 17
-5 120 -4 9
-5 120 -3 9
-5 120 -2 9
-5 120 -1 18
-5 120 0 18
-5 120 1 18
-5 120 2 16
-5 120 3 9
-5 120 4 16
-5 120 5 17
-4 120 -6 9
-4 120 -5 9
-4 120 -4 9
-4 120 -3 18
-4 120 -2 18
-4 120 -1 18
-4 120 0 18
-4 120 1 18
-4 120 2 18
-4 120 3 18
-4 120 4 9
-4 120 5 9
-4 120 6 16
-3 120 -6 9
-3 120 -5 9
-3 120 -4 18
-3 120 -3 18
-3 120 -2 18
-3 120 -1 18
-3 120 0 18
-3 120 1 18
-3 120 2 18
-3 120 3 18
-3 120 4 18
-3 120 5 9
-3 120 6 16
-2 120 -7 9
-2 120 -6 9
-2 120 -5 9
-2 120 -4 18
-2 120 -3 18
-2 120 -2 18
-2 120 -1 18
-2 120 0 18
-2 120 1 18
-2 120 2 18
-2 120 3 18
-2 120 4 18
-2 120 5 16
-2 120 6 9
-2 120 7 9
-1 120 -7 9
-1 120 -6 9
-1 120 -5 18
-1 120 -4 18
-1 120 -3 18
-1 120 -2 18
-1 120 -1 18
-1 120 0 18
-1 120 1 18
-1 120 2 18
-1 120 3 18
-1 120 4 18
-1 120 5 18
-1 120 6 9
-1 120 7 9
0 120 -7 17
0 120 -6 9
0 120 -5 18
0 120 -4 18
0 120 -3 18
0 120 -2 18
0 120 -1 18
0 120 0 17
0 120 1 18
0 120 2 18
0 120 3 18
0 120 4 18
0 120 5 18
0 120 6 9
0 120 7 17
1 120 -7 9
1 120 -6 9
1 120 -5 18
1 120 -4 18
1 120 -3 18
1 120 -2 1
1 120 -1 1
1 120 0 5
1 120 1 18
1 120 2 18
1 120 3 18
1 120 4 18
1 120 5 18
1 120 6 9
1 120 7 9
2 120 -7 9
2 120 -6 9
2 120 -5 9
2 120 -4 18
2 120 -3 18
2 120 -2 1
2 120 -1 1
2 120 0 5
2 120 1 18
2 120 2 18
2 120 3 18
2 120 4 18
2 120 5 9
2 120 6 9
2 120 7 9
3 120 -6 9
3 120 -5 9
3 120 -4 18
3 120 -3 18
3 120 -2 18
3 120 -1 18
3 120 0 18
3 120 1 18
3 120 2 18
3 120 3 18
3 120 4 18
3 120 5 9
3 120 6 9
4 120 -6 9
4 120 -5 16
4 120 -4 9
4 120 -3 18
4 120 -2 18
4 120 -1 18
4 120 0 18
4 120 1 18
4 120 2 18
4 120 3 18
4 120 4 9
4 120 5 9
4 120 6 16
5 120 -5 17
5 120 -4 16
5 120 -3 9
5 120 -2 9
5 120 -1 18
5 120 0 18
5 120 1 18
5 120 2 16
5 120 3 9
5 120 4 9
5 120 5 17
6 120 -4 9
6 120 -3 9
6 120 -2 9
6 120 -1 9
6 120 0 16
6 120 1 9
6 120 2 16
6 120 3 9
6 120 4 9
7 120 -2 9
7 120 -1 9
7 120 0 17
7 120 1 9
7 120 2 16
-7 121 -2 16
-7 121 -1 9
-7 121 0 17
-7 121 1 9
-7 121 2 9
-6 121 -4 9
-6 121 -3 9
-6 121 -2 16
-6 121 -1 16
-6 121 0 9
-6 121 1 9
-6 121 2 16
-6 121 3 16
-6 121 4 9
-5 121 -5 17
-5 121 -4 16
-5 121 -3 16
-5 121 -2 9
-5 121 -1 1
-5 121 0 1
-5 121 1 1
-5 121 2 16
-5 121 3 9
-5 121 4 9
-5 121 5 17
-4 121 -6 16
-4 121 -5 9
-4 121 -4 9
-4 121 -3 1
-4 121 -2 1
-4 121 -1 1
-4 121 0 1
-4 121 1 1
-4 121 2 1
-4 121 3 1
-4 121 4 9
-4 121 5 16
-4 121 6 9
-3 121 -6 9
-3 121 -5 9
-3 121 -4 1
-3 121 -3 1
-3 121 -2 1
-3 121 -1 1
-3 121 0 1
-3 121 1 1
-3 121 2 1
-3 121 3 1
-3 121 4 1
-3 121 5 9
-3 121 6 9
-2 121 -7 9
-2 121 -6 16
-2 121 -5 9
-2 121 -4 1
-2 121 -3 1
-2 121 -2 1
-2 121 -1 1
-2 121 0 18
-2 121 1 18
-2 121 2 18
-2 121 3 1
-2 121 4 1
-2 121 5 9
-2 121 6 9
-2 121 7 9
-1 121 -7 9
-1 121 -6 9
-1 121 -5 1
-1 121 -4 1
-1 121 -3 1
-1 121 -2 1
-1 121 -1 1
-1 121 0 18
-1 121 1 18
-1 121 2 18
-1 121 3 1
-1 121 4 1
-1 121 5 1
-1 121 6 9
-1 121 7 9
0 121 -7 17
0 121 -6 16
0 121 -5 1
0 121 -4 1
0 121 -3 1
0 121 -2 7
0 121 -1 7
0 121 0 17
0 121 1 18
0 121 2 18
0 121 3 1
0 121 4 1
0 121 5 1
0 121 6 9
0 121 7 17
1 121 -7 9
1 121 -6 9
1 121 -5 1
1 121 -4 1
1 121 -3 1
1 121 -2 18
1 121 -1 18
1 121 0 18
1 121 1 18
1 121 2 18
1 121 3 1
1 121 4 1
1 121 5 1
1 121 6 9
1 121 7 9
2 121 -7 9
2 121 -6 9
2 121 -5 9
2 121 -4 1
2 121 -3 1
2 121 -2 18
2 121 -1 18
2 121 0 18
2 121 1 18
2 121 2 18
2 121 3 1
2 121 4 1
2 121 5 9
2 121 6 16
2 121 7 9
3 121 -6 9
3 121 -5 9
3 121 -4 1
3 121 -3 1
3 121 -2 1
3 121 -1 1
3 121 0 1
3 121 1 1
3 121 2 1
3 121 3 1
3 121 4 1
3 121 5 9
3 121 6 9
4 121 -6 16
4 121 -5 9
4 121 -4 9
4 121 -3 1
4 121 -2 1
4 121 -1 1
4 121 0 1
4 121 1 1
4 121 2 1
4 121 3 1
4 121 4 9
4 121 5 9
4 121 6 9
5 121 -5 17
5 121 -4 9
5 121 -3 9
5 121 -2 9
5 121 -1 1
5 121 0 1
5 121 1 1
5 121 2 9
5 121 3 16
5 121 4 16
5 121 5 17
6 121 -4 16
6 121 -3 9
6 121 -2 16
6 121 -1 16
6 121 0 9
6 121 1 9
6 121 2 16
6 121 3 9
6 121 4 9
7 121 -2 9
7 121 -1 9
7 121 0 17
7 121 1 9
7 121 2 9
-7 122 -2 9
-7 122 -1 9
-7 122 0 17
-7 122 1 9
-7 122 2 16
-6 122 -4 16
-6 122 -3 9
-6 122 -2 9
-6 122 -1 9
-6 122 0 16
-6 122 1 9
-6 122 2 16
-6 122 3 9
-6 122 4 9
-5 122 -5 17
-5 122 -4 9
-5 122 -3 9
-5 122 -2 9
-5 122 -1 18
-5 122 0 18
-5 122 1 18
-5 122 2 9
-5 122 3 16
-5 122 4 9
-5 122 5 17
-4 122 -6 9
-4 122 -5 9
-4 122 -4 16
-4 122 -3 18
-4 122 -2 18
-4 122 -1 18
-4 122 0 18
-4 122 1 18
-4 122 2 18
-4 122 3 18
-4 122 4 16
-4 122 5 9
-4 122 6 9
-3 122 -6 16
-3 122 -5 9
-3 122 -4 18
-3 122 -3 18
-3 122 -2 18
-3 122 -1 18
-3 122 0 18
-3 122 1 18
-3 122 2 18
-3 122 3 18
-3 122 4 18
-3 122 5 9
-3 122 6 16
-2 122 -7 9
-2 122 -6 9
-2 122 -5 9
-2 122 -4 18
-2 122 -3 18
-2 122 -2 18
-2 122 -1 18
-2 122 0 4
-2 122 1 1
-2 122 2 1
-2 122 3 18
-2 122 4 18
-2 122 5 16
-2 122 6 9
-2 122 7 9
-1 122 -7 9
-1 122 -6 9
-1 122 -5 18
-1 122 -4 18
-1 122 -3 18
-1 122 -2 18
-1 122 -1 18
-1 122 0 4
-1 122 1 1
-1 122 2 1
-1 122 3 18
-1 122 4 18
-1 122 5 18
-1 122 6 9
-1 122 7 9
0 122 -7 17
0 122 -6 9
0 122 -5 18
0 122 -4 18
0 122 -3 18
0 122 -2 18
0 122 -1 18
0 122 0 17
0 122 1 18
0 122 2 18
0 122 3 18
0 122 4 18
0 122 5 18
0 122 6 9
0 122 7 17
1 122 -7 9
1 122 -6 9
1 122 -5 18
1 122 -4 18
1 122 -3 18
1 122 -2 18
1 122 -1 18
1 122 0 18
1 122 1 18
1 122 2 18
1 122 3 18
1 122 4 18
1 122 5 18
1 122 6 9
1 122 7 9
2 122 -7 9
2 122 -6 9
2 122 -5 9
2 122 -4 18
2 122 -3 18
2 122 -2 18
2 122 -1 18
2 122 0 18
2 122 1 18
2 122 2 18
2 122 3 18
2 122 4 18
2 122 5 9
2 122 6 9
2 122 7 9
3 122 -6 9
3 122 -5 9
3 122 -4 18
3 122 -3 18
3 122 -2 18
3 122 -1 18
3 122 0 18
3 122 1 18
3 122 2 18
3 122 3 18
3 122 4 18
3 122 5 9
3 122 6 9
4 122 -6 9
4 122 -5 16
4 122 -4 16
4 122 -3 18
4 122 -2 18
4 122 -1 18
4 122 0 18
4 122 1 18
4 122 2 18
4 122 3 18
4 122 4 16
4 122 5 9
4 122 6 9
5 122 -5 17
5 122 -4 9
5 122 -3 16
5 122 -2 16
5 122 -1 18
5 122 0 18
5 122 1 18
5 122 2 9
5 122 3 9
5 122 4 16
5 122 5 17
6 122 -4 16
6 122 -3 9
6 122 -2 16
6 122 -1 16
6 122 0 9
6 122 1 16
6 122 2 9
6 122 3 9
6 122 4 9
7 122 -2 9
7 122 -1 9
7 122 0 17
7 122 1 9
7 122 2 9
-7 123 -2 9
-7 123 -1 9
-7 123 0 17
-7 123 1 9
-7 123 2 16
-6 123 -4 9
-6 123 -3 9
-6 123 -2 9
-6 123 -1 9
-6 123 0 9
-6 123 1 9
-6 123 2 9
-6 123 3 9
-6 123 4 9
-5 123 -5 17
-5 123 -4 9
-5 123 -3 9
-5 123 -2 16
-5 123 -1 18
-5 123 0 18
-5 123 1 18
-5 123 2 9
-5 123 3 9
-5 123 4 9
-5 123 5 17
-4 123 -6 9
-4 123 -5 9
-4 123 -4 9
-4 123 -3 18
-4 123 -2 18
-4 123 -1 18
-4 123 0 18
-4 123 1 18
-4 123 2 18
-4 123 3 18
-4 123 4 9
-4 123 5 9
-4 123 6 9
-3 123 -6 16
-3 123 -5 9
-3 123 -4 18
-3 123 -3 18
-3 123 -2 18
-3 123 -1 18
-3 123 0 18
-3 123 1 18
-3 123 2 18
-3 123 3 18
-3 123 4 18
-3 123 5 9
-3 123 6 9
-2 123 -7 9
-2 123 -6 9
-2 123 -5 16
-2 123 -4 18
-2 123 -3 18
-2 123 -2 18
-2 123 -1 18
-2 123 0 18
-2 123 1 18
-2 123 2 18
-2 123 3 18
-2 123 4 18
-2 123 5 9
-2 123 6 9
-2 123 7 16
-1 123 -7 9
-1 123 -6 9
-1 123 -5 18
-1 123 -4 18
-1 123 -3 18
-1 123 -2 18
-1 123 -1 18
-1 123 0 18
-1 123 1 18
-1 123 2 18
-1 123 3 18
-1 123 4 18
-1 123 5 18
-1 123 6 9
-1 123 7 16
0 123 -7 17
0 123 -6 9
0 123 -5 18
0 123 -4 18
0 123 -3 18
0 123 -2 18
0 123 -1 18
0 123 0 17
0 123 1 0
0 123 2 0
0 123 3 18
0 123 4 18
0 123 5 18
0 123 6 9
0 123 7 17
1 123 -7 16
1 123 -6 16
1 123 -5 18
1 123 -4 18
1 123 -3 18
1 123 -2 18
1 123 -1 18
1 123 0 18
1 123 1 1
1 123 2 1
1 123 3 18
1 123 4 18
1 123 5 18
1 123 6 9
1 123 7 9
2 123 -7 9
2 123 -6 9
2 123 -5 9
2 123 -4 18
2 123 -3 18
2 123 -2 18
2 123 -1 18
2 123 0 18
2 123 1 1
2 123 2 1
2 123 3 18
2 123 4 18
2 123 5 9
2 123 6 9
2 123 7 9
3 123 -6 9
3 123 -5 9
3 123 -4 18
3 123 -3 18
3 123 -2 18
3 123 -1 18
3 123 0 18
3 123 1 18
3 123 2 18
3 123 3 18
3 123 4 18
3 123 5 9
3 123 6 9
4 123 -6 9
4 123 -5 16
4 123 -4 9
4 123 -3 18
4 123 -2 18
4 123 -1 18
4 123 0 18
4 123 1 18
4 123 2 18
4 123 3 18
4 123 4 9
4 123 5 9
4 123 6 16
5 123 -5 17
5 123 -4 9
5 123 -3 9
5 123 -2 9
5 123 -1 18
5 123 0 18
5 123 1 18
5 123 2 9
5 123 3 9
5 123 4 16
5 123 5 17
6 123 -4 9
6 123 -3 9
6 123 -2 9
6 123 -1 16
6 123 0 9
6 123 1 16
6 123 2 9
6 123 3 16
6 123 4 9
7 123 -2 9
7 123 -1 9
7 123 0 17
7 123 1 9
7 123 2 9
-7 124 -2 16
-7 124 -1 9
-7 124 0 17
-7 124 1 16
-7 124 2 9
-6 124 -4 9
-6 124 -3 9
-6 124 -2 18
-6 124 -1 9
-6 124 0 9
-6 124 1 16
-6 124 2 18
-6 124 3 16
-6 124 4 9
-5 124 -5 17
-5 124 -4 9
-5 124 -3 16
-5 124 -2 9
-5 124 -1 18
-5 124 0 18
-5 124 1 18
-5 124 2 9
-5 124 3 9
-5 124 4 16
-5 124 5 17
-4 124 -6 9
-4 124 -5 9
-4 124 -4 9
-4 124 -3 18
-4 124 -2 18
-4 124 -1 18
-4 124 0 18
-4 124 1 18
-4 124 2 18
-4 124 3 18
-4 124 4 9
-4 124 5 16
-4 124 6 9
-3 124 -6 16
-3 124 -5 9
-3 124 -4 18
-3 124 -3 18
-3 124 -2 18
-3 124 -1 18
-3 124 0 18
-3 124 1 18
-3 124 2 18
-3 124 3 18
-3 124 4 18
-3 124 5 9
-3 124 6 16
-2 124 -7 9
-2 124 -6 18
-2 124 -5 9
-2 124 -4 18
-2 124 -3 18
-2 124 -2 18
-2 124 -1 18
-2 124 0 18
-2 124 1 18
-2 124 2 18
-2 124 3 18
-2 124 4 18
-2 124 5 9
-2 124 6 18
-2 124 7 9
-1 124 -7 9
-1 124 -6 9
-1 124 -5 18
-1 124 -4 18
-1 124 -3 18
-1 124 -2 18
-1 124 -1 18
-1 124 0 18
-1 124 1 18
-1 124 2 18
-1 124 3 18
-1 124 4 18
-1 124 5 18
-1 124 6 16
-1 124 7 9
0 124 -7 17
0 124 -6 9
0 124 -5 18
0 124 -4 18
0 124 -3 18
0 124 -2 18
0 124 -1 18
0 124 0 17
0 124 1 18
0 124 2 18
0 124 3 18
0 124 4 18
0 124 5 18
0 124 6 9
0 124 7 17
1 124 -7 9
1 124 -6 9
1 124 -5 18
1 124 -4 18
1 124 -3 18
1 124 -2 1
1 124 -1 1
1 124 0 5
1 124 1 18
1 124 2 18
1 124 3 18
1 124 4 18
1 124 5 18
1 124 6 9
1 124 7 9
2 124 -7 9
2 124 -6 18
2 124 -5 9
2 124 -4 18
2 124 -3 18
2 124 -2 1
2 124 -1 1
2 124 0 5
2 124 1 18
2 124 2 18
2 124 3 18
2 124 4 18
2 124 5 16
2 124 6 18
2 124 7 9
3 124 -6 9
3 124 -5 9
3 124 -4 18
3 124 -3 18
3 124 -2 18
3 124 -1 18
3 124 0 18
3 124 1 18
3 124 2 18
3 124 3 18
3 124 4 18
3 124 5 9
3 124 6 9
4 124 -6 9
4 124 -5 9
4 124 -4 9
4 124 -3 18
4 124 -2 18
4 124 -1 18
4 124 0 18
4 124 1 18
4 124 2 18
4 124 3 18
4 124 4 9
4 124 5 9
4 124 6 9
5 124 -5 17
5 124 -4 9
5 124 -3 9
5 124 -2 9
5 124 -1 18
5 124 0 18
5 124 1 18
5 124 2 9
5 124 3 16
5 124 4 9
5 124 5 17
6 124 -4 9
6 124 -3 9
6 124 -2 18
6 124 -1 9
6 124 0 16
6 124 1 16
6 124 2 18
6 124 3 16
6 124 4 9
7 124 -2 9
7 124 -1 16
7 124 0 17
7 124 1 9
7 124 2 9
-7 125 -2 16
-7 125 -1 9
-7 125 0 17
-7 125 1 9
-7 125 2 9
-6 125 -4 9
-6 125 -3 9
-6 125 -2 18
-6 125 -1 9
-6 125 0 9
-6 125 1 9
-6 125 2 18
-6 125 3 9
-6 125 4 9
-5 125 -5 17
-5 125 -4 9
-5 125 -3 9
-5 125 -2 16
-5 125 -1 18
-5 125 0 18
-5 125 1 18
-5 125 2 9
-5 125 3 9
-5 125 4 9
-5 125 5 17
-4 125 -6 9
-4 125 -5 9
-4 125 -4 9
-4 125 -3 18
-4 125 -2 18
-4 125 -1 18
-4 125 0 18
-4 125 1 18
-4 125 2 18
-4 125 3 18
-4 125 4 16
-4 125 5 16
-4 125 6 9
-3 125 -6 9
-3 125 -5 16
-3 125 -4 18
-3 125 -3 18
-3 125 -2 18
-3 125 -1 18
-3 125 0 18
-3 125 1 18
-3 125 2 18
-3 125 3 18
-3 125 4 18
-3 125 5 9
-3 125 6 9
-2 125 -7 9
-2 125 -6 18
-2 125 -5 9
-2 125 -4 18
-2 125 -3 18
-2 125 -2 1
-2 125 -1 1
-2 125 0 18
-2 125 1 18
-2 125 2 18
-2 125 3 18
-2 125 4 18
-2 125 5 9
-2 125 6 18
-2 125 7 9
-1 125 -7 9
-1 125 -6 9
-1 125 -5 18
-1 125 -4 18
-1 125 -3 18
-1 125 -2 1
-1 125 -1 1
-1 125 0 18
-1 125 1 18
-1 125 2 18
-1 125 3 18
-1 125 4 18
-1 125 5 18
-1 125 6 9
-1 125 7 9
0 125 -7 17
0 125 -6 16
0 125 -5 18
0 125 -4 18
0 125 -3 18
0 125 -2 7
0 125 -1 7
0 125 0 17
0 125 1 18
0 125 2 18
0 125 3 18
0 125 4 18
0 125 5 18
0 125 6 9
0 125 7 17
1 125 -7 9
1 125 -6 9
1 125 -5 18
1 125 -4 18
1 125 -3 18
1 125 -2 18
1 125 -1 18
1 125 0 18
1 125 1 18
1 125 2 18
1 125 3 18
1 125 4 18
1 125 5 18
1 125 6 16
1 125 7 9
2 125 -7 16
2 125 -6 18
2 125 -5 9
2 125 -4 18
2 125 -3 18
2 125 -2 18
2 125 -1 18
2 125 0 18
2 125 1 18
2 125 2 18
2 125 3 18
2 125 4 18
2 125 5 9
2 125 6 18
2 125 7 9
3 125 -6 16
3 125 -5 9
3 125 -4 18
3 125 -3 18
3 125 -2 18
3 125 -1 18
3 125 0 18
3 125 1 18
3 125 2 18
3 125 3 18
3 125 4 18
3 125 5 16
3 125 6 9
4 125 -6 9
4 125 -5 9
4 125 -4 16
4 125 -3 18
4 125 -2 18
4 125 -1 18
4 125 0 18
4 125 1 18
4 125 2 18
4 125 3 18
4 125 4 9
4 125 5 9
4 125 6 16
5 125 -5 17
5 125 -4 9
5 125 -3 9
5 125 -2 9
5 125 -1 18
5 125 0 18
5 125 1 18
5 125 2 9
5 125 3 9
5 125 4 9
5 125 5 17
6 125 -4 9
6 125 -3 16
6 125 -2 18
6 125 -1 16
6 125 0 9
6 125 1 16
6 125 2 18
6 125 3 9
6 125 4 9
7 125 -2 16
7 125 -1 9
7 125 0 17
7 125 1 9
7 125 2 9
-7 126 -2 9
-7 126 -1 9
-7 126 0 17
-7 126 1 9
-7 126 2 9
-6 126 -4 16
-6 126 -3 9
-6 126 -2 18
-6 126 -1 9
-6 126 0 9
-6 126 1 9
-6 126 2 18
-6 126 3 9
-6 126 4 9
-5 126 -5 17
-5 126 -4 9
-5 126 -3 16
-5 126 -2 9
-5 126 -1 18
-5 126 0 18
-5 126 1 18
-5 126 2 16
-5 126 3 16
-5 126 4 9
-5 126 5 17
-4 126 -6 9
-4 126 -5 9
-4 126 -4 16
-4 126 -3 18
-4 126 -2 18
-4 126 -1 18
-4 126 0 18
-4 126 1 18
-4 126 2 18
-4 126 3 18
-4 126 4 9
-4 126 5 9
-4 126 6 9
-3 126 -6 16
-3 126 -5 16
-3 126 -4 18
-3 126 -3 18
-3 126 -2 18
-3 126 -1 18
-3 126 0 18
-3 126 1 18
-3 126 2 18
-3 126 3 18
-3 126 4 18
-3 126 5 16
-3 126 6 9
-2 126 -7 16
-2 126 -6 18
-2 126 -5 16
-2 126 -4 18
-2 126 -3 18
-2 126 -2 18
-2 126 -1 18
-2 126 0 4
-2 126 1 1
-2 126 2 1
-2 126 3 18
-2 126 4 18
-2 126 5 16
-2 126 6 18
-2 126 7 9
-1 126 -7 9
-1 126 -6 9
-1 126 -5 18
-1 126 -4 18
-1 126 -3 18
-1 126 -2 18
-1 126 -1 18
-1 126 0 4
-1 126 1 1
-1 126 2 1
-1 126 3 18
-1 126 4 18
-1 126 5 18
-1 126 6 9
-1 126 7 9
0 126 -7 17
0 126 -6 9
0 126 -5 18
0 126 -4 18
0 126 -3 18
0 126 -2 18
0 126 -1 18
0 126 0 17
0 126 1 18
0 126 2 18
0 126 3 18
0 126 4 18
0 126 5 18
0 126 6 9
0 126 7 17
1 126 -7 9
1 126 -6 9
1 126 -5 18
1 126 -4 18
1 126 -3 18
1 126 -2 18
1 126 -1 18
1 126 0 18
1 126 1 18
1 126 2 18
1 126 3 18
1 126 4 18
1 126 5 18
1 126 6 9
1 126 7 9
2 126 -7 9
2 126 -6 18
2 126 -5 9
2 126 -4 18
2 126 -3 18
2 126 -2 18
2 126 -1 18
2 126 0 18
2 126 1 18
2 126 2 18
2 126 3 18
2 126 4 18
2 126 5 9
2 126 6 18
2 126 7 9
3 126 -6 9
3 126 -5 16
3 126 -4 18
3 126 -3 18
3 126 -2 18
3 126 -1 18
3 126 0 18
3 126 1 18
3 126 2 18
3 126 3 18
3 126 4 18
3 126 5 16
3 126 6 9
4 126 -6 9
4 126 -5 9
4 126 -4 9
4 126 -3 18
4 126 -2 18
4 126 -1 18
4 126 0 18
4 126 1 18
4 126 2 18
4 126 3 18
4 126 4 16
4 126 5 9
4 126 6 9
5 126 -5 17
5 126 -4 16
5 126 -3 16
5 126 -2 9
5 126 -1 18
5 126 0 18
5 126 1 18
5 126 2 9
5 126 3 16
5 126 4 16
5 126 5 17
6 126 -4 9
6 126 -3 9
6 126 -2 18
6 126 -1 16
6 126 0 9
6 126 1 9
6 126 2 18
6 126 3 9
6 126 4 16
7 126 -2 9
7 126 -1 9
7 126 0 17
7 126 1 9
7 126 2 9
-7 127 -2 9
-7 127 -1 9
-7 127 0 17
-7 127 1 9
-7 127 2 9
-6 127 -4 9
-6 127 -3 9
-6 127 -2 9
-6 127 -1 9
-6 127 0 16
-6 127 1 16
-6 127 2 9
-6 127 3 9
-6 127 4 16
-5 127 -5 27
-5 127 -4 9
-5 127 -3 9
-5 127 -2 16
-5 127 -1 18
-5 127 0 18
-5 127 1 18
-5 127 2 9
-5 127 3 16
-5 127 4 16
-5 127 5 27
-4 127 -6 9
-4 127 -5 9
-4 127 -4 16
-4 127 -3 18
-4 127 -2 18
-4 127 -1 18
-4 127 0 18
-4 127 1 18
-4 127 2 18
-4 127 3 18
-4 127 4 16
-4 127 5 9
-4 127 6 16
-3 127 -6 16
-3 127 -5 16
-3 127 -4 18
-3 127 -3 18
-3 127 -2 18
-3 127 -1 18
-3 127 0 18
-3 127 1 18
-3 127 2 18
-3 127 3 18
-3 127 4 18
-3 127 5 9
-3 127 6 16
-2 127 -7 9
-2 127 -6 16
-2 127 -5 9
-2 127 -4 18
-2 127 -3 18
-2 127 -2 18
-2 127 -1 18
-2 127 0 18
-2 127 1 18
-2 127 2 18
-2 127 3 18
-2 127 4 18
-2 127 5 9
-2 127 6 9
-2 127 7 9
-1 127 -7 9
-1 127 -6 16
-1 127 -5 18
-1 127 -4 18
-1 127 -3 18
-1 127 -2 18
-1 127 -1 18
-1 127 0 18
-1 127 1 18
-1 127 2 18
-1 127 3 18
-1 127 4 18
-1 127 5 18
-1 127 6 9
-1 127 7 9
0 127 -7 17
0 127 -6 9
0 127 -5 18
0 127 -4 18
0 127 -3 18
0 127 -2 18
0 127 -1 18
0 127 0 17
0 127 1 0
0 127 2 0
0 127 3 18
0 127 4 18
0 127 5 18
0 127 6 9
0 127 7 17
1 127 -7 9
1 127 -6 16
1 127 -5 18
1 127 -4 18
1 127 -3 18
1 127 -2 18
1 127 -1 18
1 127 0 18
1 127 1 1
1 127 2 1
1 127 3 18
1 127 4 18
1 127 5 18
1 127 6 9
1 127 7 9
2 127 -7 16
2 127 -6 9
2 127 -5 9
2 127 -4 18
2 127 -3 18
2 127 -2 18
2 127 -1 18
2 127 0 18
2 127 1 1
2 127 2 1
2 127 3 18
2 127 4 18
2 127 5 16
2 127 6 16
2 127 7 9
3 127 -6 9
3 127 -5 9
3 127 -4 18
3 127 -3 18
3 127 -2 18
3 127 -1 18
3 127 0 18
3 127 1 18
3 127 2 18
3 127 3 18
3 127 4 18
3 127 5 16
3 127 6 9
4 127 -6 9
4 127 -5 9
4 127 -4 16
4 127 -3 18
4 127 -2 18
4 127 -1 18
4 127 0 18
4 127 1 18
4 127 2 18
4 127 3 18
4 127 4 16
4 127 5 9
4 127 6 16
5 127 -5 27
5 127 -4 9
5 127 -3 16
5 127 -2 16
5 127 -1 18
5 127 0 18
5 127 1 18
5 127 2 9
5 127 3 9
5 127 4 9
5 127 5 27
6 127 -4 9
6 127 -3 9
6 127 -2 9
6 127 -1 9
6 127 0 9
6 127 1 9
6 127 2 9
6 127 3 9
6 127 4 9
7 127 -2 9
7 127 -1 9
7 127 0 17
7 127 1 9
7 127 2 9
-7 128 -2 15
-7 128 -1 15
-7 128 0 15
-7 128 1 1
-7 128 2 1
-6 128 -4 1
-6 128 -3 1
-6 128 -2 9
-6 128 -1 9
-6 128 0 9
-6 128 1 9
-6 128 2 9
-6 128 3 15
-6 128 4 15
-5 128 -5 30
-5 128 -4 9
-5 128 -3 9
-5 128 -2 16
-5 128 -1 18
-5 128 0 18
-5 128 1 18
-5 128 2 9
-5 128 3 9
-5 128 4 9
-5 128 5 30
-4 128 -6 15
-4 128 -5 9
-4 128 -4 9
-4 128 -3 18
-4 128 -2 18
-4 128 -1 18
-4 128 0 18
-4 128 1 18
-4 128 2 18
-4 128 3 18
-4 128 4 9
-4 128 5 9
-4 128 6 1
-3 128 -6 15
-3 128 -5 9
-3 128 -4 18
-3 128 -3 18
-3 128 -2 18
-3 128 -1 18
-3 128 0 18
-3 128 1 18
-3 128 2 18
-3 128 3 18
-3 128 4 18
-3 128 5 9
-3 128 6 1
-2 128 -7 1
-2 128 -6 9
-2 128 -5 9
-2 128 -4 18
-2 128 -3 18
-2 128 -2 18
-2 128 -1 18
-2 128 0 18
-2 128 1 18
-2 128 2 18
-2 128 3 18
-2 128 4 18
-2 128 5 9
-2 128 6 9
-2 128 7 15
-1 128 -7 1
-1 128 -6 9
-1 128 -5 18
-1 128 -4 18
-1 128 -3 18
-1 128 -2 18
-1 128 -1 18
-1 128 0 18
-1 128 1 18
-1 128 2 18
-1 128 3 18
-1 128 4 18
-1 128 5 18
-1 128 6 9
-1 128 7 15
0 128 -7 15
0 128 -6 9
0 128 -5 18
0 128 -4 18
0 128 -3 18
0 128 -2 18
0 128 -1 18
0 128 0 17
0 128 1 18
0 128 2 18
0 128 3 18
0 128 4 18
0 128 5 18
0 128 6 9
0 128 7 15
1 128 -7 15
1 128 -6 9
1 128 -5 18
1 128 -4 18
1 128 -3 18
1 128 -2 1
1 128 -1 1
1 128 0 5
1 128 1 18
1 128 2 18
1 128 3 18
1 128 4 18
1 128 5 18
1 128 6 16
1 128 7 1
2 128 -7 15
2 128 -6 9
2 128 -5 9
2 128 -4 18
2 128 -3 18
2 128 -2 1
2 128 -1 1
2 128 0 5
2 128 1 18
2 128 2 18
2 128 3 18
2 128 4 18
2 128 5 16
2 128 6 9
2 128 7 1
3 128 -6 1
3 128 -5 9
3 128 -4 18
3 128 -3 18
3 128 -2 18
3 128 -1 18
3 128 0 18
3 128 1 18
3 128 2 18
3 128 3 18
3 128 4 18
3 128 5 9
3 128 6 15
4 128 -6 1
4 128 -5 16
4 128 -4 9
4 128 -3 18
4 128 -2 18
4 128 -1 18
4 128 0 18
4 128 1 18
4 128 2 18
4 128 3 18
4 128 4 9
4 128 5 9
4 128 6 15
5 128 -5 30
5 128 -4 16
5 128 -3 9
5 128 -2 9
5 128 -1 18
5 128 0 18
5 128 1 18
5 128 2 9
5 128 3 9
5 128 4 9
5 128 5 30
6 128 -4 15
6 128 -3 15
6 128 -2 9
6 128 -1 16
6 128 0 9
6 128 1 16
6 128 2 9
6 128 3 1
6 128 4 1
7 128 -2 1
7 128 -1 1
7 128 0 15
7 128 1 15
7 128 2 15
-7 129 -2 9
-7 129 -1 9
-7 129 0 17
-7 129 1 9
-7 129 2 9
-6 129 -4 9
-6 129 -3 9
-6 129 -2 9
-6 129 -1 9
-6 129 0 9
-6 129 1 9
-6 129 2 9
-6 129 3 16
-6 129 4 9
-5 129 -5 30
-5 129 -4 16
-5 129 -3 16
-5 129 -2 9
-5 129 -1 18
-5 129 0 18
-5 129 1 18
-5 129 2 16
-5 129 3 9
-5 129 4 9
-5 129 5 30
-4 129 -6 9
-4 129 -5 9
-4 129 -4 16
-4 129 -3 18
-4 129 -2 18
-4 129 -1 18
-4 129 0 18
-4 129 1 18
-4 129 2 18
-4 129 3 18
-4 129 4 16
-4 129 5 16
-4 129 6 9
-3 129 -6 9
-3 129 -5 9
-3 129 -4 18
-3 129 -3 18
-3 129 -2 18
-3 129 -1 18
-3 129 0 18
-3 129 1 18
-3 129 2 18
-3 129 3 18
-3 129 4 18
-3 129 5 9
-3 129 6 9
-2 129 -7 9
-2 129 -6 9
-2 129 -5 9
-2 129 -4 18
-2 129 -3 18
-2 129 -2 1
-2 129 -1 1
-2 129 0 18
-2 129 1 18
-2 129 2 18
-2 129 3 18
-2 129 4 18
-2 129 5 16
-2 129 6 16
-2 129 7 9
-1 129 -7 9
-1 129 -6 9
-1 129 -5 18
-1 129 -4 18
-1 129 -3 18
-1 129 -2 1
-1 129 -1 1
-1 129 0 18
-1 129 1 18
-1 129 2 18
-1 129 3 18
-1 129 4 18
-1 129 5 18
-1 129 6 16
-1 129 7 9
0 129 -7 17
0 129 -6 16
0 129 -5 18
0 129 -4 18
0 129 -3 18
0 129 -2 7
0 129 -1 7
0 129 0 17
0 129 1 18
0 129 2 18
0 129 3 18
0 129 4 18
0 129 5 18
0 129 6 16
0 129 7 17
1 129 -7 9
1 129 -6 9
1 129 -5 18
1 129 -4 18
1 129 -3 18
1 129 -2 18
1 129 -1 18
1 129 0 18
1 129 1 18
1 129 2 18
1 129 3 18
1 129 4 18
1 129 5 18
1 129 6 16
1 129 7 9
2 129 -7 9
2 129 -6 16
2 129 -5 9
2 129 -4 18
2 129 -3 18
2 129 -2 18
2 129 -1 18
2 129 0 18
2 129 1 18
2 129 2 18
2 129 3 18
2 129 4 18
2 129 5 9
2 129 6 9
2 129 7 9
3 129 -6 9
3 129 -5 9
3 129 -4 18
3 129 -3 18
3 129 -2 18
3 129 -1 18
3 129 0 18
3 129 1 18
3 129 2 18
3 129 3 18
3 129 4 18
3 129 5 9
3 129 6 9
4 129 -6 9
4 129 -5 9
4 129 -4 16
4 129 -3 18
4 129 -2 18
4 129 -1 18
4 129 0 18
4 129 1 18
4 129 2 18
4 129 3 18
4 129 4 16
4 129 5 16
4 129 6 9
5 129 -5 30
5 129 -4 16
5 129 -3 9
5 129 -2 9
5 129 -1 18
5 129 0 18
5 129 1 18
5 129 2 16
5 129 3 16
5 129 4 9
5 129 5 30
6 129 -4 16
6 129 -3 9
6 129 -2 9
6 129 -1 16
6 129 0 9
6 129 1 16
6 129 2 9
6 129 3 16
6 129 4 16
7 129 -2 9
7 129 -1 9
7 129 0 17
7 129 1 9
7 129 2 9
-8 130 -1 31
-8 130 0 31
-8 130 1 31
-7 130 -4 31
-7 130 -3 31
-7 130 -2 31
-7 130 -1 16
-7 130 0 17
-7 130 1 9
-7 130 2 31
-7 130 3 31
-7 130 4 31
-6 130 -5 31
-6 130 -4 31
-6 130 -3 9
-6 130 -2 9
-6 130 -1 9
-6 130 0 9
-6 130 1 9
-6 130 2 9
-6 130 3 9
-6 130 4 31
-6 130 5 31
-5 130 -6 34
-5 130 -5 17
-5 130 -4 9
-5 130 -3 9
-5 130 -2 9
-5 130 -1 18
-5 130 0 18
-5 130 1 18
-5 130 2 9
-5 130 3 9
-5 130 4 9
-5 130 5 17
-5 130 6 35
-4 130 -7 34
-4 130 -6 34
-4 130 -5 9
-4 130 -4 9
-4 130 -3 18
-4 130 -2 18
-4 130 -1 18
-4 130 0 18
-4 130 1 18
-4 130 2 18
-4 130 3 18
-4 130 4 9
-4 130 5 16
-4 130 6 35
-4 130 7 35
-3 130 -7 34
-3 130 -6 9
-3 130 -5 9
-3 130 -4 18
-3 130 -3 18
-3 130 -2 18
-3 130 -1 18
-3 130 0 18
-3 130 1 18
-3 130 2 18
-3 130 3 18
-3 130 4 18
-3 130 5 9
-3 130 6 9
-3 130 7 35
-2 130 -7 34
-2 130 -6 9
-2 130 -5 16
-2 130 -4 18
-2 130 -3 18
-2 130 -2 18
-2 130 -1 18
-2 130 0 4
-2 130 1 1
-2 130 2 1
-2 130 3 18
-2 130 4 18
-2 130 5 9
-2 130 6 9
-2 130 7 35
-1 130 -8 34
-1 130 -7 9
-1 130 -6 16
-1 130 -5 18
-1 130 -4 18
-1 130 -3 18
-1 130 -2 18
-1 130 -1 18
-1 130 0 4
-1 130 1 1
-1 130 2 1
-1 130 3 18
-1 130 4 18
-1 130 5 18
-1 130 6 9
-1 130 7 9
-1 130 8 35
0 130 -8 34
0 130 -7 17
0 130 -6 9
0 130 -5 18
0 130 -4 18
0 130 -3 18
0 130 -2 18
0 130 -1 18
0 130 0 17
0 130 1 18
0 130 2 18
0 130 3 18
0 130 4 18
0 130 5 18
0 130 6 16
0 130 7 17
0 130 8 35
1 130 -8 34
1 130 -7 9
1 130 -6 9
1 130 -5 18
1 130 -4 18
1 130 -3 18
1 130 -2 18
1 130 -1 18
1 130 0 18
1 130 1 18
1 130 2 18
1 130 3 18
1 130 4 18
1 130 5 18
1 130 6 9
1 130 7 9
1 130 8 35
2 130 -7 34
2 130 -6 9
2 130 -5 9
2 130 -4 18
2 130 -3 18
2 130 -2 18
2 130 -1 18
2 130 0 18
2 130 1 18
2 130 2 18
2 130 3 18
2 130 4 18
2 130 5 9
2 130 6 9
2 130 7 35
3 130 -7 34
3 130 -6 9
3 130 -5 9
3 130 -4 18
3 130 -3 18
3 130 -2 18
3 130 -1 18
3 130 0 18
3 130 1 18
3 130 2 18
3 130 3 18
3 130 4 18
3 130 5 9
3 130 6 9
3 130 7 35
4 130 -7 34
4 130 -6 34
4 130 -5 9
4 130 -4 9
4 130 -3 18
4 130 -2 18
4 130 -1 18
4 130 0 18
4 130 1 18
4 130 2 18
4 130 3 18
4 130 4 9
4 130 5 9
4 130 6 35
4 130 7 35
5 130 -6 34
5 130 -5 17
5 130 -4 9
5 130 -3 9
5 130 -2 9
5 130 -1 18
5 130 0 18
5 130 1 18
5 130 2 16
5 130 3 9
5 130 4 9
5 130 5 17
5 130 6 35
6 130 -5 37
6 130 -4 37
6 130 -3 9
6 130 -2 9
6 130 -1 9
6 130 0 9
6 130 1 9
6 130 2 9
6 130 3 16
6 130 4 37
6 130 5 37
7 130 -4 37
7 130 -3 37
7 130 -2 37
7 130 -1 9
7 130 0 17
7 130 1 16
7 130 2 37
7 130 3 37
7 130 4 37
8 130 -1 37
8 130 0 37
8 130 1 37
-8 131 -1 1
-8 131 0 1
-8 131 1 1
-7 131 -4 1
-7 131 -3 1
-7 131 -2 1
-7 131 -1 1
-7 131 0 1
-7 131 1 1
-7 131 2 1
-7 131 3 1
-7 131 4 1
-6 131 -5 1
-6 131 -4 1
-6 131 -3 1
-6 131 -2 1
-6 131 -1 1
-6 131 0 1
-6 131 1 1
-6 131 2 1
-6 131 3 1
-6 131 4 1
-6 131 5 1
-5 131 -6 1
-5 131 -5 1
-5 131 -4 1
-5 131 -3 1
-5 131 -2 9
-5 131 -1 9
-5 131 0 17
-5 131 1 16
-5 131 2 9
-5 131 3 1
-5 131 4 1
-5 131 5 1
-5 131 6 1
-4 131 -7 1
-4 131 -6 1
-4 131 -5 1
-4 131 -4 1
-4 131 -3 9
-4 131 -2 9
-4 131 -1 9
-4 131 0 9
-4 131 1 9
-4 131 2 16
-4 131 3 9
-4 131 4 1
-4 131 5 1
-4 131 6 1
-4 131 7 1
-3 131 -7 1
-3 131 -6 1
-3 131 -5 1
-3 131 -4 9
-3 131 -3 16
-3 131 -2 9
-3 131 -1 1
-3 131 0 1
-3 131 1 1
-3 131 2 9
-3 131 3 9
-3 131 4 9
-3 131 5 1
-3 131 6 1
-3 131 7 1
-2 131 -7 1
-2 131 -6 1
-2 131 -5 9
-2 131 -4 9
-2 131 -3 9
-2 131 -2 18
-2 131 -1 18
-2 131 0 18
-2 131 1 18
-2 131 2 18
-2 131 3 9
-2 131 4 16
-2 131 5 16
-2 131 6 1
-2 131 7 1
-1 131 -8 1
-1 131 -7 1
-1 131 -6 1
-1 131 -5 9
-1 131 -4 16
-1 131 -3 1
-1 131 -2 18
-1 131 -1 18
-1 131 0 18
-1 131 1 18
-1 131 2 18
-1 131 3 1
-1 131 4 9
-1 131 5 16
-1 131 6 1
-1 131 7 1
-1 131 8 1
0 131 -8 1
0 131 -7 1
0 131 -6 1
0 131 -5 17
0 131 -4 9
0 131 -3 1
0 131 -2 18
0 131 -1 18
0 131 0 17
0 131 1 0
0 131 2 0
0 131 3 1
0 131 4 9
0 131 5 17
0 131 6 1
0 131 7 1
0 131 8 1
1 131 -8 1
1 131 -7 1
1 131 -6 1
1 131 -5 16
1 131 -4 9
1 131 -3 1
1 131 -2 18
1 131 -1 18
1 131 0 18
1 131 1 1
1 131 2 1
1 131 3 1
1 131 4 9
1 131 5 9
1 131 6 1
1 131 7 1
1 131 8 1
2 131 -7 1
2 131 -6 1
2 131 -5 9
2 131 -4 9
2 131 -3 9
2 131 -2 18
2 131 -1 18
2 131 0 18
2 131 1 1
2 131 2 1
2 131 3 9
2 131 4 9
2 131 5 16
2 131 6 1
2 131 7 1
3 131 -7 1
3 131 -6 1
3 131 -5 1
3 131 -4 9
3 131 -3 9
3 131 -2 16
3 131 -1 1
3 131 0 1
3 131 1 1
3 131 2 16
3 131 3 16
3 131 4 9
3 131 5 1
3 131 6 1
3 131 7 1
4 131 -7 1
4 131 -6 1
4 131 -5 1
4 131 -4 1
4 131 -3 16
4 131 -2 9
4 131 -1 9
4 131 0 9
4 131 1 16
4 131 2 9
4 131 3 9
4 131 4 1
4 131 5 1
4 131 6 1
4 131 7 1
5 131 -6 1
5 131 -5 1
5 131 -4 1
5 131 -3 1
5 131 -2 16
5 131 -1 16
5 131 0 17
5 131 1 9
5 131 2 9
5 131 3 1
5 131 4 1
5 131 5 1
5 131 6 1
6 131 -5 1
6 131 -4 1
6 131 -3 1
6 131 -2 1
6 131 -1 1
6 131 0 1
6 131 1 1
6 131 2 1
6 131 3 1
6 131 4 1
6 131 5 1
7 131 -4 1
7 131 -3 1
7 131 -2 1
7 131 -1 1
7 131 0 1
7 131 1 1
7 131 2 1
7 131 3 1
7 131 4 1
8 131 -1 1
8 131 0 1
8 131 1 1
-8 132 -1 16
-8 132 0 9
-8 132 1 39
-7 132 -4 61
-7 132 -3 41
-7 132 -2 39
-7 132 2 40
-7 132 3 16
-7 132 4 9
-6 132 -5 9
-6 132 -4 16
-6 132 4 64
-6 132 5 39
-5 132 -6 46
-5 132 -2 9
-5 132 -1 9
-5 132 0 18
-5 132 1 9
-5 132 2 9
-5 132 6 9
-4 132 -7 9
-4 132 -6 63
-4 132 -3 9
-4 132 -2 9
-4 132 -1 9
-4 132 0 18
-4 132 1 9
-4 132 2 16
-4 132 3 9
-4 132 6 9
-4 132 7 62
-3 132 -7 9
-3 132 -4 9
-3 132 -3 16
-3 132 -2 9
-3 132 -1 18
-3 132 0 18
-3 132 1 18
-3 132 2 9
-3 132 3 9
-3 132 4 9
-3 132 7 47
-2 132 -7 48
-2 132 -5 9
-2 132 -4 9
-2 132 -3 9
-2 132 -2 18
-2 132 -1 18
-2 132 0 18
-2 132 1 18
-2 132 2 18
-2 132 3 16
-2 132 4 16
-2 132 5 9
-2 132 7 48
-1 132 -8 46
-1 132 -5 16
-1 132 -4 9
-1 132 -3 18
-1 132 -2 18
-1 132 -1 18
-1 132 0 18
-1 132 1 18
-1 132 2 18
-1 132 3 18
-1 132 4 9
-1 132 5 9
-1 132 8 16
0 132 -8 9
0 132 -5 18
0 132 -4 18
0 132 -3 18
0 132 -2 18
0 132 -1 18
0 132 0 17
0 132 1 18
0 132 2 18
0 132 3 18
0 132 4 18
0 132 5 18
0 132 8 16
1 132 -8 9
1 132 -5 9
1 132 -4 9
1 132 -3 18
1 132 -2 1
1 132 -1 1
1 132 0 5
1 132 1 18
1 132 2 18
1 132 3 18
1 132 4 9
1 132 5 16
1 132 8 48
2 132 -7 46
2 132 -5 9
2 132 -4 16
2 132 -3 9
2 132 -2 1
2 132 -1 1
2 132 0 5
2 132 1 18
2 132 2 18
2 132 3 9
2 132 4 9
2 132 5 9
2 132 7 46
3 132 -7 47
3 132 -4 9
3 132 -3 9
3 132 -2 9
3 132 -1 18
3 132 0 18
3 132 1 18
3 132 2 16
3 132 3 16
3 132 4 9
3 132 7 9
4 132 -7 64
4 132 -6 9
4 132 -3 9
4 132 -2 9
4 132 -1 16
4 132 0 18
4 132 1 16
4 132 2 16
4 132 3 9
4 132 6 61
4 132 7 16
5 132 -6 9
5 132 -2 9
5 132 -1 9
5 132 0 18
5 132 1 9
5 132 2 9
5 132 6 48
6 132 -5 40
6 132 -4 62
6 132 4 9
6 132 5 16
7 132 -4 9
7 132 -3 16
7 132 -2 39
7 132 2 40
7 132 3 41
7 132 4 63
8 132 -1 40
8 132 0 9
8 132 1 9
-8 133 -1 52
-8 133 0 52
-7 133 3 52
-7 133 4 52
-6 133 -5 52
-6 133 -4 52
-5 133 -2 9
-5 133 -1 9
-5 133 0 18
-5 133 1 9
-5 133 2 9
-5 133 6 52
-4 133 -7 52
-4 133 -3 16
-4 133 -2 9
-4 133 -1 9
-4 133 0 18
-4 133 1 16
-4 133 2 9
-4 133 3 16
-4 133 6 52
-3 133 -7 52
-3 133 -4 16
-3 133 -3 9
-3 133 -2 9
-3 133 -1 18
-3 133 0 18
-3 133 1 18
-3 133 2 9
-3 133 3 9
-3 133 4 9
-2 133 -5 9
-2 133 -4 9
-2 133 -3 9
-2 133 -2 1
-2 133 -1 1
-2 133 0 18
-2 133 1 18
-2 133 2 18
-2 133 3 9
-2 133 4 9
-2 133 5 16
-1 133 -5 9
-1 133 -4 9
-1 133 -3 18
-1 133 -2 1
-1 133 -1 1
-1 133 0 18
-1 133 1 18
-1 133 2 18
-1 133 3 18
-1 133 4 9
-1 133 5 9
-1 133 8 52
0 133 -8 52
0 133 -5 18
0 133 -4 18
0 133 -3 18
0 133 -2 7
0 133 -1 7
0 133 0 17
0 133 1 18
0 133 2 18
0 133 3 18
0 133 4 18
0 133 5 18
0 133 8 52
1 133 -8 52
1 133 -5 9
1 133 -4 9
1 133 -3 18
1 133 -2 18
1 133 -1 18
1 133 0 18
1 133 1 18
1 133 2 18
1 133 3 18
1 133 4 9
1 133 5 9
2 133 -5 9
2 133 -4 9
2 133 -3 9
2 133 -2 18
2 133 -1 18
2 133 0 18
2 133 1 18
2 133 2 18
2 133 3 16
2 133 4 9
2 133 5 16
3 133 -4 9
3 133 -3 9
3 133 -2 9
3 133 -1 18
3 133 0 18
3 133 1 18
3 133 2 9
3 133 3 9
3 133 4 9
3 133 7 52
4 133 -6 52
4 133 -3 9
4 133 -2 16
4 133 -1 9
4 133 0 18
4 133 1 16
4 133 2 9
4 133 3 9
4 133 7 52
5 133 -6 52
5 133 -2 9
5 133 -1 9
5 133 0 18
5 133 1 9
5 133 2 9
6 133 4 52
6 133 5 52
7 133 -4 52
7 133 -3 52
8 133 0 52
8 133 1 52
-5 134 -2 65
-5 134 -1 16
-5 134 0 18
-5 134 1 9
-5 134 2 66
-4 134 -3 16
-4 134 -2 18
-4 134 -1 16
-4 134 0 18
-4 134 1 9
-4 134 2 18
-4 134 3 9
-3 134 -4 9
-3 134 -3 9
-3 134 -2 16
-3 134 -1 18
-3 134 0 18
-3 134 1 18
-3 134 2 16
-3 134 3 9
-3 134 4 16
-2 134 -5 67
-2 134 -4 18
-2 134 -3 9
-2 134 -2 18
-2 134 -1 18
-2 134 0 4
-2 134 1 1
-2 134 2 1
-2 134 3 9
-2 134 4 18
-2 134 5 67
-1 134 -5 9
-1 134 -4 9
-1 134 -3 18
-1 134 -2 18
-1 134 -1 18
-1 134 0 4
-1 134 1 1
-1 134 2 1
-1 134 3 18
-1 134 4 9
-1 134 5 9
0 134 -5 18
0 134 -4 18
0 134 -3 18
0 134 -2 18
0 134 -1 18
0 134 0 17
0 134 1 18
0 134 2 18
0 134 3 18
0 134 4 18
0 134 5 18
1 134 -5 9
1 134 -4 16
1 134 -3 18
1 134 -2 18
1 134 -1 18
1 134 0 18
1 134 1 18
1 134 2 18
1 134 3 18
1 134 4 9
1 134 5 9
2 134 -5 68
2 134 -4 18
2 134 -3 16
2 134 -2 18
2 134 -1 18
2 134 0 18
2 134 1 18
2 134 2 18
2 134 3 16
2 134 4 18
2 134 5 68
3 134 -4 16
3 134 -3 9
3 134 -2 9
3 134 -1 18
3 134 0 18
3 134 1 18
3 134 2 9
3 134 3 9
3 134 4 9
4 134 -3 16
4 134 -2 18
4 134 -1 9
4 134 0 18
4 134 1 16
4 134 2 18
4 134 3 9
5 134 -2 65
5 134 -1 9
5 134 0 18
5 134 1 16
5 134 2 66
-5 135 -2 65
-5 135 -1 9
-5 135 0 15
-5 135 1 9
-5 135 2 66
-4 135 -3 9
-4 135 -2 18
-4 135 -1 9
-4 135 0 15
-4 135 1 9
-4 135 2 18
-4 135 3 9
-3 135 -4 9
-3 135 -3 9
-3 135 -2 9
-3 135 -1 18
-3 135 0 18
-3 135 1 18
-3 135 2 9
-3 135 3 9
-3 135 4 9
-2 135 -5 67
-2 135 -4 18
-2 135 -3 9
-2 135 -2 18
-2 135 -1 18
-2 135 0 18
-2 135 1 18
-2 135 2 18
-2 135 3 16
-2 135 4 18
-2 135 5 67
-1 135 -5 9
-1 135 -4 9
-1 135 -3 18
-1 135 -2 18
-1 135 -1 18
-1 135 0 18
-1 135 1 18
-1 135 2 18
-1 135 3 18
-1 135 4 9
-1 135 5 16
0 135 -5 15
0 135 -4 15
0 135 -3 18
0 135 -2 18
0 135 -1 18
0 135 0 17
0 135 1 0
0 135 2 0
0 135 3 18
0 135 4 15
0 135 5 15
1 135 -5 16
1 135 -4 9
1 135 -3 18
1 135 -2 18
1 135 -1 18
1 135 0 18
1 135 1 1
1 135 2 1
1 135 3 18
1 135 4 9
1 135 5 9
2 135 -5 68
2 135 -4 18
2 135 -3 9
2 135 -2 18
2 135 -1 18
2 135 0 18
2 135 1 1
2 135 2 1
2 135 3 9
2 135 4 18
2 135 5 68
3 135 -4 9
3 135 -3 9
3 135 -2 9
3 135 -1 18
3 135 0 18
3 135 1 18
3 135 2 16
3 135 3 9
3 135 4 9
4 135 -3 9
4 135 -2 18
4 135 -1 9
4 135 0 15
4 135 1 9
4 135 2 18
4 135 3 16
5 135 -2 65
5 135 -1 9
5 135 0 15
5 135 1 9
5 135 2 66
-5 136 -2 65
-5 136 -1 9
-5 136 0 17
-5 136 1 9
-5 136 2 66
-4 136 -3 9
-4 136 -2 18
-4 136 -1 9
-4 136 0 9
-4 136 1 9
-4 136 2 18
-4 136 3 9
-3 136 -4 9
-3 136 -3 9
-3 136 -2 9
-3 136 -1 18
-3 136 0 18
-3 136 1 18
-3 136 2 9
-3 136 3 9
-3 136 4 16
-2 136 -5 67
-2 136 -4 18
-2 136 -3 9
-2 136 -2 18
-2 136 -1 18
-2 136 0 18
-2 136 1 18
-2 136 2 18
-2 136 3 9
-2 136 4 18
-2 136 5 67
-1 136 -5 16
-1 136 -4 9
-1 136 -3 18
-1 136 -2 18
-1 136 -1 18
-1 136 0 18
-1 136 1 18
-1 136 2 18
-1 136 3 18
-1 136 4 9
-1 136 5 9
0 136 -5 17
0 136 -4 9
0 136 -3 18
0 136 -2 18
0 136 -1 18
0 136 0 17
0 136 1 18
0 136 2 18
0 136 3 18
0 136 4 9
0 136 5 17
1 136 -5 9
1 136 -4 16
1 136 -3 18
1 136 -2 1
1 136 -1 1
1 136 0 5
1 136 1 18
1 136 2 18
1 136 3 18
1 136 4 9
1 136 5 16
2 136 -5 68
2 136 -4 18
2 136 -3 16
2 136 -2 1
2 136 -1 1
2 136 0 5
2 136 1 18
2 136 2 18
2 136 3 9
2 136 4 18
2 136 5 68
3 136 -4 9
3 136 -3 9
3 136 -2 9
3 136 -1 18
3 136 0 18
3 136 1 18
3 136 2 9
3 136 3 9
3 136 4 9
4 136 -3 9
4 136 -2 18
4 136 -1 16
4 136 0 9
4 136 1 9
4 136 2 18
4 136 3 9
5 136 -2 65
5 136 -1 9
5 136 0 17
5 136 1 9
5 136 2 66
-5 137 -2 9
-5 137 -1 16
-5 137 0 17
-5 137 1 9
-5 137 2 9
-4 137 -3 9
-4 137 -2 9
-4 137 -1 9
-4 137 0 9
-4 137 1 16
-4 137 2 9
-4 137 3 9
-3 137 -4 9
-3 137 -3 9
-3 137 -2 9
-3 137 -1 18
-3 137 0 18
-3 137 1 18
-3 137 2 9
-3 137 3 9
-3 137 4 16
-2 137 -5 9
-2 137 -4 9
-2 137 -3 16
-2 137 -2 1
-2 137 -1 1
-2 137 0 18
-2 137 1 18
-2 137 2 18
-2 137 3 9
-2 137 4 9
-2 137 5 16
-1 137 -5 9
-1 137 -4 9
-1 137 -3 18
-1 137 -2 1
-1 137 -1 1
-1 137 0 18
-1 137 1 18
-1 137 2 18
-1 137 3 18
-1 137 4 9
-1 137 5 9
0 137 -5 17
0 137 -4 9
0 137 -3 18
0 137 -2 7
0 137 -1 7
0 137 0 17
0 137 1 18
0 137 2 18
0 137 3 18
0 137 4 9
0 137 5 17
1 137 -5 9
1 137 -4 9
1 137 -3 18
1 137 -2 18
1 137 -1 18
1 137 0 18
1 137 1 18
1 137 2 18
1 137 3 18
1 137 4 16
1 137 5 9
2 137 -5 9
2 137 -4 16
2 137 -3 16
2 137 -2 18
2 137 -1 18
2 137 0 18
2 137 1 18
2 137 2 18
2 137 3 9
2 137 4 9
2 137 5 9
3 137 -4 9
3 137 -3 9
3 137 -2 9
3 137 -1 18
3 137 0 18
3 137 1 18
3 137 2 9
3 137 3 9
3 137 4 9
4 137 -3 9
4 137 -2 9
4 137 -1 16
4 137 0 9
4 137 1 9
4 137 2 9
4 137 3 9
5 137 -2 9
5 137 -1 9
5 137 0 17
5 137 1 16
5 137 2 16
-5 138 -2 15
-5 138 -1 15
-5 138 0 15
-5 138 1 1
-5 138 2 1
-4 138 -3 1
-4 138 -2 9
-4 138 -1 9
-4 138 0 16
-4 138 1 16
-4 138 2 9
-4 138 3 15
-3 138 -4 15
-3 138 -3 9
-3 138 -2 9
-3 138 -1 18
-3 138 0 18
-3 138 1 18
-3 138 2 9
-3 138 3 16
-3 138 4 1
-2 138 -5 1
-2 138 -4 16
-2 138 -3 9
-2 138 -2 18
-2 138 -1 18
-2 138 0 4
-2 138 1 1
-2 138 2 1
-2 138 3 9
-2 138 4 9
-2 138 5 15
-1 138 -5 1
-1 138 -4 16
-1 138 -3 18
-1 138 -2 18
-1 138 -1 18
-1 138 0 4
-1 138 1 1
-1 138 2 1
-1 138 3 18
-1 138 4 9
-1 138 5 15
0 138 -5 15
0 138 -4 9
0 138 -3 18
0 138 -2 18
0 138 -1 18
0 138 0 17
0 138 1 18
0 138 2 18
0 138 3 18
0 138 4 9
0 138 5 15
1 138 -5 15
1 138 -4 16
1 138 -3 18
1 138 -2 18
1 138 -1 18
1 138 0 18
1 138 1 18
1 138 2 18
1 138 3 18
1 138 4 9
1 138 5 1
2 138 -5 15
2 138 -4 9
2 138 -3 9
2 138 -2 18
2 138 -1 18
2 138 0 18
2 138 1 18
2 138 2 18
2 138 3 16
2 138 4 16
2 138 5 1
3 138 -4 1
3 138 -3 16
3 138 -2 9
3 138 -1 18
3 138 0 18
3 138 1 18
3 138 2 9
3 138 3 9
3 138 4 15
4 138 -3 15
4 138 -2 9
4 138 -1 9
4 138 0 9
4 138 1 9
4 138 2 16
4 138 3 1
5 138 -2 1
5 138 -1 1
5 138 0 15
5 138 1 15
5 138 2 15
-5 139 -2 16
-5 139 -1 9
-5 139 0 17
-5 139 1 9
-5 139 2 9
-4 139 -3 9
-4 139 -2 16
-4 139 -1 9
-4 139 0 9
-4 139 1 9
-4 139 2 16
-4 139 3 9
-3 139 -4 9
-3 139 -3 9
-3 139 -2 9
-3 139 -1 18
-3 139 0 18
-3 139 1 18
-3 139 2 9
-3 139 3 9
-3 139 4 9
-2 139 -5 9
-2 139 -4 9
-2 139 -3 9
-2 139 -2 18
-2 139 -1 18
-2 139 0 18
-2 139 1 18
-2 139 2 18
-2 139 3 9
-2 139 4 9
-2 139 5 16
-1 139 -5 9
-1 139 -4 9
-1 139 -3 18
-1 139 -2 18
-1 139 -1 18
-1 139 0 18
-1 139 1 18
-1 139 2 18
-1 139 3 18
-1 139 4 9
-1 139 5 9
0 139 -5 17
0 139 -4 9
0 139 -3 18
0 139 -2 18
0 139 -1 18
0 139 0 17
0 139 1 0
0 139 2 0
0 139 3 18
0 139 4 9
0 139 5 17
1 139 -5 9
1 139 -4 9
1 139 -3 18
1 139 -2 18
1 139 -1 18
1 139 0 18
1 139 1 1
1 139 2 1
1 139 3 18
1 139 4 9
1 139 5 9
2 139 -5 9
2 139 -4 9
2 139 -3 9
2 139 -2 18
2 139 -1 18
2 139 0 18
2 139 1 1
2 139 2 1
2 139 3 9
2 139 4 9
2 139 5 9
3 139 -4 9
3 139 -3 9
3 139 -2 16
3 139 -1 18
3 139 0 18
3 139 1 18
3 139 2 16
3 139 3 9
3 139 4 9
4 139 -3 16
4 139 -2 16
4 139 -1 16
4 139 0 9
4 139 1 16
4 139 2 9
4 139 3 16
5 139 -2 9
5 139 -1 9
5 139 0 17
5 139 1 9
5 139 2 9
-5 140 -2 9
-5 140 -1 9
-5 140 0 17
-5 140 1 9
-5 140 2 9
-4 140 -3 9
-4 140 -2 9
-4 140 -1 9
-4 140 0 9
-4 140 1 16
-4 140 2 9
-4 140 3 9
-3 140 -4 16
-3 140 -3 16
-3 140 -2 9
-3 140 -1 18
-3 140 0 18
-3 140 1 18
-3 140 2 9
-3 140 3 9
-3 140 4 16
-2 140 -5 9
-2 140 -4 9
-2 140 -3 16
-2 140 -2 18
-2 140 -1 18
-2 140 0 18
-2 140 1 18
-2 140 2 18
-2 140 3 16
-2 140 4 9
-2 140 5 9
-1 140 -5 9
-1 140 -4 9
-1 140 -3 18
-1 140 -2 18
-1 140 -1 18
-1 140 0 18
-1 140 1 18
-1 140 2 18
-1 140 3 18
-1 140 4 16
-1 140 5 16
0 140 -5 17
0 140 -4 9
0 140 -3 18
0 140 -2 18
0 140 -1 18
0 140 0 17
0 140 1 18
0 140 2 18
0 140 3 18
0 140 4 9
0 140 5 17
1 140 -5 16
1 140 -4 9
1 140 -3 18
1 140 -2 1
1 140 -1 1
1 140 0 5
1 140 1 18
1 140 2 18
1 140 3 18
1 140 4 16
1 140 5 9
2 140 -5 9
2 140 -4 16
2 140 -3 9
2 140 -2 1
2 140 -1 1
2 140 0 5
2 140 1 18
2 140 2 18
2 140 3 9
2 140 4 9
2 140 5 16
3 140 -4 9
3 140 -3 9
3 140 -2 16
3 140 -1 18
3 140 0 18
3 140 1 18
3 140 2 9
3 140 3 16
3 140 4 9
4 140 -3 9
4 140 -2 9
4 140 -1 9
4 140 0 9
4 140 1 9
4 140 2 9
4 140 3 9
5 140 -2 16
5 140 -1 9
5 140 0 17
5 140 1 9
5 140 2 9
-5 141 -2 9
-5 141 -1 9
-5 141 0 17
-5 141 1 9
-5 141 2 9
-4 141 -3 9
-4 141 -2 9
-4 141 -1 9
-4 141 0 9
-4 141 1 9
-4 141 2 9
-4 141 3 9
-3 141 -4 9
-3 141 -3 9
-3 141 -2 9
-3 141 -1 1
-3 141 0 1
-3 141 1 1
-3 141 2 9
-3 141 3 9
-3 141 4 16
-2 141 -5 9
-2 141 -4 9
-2 141 -3 16
-2 141 -2 1
-2 141 -1 1
-2 141 0 18
-2 141 1 18
-2 141 2 18
-2 141 3 9
-2 141 4 16
-2 141 5 9
-1 141 -5 9
-1 141 -4 9
-1 141 -3 1
-1 141 -2 1
-1 141 -1 1
-1 141 0 18
-1 141 1 18
-1 141 2 18
-1 141 3 1
-1 141 4 16
-1 141 5 16
0 141 -5 17
0 141 -4 9
0 141 -3 1
0 141 -2 7
0 141 -1 7
0 141 0 17
0 141 1 18
0 141 2 18
0 141 3 1
0 141 4 9
0 141 5 17
1 141 -5 16
1 141 -4 9
1 141 -3 1
1 141 -2 18
1 141 -1 18
1 141 0 18
1 141 1 18
1 141 2 18
1 141 3 1
1 141 4 9
1 141 5 9
2 141 -5 9
2 141 -4 9
2 141 -3 9
2 141 -2 18
2 141 -1 18
2 141 0 18
2 141 1 18
2 141 2 18
2 141 3 9
2 141 4 16
2 141 5 9
3 141 -4 9
3 141 -3 9
3 141 -2 9
3 141 -1 1
3 141 0 1
3 141 1 1
3 141 2 9
3 141 3 9
3 141 4 16
4 141 -3 16
4 141 -2 9
4 141 -1 16
4 141 0 9
4 141 1 9
4 141 2 9
4 141 3 9
5 141 -2 9
5 141 -1 9
5 141 0 17
5 141 1 9
5 141 2 9
-5 142 -2 9
-5 142 -1 16
-5 142 0 17
-5 142 1 9
-5 142 2 9
-4 142 -3 9
-4 142 -2 9
-4 142 -1 9
-4 142 0 9
-4 142 1 16
-4 142 2 9
-4 142 3 9
-3 142 -4 9
-3 142 -3 9
-3 142 -2 9
-3 142 -1 18
-3 142 0 18
-3 142 1 18
-3 142 2 9
-3 142 3 9
-3 142 4 9
-2 142 -5 9
-2 142 -4 9
-2 142 -3 9
-2 142 -2 18
-2 142 -1 18
-2 142 0 4
-2 142 1 1
-2 142 2 1
-2 142 3 9
-2 142 4 16
-2 142 5 9
-1 142 -5 9
-1 142 -4 16
-1 142 -3 18
-1 142 -2 18
-1 142 -1 18
-1 142 0 4
-1 142 1 1
-1 142 2 1
-1 142 3 18
-1 142 4 9
-1 142 5 9
0 142 -5 17
0 142 -4 9
0 142 -3 18
0 142 -2 18
0 142 -1 18
0 142 0 17
0 142 1 18
0 142 2 18
0 142 3 18
0 142 4 16
0 142 5 17
1 142 -5 9
1 142 -4 16
1 142 -3 18
1 142 -2 18
1 142 -1 18
1 142 0 18
1 142 1 18
1 142 2 18
1 142 3 18
1 142 4 9
1 142 5 9
2 142 -5 9
2 142 -4 9
2 142 -3 9
2 142 -2 18
2 142 -1 18
2 142 0 18
2 142 1 18
2 142 2 18
2 142 3 9
2 142 4 9
2 142 5 9
3 142 -4 9
3 142 -3 9
3 142 -2 9
3 142 -1 18
3 142 0 18
3 142 1 18
3 142 2 9
3 142 3 9
3 142 4 9
4 142 -3 16
4 142 -2 9
4 142 -1 9
4 142 0 9
4 142 1 9
4 142 2 9
4 142 3 16
5 142 -2 9
5 142 -1 9
5 142 0 17
5 142 1 16
5 142 2 9
-5 143 -2 9
-5 143 -1 16
-5 143 0 17
-5 143 1 16
-5 143 2 9
-4 143 -3 16
-4 143 -2 9
-4 143 -1 9
-4 143 0 9
-4 143 1 9
-4 143 2 9
-4 143 3 9
-3 143 -4 9
-3 143 -3 9
-3 143 -2 9
-3 143 -1 18
-3 143 0 18
-3 143 1 18
-3 143 2 16
-3 143 3 9
-3 143 4 9
-2 143 -5 9
-2 143 -4 16
-2 143 -3 9
-2 143 -2 18
-2 143 -1 18
-2 143 0 18
-2 143 1 18
-2 143 2 18
-2 143 3 16
-2 143 4 16
-2 143 5 16
-1 143 -5 9
-1 143 -4 9
-1 143 -3 18
-1 143 -2 18
-1 143 -1 18
-1 143 0 18
-1 143 1 18
-1 143 2 18
-1 143 3 18
-1 143 4 9
-1 143 5 16
0 143 -5 17
0 143 -4 9
0 143 -3 18
0 143 -2 18
0 143 -1 18
0 143 0 17
0 143 1 0
0 143 2 0
0 143 3 18
0 143 4 9
0 143 5 17
1 143 -5 16
1 143 -4 9
1 143 -3 18
1 143 -2 18
1 143 -1 18
1 143 0 18
1 143 1 1
1 143 2 1
1 143 3 18
1 143 4 9
1 143 5 9
2 143 -5 9
2 143 -4 9
2 143 -3 9
2 143 -2 18
2 143 -1 18
2 143 0 18
2 143 1 1
2 143 2 1
2 143 3 9
2 143 4 9
2 143 5 16
3 143 -4 9
3 143 -3 9
3 143 -2 9
3 143 -1 18
3 143 0 18
3 143 1 18
3 143 2 9
3 143 3 9
3 143 4 16
4 143 -3 9
4 143 -2 9
4 143 -1 16
4 143 0 9
4 143 1 9
4 143 2 9
4 143 3 9
5 143 -2 16
5 143 -1 16
5 143 0 17
5 143 1 16
5 143 2 16
-5 144 -2 9
-5 144 -1 9
-5 144 0 17
-5 144 1 9
-5 144 2 9
-4 144 -3 16
-4 144 -2 9
-4 144 -1 9
-4 144 0 16
-4 144 1 9
-4 144 2 16
-4 144 3 16
-3 144 -4 16
-3 144 -3 9
-3 144 -2 9
-3 144 -1 18
-3 144 0 18
-3 144 1 18
-3 144 2 9
-3 144 3 9
-3 144 4 9
-2 144 -5 16
-2 144 -4 9
-2 144 -3 9
-2 144 -2 18
-2 144 -1 18
-2 144 0 18
-2 144 1 18
-2 144 2 18
-2 144 3 9
-2 144 4 9
-2 144 5 9
-1 144 -5 16
-1 144 -4 9
-1 144 -3 18
-1 144 -2 18
-1 144 -1 18
-1 144 0 18
-1 144 1 18
-1 144 2 18
-1 144 3 18
-1 144 4 16
-1 144 5 9
0 144 -5 17
0 144 -4 9
0 144 -3 18
0 144 -2 18
0 144 -1 18
0 144 0 17
0 144 1 18
0 144 2 18
0 144 3 18
0 144 4 9
0 144 5 17
1 144 -5 9
1 144 -4 9
1 144 -3 18
1 144 -2 1
1 144 -1 1
1 144 0 5
1 144 1 18
1 144 2 18
1 144 3 18
1 144 4 16
1 144 5 16
2 144 -5 16
2 144 -4 16
2 144 -3 16
2 144 -2 1
2 144 -1 1
2 144 0 5
2 144 1 18
2 144 2 18
2 144 3 9
2 144 4 9
2 144 5 9
3 144 -4 9
3 144 -3 9
3 144 -2 9
3 144 -1 18
3 144 0 18
3 144 1 18
3 144 2 16
3 144 3 9
3 144 4 9
4 144 -3 9
4 144 -2 16
4 144 -1 9
4 144 0 9
4 144 1 16
4 144 2 9
4 144 3 9
5 144 -2 9
5 144 -1 9
5 144 0 17
5 144 1 9
5 144 2 9
-5 145 -2 9
-5 145 -1 16
-5 145 0 17
-5 145 1 16
-5 145 2 9
-4 145 -3 16
-4 145 -2 9
-4 145 -1 9
-4 145 0 9
-4 145 1 16
-4 145 2 9
-4 145 3 9
-3 145 -4 9
-3 145 -3 9
-3 145 -2 9
-3 145 -1 18
-3 145 0 18
-3 145 1 18
-3 145 2 9
-3 145 3 9
-3 145 4 9
-2 145 -5 9
-2 145 -4 9
-2 145 -3 9
-2 145 -2 1
-2 145 -1 1
-2 145 0 18
-2 145 1 18
-2 145 2 18
-2 145 3 9
-2 145 4 9
-2 145 5 16
-1 145 -5 9
-1 145 -4 9
-1 145 -3 18
-1 145 -2 1
-1 145 -1 1
-1 145 0 18
-1 145 1 18
-1 145 2 18
-1 145 3 18
-1 145 4 9
-1 145 5 9
0 145 -5 17
0 145 -4 9
0 145 -3 18
0 145 -2 7
0 145 -1 7
0 145 0 17
0 145 1 18
0 145 2 18
0 145 3 18
0 145 4 9
0 145 5 17
1 145 -5 9
1 145 -4 9
1 145 -3 18
1 145 -2 18
1 145 -1 18
1 145 0 18
1 145 1 18
1 145 2 18
1 145 3 18
1 145 4 9
1 145 5 9
2 145 -5 9
2 145 -4 9
2 145 -3 9
2 145 -2 18
2 145 -1 18
2 145 0 18
2 145 1 18
2 145 2 18
2 145 3 16
2 145 4 9
2 145 5 9
3 145 -4 9
3 145 -3 9
3 145 -2 9
3 145 -1 18
3 145 0 18
3 145 1 18
3 145 2 16
3 145 3 9
3 145 4 9
4 145 -3 9
4 145 -2 9
4 145 -1 16
4 145 0 9
4 145 1 16
4 145 2 9
4 145 3 9
5 145 -2 9
5 145 -1 16
5 145 0 17
5 145 1 16
5 145 2 16
-5 146 -2 9
-5 146 -1 9
-5 146 0 17
-5 146 1 9
-5 146 2 16
-4 146 -3 16
-4 146 -2 9
-4 146 -1 9
-4 146 0 9
-4 146 1 9
-4 146 2 9
-4 146 3 16
-3 146 -4 9
-3 146 -3 9
-3 146 -2 9
-3 146 -1 18
-3 146 0 18
-3 146 1 18
-3 146 2 9
-3 146 3 16
-3 146 4 9
-2 146 -5 9
-2 146 -4 16
-2 146 -3 16
-2 146 -2 18
-2 146 -1 18
-2 146 0 4
-2 146 1 1
-2 146 2 1
-2 146 3 9
-2 146 4 9
-2 146 5 16
-1 146 -5 16
-1 146 -4 16
-1 146 -3 18
-1 146 -2 18
-1 146 -1 18
-1 146 0 4
-1 146 1 1
-1 146 2 1
-1 146 3 18
-1 146 4 9
-1 146 5 9
0 146 -5 17
0 146 -4 9
0 146 -3 18
0 146 -2 18
0 146 -1 18
0 146 0 17
0 146 1 18
0 146 2 18
0 146 3 18
0 146 4 9
0 146 5 17
1 146 -5 9
1 146 -4 9
1 146 -3 18
1 146 -2 18
1 146 -1 18
1 146 0 18
1 146 1 18
1 146 2 18
1 146 3 18
1 146 4 9
1 146 5 16
2 146 -5 9
2 146 -4 16
2 146 -3 9
2 146 -2 18
2 146 -1 18
2 146 0 18
2 146 1 18
2 146 2 18
2 146 3 9
2 146 4 9
2 146 5 9
3 146 -4 16
3 146 -3 16
3 146 -2 9
3 146 -1 18
3 146 0 18
3 146 1 18
3 146 2 16
3 146 3 9
3 146 4 9
4 146 -3 16
4 146 -2 9
4 146 -1 9
4 146 0 16
4 146 1 16
4 146 2 9
4 146 3 9
5 146 -2 9
5 146 -1 9
5 146 0 17
5 146 1 9
5 146 2 9
-5 147 -2 9
-5 147 -1 9
-5 147 0 17
-5 147 1 9
-5 147 2 9
-4 147 -3 9
-4 147 -2 9
-4 147 -1 9
-4 147 0 9
-4 147 1 9
-4 147 2 9
-4 147 3 9
-3 147 -4 9
-3 147 -3 9
-3 147 -2 9
-3 147 -1 18
-3 147 0 18
-3 147 1 18
-3 147 2 9
-3 147 3 9
-3 147 4 9
-2 147 -5 9
-2 147 -4 16
-2 147 -3 9
-2 147 -2 18
-2 147 -1 18
-2 147 0 18
-2 147 1 18
-2 147 2 18
-2 147 3 9
-2 147 4 9
-2 147 5 9
-1 147 -5 9
-1 147 -4 9
-1 147 -3 18
-1 147 -2 18
-1 147 -1 18
-1 147 0 18
-1 147 1 18
-1 147 2 18
-1 147 3 18
-1 147 4 9
-1 147 5 9
0 147 -5 17
0 147 -4 9
0 147 -3 18
0 147 -2 18
0 147 -1 18
0 147 0 17
0 147 1 0
0 147 2 0
0 147 3 18
0 147 4 9
0 147 5 17
1 147 -5 9
1 147 -4 16
1 147 -3 18
1 147 -2 18
1 147 -1 18
1 147 0 18
1 147 1 1
1 147 2 1
1 147 3 18
1 147 4 16
1 147 5 9
2 147 -5 16
2 147 -4 9
2 147 -3 9
2 147 -2 18
2 147 -1 18
2 147 0 18
2 147 1 1
2 147 2 1
2 147 3 9
2 147 4 9
2 147 5 9
3 147 -4 9
3 147 -3 9
3 147 -2 9
3 147 -1 18
3 147 0 18
3 147 1 18
3 147 2 9
3 147 3 9
3 147 4 9
4 147 -3 9
4 147 -2 9
4 147 -1 9
4 147 0 9
4 147 1 16
4 147 2 9
4 147 3 9
5 147 -2 9
5 147 -1 9
5 147 0 17
5 147 1 9
5 147 2 16
-5 148 -2 9
-5 148 -1 9
-5 148 0 17
-5 148 1 16
-5 148 2 16
-4 148 -3 9
-4 148 -2 9
-4 148 -1 16
-4 148 0 9
-4 148 1 9
-4 148 2 9
-4 148 3 9
-3 148 -4 9
-3 148 -3 16
-3 148 -2 16
-3 148 -1 18
-3 148 0 18
-3 148 1 18
-3 148 2 16
-3 148 3 9
-3 148 4 9
-2 148 -5 16
-2 148 -4 9
-2 148 -3 9
-2 148 -2 18
-2 148 -1 18
-2 148 0 18
-2 148 1 18
-2 148 2 18
-2 148 3 9
-2 148 4 9
-2 148 5 9
-1 148 -5 9
-1 148 -4 16
-1 148 -3 18
-1 148 -2 18
-1 148 -1 18
-1 148 0 18
-1 148 1 18
-1 148 2 18
-1 148 3 18
-1 148 4 16
-1 148 5 9
0 148 -5 17
0 148 -4 9
0 148 -3 18
0 148 -2 18
0 148 -1 18
0 148 0 17
0 148 1 18
0 148 2 18
0 148 3 18
0 148 4 9
0 148 5 17
1 148 -5 9
1 148 -4 9
1 148 -3 18
1 148 -2 1
1 148 -1 1
1 148 0 5
1 148 1 18
1 148 2 18
1 148 3 18
1 148 4 9
1 148 5 9
2 148 -5 9
2 148 -4 9
2 148 -3 9
2 148 -2 1
2 148 -1 1
2 148 0 5
2 148 1 18
2 148 2 18
2 148 3 9
2 148 4 16
2 148 5 9
3 148 -4 9
3 148 -3 9
3 148 -2 9
3 148 -1 18
3 148 0 18
3 148 1 18
3 148 2 9
3 148 3 16
3 148 4 16
4 148 -3 9
4 148 -2 9
4 148 -1 16
4 148 0 9
4 148 1 9
4 148 2 9
4 148 3 9
5 148 -2 9
5 148 -1 16
5 148 0 17
5 148 1 9
5 148 2 9
-5 149 -2 65
-5 149 -1 9
-5 149 0 17
-5 149 1 16
-5 149 2 66
-4 149 -3 16
-4 149 -2 18
-4 149 -1 9
-4 149 0 16
-4 149 1 9
-4 149 2 18
-4 149 3 9
-3 149 -4 9
-3 149 -3 9
-3 149 -2 16
-3 149 -1 18
-3 149 0 18
-3 149 1 18
-3 149 2 9
-3 149 3 9
-3 149 4 16
-2 149 -5 67
-2 149 -4 18
-2 149 -3 9
-2 149 -2 1
-2 149 -1 1
-2 149 0 18
-2 149 1 18
-2 149 2 18
-2 149 3 9
-2 149 4 18
-2 149 5 67
-1 149 -5 9
-1 149 -4 16
-1 149 -3 18
-1 149 -2 1
-1 149 -1 1
-1 149 0 18
-1 149 1 18
-1 149 2 18
-1 149 3 18
-1 149 4 9
-1 149 5 9
0 149 -5 17
0 149 -4 9
0 149 -3 18
0 149 -2 7
0 149 -1 7
0 149 0 17
0 149 1 18
0 149 2 18
0 149 3 18
0 149 4 9
0 149 5 17
1 149 -5 9
1 149 -4 9
1 149 -3 18
1 149 -2 18
1 149 -1 18
1 149 0 18
1 149 1 18
1 149 2 18
1 149 3 18
1 149 4 9
1 149 5 9
2 149 -5 68
2 149 -4 18
2 149 -3 16
2 149 -2 18
2 149 -1 18
2 149 0 18
2 149 1 18
2 149 2 18
2 149 3 9
2 149 4 18
2 149 5 68
3 149 -4 9
3 149 -3 9
3 149 -2 9
3 149 -1 18
3 149 0 18
3 149 1 18
3 149 2 9
3 149 3 9
3 149 4 16
4 149 -3 9
4 149 -2 18
4 149 -1 9
4 149 0 9
4 149 1 9
4 149 2 18
4 149 3 9
5 149 -2 65
5 149 -1 16
5 149 0 17
5 149 1 9
5 149 2 66
-8 150 -3 31
-8 150 -2 31
-8 150 -1 31
-8 150 0 31
-8 150 1 31
-8 150 2 31
-8 150 3 31
-7 150 -4 31
-7 150 -3 31
-7 150 -2 31
-7 150 -1 31
-7 150 0 31
-7 150 1 31
-7 150 2 31
-7 150 3 31
-7 150 4 31
-6 150 -6 57
-6 150 -5 32
-6 150 -4 31
-6 150 -3 31
-6 150 -2 31
-6 150 -1 31
-6 150 0 31
-6 150 1 31
-6 150 2 31
-6 150 3 31
-6 150 4 31
-6 150 5 33
-6 150 6 58
-5 150 -6 34
-5 150 -5 57
-5 150 -4 32
-5 150 -3 31
-5 150 -2 65
-5 150 -1 9
-5 150 0 17
-5 150 1 9
-5 150 2 66
-5 150 3 31
-5 150 4 33
-5 150 5 58
-5 150 6 35
-4 150 -7 34
-4 150 -6 34
-4 150 -5 34
-4 150 -4 34
-4 150 -3 9
-4 150 -2 18
-4 150 -1 9
-4 150 0 9
-4 150 1 16
-4 150 2 18
-4 150 3 9
-4 150 4 35
-4 150 5 35
-4 150 6 35
-4 150 7 35
-3 150 -8 34
-3 150 -7 34
-3 150 -6 34
-3 150 -5 34
-3 150 -4 9
-3 150 -3 9
-3 150 -2 9
-3 150 -1 18
-3 150 0 18
-3 150 1 18
-3 150 2 9
-3 150 3 9
-3 150 4 16
-3 150 5 35
-3 150 6 35
-3 150 7 35
-3 150 8 35
-2 150 -8 34
-2 150 -7 34
-2 150 -6 34
-2 150 -5 67
-2 150 -4 18
-2 150 -3 9
-2 150 -2 18
-2 150 -1 18
-2 150 0 4
-2 150 1 1
-2 150 2 1
-2 150 3 16
-2 150 4 18
-2 150 5 67
-2 150 6 35
-2 150 7 35
-2 150 8 35
-1 150 -8 34
-1 150 -7 34
-1 150 -6 34
-1 150 -5 9
-1 150 -4 16
-1 150 -3 18
-1 150 -2 18
-1 150 -1 18
-1 150 0 4
-1 150 1 1
-1 150 2 1
-1 150 3 18
-1 150 4 16
-1 150 5 9
-1 150 6 35
-1 150 7 35
-1 150 8 35
0 150 -8 34
0 150 -7 34
0 150 -6 34
0 150 -5 17
0 150 -4 9
0 150 -3 18
0 150 -2 18
0 150 -1 18
0 150 0 17
0 150 1 18
0 150 2 18
0 150 3 18
0 150 4 9
0 150 5 17
0 150 6 35
0 150 7 35
0 150 8 35
1 150 -8 34
1 150 -7 34
1 150 -6 34
1 150 -5 9
1 150 -4 9
1 150 -3 18
1 150 -2 18
1 150 -1 18
1 150 0 18
1 150 1 18
1 150 2 18
1 150 3 18
1 150 4 9
1 150 5 9
1 150 6 35
1 150 7 35
1 150 8 35
2 150 -8 34
2 150 -7 34
2 150 -6 34
2 150 -5 68
2 150 -4 18
2 150 -3 9
2 150 -2 18
2 150 -1 18
2 150 0 18
2 150 1 18
2 150 2 18
2 150 3 9
2 150 4 18
2 150 5 68
2 150 6 35
2 150 7 35
2 150 8 35
3 150 -8 34
3 150 -7 34
3 150 -6 34
3 150 -5 34
3 150 -4 9
3 150 -3 9
3 150 -2 9
3 150 -1 18
3 150 0 18
3 150 1 18
3 150 2 16
3 150 3 9
3 150 4 9
3 150 5 35
3 150 6 35
3 150 7 35
3 150 8 35
4 150 -7 34
4 150 -6 34
4 150 -5 34
4 150 -4 34
4 150 -3 9
4 150 -2 18
4 150 -1 16
4 150 0 9
4 150 1 9
4 150 2 18
4 150 3 16
4 150 4 35
4 150 5 35
4 150 6 35
4 150 7 35
5 150 -6 34
5 150 -5 59
5 150 -4 36
5 150 -3 37
5 150 -2 65
5 150 -1 9
5 150 0 17
5 150 1 9
5 150 2 66
5 150 3 37
5 150 4 38
5 150 5 60
5 150 6 35
6 150 -6 59
6 150 -5 36
6 150 -4 37
6 150 -3 37
6 150 -2 37
6 150 -1 37
6 150 0 37
6 150 1 37
6 150 2 37
6 150 3 37
6 150 4 37
6 150 5 38
6 150 6 60
7 150 -4 37
7 150 -3 37
7 150 -2 37
7 150 -1 37
7 150 0 37
7 150 1 37
7 150 2 37
7 150 3 37
7 150 4 37
8 150 -3 37
8 150 -2 37
8 150 -1 37
8 150 0 37
8 150 1 37
8 150 2 37
8 150 3 37
-8 151 -3 1
-8 151 -2 1
-8 151 -1 1
-8 151 0 1
-8 151 1 1
-8 151 2 1
-8 151 3 1
-7 151 -4 1
-7 151 -3 1
-7 151 -2 1
-7 151 -1 1
-7 151 0 1
-7 151 1 1
-7 151 2 1
-7 151 3 1
-7 151 4 1
-6 151 -6 1
-6 151 -5 1
-6 151 -4 1
-6 151 -3 1
-6 151 -2 1
-6 151 -1 1
-6 151 0 1
-6 151 1 1
-6 151 2 1
-6 151 3 1
-6 151 4 1
-6 151 5 1
-6 151 6 1
-5 151 -6 1
-5 151 -5 1
-5 151 -4 1
-5 151 -3 1
-5 151 -2 1
-5 151 -1 1
-5 151 0 1
-5 151 1 1
-5 151 2 1
-5 151 3 1
-5 151 4 1
-5 151 5 1
-5 151 6 1
-4 151 -7 1
-4 151 -6 1
-4 151 -5 1
-4 151 -4 1
-4 151 -3 1
-4 151 -2 1
-4 151 -1 1
-4 151 0 1
-4 151 1 1
-4 151 2 1
-4 151 3 1
-4 151 4 1
-4 151 5 1
-4 151 6 1
-4 151 7 1
-3 151 -8 1
-3 151 -7 1
-3 151 -6 1
-3 151 -5 1
-3 151 -4 1
-3 151 -3 1
-3 151 -2 1
-3 151 -1 1
-3 151 0 1
-3 151 1 1
-3 151 2 1
-3 151 3 1
-3 151 4 1
-3 151 5 1
-3 151 6 1
-3 151 7 1
-3 151 8 1
-2 151 -8 1
-2 151 -7 1
-2 151 -6 1
-2 151 -5 1
-2 151 -4 1
-2 151 -3 1
-2 151 -2 18
-2 151 -1 18
-2 151 0 18
-2 151 1 18
-2 151 2 18
-2 151 3 1
-2 151 4 1
-2 151 5 1
-2 151 6 1
-2 151 7 1
-2 151 8 1
-1 151 -8 1
-1 151 -7 1
-1 151 -6 1
-1 151 -5 1
-1 151 -4 1
-1 151 -3 1
-1 151 -2 18
-1 151 -1 18
-1 151 0 18
-1 151 1 18
-1 151 2 18
-1 151 3 1
-1 151 4 1
-1 151 5 1
-1 151 6 1
-1 151 7 1
-1 151 8 1
0 151 -8 1
0 151 -7 1
0 151 -6 1
0 151 -5 1
0 151 -4 1
0 151 -3 1
0 151 -2 18
0 151 -1 18
0 151 0 1
0 151 1 0
0 151 2 0
0 151 3 1
0 151 4 1
0 151 5 1
0 151 6 1
0 151 7 1
0 151 8 1
1 151 -8 1
1 151 -7 1
1 151 -6 1
1 151 -5 1
1 151 -4 1
1 151 -3 1
1 151 -2 18
1 151 -1 18
1 151 0 18
1 151 1 1
1 151 2 1
1 151 3 1
1 151 4 1
1 151 5 1
1 151 6 1
1 151 7 1
1 151 8 1
2 151 -8 1
2 151 -7 1
2 151 -6 1
2 151 -5 1
2 151 -4 1
2 151 -3 1
2 151 -2 18
2 151 -1 18
2 151 0 18
2 151 1 1
2 151 2 1
2 151 3 1
2 151 4 1
2 151 5 1
2 151 6 1
2 151 7 1
2 151 8 1
3 151 -8 1
3 151 -7 1
3 151 -6 1
3 151 -5 1
3 151 -4 1
3 151 -3 1
3 151 -2 1
3 151 -1 1
3 151 0 1
3 151 1 1
3 151 2 1
3 151 3 1
3 151 4 1
3 151 5 1
3 151 6 1
3 151 7 1
3 151 8 1
4 151 -7 1
4 151 -6 1
4 151 -5 1
4 151 -4 1
4 151 -3 1
4 151 -2 1
4 151 -1 1
4 151 0 1
4 151 1 1
4 151 2 1
4 151 3 1
4 151 4 1
4 151 5 1
4 151 6 1
4 151 7 1
5 151 -6 1
5 151 -5 1
5 151 -4 1
5 151 -3 1
5 151 -2 1
5 151 -1 1
5 151 0 1
5 151 1 1
5 151 2 1
5 151 3 1
5 151 4 1
5 151 5 1
5 151 6 1
6 151 -6 1
6 151 -5 1
6 151 -4 1
6 151 -3 1
6 151 -2 1
6 151 -1 1
6 151 0 1
6 151 1 1
6 151 2 1
6 151 3 1
6 151 4 1
6 151 5 1
6 151 6 1
7 151 -4 1
7 151 -3 1
7 151 -2 1
7 151 -1 1
7 151 0 1
7 151 1 1
7 151 2 1
7 151 3 1
7 151 4 1
8 151 -3 1
8 151 -2 1
8 151 -1 1
8 151 0 1
8 151 1 1
8 151 2 1
8 151 3 1
-8 152 -3 61
-8 152 -2 9
-8 152 -1 9
-8 152 0 9
-8 152 1 41
-8 152 2 41
-8 152 3 9
-7 152 -4 40
-7 152 -3 17
-7 152 3 17
-7 152 4 9
-6 152 -6 61
-6 152 -5 9
-6 152 5 40
-6 152 6 62
-5 152 -6 48
-5 152 6 16
-4 152 -7 9
-4 152 0 17
-4 152 7 46
-3 152 -8 9
-3 152 -7 17
-3 152 -3 17
-3 152 3 17
-3 152 7 17
-3 152 8 62
-2 152 -8 47
-2 152 -2 18
-2 152 -1 18
-2 152 0 18
-2 152 1 18
-2 152 2 18
-2 152 8 16
-1 152 -8 47
-1 152 -2 18
-1 152 -1 18
-1 152 0 18
-1 152 1 18
-1 152 2 18
-1 152 8 9
0 152 -8 16
0 152 -4 17
0 152 -2 18
0 152 -1 18
0 152 0 17
0 152 1 18
0 152 2 18
0 152 4 17
0 152 8 9
1 152 -8 16
1 152 -2 18
1 152 -1 18
1 152 0 18
1 152 8 47
2 152 -8 9
2 152 -2 18
2 152 -1 18
2 152 0 18
2 152 8 47
3 152 -8 64
3 152 -7 17
3 152 -3 17
3 152 3 17
3 152 7 17
3 152 8 9
4 152 -7 48
4 152 0 17
4 152 7 9
5 152 -6 9
5 152 6 46
6 152 -6 64
6 152 -5 39
6 152 5 9
6 152 6 63
7 152 -4 16
7 152 -3 17
7 152 3 17
7 152 4 39
8 152 -3 9
8 152 -2 41
8 152 -1 41
8 152 0 9
8 152 1 9
8 152 2 9
8 152 3 63
-8 153 -2 52
-8 153 -1 52
-8 153 0 52
-8 153 3 52
-7 153 -3 17
-7 153 3 17
-7 153 4 52
-6 153 -5 52
-5 153 6 52
-4 153 -7 52
-4 153 0 17
-3 153 -8 52
-3 153 -7 17
-3 153 -3 17
-3 153 3 17
-3 153 7 17
-2 153 8 52
-1 153 8 52
0 153 -8 52
0 153 -4 17
0 153 0 17
0 153 1 18
0 153 2 18
0 153 4 17
0 153 8 52
1 153 -8 52
2 153 -8 52
3 153 -7 17
3 153 -3 17
3 153 3 17
3 153 7 17
3 153 8 52
4 153 0 17
4 153 7 52
5 153 -6 52
6 153 5 52
7 153 -4 52
7 153 -3 17
7 153 3 17
8 153 -3 52
8 153 0 52
8 153 1 52
8 153 2 52
-7 154 -3 17
-7 154 3 17
-4 154 0 17
-3 154 -7 17
-3 154 -3 17
-3 154 3 17
-3 154 7 17
0 154 -4 17
0 154 0 17
0 154 4 17
3 154 -7 17
3 154 -3 17
3 154 3 17
3 154 7 17
4 154 0 17
7 154 -3 17
7 154 3 17
-7 155 -3 17
-7 155 3 17
-4 155 0 17
-3 155 -7 17
-3 155 -3 17
-3 155 3 17
-3 155 7 17
0 155 -4 17
0 155 0 17
0 155 4 17
3 155 -7 17
3 155 -3 17
3 155 3 17
3 155 7 17
4 155 0 17
7 155 -3 17
7 155 3 17
-7 156 -3 17
-7 156 3 17
-4 156 0 17
-3 156 -7 17
-3 156 -3 17
-3 156 3 17
-3 156 7 17
0 156 -4 17
0 156 0 17
0 156 4 17
3 156 -7 17
3 156 -3 17
3 156 3 17
3 156 7 17
4 156 0 17
7 156 -3 17
7 156 3 17
-7 157 -3 17
-7 157 3 17
-4 157 0 17
-3 157 -7 17
-3 157 -3 17
-3 157 3 17
-3 157 7 17
0 157 -4 17
0 157 0 17
0 157 4 17
3 157 -7 17
3 157 -3 17
3 157 3 17
3 157 7 17
4 157 0 17
7 157 -3 17
7 157 3 17
-7 158 -3 17
-7 158 3 17
-4 158 0 17
-3 158 -7 17
-3 158 -3 17
-3 158 3 17
-3 158 7 17
0 158 -4 17
0 158 0 17
0 158 4 17
3 158 -7 17
3 158 -3 17
3 158 3 17
3 158 7 17
4 158 0 17
7 158 -3 17
7 158 3 17
-7 159 -3 17
-7 159 3 17
-4 159 0 17
-3 159 -7 17
-3 159 -3 17
-3 159 3 17
-3 159 7 17
0 159 -4 17
0 159 0 17
0 159 4 17
3 159 -7 17
3 159 -3 17
3 159 3 17
3 159 7 17
4 159 0 17
7 159 -3 17
7 159 3 17
-7 160 -3 17
-7 160 3 17
-5 160 -2 7
-5 160 -1 7
-5 160 0 7
-5 160 1 7
-5 160 2 7
-4 160 -3 7
-4 160 -2 7
-4 160 -1 9
-4 160 0 9
-4 160 1 9
-4 160 2 7
-4 160 3 7
-3 160 -7 17
-3 160 -4 5
-3 160 -3 9
-3 160 -2 9
-3 160 -1 16
-3 160 0 9
-3 160 1 9
-3 160 2 16
-3 160 3 9
-3 160 4 4
-3 160 7 17
-2 160 -5 5
-2 160 -4 5
-2 160 -3 9
-2 160 -2 9
-2 160 -1 16
-2 160 0 9
-2 160 1 9
-2 160 2 9
-2 160 3 16
-2 160 4 4
-2 160 5 4
-1 160 -5 5
-1 160 -4 16
-1 160 -3 16
-1 160 -2 9
-1 160 -1 9
-1 160 0 16
-1 160 1 16
-1 160 2 9
-1 160 3 9
-1 160 4 16
-1 160 5 4
0 160 -5 5
0 160 -4 9
0 160 -3 16
0 160 -2 9
0 160 -1 9
0 160 0 9
0 160 1 9
0 160 2 9
0 160 3 9
0 160 4 9
0 160 5 4
1 160 -5 5
1 160 -4 9
1 160 -3 9
1 160 -2 9
1 160 -1 16
1 160 0 9
1 160 1 9
1 160 2 9
1 160 3 16
1 160 4 9
1 160 5 4
2 160 -5 5
2 160 -4 5
2 160 -3 9
2 160 -2 9
2 160 -1 16
2 160 0 9
2 160 1 9
2 160 2 9
2 160 3 9
2 160 4 4
2 160 5 4
3 160 -7 17
3 160 -4 5
3 160 -3 9
3 160 -2 9
3 160 -1 9
3 160 0 9
3 160 1 16
3 160 2 16
3 160 3 9
3 160 4 4
3 160 7 17
4 160 -3 0
4 160 -2 0
4 160 -1 9
4 160 0 9
4 160 1 9
4 160 2 0
4 160 3 0
5 160 -2 0
5 160 -1 0
5 160 0 0
5 160 1 0
5 160 2 0
7 160 -3 17
7 160 3 17
-7 161 -3 17
-7 161 3 17
-4 161 -2 7
-4 161 -1 7
-4 161 0 7
-4 161 1 7
-4 161 2 7
-3 161 -7 17
-3 161 -3 5
-3 161 -2 9
-3 161 -1 9
-3 161 0 9
-3 161 1 9
-3 161 2 9
-3 161 3 4
-3 161 7 17
-2 161 -4 5
-2 161 -3 9
-2 161 -2 9
-2 161 -1 9
-2 161 0 9
-2 161 1 16
-2 161 2 9
-2 161 3 9
-2 161 4 4
-1 161 -4 5
-1 161 -3 9
-1 161 -2 9
-1 161 -1 9
-1 161 0 16
-1 161 1 9
-1 161 2 9
-1 161 3 9
-1 161 4 4
0 161 -4 5
0 161 -3 9
0 161 -2 9
0 161 -1 9
0 161 0 9
0 161 1 9
0 161 2 9
0 161 3 9
0 161 4 4
1 161 -4 5
1 161 -3 9
1 161 -2 16
1 161 -1 9
1 161 0 9
1 161 1 9
1 161 2 9
1 161 3 9
1 161 4 4
2 161 -4 5
2 161 -3 9
2 161 -2 9
2 161 -1 9
2 161 0 9
2 161 1 9
2 161 2 9
2 161 3 9
2 161 4 4
3 161 -7 17
3 161 -3 5
3 161 -2 9
3 161 -1 9
3 161 0 9
3 161 1 9
3 161 2 9
3 161 3 4
3 161 7 17
4 161 -2 0
4 161 -1 0
4 161 0 0
4 161 1 0
4 161 2 0
7 161 -3 17
7 161 3 17
-7 162 -3 15
-7 162 3 15
-4 162 -2 7
-4 162 -1 7
-4 162 0 7
-4 162 1 7
-4 162 2 7
-3 162 -7 15
-3 162 -3 69
-3 162 -2 7
-3 162 -1 9
-3 162 0 9
-3 162 1 9
-3 162 2 7
-3 162 3 70
-3 162 7 15
-2 162 -4 5
-2 162 -3 5
-2 162 -2 9
-2 162 -1 9
-2 162 0 9
-2 162 1 16
-2 162 2 9
-2 162 3 4
-2 162 4 4
-1 162 -4 5
-1 162 -3 16
-1 162 -2 9
-1 162 -1 9
-1 162 0 9
-1 162 1 16
-1 162 2 9
-1 162 3 9
-1 162 4 4
0 162 -4 5
0 162 -3 9
0 162 -2 9
0 162 -1 16
0 162 0 9
0 162 1 9
0 162 2 9
0 162 3 16
0 162 4 4
1 162 -4 5
1 162 -3 9
1 162 -2 16
1 162 -1 16
1 162 0 9
1 162 1 9
1 162 2 9
1 162 3 16
1 162 4 4
2 162 -4 5
2 162 -3 5
2 162 -2 9
2 162 -1 9
2 162 0 16
2 162 1 9
2 162 2 9
2 162 3 4
2 162 4 4
3 162 -7 15
3 162 -3 71
3 162 -2 0
3 162 -1 9
3 162 0 9
3 162 1 9
3 162 2 0
3 162 3 72
3 162 7 15
4 162 -2 0
4 162 -1 0
4 162 0 0
4 162 1 0
4 162 2 0
7 162 -3 15
7 162 3 15
-7 163 -3 42
-7 163 3 42
-4 163 0 7
-3 163 -7 42
-3 163 -2 7
-3 163 -1 7
-3 163 0 9
-3 163 1 7
-3 163 2 7
-3 163 7 42
-2 163 -3 5
-2 163 -2 16
-2 163 -1 9
-2 163 0 9
-2 163 1 9
-2 163 2 16
-2 163 3 4
-1 163 -3 5
-1 163 -2 9
-1 163 -1 16
-1 163 0 9
-1 163 1 9
-1 163 2 16
-1 163 3 4
0 163 -4 5
0 163 -3 9
0 163 -2 9
0 163 -1 9
0 163 0 9
0 163 1 9
0 163 2 9
0 163 3 9
0 163 4 4
1 163 -3 5
1 163 -2 9
1 163 -1 9
1 163 0 16
1 163 1 16
1 163 2 9
1 163 3 4
2 163 -3 5
2 163 -2 16
2 163 -1 9
2 163 0 16
2 163 1 16
2 163 2 16
2 163 3 4
3 163 -7 42
3 163 -2 0
3 163 -1 0
3 163 0 9
3 163 1 0
3 163 2 0
3 163 7 42
4 163 0 0
7 163 -3 42
7 163 3 42
-7 164 -3 42
-7 164 3 42
-3 164 -7 42
-3 164 -1 7
-3 164 0 7
-3 164 1 7
-3 164 7 42
-2 164 -2 5
-2 164 -1 9
-2 164 0 16
-2 164 1 9
-2 164 2 4
-1 164 -3 5
-1 164 -2 9
-1 164 -1 9
-1 164 0 16
-1 164 1 9
-1 164 2 16
-1 164 3 4
0 164 -3 5
0 164 -2 9
0 164 -1 16
0 164 0 9
0 164 1 9
0 164 2 16
0 164 3 4
1 164 -3 5
1 164 -2 9
1 164 -1 9
1 164 0 9
1 164 1 9
1 164 2 9
1 164 3 4
2 164 -2 5
2 164 -1 16
2 164 0 9
2 164 1 9
2 164 2 4
3 164 -7 42
3 164 -1 0
3 164 0 0
3 164 1 0
3 164 7 42
7 164 -3 42
7 164 3 42
-7 165 -3 27
-7 165 3 27
-3 165 -7 27
-3 165 0 7
-3 165 7 27
-2 165 -2 69
-2 165 -1 7
-2 165 0 9
-2 165 1 7
-2 165 2 70
-1 165 -2 5
-1 165 -1 9
-1 165 0 9
-1 165 1 9
-1 165 2 4
0 165 -3 5
0 165 -2 9
0 165 -1 9
0 165 0 9
0 165 1 9
0 165 2 16
0 165 3 4
1 165 -2 5
1 165 -1 9
1 165 0 9
1 165 1 9
1 165 2 4
2 165 -2 71
2 165 -1 0
2 165 0 9
2 165 1 0
2 165 2 72
3 165 -7 27
3 165 0 0
3 165 7 27
7 165 -3 27
7 165 3 27
-2 166 -1 7
-2 166 0 7
-2 166 1 7
-1 166 -2 5
-1 166 -1 9
-1 166 0 9
-1 166 1 9
-1 166 2 4
0 166 -2 5
0 166 -1 9
0 166 0 9
0 166 1 9
0 166 2 4
1 166 -2 5
1 166 -1 9
1 166 0 16
1 166 1 9
1 166 2 4
2 166 -1 0
2 166 0 0
2 166 1 0
-2 167 -1 73
-2 167 0 7
-2 167 1 74
-1 167 -2 5
-1 167 -1 5
-1 167 0 9
-1 167 1 4
-1 167 2 4
0 167 -2 5
0 167 -1 16
0 167 0 9
0 167 1 9
0 167 2 4
1 167 -2 5
1 167 -1 5
1 167 0 9
1 167 1 4
1 167 2 4
2 167 -1 75
2 167 0 0
2 167 1 76
-1 168 -1 69
-1 168 0 7
-1 168 1 70
0 168 -1 5
0 168 0 9
0 168 1 4
1 168 -1 71
1 168 0 0
1 168 1 72
-1 169 0 7
0 169 -1 5
0 169 0 9
0 169 1 4
1 169 0 0
0 170 0 5
0 171 0 17
0 172 0 17
0 173 0 17
0 174 0 17
0 175 0 15
0 176 0 27
0 177 0 77
0 178 0 42
0 179 0 42
0 180 0 42
0 181 0 42
